timestamp,instance_name,cli_args,probe_round,hyperparameters,timeout_used,runtime_returned,objective_returned,status_returned,is_best_so_far_runtime,is_best_so_far_objective,bo_objective_reported
2025-06-08T09:06:48.397993,Hsp-aux-10405_c23.xml,"{""input"": ""tests/xcsp3/cop/UNKNOWN/Hsp-aux-10405_c23.xml"", ""solver"": ""xcsp:ACE@2.4"", ""output_dir"": ""results_comparison"", ""global_time_limit"": 600, ""max_tries"": 50, ""tuning_file"": ""tests/psa/ace.tuning.json"", ""hpo_strategy"": ""hamming"", ""global_time_strategy"": ""PERCENT"", ""percent"": 0.2, ""round_time_strategy"": ""STATIC"", ""time_evolution"": ""STATIC"", ""stop_strategy"": ""TIMEOUT""}",0,"{""varh"": ""Wdeg"", ""valh"": ""First"", ""saf"": ""False"", ""pc1"": ""True"", ""bdc"": ""1"", ""toh"": ""False"", ""ng"": ""NO"", ""lc"": ""2"", ""negative"": ""V"", ""generic2"": ""True"", ""sb"": ""NO""}",1.1135222500015516,0.9291277919837739,198,ExitStatus.OPTIMAL,True,False,0.9291277919837739
2025-06-08T09:06:51.193575,Hsp-aux-10405_c23.xml,"{""input"": ""tests/xcsp3/cop/UNKNOWN/Hsp-aux-10405_c23.xml"", ""solver"": ""xcsp:ACE@2.4"", ""output_dir"": ""results_comparison"", ""global_time_limit"": 600, ""max_tries"": 50, ""tuning_file"": ""tests/psa/ace.tuning.json"", ""hpo_strategy"": ""hamming"", ""global_time_strategy"": ""PERCENT"", ""percent"": 0.2, ""round_time_strategy"": ""STATIC"", ""time_evolution"": ""STATIC"", ""stop_strategy"": ""TIMEOUT""}",1,"{""varh"": ""Wdeg"", ""valh"": ""Conflicts"", ""saf"": ""False"", ""pc1"": ""True"", ""bdc"": ""1"", ""toh"": ""False"", ""ng"": ""NO"", ""lc"": ""2"", ""negative"": ""V"", ""generic2"": ""True"", ""sb"": ""NO""}",1.1135222500015516,2.682844708004268,,ExitStatus.UNKNOWN,False,False,2.682844708004268
2025-06-08T09:06:52.312855,Hsp-aux-10405_c23.xml,"{""input"": ""tests/xcsp3/cop/UNKNOWN/Hsp-aux-10405_c23.xml"", ""solver"": ""xcsp:ACE@2.4"", ""output_dir"": ""results_comparison"", ""global_time_limit"": 600, ""max_tries"": 50, ""tuning_file"": ""tests/psa/ace.tuning.json"", ""hpo_strategy"": ""hamming"", ""global_time_strategy"": ""PERCENT"", ""percent"": 0.2, ""round_time_strategy"": ""STATIC"", ""time_evolution"": ""STATIC"", ""stop_strategy"": ""TIMEOUT""}",2,"{""varh"": ""Wdeg"", ""valh"": ""First"", ""saf"": ""False"", ""pc1"": ""True"", ""bdc"": ""1"", ""toh"": ""False"", ""ng"": ""NO"", ""lc"": ""2"", ""negative"": ""STR1"", ""generic2"": ""True"", ""sb"": ""NO""}",1.1135222500015516,1.004081082995981,198,ExitStatus.OPTIMAL,False,False,1.004081082995981
2025-06-08T09:06:53.322823,Hsp-aux-10405_c23.xml,"{""input"": ""tests/xcsp3/cop/UNKNOWN/Hsp-aux-10405_c23.xml"", ""solver"": ""xcsp:ACE@2.4"", ""output_dir"": ""results_comparison"", ""global_time_limit"": 600, ""max_tries"": 50, ""tuning_file"": ""tests/psa/ace.tuning.json"", ""hpo_strategy"": ""hamming"", ""global_time_strategy"": ""PERCENT"", ""percent"": 0.2, ""round_time_strategy"": ""STATIC"", ""time_evolution"": ""STATIC"", ""stop_strategy"": ""TIMEOUT""}",3,"{""varh"": ""Wdeg"", ""valh"": ""First"", ""saf"": ""False"", ""pc1"": ""True"", ""bdc"": ""100"", ""toh"": ""False"", ""ng"": ""NO"", ""lc"": ""2"", ""negative"": ""V"", ""generic2"": ""True"", ""sb"": ""NO""}",1.1135222500015516,0.8681312919943593,,ExitStatus.UNKNOWN,False,False,0.8681312919943593
2025-06-08T09:06:54.353110,Hsp-aux-10405_c23.xml,"{""input"": ""tests/xcsp3/cop/UNKNOWN/Hsp-aux-10405_c23.xml"", ""solver"": ""xcsp:ACE@2.4"", ""output_dir"": ""results_comparison"", ""global_time_limit"": 600, ""max_tries"": 50, ""tuning_file"": ""tests/psa/ace.tuning.json"", ""hpo_strategy"": ""hamming"", ""global_time_strategy"": ""PERCENT"", ""percent"": 0.2, ""round_time_strategy"": ""STATIC"", ""time_evolution"": ""STATIC"", ""stop_strategy"": ""TIMEOUT""}",4,"{""varh"": ""Wdeg"", ""valh"": ""First"", ""saf"": ""False"", ""pc1"": ""True"", ""bdc"": ""1"", ""toh"": ""False"", ""ng"": ""NO"", ""lc"": ""2"", ""negative"": ""CT"", ""generic2"": ""True"", ""sb"": ""NO""}",1.1135222500015516,0.9197084999759682,198,ExitStatus.OPTIMAL,True,False,0.9197084999759682
2025-06-08T09:06:55.373508,Hsp-aux-10405_c23.xml,"{""input"": ""tests/xcsp3/cop/UNKNOWN/Hsp-aux-10405_c23.xml"", ""solver"": ""xcsp:ACE@2.4"", ""output_dir"": ""results_comparison"", ""global_time_limit"": 600, ""max_tries"": 50, ""tuning_file"": ""tests/psa/ace.tuning.json"", ""hpo_strategy"": ""hamming"", ""global_time_strategy"": ""PERCENT"", ""percent"": 0.2, ""round_time_strategy"": ""STATIC"", ""time_evolution"": ""STATIC"", ""stop_strategy"": ""TIMEOUT""}",5,"{""varh"": ""Memory"", ""valh"": ""First"", ""saf"": ""False"", ""pc1"": ""True"", ""bdc"": ""1"", ""toh"": ""False"", ""ng"": ""NO"", ""lc"": ""2"", ""negative"": ""V"", ""generic2"": ""True"", ""sb"": ""NO""}",1.1135222500015516,0.9104194999963511,198,ExitStatus.OPTIMAL,True,False,0.9104194999963511
2025-06-08T09:06:56.404179,Hsp-aux-10405_c23.xml,"{""input"": ""tests/xcsp3/cop/UNKNOWN/Hsp-aux-10405_c23.xml"", ""solver"": ""xcsp:ACE@2.4"", ""output_dir"": ""results_comparison"", ""global_time_limit"": 600, ""max_tries"": 50, ""tuning_file"": ""tests/psa/ace.tuning.json"", ""hpo_strategy"": ""hamming"", ""global_time_strategy"": ""PERCENT"", ""percent"": 0.2, ""round_time_strategy"": ""STATIC"", ""time_evolution"": ""STATIC"", ""stop_strategy"": ""TIMEOUT""}",6,"{""varh"": ""Wdeg"", ""valh"": ""First"", ""saf"": ""False"", ""pc1"": ""True"", ""bdc"": ""1"", ""toh"": ""False"", ""ng"": ""NO"", ""lc"": ""1"", ""negative"": ""V"", ""generic2"": ""True"", ""sb"": ""NO""}",1.1135222500015516,0.9207182500103954,198,ExitStatus.OPTIMAL,False,False,0.9207182500103954
2025-06-08T09:06:57.480720,Hsp-aux-10405_c23.xml,"{""input"": ""tests/xcsp3/cop/UNKNOWN/Hsp-aux-10405_c23.xml"", ""solver"": ""xcsp:ACE@2.4"", ""output_dir"": ""results_comparison"", ""global_time_limit"": 600, ""max_tries"": 50, ""tuning_file"": ""tests/psa/ace.tuning.json"", ""hpo_strategy"": ""hamming"", ""global_time_strategy"": ""PERCENT"", ""percent"": 0.2, ""round_time_strategy"": ""STATIC"", ""time_evolution"": ""STATIC"", ""stop_strategy"": ""TIMEOUT""}",7,"{""varh"": ""Wdeg"", ""valh"": ""RunRobin"", ""saf"": ""False"", ""pc1"": ""True"", ""bdc"": ""1"", ""toh"": ""False"", ""ng"": ""NO"", ""lc"": ""2"", ""negative"": ""V"", ""generic2"": ""True"", ""sb"": ""NO""}",1.1135222500015516,0.9641812499903608,198,ExitStatus.OPTIMAL,False,False,0.9641812499903608
2025-06-08T09:06:58.510238,Hsp-aux-10405_c23.xml,"{""input"": ""tests/xcsp3/cop/UNKNOWN/Hsp-aux-10405_c23.xml"", ""solver"": ""xcsp:ACE@2.4"", ""output_dir"": ""results_comparison"", ""global_time_limit"": 600, ""max_tries"": 50, ""tuning_file"": ""tests/psa/ace.tuning.json"", ""hpo_strategy"": ""hamming"", ""global_time_strategy"": ""PERCENT"", ""percent"": 0.2, ""round_time_strategy"": ""STATIC"", ""time_evolution"": ""STATIC"", ""stop_strategy"": ""TIMEOUT""}",8,"{""varh"": ""Wdeg"", ""valh"": ""First"", ""saf"": ""False"", ""pc1"": ""True"", ""bdc"": ""1"", ""toh"": ""False"", ""ng"": ""NO"", ""lc"": ""5"", ""negative"": ""V"", ""generic2"": ""True"", ""sb"": ""NO""}",1.1135222500015516,0.9170262079860549,198,ExitStatus.OPTIMAL,False,False,0.9170262079860549
2025-06-08T09:06:59.563532,Hsp-aux-10405_c23.xml,"{""input"": ""tests/xcsp3/cop/UNKNOWN/Hsp-aux-10405_c23.xml"", ""solver"": ""xcsp:ACE@2.4"", ""output_dir"": ""results_comparison"", ""global_time_limit"": 600, ""max_tries"": 50, ""tuning_file"": ""tests/psa/ace.tuning.json"", ""hpo_strategy"": ""hamming"", ""global_time_strategy"": ""PERCENT"", ""percent"": 0.2, ""round_time_strategy"": ""STATIC"", ""time_evolution"": ""STATIC"", ""stop_strategy"": ""TIMEOUT""}",9,"{""varh"": ""Wdeg"", ""valh"": ""First"", ""saf"": ""False"", ""pc1"": ""False"", ""bdc"": ""1"", ""toh"": ""False"", ""ng"": ""NO"", ""lc"": ""2"", ""negative"": ""V"", ""generic2"": ""True"", ""sb"": ""NO""}",1.1135222500015516,0.9416716250125319,198,ExitStatus.OPTIMAL,False,False,0.9416716250125319
2025-06-08T09:07:00.676790,Hsp-aux-10405_c23.xml,"{""input"": ""tests/xcsp3/cop/UNKNOWN/Hsp-aux-10405_c23.xml"", ""solver"": ""xcsp:ACE@2.4"", ""output_dir"": ""results_comparison"", ""global_time_limit"": 600, ""max_tries"": 50, ""tuning_file"": ""tests/psa/ace.tuning.json"", ""hpo_strategy"": ""hamming"", ""global_time_strategy"": ""PERCENT"", ""percent"": 0.2, ""round_time_strategy"": ""STATIC"", ""time_evolution"": ""STATIC"", ""stop_strategy"": ""TIMEOUT""}",10,"{""varh"": ""Wdeg"", ""valh"": ""First"", ""saf"": ""False"", ""pc1"": ""True"", ""bdc"": ""1"", ""toh"": ""False"", ""ng"": ""NO"", ""lc"": ""2"", ""negative"": ""V"", ""generic2"": ""False"", ""sb"": ""NO""}",1.1135222500015516,1.0001834169961512,198,ExitStatus.OPTIMAL,False,False,1.0001834169961512
2025-06-08T09:07:01.768859,Hsp-aux-10405_c23.xml,"{""input"": ""tests/xcsp3/cop/UNKNOWN/Hsp-aux-10405_c23.xml"", ""solver"": ""xcsp:ACE@2.4"", ""output_dir"": ""results_comparison"", ""global_time_limit"": 600, ""max_tries"": 50, ""tuning_file"": ""tests/psa/ace.tuning.json"", ""hpo_strategy"": ""hamming"", ""global_time_strategy"": ""PERCENT"", ""percent"": 0.2, ""round_time_strategy"": ""STATIC"", ""time_evolution"": ""STATIC"", ""stop_strategy"": ""TIMEOUT""}",11,"{""varh"": ""Wdeg"", ""valh"": ""First"", ""saf"": ""True"", ""pc1"": ""True"", ""bdc"": ""1"", ""toh"": ""False"", ""ng"": ""NO"", ""lc"": ""2"", ""negative"": ""V"", ""generic2"": ""True"", ""sb"": ""NO""}",1.1135222500015516,0.9480979170184582,198,ExitStatus.OPTIMAL,False,False,0.9480979170184582
2025-06-08T09:07:02.813627,Hsp-aux-10405_c23.xml,"{""input"": ""tests/xcsp3/cop/UNKNOWN/Hsp-aux-10405_c23.xml"", ""solver"": ""xcsp:ACE@2.4"", ""output_dir"": ""results_comparison"", ""global_time_limit"": 600, ""max_tries"": 50, ""tuning_file"": ""tests/psa/ace.tuning.json"", ""hpo_strategy"": ""hamming"", ""global_time_strategy"": ""PERCENT"", ""percent"": 0.2, ""round_time_strategy"": ""STATIC"", ""time_evolution"": ""STATIC"", ""stop_strategy"": ""TIMEOUT""}",12,"{""varh"": ""Wdeg"", ""valh"": ""First"", ""saf"": ""False"", ""pc1"": ""True"", ""bdc"": ""1"", ""toh"": ""True"", ""ng"": ""NO"", ""lc"": ""2"", ""negative"": ""V"", ""generic2"": ""True"", ""sb"": ""NO""}",1.1135222500015516,0.9272481670195702,198,ExitStatus.OPTIMAL,False,False,0.9272481670195702
2025-06-08T09:07:04.480382,Hsp-aux-10405_c23.xml,"{""input"": ""tests/xcsp3/cop/UNKNOWN/Hsp-aux-10405_c23.xml"", ""solver"": ""xcsp:ACE@2.4"", ""output_dir"": ""results_comparison"", ""global_time_limit"": 600, ""max_tries"": 50, ""tuning_file"": ""tests/psa/ace.tuning.json"", ""hpo_strategy"": ""hamming"", ""global_time_strategy"": ""PERCENT"", ""percent"": 0.2, ""round_time_strategy"": ""STATIC"", ""time_evolution"": ""STATIC"", ""stop_strategy"": ""TIMEOUT""}",13,"{""varh"": ""Rand"", ""valh"": ""First"", ""saf"": ""False"", ""pc1"": ""True"", ""bdc"": ""1"", ""toh"": ""False"", ""ng"": ""NO"", ""lc"": ""2"", ""negative"": ""V"", ""generic2"": ""True"", ""sb"": ""NO""}",1.1135222500015516,1.5551641669881064,208,ExitStatus.FEASIBLE,False,False,1.5551641669881064
2025-06-08T09:07:05.572850,Hsp-aux-10405_c23.xml,"{""input"": ""tests/xcsp3/cop/UNKNOWN/Hsp-aux-10405_c23.xml"", ""solver"": ""xcsp:ACE@2.4"", ""output_dir"": ""results_comparison"", ""global_time_limit"": 600, ""max_tries"": 50, ""tuning_file"": ""tests/psa/ace.tuning.json"", ""hpo_strategy"": ""hamming"", ""global_time_strategy"": ""PERCENT"", ""percent"": 0.2, ""round_time_strategy"": ""STATIC"", ""time_evolution"": ""STATIC"", ""stop_strategy"": ""TIMEOUT""}",14,"{""varh"": ""Wdeg"", ""valh"": ""Rand"", ""saf"": ""False"", ""pc1"": ""True"", ""bdc"": ""1"", ""toh"": ""False"", ""ng"": ""NO"", ""lc"": ""2"", ""negative"": ""V"", ""generic2"": ""True"", ""sb"": ""NO""}",1.1135222500015516,0.9752427919884212,198,ExitStatus.OPTIMAL,False,False,0.9752427919884212
2025-06-08T09:07:06.608882,Hsp-aux-10405_c23.xml,"{""input"": ""tests/xcsp3/cop/UNKNOWN/Hsp-aux-10405_c23.xml"", ""solver"": ""xcsp:ACE@2.4"", ""output_dir"": ""results_comparison"", ""global_time_limit"": 600, ""max_tries"": 50, ""tuning_file"": ""tests/psa/ace.tuning.json"", ""hpo_strategy"": ""hamming"", ""global_time_strategy"": ""PERCENT"", ""percent"": 0.2, ""round_time_strategy"": ""STATIC"", ""time_evolution"": ""STATIC"", ""stop_strategy"": ""TIMEOUT""}",15,"{""varh"": ""Wdeg"", ""valh"": ""First"", ""saf"": ""False"", ""pc1"": ""True"", ""bdc"": ""1"", ""toh"": ""False"", ""ng"": ""NO"", ""lc"": ""10"", ""negative"": ""V"", ""generic2"": ""True"", ""sb"": ""NO""}",1.1135222500015516,0.9232299170107581,198,ExitStatus.OPTIMAL,False,False,0.9232299170107581
2025-06-08T09:07:07.643252,Hsp-aux-10405_c23.xml,"{""input"": ""tests/xcsp3/cop/UNKNOWN/Hsp-aux-10405_c23.xml"", ""solver"": ""xcsp:ACE@2.4"", ""output_dir"": ""results_comparison"", ""global_time_limit"": 600, ""max_tries"": 50, ""tuning_file"": ""tests/psa/ace.tuning.json"", ""hpo_strategy"": ""hamming"", ""global_time_strategy"": ""PERCENT"", ""percent"": 0.2, ""round_time_strategy"": ""STATIC"", ""time_evolution"": ""STATIC"", ""stop_strategy"": ""TIMEOUT""}",16,"{""varh"": ""Wdeg"", ""valh"": ""OccsR"", ""saf"": ""False"", ""pc1"": ""True"", ""bdc"": ""1"", ""toh"": ""False"", ""ng"": ""NO"", ""lc"": ""2"", ""negative"": ""V"", ""generic2"": ""True"", ""sb"": ""NO""}",1.1135222500015516,0.9218907499744091,198,ExitStatus.OPTIMAL,False,False,0.9218907499744091
2025-06-08T09:07:09.311315,Hsp-aux-10405_c23.xml,"{""input"": ""tests/xcsp3/cop/UNKNOWN/Hsp-aux-10405_c23.xml"", ""solver"": ""xcsp:ACE@2.4"", ""output_dir"": ""results_comparison"", ""global_time_limit"": 600, ""max_tries"": 50, ""tuning_file"": ""tests/psa/ace.tuning.json"", ""hpo_strategy"": ""hamming"", ""global_time_strategy"": ""PERCENT"", ""percent"": 0.2, ""round_time_strategy"": ""STATIC"", ""time_evolution"": ""STATIC"", ""stop_strategy"": ""TIMEOUT""}",17,"{""varh"": ""Activity"", ""valh"": ""First"", ""saf"": ""False"", ""pc1"": ""True"", ""bdc"": ""1"", ""toh"": ""False"", ""ng"": ""NO"", ""lc"": ""2"", ""negative"": ""V"", ""generic2"": ""True"", ""sb"": ""NO""}",1.1135222500015516,1.5564371660002507,270,ExitStatus.FEASIBLE,False,False,1.5564371660002507
2025-06-08T09:07:10.393034,Hsp-aux-10405_c23.xml,"{""input"": ""tests/xcsp3/cop/UNKNOWN/Hsp-aux-10405_c23.xml"", ""solver"": ""xcsp:ACE@2.4"", ""output_dir"": ""results_comparison"", ""global_time_limit"": 600, ""max_tries"": 50, ""tuning_file"": ""tests/psa/ace.tuning.json"", ""hpo_strategy"": ""hamming"", ""global_time_strategy"": ""PERCENT"", ""percent"": 0.2, ""round_time_strategy"": ""STATIC"", ""time_evolution"": ""STATIC"", ""stop_strategy"": ""TIMEOUT""}",18,"{""varh"": ""Wdeg"", ""valh"": ""First"", ""saf"": ""False"", ""pc1"": ""True"", ""bdc"": ""1"", ""toh"": ""False"", ""ng"": ""NO"", ""lc"": ""0"", ""negative"": ""V"", ""generic2"": ""True"", ""sb"": ""NO""}",1.1135222500015516,0.9702036250091624,198,ExitStatus.OPTIMAL,False,False,0.9702036250091624
2025-06-08T09:07:11.459161,Hsp-aux-10405_c23.xml,"{""input"": ""tests/xcsp3/cop/UNKNOWN/Hsp-aux-10405_c23.xml"", ""solver"": ""xcsp:ACE@2.4"", ""output_dir"": ""results_comparison"", ""global_time_limit"": 600, ""max_tries"": 50, ""tuning_file"": ""tests/psa/ace.tuning.json"", ""hpo_strategy"": ""hamming"", ""global_time_strategy"": ""PERCENT"", ""percent"": 0.2, ""round_time_strategy"": ""STATIC"", ""time_evolution"": ""STATIC"", ""stop_strategy"": ""TIMEOUT""}",19,"{""varh"": ""RunRobin"", ""valh"": ""First"", ""saf"": ""False"", ""pc1"": ""True"", ""bdc"": ""1"", ""toh"": ""False"", ""ng"": ""NO"", ""lc"": ""2"", ""negative"": ""V"", ""generic2"": ""True"", ""sb"": ""NO""}",1.1135222500015516,0.9550707500020508,198,ExitStatus.OPTIMAL,False,False,0.9550707500020508
2025-06-08T09:07:12.444468,Hsp-aux-10405_c23.xml,"{""input"": ""tests/xcsp3/cop/UNKNOWN/Hsp-aux-10405_c23.xml"", ""solver"": ""xcsp:ACE@2.4"", ""output_dir"": ""results_comparison"", ""global_time_limit"": 600, ""max_tries"": 50, ""tuning_file"": ""tests/psa/ace.tuning.json"", ""hpo_strategy"": ""hamming"", ""global_time_strategy"": ""PERCENT"", ""percent"": 0.2, ""round_time_strategy"": ""STATIC"", ""time_evolution"": ""STATIC"", ""stop_strategy"": ""TIMEOUT""}",20,"{""varh"": ""Wdeg"", ""valh"": ""First"", ""saf"": ""False"", ""pc1"": ""True"", ""bdc"": ""1000"", ""toh"": ""False"", ""ng"": ""NO"", ""lc"": ""2"", ""negative"": ""V"", ""generic2"": ""True"", ""sb"": ""NO""}",1.1135222500015516,0.8736726659990381,,ExitStatus.UNKNOWN,False,False,0.8736726659990381
2025-06-08T09:07:13.539979,Hsp-aux-10405_c23.xml,"{""input"": ""tests/xcsp3/cop/UNKNOWN/Hsp-aux-10405_c23.xml"", ""solver"": ""xcsp:ACE@2.4"", ""output_dir"": ""results_comparison"", ""global_time_limit"": 600, ""max_tries"": 50, ""tuning_file"": ""tests/psa/ace.tuning.json"", ""hpo_strategy"": ""hamming"", ""global_time_strategy"": ""PERCENT"", ""percent"": 0.2, ""round_time_strategy"": ""STATIC"", ""time_evolution"": ""STATIC"", ""stop_strategy"": ""TIMEOUT""}",21,"{""varh"": ""Wdeg"", ""valh"": ""First"", ""saf"": ""False"", ""pc1"": ""True"", ""bdc"": ""1"", ""toh"": ""False"", ""ng"": ""NO"", ""lc"": ""2"", ""negative"": ""STR2"", ""generic2"": ""True"", ""sb"": ""NO""}",1.1135222500015516,0.9807657499914058,198,ExitStatus.OPTIMAL,False,False,0.9807657499914058
2025-06-08T09:07:14.607360,Hsp-aux-10405_c23.xml,"{""input"": ""tests/xcsp3/cop/UNKNOWN/Hsp-aux-10405_c23.xml"", ""solver"": ""xcsp:ACE@2.4"", ""output_dir"": ""results_comparison"", ""global_time_limit"": 600, ""max_tries"": 50, ""tuning_file"": ""tests/psa/ace.tuning.json"", ""hpo_strategy"": ""hamming"", ""global_time_strategy"": ""PERCENT"", ""percent"": 0.2, ""round_time_strategy"": ""STATIC"", ""time_evolution"": ""STATIC"", ""stop_strategy"": ""TIMEOUT""}",22,"{""varh"": ""Wdeg"", ""valh"": ""First"", ""saf"": ""False"", ""pc1"": ""True"", ""bdc"": ""1"", ""toh"": ""False"", ""ng"": ""NO"", ""lc"": ""2"", ""negative"": ""VA"", ""generic2"": ""True"", ""sb"": ""NO""}",1.1135222500015516,0.9254059579980094,198,ExitStatus.OPTIMAL,False,False,0.9254059579980094
2025-06-08T09:07:15.642340,Hsp-aux-10405_c23.xml,"{""input"": ""tests/xcsp3/cop/UNKNOWN/Hsp-aux-10405_c23.xml"", ""solver"": ""xcsp:ACE@2.4"", ""output_dir"": ""results_comparison"", ""global_time_limit"": 600, ""max_tries"": 50, ""tuning_file"": ""tests/psa/ace.tuning.json"", ""hpo_strategy"": ""hamming"", ""global_time_strategy"": ""PERCENT"", ""percent"": 0.2, ""round_time_strategy"": ""STATIC"", ""time_evolution"": ""STATIC"", ""stop_strategy"": ""TIMEOUT""}",23,"{""varh"": ""Wdeg"", ""valh"": ""Bivs3"", ""saf"": ""False"", ""pc1"": ""True"", ""bdc"": ""1"", ""toh"": ""False"", ""ng"": ""NO"", ""lc"": ""2"", ""negative"": ""V"", ""generic2"": ""True"", ""sb"": ""NO""}",1.1135222500015516,0.916143042006297,198,ExitStatus.OPTIMAL,False,False,0.916143042006297
2025-06-08T09:07:16.711333,Hsp-aux-10405_c23.xml,"{""input"": ""tests/xcsp3/cop/UNKNOWN/Hsp-aux-10405_c23.xml"", ""solver"": ""xcsp:ACE@2.4"", ""output_dir"": ""results_comparison"", ""global_time_limit"": 600, ""max_tries"": 50, ""tuning_file"": ""tests/psa/ace.tuning.json"", ""hpo_strategy"": ""hamming"", ""global_time_strategy"": ""PERCENT"", ""percent"": 0.2, ""round_time_strategy"": ""STATIC"", ""time_evolution"": ""STATIC"", ""stop_strategy"": ""TIMEOUT""}",24,"{""varh"": ""FrbaOnDom"", ""valh"": ""First"", ""saf"": ""False"", ""pc1"": ""True"", ""bdc"": ""1"", ""toh"": ""False"", ""ng"": ""NO"", ""lc"": ""2"", ""negative"": ""V"", ""generic2"": ""True"", ""sb"": ""NO""}",1.1135222500015516,0.9576845410047099,198,ExitStatus.OPTIMAL,False,False,0.9576845410047099
2025-06-08T09:07:17.737683,Hsp-aux-10405_c23.xml,"{""input"": ""tests/xcsp3/cop/UNKNOWN/Hsp-aux-10405_c23.xml"", ""solver"": ""xcsp:ACE@2.4"", ""output_dir"": ""results_comparison"", ""global_time_limit"": 600, ""max_tries"": 50, ""tuning_file"": ""tests/psa/ace.tuning.json"", ""hpo_strategy"": ""hamming"", ""global_time_strategy"": ""PERCENT"", ""percent"": 0.2, ""round_time_strategy"": ""STATIC"", ""time_evolution"": ""STATIC"", ""stop_strategy"": ""TIMEOUT""}",25,"{""varh"": ""Wdeg"", ""valh"": ""First"", ""saf"": ""False"", ""pc1"": ""True"", ""bdc"": ""1"", ""toh"": ""False"", ""ng"": ""NO"", ""lc"": ""2"", ""negative"": ""STR3"", ""generic2"": ""True"", ""sb"": ""NO""}",1.1135222500015516,0.9153616660041735,198,ExitStatus.OPTIMAL,False,False,0.9153616660041735
2025-06-08T09:07:18.858182,Hsp-aux-10405_c23.xml,"{""input"": ""tests/xcsp3/cop/UNKNOWN/Hsp-aux-10405_c23.xml"", ""solver"": ""xcsp:ACE@2.4"", ""output_dir"": ""results_comparison"", ""global_time_limit"": 600, ""max_tries"": 50, ""tuning_file"": ""tests/psa/ace.tuning.json"", ""hpo_strategy"": ""hamming"", ""global_time_strategy"": ""PERCENT"", ""percent"": 0.2, ""round_time_strategy"": ""STATIC"", ""time_evolution"": ""STATIC"", ""stop_strategy"": ""TIMEOUT""}",26,"{""varh"": ""Wdeg"", ""valh"": ""First"", ""saf"": ""False"", ""pc1"": ""True"", ""bdc"": ""1"", ""toh"": ""False"", ""ng"": ""NO"", ""lc"": ""2"", ""negative"": ""STR0"", ""generic2"": ""True"", ""sb"": ""NO""}",1.1135222500015516,1.0064191659912467,198,ExitStatus.OPTIMAL,False,False,1.0064191659912467
2025-06-08T09:07:19.934208,Hsp-aux-10405_c23.xml,"{""input"": ""tests/xcsp3/cop/UNKNOWN/Hsp-aux-10405_c23.xml"", ""solver"": ""xcsp:ACE@2.4"", ""output_dir"": ""results_comparison"", ""global_time_limit"": 600, ""max_tries"": 50, ""tuning_file"": ""tests/psa/ace.tuning.json"", ""hpo_strategy"": ""hamming"", ""global_time_strategy"": ""PERCENT"", ""percent"": 0.2, ""round_time_strategy"": ""STATIC"", ""time_evolution"": ""STATIC"", ""stop_strategy"": ""TIMEOUT""}",27,"{""varh"": ""PickOnDom"", ""valh"": ""First"", ""saf"": ""False"", ""pc1"": ""True"", ""bdc"": ""1"", ""toh"": ""False"", ""ng"": ""NO"", ""lc"": ""2"", ""negative"": ""V"", ""generic2"": ""True"", ""sb"": ""NO""}",1.1135222500015516,0.9433343749842606,198,ExitStatus.OPTIMAL,False,False,0.9433343749842606
2025-06-08T09:07:21.601382,Hsp-aux-10405_c23.xml,"{""input"": ""tests/xcsp3/cop/UNKNOWN/Hsp-aux-10405_c23.xml"", ""solver"": ""xcsp:ACE@2.4"", ""output_dir"": ""results_comparison"", ""global_time_limit"": 600, ""max_tries"": 50, ""tuning_file"": ""tests/psa/ace.tuning.json"", ""hpo_strategy"": ""hamming"", ""global_time_strategy"": ""PERCENT"", ""percent"": 0.2, ""round_time_strategy"": ""STATIC"", ""time_evolution"": ""STATIC"", ""stop_strategy"": ""TIMEOUT""}",28,"{""varh"": ""Impact"", ""valh"": ""First"", ""saf"": ""False"", ""pc1"": ""True"", ""bdc"": ""1"", ""toh"": ""False"", ""ng"": ""NO"", ""lc"": ""2"", ""negative"": ""V"", ""generic2"": ""True"", ""sb"": ""NO""}",1.1135222500015516,1.5553070419991855,,ExitStatus.UNKNOWN,False,False,1.5553070419991855
2025-06-08T09:07:22.872123,Hsp-aux-10405_c23.xml,"{""input"": ""tests/xcsp3/cop/UNKNOWN/Hsp-aux-10405_c23.xml"", ""solver"": ""xcsp:ACE@2.4"", ""output_dir"": ""results_comparison"", ""global_time_limit"": 600, ""max_tries"": 50, ""tuning_file"": ""tests/psa/ace.tuning.json"", ""hpo_strategy"": ""hamming"", ""global_time_strategy"": ""PERCENT"", ""percent"": 0.2, ""round_time_strategy"": ""STATIC"", ""time_evolution"": ""STATIC"", ""stop_strategy"": ""TIMEOUT""}",29,"{""varh"": ""Wdeg"", ""valh"": ""Median"", ""saf"": ""False"", ""pc1"": ""True"", ""bdc"": ""1"", ""toh"": ""False"", ""ng"": ""NO"", ""lc"": ""2"", ""negative"": ""V"", ""generic2"": ""True"", ""sb"": ""NO""}",1.1135222500015516,1.1588307500060182,198,ExitStatus.OPTIMAL,False,False,1.1588307500060182
2025-06-08T09:07:23.894305,Hsp-aux-10405_c23.xml,"{""input"": ""tests/xcsp3/cop/UNKNOWN/Hsp-aux-10405_c23.xml"", ""solver"": ""xcsp:ACE@2.4"", ""output_dir"": ""results_comparison"", ""global_time_limit"": 600, ""max_tries"": 50, ""tuning_file"": ""tests/psa/ace.tuning.json"", ""hpo_strategy"": ""hamming"", ""global_time_strategy"": ""PERCENT"", ""percent"": 0.2, ""round_time_strategy"": ""STATIC"", ""time_evolution"": ""STATIC"", ""stop_strategy"": ""TIMEOUT""}",30,"{""varh"": ""WdegOnDom"", ""valh"": ""First"", ""saf"": ""False"", ""pc1"": ""True"", ""bdc"": ""1"", ""toh"": ""False"", ""ng"": ""NO"", ""lc"": ""2"", ""negative"": ""V"", ""generic2"": ""True"", ""sb"": ""NO""}",1.1135222500015516,0.9101968329923693,198,ExitStatus.OPTIMAL,True,False,0.9101968329923693
2025-06-08T09:07:25.560972,Hsp-aux-10405_c23.xml,"{""input"": ""tests/xcsp3/cop/UNKNOWN/Hsp-aux-10405_c23.xml"", ""solver"": ""xcsp:ACE@2.4"", ""output_dir"": ""results_comparison"", ""global_time_limit"": 600, ""max_tries"": 50, ""tuning_file"": ""tests/psa/ace.tuning.json"", ""hpo_strategy"": ""hamming"", ""global_time_strategy"": ""PERCENT"", ""percent"": 0.2, ""round_time_strategy"": ""STATIC"", ""time_evolution"": ""STATIC"", ""stop_strategy"": ""TIMEOUT""}",31,"{""varh"": ""Lexico"", ""valh"": ""First"", ""saf"": ""False"", ""pc1"": ""True"", ""bdc"": ""1"", ""toh"": ""False"", ""ng"": ""NO"", ""lc"": ""2"", ""negative"": ""V"", ""generic2"": ""True"", ""sb"": ""NO""}",1.1135222500015516,1.5559595839877147,,ExitStatus.UNKNOWN,False,False,1.5559595839877147
2025-06-08T09:07:26.595993,Hsp-aux-10405_c23.xml,"{""input"": ""tests/xcsp3/cop/UNKNOWN/Hsp-aux-10405_c23.xml"", ""solver"": ""xcsp:ACE@2.4"", ""output_dir"": ""results_comparison"", ""global_time_limit"": 600, ""max_tries"": 50, ""tuning_file"": ""tests/psa/ace.tuning.json"", ""hpo_strategy"": ""hamming"", ""global_time_strategy"": ""PERCENT"", ""percent"": 0.2, ""round_time_strategy"": ""STATIC"", ""time_evolution"": ""STATIC"", ""stop_strategy"": ""TIMEOUT""}",32,"{""varh"": ""Wdeg"", ""valh"": ""First"", ""saf"": ""False"", ""pc1"": ""True"", ""bdc"": ""1"", ""toh"": ""False"", ""ng"": ""NO"", ""lc"": ""2"", ""negative"": ""STR1N"", ""generic2"": ""True"", ""sb"": ""NO""}",1.1135222500015516,0.9233259170141537,198,ExitStatus.OPTIMAL,False,False,0.9233259170141537
2025-06-08T09:07:27.663346,Hsp-aux-10405_c23.xml,"{""input"": ""tests/xcsp3/cop/UNKNOWN/Hsp-aux-10405_c23.xml"", ""solver"": ""xcsp:ACE@2.4"", ""output_dir"": ""results_comparison"", ""global_time_limit"": 600, ""max_tries"": 50, ""tuning_file"": ""tests/psa/ace.tuning.json"", ""hpo_strategy"": ""hamming"", ""global_time_strategy"": ""PERCENT"", ""percent"": 0.2, ""round_time_strategy"": ""STATIC"", ""time_evolution"": ""STATIC"", ""stop_strategy"": ""TIMEOUT""}",33,"{""varh"": ""Wdeg"", ""valh"": ""Vals"", ""saf"": ""False"", ""pc1"": ""True"", ""bdc"": ""1"", ""toh"": ""False"", ""ng"": ""NO"", ""lc"": ""2"", ""negative"": ""V"", ""generic2"": ""True"", ""sb"": ""NO""}",1.1135222500015516,0.9562870000081602,198,ExitStatus.OPTIMAL,False,False,0.9562870000081602
2025-06-08T09:07:28.686777,Hsp-aux-10405_c23.xml,"{""input"": ""tests/xcsp3/cop/UNKNOWN/Hsp-aux-10405_c23.xml"", ""solver"": ""xcsp:ACE@2.4"", ""output_dir"": ""results_comparison"", ""global_time_limit"": 600, ""max_tries"": 50, ""tuning_file"": ""tests/psa/ace.tuning.json"", ""hpo_strategy"": ""hamming"", ""global_time_strategy"": ""PERCENT"", ""percent"": 0.2, ""round_time_strategy"": ""STATIC"", ""time_evolution"": ""STATIC"", ""stop_strategy"": ""TIMEOUT""}",34,"{""varh"": ""Wdeg"", ""valh"": ""FlrsE"", ""saf"": ""False"", ""pc1"": ""True"", ""bdc"": ""1"", ""toh"": ""False"", ""ng"": ""NO"", ""lc"": ""2"", ""negative"": ""V"", ""generic2"": ""True"", ""sb"": ""NO""}",1.1135222500015516,0.9117733750026673,198,ExitStatus.OPTIMAL,False,False,0.9117733750026673
2025-06-08T09:07:29.716676,Hsp-aux-10405_c23.xml,"{""input"": ""tests/xcsp3/cop/UNKNOWN/Hsp-aux-10405_c23.xml"", ""solver"": ""xcsp:ACE@2.4"", ""output_dir"": ""results_comparison"", ""global_time_limit"": 600, ""max_tries"": 50, ""tuning_file"": ""tests/psa/ace.tuning.json"", ""hpo_strategy"": ""hamming"", ""global_time_strategy"": ""PERCENT"", ""percent"": 0.2, ""round_time_strategy"": ""STATIC"", ""time_evolution"": ""STATIC"", ""stop_strategy"": ""TIMEOUT""}",35,"{""varh"": ""Wdeg"", ""valh"": ""First"", ""saf"": ""False"", ""pc1"": ""True"", ""bdc"": ""1"", ""toh"": ""False"", ""ng"": ""NO"", ""lc"": ""2"", ""negative"": ""STR2N"", ""generic2"": ""True"", ""sb"": ""NO""}",1.1135222500015516,0.9212529580108821,198,ExitStatus.OPTIMAL,False,False,0.9212529580108821
2025-06-08T09:07:31.275736,Hsp-aux-10405_c23.xml,"{""input"": ""tests/xcsp3/cop/UNKNOWN/Hsp-aux-10405_c23.xml"", ""solver"": ""xcsp:ACE@2.4"", ""output_dir"": ""results_comparison"", ""global_time_limit"": 600, ""max_tries"": 50, ""tuning_file"": ""tests/psa/ace.tuning.json"", ""hpo_strategy"": ""hamming"", ""global_time_strategy"": ""PERCENT"", ""percent"": 0.2, ""round_time_strategy"": ""STATIC"", ""time_evolution"": ""STATIC"", ""stop_strategy"": ""TIMEOUT""}",36,"{""varh"": ""Wdeg"", ""valh"": ""Last"", ""saf"": ""False"", ""pc1"": ""True"", ""bdc"": ""1"", ""toh"": ""False"", ""ng"": ""NO"", ""lc"": ""2"", ""negative"": ""V"", ""generic2"": ""True"", ""sb"": ""NO""}",1.1135222500015516,1.4471885829989333,198,ExitStatus.OPTIMAL,False,False,1.4471885829989333
2025-06-08T09:07:32.308300,Hsp-aux-10405_c23.xml,"{""input"": ""tests/xcsp3/cop/UNKNOWN/Hsp-aux-10405_c23.xml"", ""solver"": ""xcsp:ACE@2.4"", ""output_dir"": ""results_comparison"", ""global_time_limit"": 600, ""max_tries"": 50, ""tuning_file"": ""tests/psa/ace.tuning.json"", ""hpo_strategy"": ""hamming"", ""global_time_strategy"": ""PERCENT"", ""percent"": 0.2, ""round_time_strategy"": ""STATIC"", ""time_evolution"": ""STATIC"", ""stop_strategy"": ""TIMEOUT""}",37,"{""varh"": ""Wdeg"", ""valh"": ""First"", ""saf"": ""False"", ""pc1"": ""True"", ""bdc"": ""10"", ""toh"": ""False"", ""ng"": ""NO"", ""lc"": ""2"", ""negative"": ""V"", ""generic2"": ""True"", ""sb"": ""NO""}",1.1135222500015516,0.9056509590009227,198,ExitStatus.OPTIMAL,True,False,0.9056509590009227
2025-06-08T09:07:33.340893,Hsp-aux-10405_c23.xml,"{""input"": ""tests/xcsp3/cop/UNKNOWN/Hsp-aux-10405_c23.xml"", ""solver"": ""xcsp:ACE@2.4"", ""output_dir"": ""results_comparison"", ""global_time_limit"": 600, ""max_tries"": 50, ""tuning_file"": ""tests/psa/ace.tuning.json"", ""hpo_strategy"": ""hamming"", ""global_time_strategy"": ""PERCENT"", ""percent"": 0.2, ""round_time_strategy"": ""STATIC"", ""time_evolution"": ""STATIC"", ""stop_strategy"": ""TIMEOUT""}",38,"{""varh"": ""Wdeg"", ""valh"": ""First"", ""saf"": ""False"", ""pc1"": ""True"", ""bdc"": ""1"", ""toh"": ""False"", ""ng"": ""NO"", ""lc"": ""1"", ""negative"": ""V"", ""generic2"": ""False"", ""sb"": ""NO""}",1.1135222500015516,0.9227724999946076,198,ExitStatus.OPTIMAL,False,False,0.9227724999946076
2025-06-08T09:07:34.361237,Hsp-aux-10405_c23.xml,"{""input"": ""tests/xcsp3/cop/UNKNOWN/Hsp-aux-10405_c23.xml"", ""solver"": ""xcsp:ACE@2.4"", ""output_dir"": ""results_comparison"", ""global_time_limit"": 600, ""max_tries"": 50, ""tuning_file"": ""tests/psa/ace.tuning.json"", ""hpo_strategy"": ""hamming"", ""global_time_strategy"": ""PERCENT"", ""percent"": 0.2, ""round_time_strategy"": ""STATIC"", ""time_evolution"": ""STATIC"", ""stop_strategy"": ""TIMEOUT""}",39,"{""varh"": ""Wdeg"", ""valh"": ""First"", ""saf"": ""False"", ""pc1"": ""True"", ""bdc"": ""1"", ""toh"": ""False"", ""ng"": ""NO"", ""lc"": ""10"", ""negative"": ""STR2N"", ""generic2"": ""True"", ""sb"": ""NO""}",1.1135222500015516,0.9113019590149634,198,ExitStatus.OPTIMAL,False,False,0.9113019590149634
2025-06-08T09:07:35.339427,Hsp-aux-10405_c23.xml,"{""input"": ""tests/xcsp3/cop/UNKNOWN/Hsp-aux-10405_c23.xml"", ""solver"": ""xcsp:ACE@2.4"", ""output_dir"": ""results_comparison"", ""global_time_limit"": 600, ""max_tries"": 50, ""tuning_file"": ""tests/psa/ace.tuning.json"", ""hpo_strategy"": ""hamming"", ""global_time_strategy"": ""PERCENT"", ""percent"": 0.2, ""round_time_strategy"": ""STATIC"", ""time_evolution"": ""STATIC"", ""stop_strategy"": ""TIMEOUT""}",40,"{""varh"": ""Wdeg"", ""valh"": ""Bivs3"", ""saf"": ""False"", ""pc1"": ""True"", ""bdc"": ""1000"", ""toh"": ""False"", ""ng"": ""NO"", ""lc"": ""2"", ""negative"": ""V"", ""generic2"": ""True"", ""sb"": ""NO""}",1.1135222500015516,0.8679528750071768,,ExitStatus.UNKNOWN,False,False,0.8679528750071768
2025-06-08T09:07:36.475977,Hsp-aux-10405_c23.xml,"{""input"": ""tests/xcsp3/cop/UNKNOWN/Hsp-aux-10405_c23.xml"", ""solver"": ""xcsp:ACE@2.4"", ""output_dir"": ""results_comparison"", ""global_time_limit"": 600, ""max_tries"": 50, ""tuning_file"": ""tests/psa/ace.tuning.json"", ""hpo_strategy"": ""hamming"", ""global_time_strategy"": ""PERCENT"", ""percent"": 0.2, ""round_time_strategy"": ""STATIC"", ""time_evolution"": ""STATIC"", ""stop_strategy"": ""TIMEOUT""}",41,"{""varh"": ""WdegOnDom"", ""valh"": ""First"", ""saf"": ""False"", ""pc1"": ""True"", ""bdc"": ""1"", ""toh"": ""False"", ""ng"": ""NO"", ""lc"": ""2"", ""negative"": ""V"", ""generic2"": ""False"", ""sb"": ""NO""}",1.1135222500015516,1.025742750003701,198,ExitStatus.OPTIMAL,False,False,1.025742750003701
2025-06-08T09:07:37.532214,Hsp-aux-10405_c23.xml,"{""input"": ""tests/xcsp3/cop/UNKNOWN/Hsp-aux-10405_c23.xml"", ""solver"": ""xcsp:ACE@2.4"", ""output_dir"": ""results_comparison"", ""global_time_limit"": 600, ""max_tries"": 50, ""tuning_file"": ""tests/psa/ace.tuning.json"", ""hpo_strategy"": ""hamming"", ""global_time_strategy"": ""PERCENT"", ""percent"": 0.2, ""round_time_strategy"": ""STATIC"", ""time_evolution"": ""STATIC"", ""stop_strategy"": ""TIMEOUT""}",42,"{""varh"": ""Wdeg"", ""valh"": ""Vals"", ""saf"": ""False"", ""pc1"": ""True"", ""bdc"": ""1"", ""toh"": ""False"", ""ng"": ""NO"", ""lc"": ""1"", ""negative"": ""V"", ""generic2"": ""True"", ""sb"": ""NO""}",1.1135222500015516,0.9285266670049168,198,ExitStatus.OPTIMAL,False,False,0.9285266670049168
2025-06-08T09:07:40.281978,Hsp-aux-10405_c23.xml,"{""input"": ""tests/xcsp3/cop/UNKNOWN/Hsp-aux-10405_c23.xml"", ""solver"": ""xcsp:ACE@2.4"", ""output_dir"": ""results_comparison"", ""global_time_limit"": 600, ""max_tries"": 50, ""tuning_file"": ""tests/psa/ace.tuning.json"", ""hpo_strategy"": ""hamming"", ""global_time_strategy"": ""PERCENT"", ""percent"": 0.2, ""round_time_strategy"": ""STATIC"", ""time_evolution"": ""STATIC"", ""stop_strategy"": ""TIMEOUT""}",43,"{""varh"": ""Wdeg"", ""valh"": ""Conflicts"", ""saf"": ""False"", ""pc1"": ""True"", ""bdc"": ""1"", ""toh"": ""False"", ""ng"": ""NO"", ""lc"": ""2"", ""negative"": ""STR1"", ""generic2"": ""True"", ""sb"": ""NO""}",1.1135222500015516,2.6392337500001304,,ExitStatus.UNKNOWN,False,False,2.6392337500001304
2025-06-08T09:07:41.953277,Hsp-aux-10405_c23.xml,"{""input"": ""tests/xcsp3/cop/UNKNOWN/Hsp-aux-10405_c23.xml"", ""solver"": ""xcsp:ACE@2.4"", ""output_dir"": ""results_comparison"", ""global_time_limit"": 600, ""max_tries"": 50, ""tuning_file"": ""tests/psa/ace.tuning.json"", ""hpo_strategy"": ""hamming"", ""global_time_strategy"": ""PERCENT"", ""percent"": 0.2, ""round_time_strategy"": ""STATIC"", ""time_evolution"": ""STATIC"", ""stop_strategy"": ""TIMEOUT""}",44,"{""varh"": ""Activity"", ""valh"": ""First"", ""saf"": ""False"", ""pc1"": ""True"", ""bdc"": ""1"", ""toh"": ""False"", ""ng"": ""NO"", ""lc"": ""2"", ""negative"": ""V"", ""generic2"": ""False"", ""sb"": ""NO""}",1.1135222500015516,1.5610401250014547,270,ExitStatus.FEASIBLE,False,False,1.5610401250014547
2025-06-08T09:07:43.631851,Hsp-aux-10405_c23.xml,"{""input"": ""tests/xcsp3/cop/UNKNOWN/Hsp-aux-10405_c23.xml"", ""solver"": ""xcsp:ACE@2.4"", ""output_dir"": ""results_comparison"", ""global_time_limit"": 600, ""max_tries"": 50, ""tuning_file"": ""tests/psa/ace.tuning.json"", ""hpo_strategy"": ""hamming"", ""global_time_strategy"": ""PERCENT"", ""percent"": 0.2, ""round_time_strategy"": ""STATIC"", ""time_evolution"": ""STATIC"", ""stop_strategy"": ""TIMEOUT""}",45,"{""varh"": ""Activity"", ""valh"": ""First"", ""saf"": ""True"", ""pc1"": ""True"", ""bdc"": ""1"", ""toh"": ""False"", ""ng"": ""NO"", ""lc"": ""2"", ""negative"": ""V"", ""generic2"": ""True"", ""sb"": ""NO""}",1.1135222500015516,1.5547239999868907,270,ExitStatus.FEASIBLE,False,False,1.5547239999868907
2025-06-08T09:07:45.297256,Hsp-aux-10405_c23.xml,"{""input"": ""tests/xcsp3/cop/UNKNOWN/Hsp-aux-10405_c23.xml"", ""solver"": ""xcsp:ACE@2.4"", ""output_dir"": ""results_comparison"", ""global_time_limit"": 600, ""max_tries"": 50, ""tuning_file"": ""tests/psa/ace.tuning.json"", ""hpo_strategy"": ""hamming"", ""global_time_strategy"": ""PERCENT"", ""percent"": 0.2, ""round_time_strategy"": ""STATIC"", ""time_evolution"": ""STATIC"", ""stop_strategy"": ""TIMEOUT""}",46,"{""varh"": ""Rand"", ""valh"": ""RunRobin"", ""saf"": ""False"", ""pc1"": ""True"", ""bdc"": ""1"", ""toh"": ""False"", ""ng"": ""NO"", ""lc"": ""2"", ""negative"": ""V"", ""generic2"": ""True"", ""sb"": ""NO""}",1.1135222500015516,1.554437874990981,198,ExitStatus.FEASIBLE,False,False,1.554437874990981
2025-06-08T09:07:46.273674,Hsp-aux-10405_c23.xml,"{""input"": ""tests/xcsp3/cop/UNKNOWN/Hsp-aux-10405_c23.xml"", ""solver"": ""xcsp:ACE@2.4"", ""output_dir"": ""results_comparison"", ""global_time_limit"": 600, ""max_tries"": 50, ""tuning_file"": ""tests/psa/ace.tuning.json"", ""hpo_strategy"": ""hamming"", ""global_time_strategy"": ""PERCENT"", ""percent"": 0.2, ""round_time_strategy"": ""STATIC"", ""time_evolution"": ""STATIC"", ""stop_strategy"": ""TIMEOUT""}",47,"{""varh"": ""Wdeg"", ""valh"": ""First"", ""saf"": ""False"", ""pc1"": ""True"", ""bdc"": ""1000"", ""toh"": ""False"", ""ng"": ""NO"", ""lc"": ""2"", ""negative"": ""STR2"", ""generic2"": ""True"", ""sb"": ""NO""}",1.1135222500015516,0.8663414159964304,,ExitStatus.UNKNOWN,False,False,0.8663414159964304
2025-06-08T09:07:47.940835,Hsp-aux-10405_c23.xml,"{""input"": ""tests/xcsp3/cop/UNKNOWN/Hsp-aux-10405_c23.xml"", ""solver"": ""xcsp:ACE@2.4"", ""output_dir"": ""results_comparison"", ""global_time_limit"": 600, ""max_tries"": 50, ""tuning_file"": ""tests/psa/ace.tuning.json"", ""hpo_strategy"": ""hamming"", ""global_time_strategy"": ""PERCENT"", ""percent"": 0.2, ""round_time_strategy"": ""STATIC"", ""time_evolution"": ""STATIC"", ""stop_strategy"": ""TIMEOUT""}",48,"{""varh"": ""Activity"", ""valh"": ""First"", ""saf"": ""False"", ""pc1"": ""True"", ""bdc"": ""1"", ""toh"": ""True"", ""ng"": ""NO"", ""lc"": ""2"", ""negative"": ""V"", ""generic2"": ""True"", ""sb"": ""NO""}",1.1135222500015516,1.5565008750127163,270,ExitStatus.FEASIBLE,False,False,1.5565008750127163
2025-06-08T09:07:48.966354,Hsp-aux-10405_c23.xml,"{""input"": ""tests/xcsp3/cop/UNKNOWN/Hsp-aux-10405_c23.xml"", ""solver"": ""xcsp:ACE@2.4"", ""output_dir"": ""results_comparison"", ""global_time_limit"": 600, ""max_tries"": 50, ""tuning_file"": ""tests/psa/ace.tuning.json"", ""hpo_strategy"": ""hamming"", ""global_time_strategy"": ""PERCENT"", ""percent"": 0.2, ""round_time_strategy"": ""STATIC"", ""time_evolution"": ""STATIC"", ""stop_strategy"": ""TIMEOUT""}",49,"{""varh"": ""WdegOnDom"", ""valh"": ""First"", ""saf"": ""False"", ""pc1"": ""True"", ""bdc"": ""1"", ""toh"": ""False"", ""ng"": ""NO"", ""lc"": ""2"", ""negative"": ""CT"", ""generic2"": ""True"", ""sb"": ""NO""}",1.1135222500015516,0.9162699579901528,198,ExitStatus.OPTIMAL,False,False,0.9162699579901528
2025-06-08T09:07:49.981517,Hsp-aux-10405_c23.xml,"{""input"": ""tests/xcsp3/cop/UNKNOWN/Hsp-aux-10405_c23.xml"", ""solver"": ""xcsp:ACE@2.4"", ""output_dir"": ""results_comparison"", ""global_time_limit"": 600, ""max_tries"": 50, ""tuning_file"": ""tests/psa/ace.tuning.json"", ""hpo_strategy"": ""hamming"", ""global_time_strategy"": ""PERCENT"", ""percent"": 0.2, ""round_time_strategy"": ""STATIC"", ""time_evolution"": ""STATIC"", ""stop_strategy"": ""TIMEOUT""}",50,"{""varh"": ""Wdeg"", ""valh"": ""First"", ""saf"": ""False"", ""pc1"": ""True"", ""bdc"": ""1"", ""toh"": ""False"", ""ng"": ""NO"", ""lc"": ""10"", ""negative"": ""STR1N"", ""generic2"": ""True"", ""sb"": ""NO""}",1.1135222500015516,0.9059899589919951,198,ExitStatus.OPTIMAL,False,False,0.9059899589919951
2025-06-08T09:07:51.646611,Hsp-aux-10405_c23.xml,"{""input"": ""tests/xcsp3/cop/UNKNOWN/Hsp-aux-10405_c23.xml"", ""solver"": ""xcsp:ACE@2.4"", ""output_dir"": ""results_comparison"", ""global_time_limit"": 600, ""max_tries"": 50, ""tuning_file"": ""tests/psa/ace.tuning.json"", ""hpo_strategy"": ""hamming"", ""global_time_strategy"": ""PERCENT"", ""percent"": 0.2, ""round_time_strategy"": ""STATIC"", ""time_evolution"": ""STATIC"", ""stop_strategy"": ""TIMEOUT""}",51,"{""varh"": ""Impact"", ""valh"": ""First"", ""saf"": ""False"", ""pc1"": ""True"", ""bdc"": ""1"", ""toh"": ""False"", ""ng"": ""NO"", ""lc"": ""1"", ""negative"": ""V"", ""generic2"": ""True"", ""sb"": ""NO""}",1.1135222500015516,1.553760874987347,,ExitStatus.UNKNOWN,False,False,1.553760874987347
2025-06-08T09:07:53.315832,Hsp-aux-10405_c23.xml,"{""input"": ""tests/xcsp3/cop/UNKNOWN/Hsp-aux-10405_c23.xml"", ""solver"": ""xcsp:ACE@2.4"", ""output_dir"": ""results_comparison"", ""global_time_limit"": 600, ""max_tries"": 50, ""tuning_file"": ""tests/psa/ace.tuning.json"", ""hpo_strategy"": ""hamming"", ""global_time_strategy"": ""PERCENT"", ""percent"": 0.2, ""round_time_strategy"": ""STATIC"", ""time_evolution"": ""STATIC"", ""stop_strategy"": ""TIMEOUT""}",52,"{""varh"": ""Rand"", ""valh"": ""Rand"", ""saf"": ""False"", ""pc1"": ""True"", ""bdc"": ""1"", ""toh"": ""False"", ""ng"": ""NO"", ""lc"": ""2"", ""negative"": ""V"", ""generic2"": ""True"", ""sb"": ""NO""}",1.1135222500015516,1.5585677089984529,198,ExitStatus.FEASIBLE,False,False,1.5585677089984529
2025-06-08T09:07:54.982034,Hsp-aux-10405_c23.xml,"{""input"": ""tests/xcsp3/cop/UNKNOWN/Hsp-aux-10405_c23.xml"", ""solver"": ""xcsp:ACE@2.4"", ""output_dir"": ""results_comparison"", ""global_time_limit"": 600, ""max_tries"": 50, ""tuning_file"": ""tests/psa/ace.tuning.json"", ""hpo_strategy"": ""hamming"", ""global_time_strategy"": ""PERCENT"", ""percent"": 0.2, ""round_time_strategy"": ""STATIC"", ""time_evolution"": ""STATIC"", ""stop_strategy"": ""TIMEOUT""}",53,"{""varh"": ""Activity"", ""valh"": ""Bivs3"", ""saf"": ""False"", ""pc1"": ""True"", ""bdc"": ""1"", ""toh"": ""False"", ""ng"": ""NO"", ""lc"": ""2"", ""negative"": ""V"", ""generic2"": ""True"", ""sb"": ""NO""}",1.1135222500015516,1.5537421250191983,270,ExitStatus.FEASIBLE,False,False,1.5537421250191983
2025-06-08T09:07:57.528711,Hsp-aux-10405_c23.xml,"{""input"": ""tests/xcsp3/cop/UNKNOWN/Hsp-aux-10405_c23.xml"", ""solver"": ""xcsp:ACE@2.4"", ""output_dir"": ""results_comparison"", ""global_time_limit"": 600, ""max_tries"": 50, ""tuning_file"": ""tests/psa/ace.tuning.json"", ""hpo_strategy"": ""hamming"", ""global_time_strategy"": ""PERCENT"", ""percent"": 0.2, ""round_time_strategy"": ""STATIC"", ""time_evolution"": ""STATIC"", ""stop_strategy"": ""TIMEOUT""}",54,"{""varh"": ""Activity"", ""valh"": ""Conflicts"", ""saf"": ""False"", ""pc1"": ""True"", ""bdc"": ""1"", ""toh"": ""False"", ""ng"": ""NO"", ""lc"": ""2"", ""negative"": ""V"", ""generic2"": ""True"", ""sb"": ""NO""}",1.1135222500015516,2.435808750014985,,ExitStatus.UNKNOWN,False,False,2.435808750014985
2025-06-08T09:07:58.523699,Hsp-aux-10405_c23.xml,"{""input"": ""tests/xcsp3/cop/UNKNOWN/Hsp-aux-10405_c23.xml"", ""solver"": ""xcsp:ACE@2.4"", ""output_dir"": ""results_comparison"", ""global_time_limit"": 600, ""max_tries"": 50, ""tuning_file"": ""tests/psa/ace.tuning.json"", ""hpo_strategy"": ""hamming"", ""global_time_strategy"": ""PERCENT"", ""percent"": 0.2, ""round_time_strategy"": ""STATIC"", ""time_evolution"": ""STATIC"", ""stop_strategy"": ""TIMEOUT""}",55,"{""varh"": ""Wdeg"", ""valh"": ""Vals"", ""saf"": ""False"", ""pc1"": ""True"", ""bdc"": ""100"", ""toh"": ""False"", ""ng"": ""NO"", ""lc"": ""2"", ""negative"": ""V"", ""generic2"": ""True"", ""sb"": ""NO""}",1.1135222500015516,0.8846029169799294,,ExitStatus.UNKNOWN,False,False,0.8846029169799294
2025-06-08T09:07:59.611175,Hsp-aux-10405_c23.xml,"{""input"": ""tests/xcsp3/cop/UNKNOWN/Hsp-aux-10405_c23.xml"", ""solver"": ""xcsp:ACE@2.4"", ""output_dir"": ""results_comparison"", ""global_time_limit"": 600, ""max_tries"": 50, ""tuning_file"": ""tests/psa/ace.tuning.json"", ""hpo_strategy"": ""hamming"", ""global_time_strategy"": ""PERCENT"", ""percent"": 0.2, ""round_time_strategy"": ""STATIC"", ""time_evolution"": ""STATIC"", ""stop_strategy"": ""TIMEOUT""}",56,"{""varh"": ""Wdeg"", ""valh"": ""Rand"", ""saf"": ""False"", ""pc1"": ""True"", ""bdc"": ""1"", ""toh"": ""False"", ""ng"": ""NO"", ""lc"": ""2"", ""negative"": ""STR2N"", ""generic2"": ""True"", ""sb"": ""NO""}",1.1135222500015516,0.9618277919944376,198,ExitStatus.OPTIMAL,False,False,0.9618277919944376
2025-06-08T09:08:00.634508,Hsp-aux-10405_c23.xml,"{""input"": ""tests/xcsp3/cop/UNKNOWN/Hsp-aux-10405_c23.xml"", ""solver"": ""xcsp:ACE@2.4"", ""output_dir"": ""results_comparison"", ""global_time_limit"": 600, ""max_tries"": 50, ""tuning_file"": ""tests/psa/ace.tuning.json"", ""hpo_strategy"": ""hamming"", ""global_time_strategy"": ""PERCENT"", ""percent"": 0.2, ""round_time_strategy"": ""STATIC"", ""time_evolution"": ""STATIC"", ""stop_strategy"": ""TIMEOUT""}",57,"{""varh"": ""WdegOnDom"", ""valh"": ""First"", ""saf"": ""False"", ""pc1"": ""True"", ""bdc"": ""1"", ""toh"": ""False"", ""ng"": ""NO"", ""lc"": ""2"", ""negative"": ""STR0"", ""generic2"": ""True"", ""sb"": ""NO""}",1.1135222500015516,0.9124277500086464,198,ExitStatus.OPTIMAL,False,False,0.9124277500086464
2025-06-08T09:08:01.698180,Hsp-aux-10405_c23.xml,"{""input"": ""tests/xcsp3/cop/UNKNOWN/Hsp-aux-10405_c23.xml"", ""solver"": ""xcsp:ACE@2.4"", ""output_dir"": ""results_comparison"", ""global_time_limit"": 600, ""max_tries"": 50, ""tuning_file"": ""tests/psa/ace.tuning.json"", ""hpo_strategy"": ""hamming"", ""global_time_strategy"": ""PERCENT"", ""percent"": 0.2, ""round_time_strategy"": ""STATIC"", ""time_evolution"": ""STATIC"", ""stop_strategy"": ""TIMEOUT""}",58,"{""varh"": ""Wdeg"", ""valh"": ""FlrsE"", ""saf"": ""False"", ""pc1"": ""True"", ""bdc"": ""1"", ""toh"": ""False"", ""ng"": ""NO"", ""lc"": ""1"", ""negative"": ""V"", ""generic2"": ""True"", ""sb"": ""NO""}",1.1135222500015516,0.9541454999998678,198,ExitStatus.OPTIMAL,False,False,0.9541454999998678
2025-06-08T09:08:02.721662,Hsp-aux-10405_c23.xml,"{""input"": ""tests/xcsp3/cop/UNKNOWN/Hsp-aux-10405_c23.xml"", ""solver"": ""xcsp:ACE@2.4"", ""output_dir"": ""results_comparison"", ""global_time_limit"": 600, ""max_tries"": 50, ""tuning_file"": ""tests/psa/ace.tuning.json"", ""hpo_strategy"": ""hamming"", ""global_time_strategy"": ""PERCENT"", ""percent"": 0.2, ""round_time_strategy"": ""STATIC"", ""time_evolution"": ""STATIC"", ""stop_strategy"": ""TIMEOUT""}",59,"{""varh"": ""WdegOnDom"", ""valh"": ""First"", ""saf"": ""False"", ""pc1"": ""True"", ""bdc"": ""1"", ""toh"": ""False"", ""ng"": ""NO"", ""lc"": ""2"", ""negative"": ""STR1"", ""generic2"": ""True"", ""sb"": ""NO""}",1.1135222500015516,0.9115107080142479,198,ExitStatus.OPTIMAL,False,False,0.9115107080142479
2025-06-08T09:08:03.802445,Hsp-aux-10405_c23.xml,"{""input"": ""tests/xcsp3/cop/UNKNOWN/Hsp-aux-10405_c23.xml"", ""solver"": ""xcsp:ACE@2.4"", ""output_dir"": ""results_comparison"", ""global_time_limit"": 600, ""max_tries"": 50, ""tuning_file"": ""tests/psa/ace.tuning.json"", ""hpo_strategy"": ""hamming"", ""global_time_strategy"": ""PERCENT"", ""percent"": 0.2, ""round_time_strategy"": ""STATIC"", ""time_evolution"": ""STATIC"", ""stop_strategy"": ""TIMEOUT""}",60,"{""varh"": ""WdegOnDom"", ""valh"": ""First"", ""saf"": ""False"", ""pc1"": ""True"", ""bdc"": ""1"", ""toh"": ""False"", ""ng"": ""NO"", ""lc"": ""2"", ""negative"": ""VA"", ""generic2"": ""True"", ""sb"": ""NO""}",1.1135222500015516,0.9682583329849876,198,ExitStatus.OPTIMAL,False,False,0.9682583329849876
2025-06-08T09:08:05.258183,Hsp-aux-10405_c23.xml,"{""input"": ""tests/xcsp3/cop/UNKNOWN/Hsp-aux-10405_c23.xml"", ""solver"": ""xcsp:ACE@2.4"", ""output_dir"": ""results_comparison"", ""global_time_limit"": 600, ""max_tries"": 50, ""tuning_file"": ""tests/psa/ace.tuning.json"", ""hpo_strategy"": ""hamming"", ""global_time_strategy"": ""PERCENT"", ""percent"": 0.2, ""round_time_strategy"": ""STATIC"", ""time_evolution"": ""STATIC"", ""stop_strategy"": ""TIMEOUT""}",61,"{""varh"": ""Wdeg"", ""valh"": ""First"", ""saf"": ""True"", ""pc1"": ""True"", ""bdc"": ""1"", ""toh"": ""False"", ""ng"": ""NO"", ""lc"": ""10"", ""negative"": ""V"", ""generic2"": ""True"", ""sb"": ""NO""}",1.1135222500015516,1.316217042010976,198,ExitStatus.OPTIMAL,False,False,1.316217042010976
2025-06-08T09:08:06.301352,Hsp-aux-10405_c23.xml,"{""input"": ""tests/xcsp3/cop/UNKNOWN/Hsp-aux-10405_c23.xml"", ""solver"": ""xcsp:ACE@2.4"", ""output_dir"": ""results_comparison"", ""global_time_limit"": 600, ""max_tries"": 50, ""tuning_file"": ""tests/psa/ace.tuning.json"", ""hpo_strategy"": ""hamming"", ""global_time_strategy"": ""PERCENT"", ""percent"": 0.2, ""round_time_strategy"": ""STATIC"", ""time_evolution"": ""STATIC"", ""stop_strategy"": ""TIMEOUT""}",62,"{""varh"": ""Wdeg"", ""valh"": ""First"", ""saf"": ""False"", ""pc1"": ""True"", ""bdc"": ""1"", ""toh"": ""True"", ""ng"": ""NO"", ""lc"": ""10"", ""negative"": ""V"", ""generic2"": ""True"", ""sb"": ""NO""}",1.1135222500015516,0.9182007909985259,198,ExitStatus.OPTIMAL,False,False,0.9182007909985259
2025-06-08T09:08:07.332765,Hsp-aux-10405_c23.xml,"{""input"": ""tests/xcsp3/cop/UNKNOWN/Hsp-aux-10405_c23.xml"", ""solver"": ""xcsp:ACE@2.4"", ""output_dir"": ""results_comparison"", ""global_time_limit"": 600, ""max_tries"": 50, ""tuning_file"": ""tests/psa/ace.tuning.json"", ""hpo_strategy"": ""hamming"", ""global_time_strategy"": ""PERCENT"", ""percent"": 0.2, ""round_time_strategy"": ""STATIC"", ""time_evolution"": ""STATIC"", ""stop_strategy"": ""TIMEOUT""}",63,"{""varh"": ""Wdeg"", ""valh"": ""Bivs3"", ""saf"": ""False"", ""pc1"": ""True"", ""bdc"": ""1"", ""toh"": ""False"", ""ng"": ""NO"", ""lc"": ""1"", ""negative"": ""V"", ""generic2"": ""True"", ""sb"": ""NO""}",1.1135222500015516,0.9213097080064472,198,ExitStatus.OPTIMAL,False,False,0.9213097080064472
2025-06-08T09:08:08.358181,Hsp-aux-10405_c23.xml,"{""input"": ""tests/xcsp3/cop/UNKNOWN/Hsp-aux-10405_c23.xml"", ""solver"": ""xcsp:ACE@2.4"", ""output_dir"": ""results_comparison"", ""global_time_limit"": 600, ""max_tries"": 50, ""tuning_file"": ""tests/psa/ace.tuning.json"", ""hpo_strategy"": ""hamming"", ""global_time_strategy"": ""PERCENT"", ""percent"": 0.2, ""round_time_strategy"": ""STATIC"", ""time_evolution"": ""STATIC"", ""stop_strategy"": ""TIMEOUT""}",64,"{""varh"": ""Wdeg"", ""valh"": ""Bivs3"", ""saf"": ""False"", ""pc1"": ""True"", ""bdc"": ""1"", ""toh"": ""False"", ""ng"": ""NO"", ""lc"": ""2"", ""negative"": ""VA"", ""generic2"": ""True"", ""sb"": ""NO""}",1.1135222500015516,0.9168049590080045,198,ExitStatus.OPTIMAL,False,False,0.9168049590080045
2025-06-08T09:08:11.112699,Hsp-aux-10405_c23.xml,"{""input"": ""tests/xcsp3/cop/UNKNOWN/Hsp-aux-10405_c23.xml"", ""solver"": ""xcsp:ACE@2.4"", ""output_dir"": ""results_comparison"", ""global_time_limit"": 600, ""max_tries"": 50, ""tuning_file"": ""tests/psa/ace.tuning.json"", ""hpo_strategy"": ""hamming"", ""global_time_strategy"": ""PERCENT"", ""percent"": 0.2, ""round_time_strategy"": ""STATIC"", ""time_evolution"": ""STATIC"", ""stop_strategy"": ""TIMEOUT""}",65,"{""varh"": ""Memory"", ""valh"": ""Conflicts"", ""saf"": ""False"", ""pc1"": ""True"", ""bdc"": ""1"", ""toh"": ""False"", ""ng"": ""NO"", ""lc"": ""2"", ""negative"": ""V"", ""generic2"": ""True"", ""sb"": ""NO""}",1.1135222500015516,2.644765125005506,,ExitStatus.UNKNOWN,False,False,2.644765125005506
2025-06-08T09:08:12.639223,Hsp-aux-10405_c23.xml,"{""input"": ""tests/xcsp3/cop/UNKNOWN/Hsp-aux-10405_c23.xml"", ""solver"": ""xcsp:ACE@2.4"", ""output_dir"": ""results_comparison"", ""global_time_limit"": 600, ""max_tries"": 50, ""tuning_file"": ""tests/psa/ace.tuning.json"", ""hpo_strategy"": ""hamming"", ""global_time_strategy"": ""PERCENT"", ""percent"": 0.2, ""round_time_strategy"": ""STATIC"", ""time_evolution"": ""STATIC"", ""stop_strategy"": ""TIMEOUT""}",66,"{""varh"": ""Wdeg"", ""valh"": ""Median"", ""saf"": ""False"", ""pc1"": ""True"", ""bdc"": ""1"", ""toh"": ""False"", ""ng"": ""NO"", ""lc"": ""2"", ""negative"": ""STR2N"", ""generic2"": ""True"", ""sb"": ""NO""}",1.1135222500015516,1.415032874996541,198,ExitStatus.OPTIMAL,False,False,1.415032874996541
2025-06-08T09:08:13.665930,Hsp-aux-10405_c23.xml,"{""input"": ""tests/xcsp3/cop/UNKNOWN/Hsp-aux-10405_c23.xml"", ""solver"": ""xcsp:ACE@2.4"", ""output_dir"": ""results_comparison"", ""global_time_limit"": 600, ""max_tries"": 50, ""tuning_file"": ""tests/psa/ace.tuning.json"", ""hpo_strategy"": ""hamming"", ""global_time_strategy"": ""PERCENT"", ""percent"": 0.2, ""round_time_strategy"": ""STATIC"", ""time_evolution"": ""STATIC"", ""stop_strategy"": ""TIMEOUT""}",67,"{""varh"": ""Wdeg"", ""valh"": ""First"", ""saf"": ""False"", ""pc1"": ""True"", ""bdc"": ""10"", ""toh"": ""False"", ""ng"": ""NO"", ""lc"": ""2"", ""negative"": ""STR2N"", ""generic2"": ""True"", ""sb"": ""NO""}",1.1135222500015516,0.9009534580109175,198,ExitStatus.OPTIMAL,True,False,0.9009534580109175
2025-06-08T09:08:14.695081,Hsp-aux-10405_c23.xml,"{""input"": ""tests/xcsp3/cop/UNKNOWN/Hsp-aux-10405_c23.xml"", ""solver"": ""xcsp:ACE@2.4"", ""output_dir"": ""results_comparison"", ""global_time_limit"": 600, ""max_tries"": 50, ""tuning_file"": ""tests/psa/ace.tuning.json"", ""hpo_strategy"": ""hamming"", ""global_time_strategy"": ""PERCENT"", ""percent"": 0.2, ""round_time_strategy"": ""STATIC"", ""time_evolution"": ""STATIC"", ""stop_strategy"": ""TIMEOUT""}",68,"{""varh"": ""Wdeg"", ""valh"": ""First"", ""saf"": ""False"", ""pc1"": ""True"", ""bdc"": ""1"", ""toh"": ""True"", ""ng"": ""NO"", ""lc"": ""2"", ""negative"": ""STR3"", ""generic2"": ""True"", ""sb"": ""NO""}",1.1135222500015516,0.9199249589873943,198,ExitStatus.OPTIMAL,False,False,0.9199249589873943
2025-06-08T09:08:15.723743,Hsp-aux-10405_c23.xml,"{""input"": ""tests/xcsp3/cop/UNKNOWN/Hsp-aux-10405_c23.xml"", ""solver"": ""xcsp:ACE@2.4"", ""output_dir"": ""results_comparison"", ""global_time_limit"": 600, ""max_tries"": 50, ""tuning_file"": ""tests/psa/ace.tuning.json"", ""hpo_strategy"": ""hamming"", ""global_time_strategy"": ""PERCENT"", ""percent"": 0.2, ""round_time_strategy"": ""STATIC"", ""time_evolution"": ""STATIC"", ""stop_strategy"": ""TIMEOUT""}",69,"{""varh"": ""Memory"", ""valh"": ""First"", ""saf"": ""False"", ""pc1"": ""True"", ""bdc"": ""1"", ""toh"": ""False"", ""ng"": ""NO"", ""lc"": ""2"", ""negative"": ""STR2"", ""generic2"": ""True"", ""sb"": ""NO""}",1.1135222500015516,0.919721957994625,198,ExitStatus.OPTIMAL,False,False,0.919721957994625
2025-06-08T09:08:16.811279,Hsp-aux-10405_c23.xml,"{""input"": ""tests/xcsp3/cop/UNKNOWN/Hsp-aux-10405_c23.xml"", ""solver"": ""xcsp:ACE@2.4"", ""output_dir"": ""results_comparison"", ""global_time_limit"": 600, ""max_tries"": 50, ""tuning_file"": ""tests/psa/ace.tuning.json"", ""hpo_strategy"": ""hamming"", ""global_time_strategy"": ""PERCENT"", ""percent"": 0.2, ""round_time_strategy"": ""STATIC"", ""time_evolution"": ""STATIC"", ""stop_strategy"": ""TIMEOUT""}",70,"{""varh"": ""Wdeg"", ""valh"": ""FlrsE"", ""saf"": ""False"", ""pc1"": ""True"", ""bdc"": ""1"", ""toh"": ""False"", ""ng"": ""NO"", ""lc"": ""2"", ""negative"": ""STR0"", ""generic2"": ""True"", ""sb"": ""NO""}",1.1135222500015516,0.9770629999984521,198,ExitStatus.OPTIMAL,False,False,0.9770629999984521
2025-06-08T09:08:18.171367,Hsp-aux-10405_c23.xml,"{""input"": ""tests/xcsp3/cop/UNKNOWN/Hsp-aux-10405_c23.xml"", ""solver"": ""xcsp:ACE@2.4"", ""output_dir"": ""results_comparison"", ""global_time_limit"": 600, ""max_tries"": 50, ""tuning_file"": ""tests/psa/ace.tuning.json"", ""hpo_strategy"": ""hamming"", ""global_time_strategy"": ""PERCENT"", ""percent"": 0.2, ""round_time_strategy"": ""STATIC"", ""time_evolution"": ""STATIC"", ""stop_strategy"": ""TIMEOUT""}",71,"{""varh"": ""Wdeg"", ""valh"": ""Last"", ""saf"": ""False"", ""pc1"": ""True"", ""bdc"": ""1"", ""toh"": ""False"", ""ng"": ""NO"", ""lc"": ""2"", ""negative"": ""V"", ""generic2"": ""False"", ""sb"": ""NO""}",1.1135222500015516,1.2172030840010848,198,ExitStatus.OPTIMAL,False,False,1.2172030840010848
2025-06-08T09:08:19.211448,Hsp-aux-10405_c23.xml,"{""input"": ""tests/xcsp3/cop/UNKNOWN/Hsp-aux-10405_c23.xml"", ""solver"": ""xcsp:ACE@2.4"", ""output_dir"": ""results_comparison"", ""global_time_limit"": 600, ""max_tries"": 50, ""tuning_file"": ""tests/psa/ace.tuning.json"", ""hpo_strategy"": ""hamming"", ""global_time_strategy"": ""PERCENT"", ""percent"": 0.2, ""round_time_strategy"": ""STATIC"", ""time_evolution"": ""STATIC"", ""stop_strategy"": ""TIMEOUT""}",72,"{""varh"": ""Wdeg"", ""valh"": ""First"", ""saf"": ""True"", ""pc1"": ""True"", ""bdc"": ""10"", ""toh"": ""False"", ""ng"": ""NO"", ""lc"": ""2"", ""negative"": ""V"", ""generic2"": ""True"", ""sb"": ""NO""}",1.1135222500015516,0.9105670420103706,198,ExitStatus.OPTIMAL,False,False,0.9105670420103706
2025-06-08T09:08:20.870925,Hsp-aux-10405_c23.xml,"{""input"": ""tests/xcsp3/cop/UNKNOWN/Hsp-aux-10405_c23.xml"", ""solver"": ""xcsp:ACE@2.4"", ""output_dir"": ""results_comparison"", ""global_time_limit"": 600, ""max_tries"": 50, ""tuning_file"": ""tests/psa/ace.tuning.json"", ""hpo_strategy"": ""hamming"", ""global_time_strategy"": ""PERCENT"", ""percent"": 0.2, ""round_time_strategy"": ""STATIC"", ""time_evolution"": ""STATIC"", ""stop_strategy"": ""TIMEOUT""}",73,"{""varh"": ""Rand"", ""valh"": ""OccsR"", ""saf"": ""False"", ""pc1"": ""True"", ""bdc"": ""1"", ""toh"": ""False"", ""ng"": ""NO"", ""lc"": ""2"", ""negative"": ""V"", ""generic2"": ""True"", ""sb"": ""NO""}",1.1135222500015516,1.5487752500048373,198,ExitStatus.FEASIBLE,False,False,1.5487752500048373
2025-06-08T09:08:22.533115,Hsp-aux-10405_c23.xml,"{""input"": ""tests/xcsp3/cop/UNKNOWN/Hsp-aux-10405_c23.xml"", ""solver"": ""xcsp:ACE@2.4"", ""output_dir"": ""results_comparison"", ""global_time_limit"": 600, ""max_tries"": 50, ""tuning_file"": ""tests/psa/ace.tuning.json"", ""hpo_strategy"": ""hamming"", ""global_time_strategy"": ""PERCENT"", ""percent"": 0.2, ""round_time_strategy"": ""STATIC"", ""time_evolution"": ""STATIC"", ""stop_strategy"": ""TIMEOUT""}",74,"{""varh"": ""Impact"", ""valh"": ""First"", ""saf"": ""False"", ""pc1"": ""True"", ""bdc"": ""10"", ""toh"": ""False"", ""ng"": ""NO"", ""lc"": ""2"", ""negative"": ""V"", ""generic2"": ""True"", ""sb"": ""NO""}",1.1135222500015516,1.5527292499900796,,ExitStatus.UNKNOWN,False,False,1.5527292499900796
2025-06-08T09:08:25.228311,Hsp-aux-10405_c23.xml,"{""input"": ""tests/xcsp3/cop/UNKNOWN/Hsp-aux-10405_c23.xml"", ""solver"": ""xcsp:ACE@2.4"", ""output_dir"": ""results_comparison"", ""global_time_limit"": 600, ""max_tries"": 50, ""tuning_file"": ""tests/psa/ace.tuning.json"", ""hpo_strategy"": ""hamming"", ""global_time_strategy"": ""PERCENT"", ""percent"": 0.2, ""round_time_strategy"": ""STATIC"", ""time_evolution"": ""STATIC"", ""stop_strategy"": ""TIMEOUT""}",75,"{""varh"": ""Wdeg"", ""valh"": ""Conflicts"", ""saf"": ""True"", ""pc1"": ""True"", ""bdc"": ""1"", ""toh"": ""False"", ""ng"": ""NO"", ""lc"": ""2"", ""negative"": ""V"", ""generic2"": ""True"", ""sb"": ""NO""}",1.1135222500015516,2.5854570840019733,,ExitStatus.UNKNOWN,False,False,2.5854570840019733
2025-06-08T09:08:26.393218,Hsp-aux-10405_c23.xml,"{""input"": ""tests/xcsp3/cop/UNKNOWN/Hsp-aux-10405_c23.xml"", ""solver"": ""xcsp:ACE@2.4"", ""output_dir"": ""results_comparison"", ""global_time_limit"": 600, ""max_tries"": 50, ""tuning_file"": ""tests/psa/ace.tuning.json"", ""hpo_strategy"": ""hamming"", ""global_time_strategy"": ""PERCENT"", ""percent"": 0.2, ""round_time_strategy"": ""STATIC"", ""time_evolution"": ""STATIC"", ""stop_strategy"": ""TIMEOUT""}",76,"{""varh"": ""Wdeg"", ""valh"": ""Rand"", ""saf"": ""False"", ""pc1"": ""True"", ""bdc"": ""1"", ""toh"": ""False"", ""ng"": ""NO"", ""lc"": ""2"", ""negative"": ""STR1"", ""generic2"": ""True"", ""sb"": ""NO""}",1.1135222500015516,1.0533710409945343,198,ExitStatus.OPTIMAL,False,False,1.0533710409945343
2025-06-08T09:08:27.448715,Hsp-aux-10405_c23.xml,"{""input"": ""tests/xcsp3/cop/UNKNOWN/Hsp-aux-10405_c23.xml"", ""solver"": ""xcsp:ACE@2.4"", ""output_dir"": ""results_comparison"", ""global_time_limit"": 600, ""max_tries"": 50, ""tuning_file"": ""tests/psa/ace.tuning.json"", ""hpo_strategy"": ""hamming"", ""global_time_strategy"": ""PERCENT"", ""percent"": 0.2, ""round_time_strategy"": ""STATIC"", ""time_evolution"": ""STATIC"", ""stop_strategy"": ""TIMEOUT""}",77,"{""varh"": ""Wdeg"", ""valh"": ""OccsR"", ""saf"": ""False"", ""pc1"": ""True"", ""bdc"": ""1"", ""toh"": ""False"", ""ng"": ""NO"", ""lc"": ""2"", ""negative"": ""STR0"", ""generic2"": ""True"", ""sb"": ""NO""}",1.1135222500015516,0.9207792500092182,198,ExitStatus.OPTIMAL,False,False,0.9207792500092182
2025-06-08T09:08:28.494143,Hsp-aux-10405_c23.xml,"{""input"": ""tests/xcsp3/cop/UNKNOWN/Hsp-aux-10405_c23.xml"", ""solver"": ""xcsp:ACE@2.4"", ""output_dir"": ""results_comparison"", ""global_time_limit"": 600, ""max_tries"": 50, ""tuning_file"": ""tests/psa/ace.tuning.json"", ""hpo_strategy"": ""hamming"", ""global_time_strategy"": ""PERCENT"", ""percent"": 0.2, ""round_time_strategy"": ""STATIC"", ""time_evolution"": ""STATIC"", ""stop_strategy"": ""TIMEOUT""}",78,"{""varh"": ""Wdeg"", ""valh"": ""First"", ""saf"": ""False"", ""pc1"": ""False"", ""bdc"": ""1"", ""toh"": ""False"", ""ng"": ""NO"", ""lc"": ""5"", ""negative"": ""V"", ""generic2"": ""True"", ""sb"": ""NO""}",1.1135222500015516,0.9360787500045262,198,ExitStatus.OPTIMAL,False,False,0.9360787500045262
2025-06-08T09:08:29.599930,Hsp-aux-10405_c23.xml,"{""input"": ""tests/xcsp3/cop/UNKNOWN/Hsp-aux-10405_c23.xml"", ""solver"": ""xcsp:ACE@2.4"", ""output_dir"": ""results_comparison"", ""global_time_limit"": 600, ""max_tries"": 50, ""tuning_file"": ""tests/psa/ace.tuning.json"", ""hpo_strategy"": ""hamming"", ""global_time_strategy"": ""PERCENT"", ""percent"": 0.2, ""round_time_strategy"": ""STATIC"", ""time_evolution"": ""STATIC"", ""stop_strategy"": ""TIMEOUT""}",79,"{""varh"": ""FrbaOnDom"", ""valh"": ""Median"", ""saf"": ""False"", ""pc1"": ""True"", ""bdc"": ""1"", ""toh"": ""False"", ""ng"": ""NO"", ""lc"": ""2"", ""negative"": ""V"", ""generic2"": ""True"", ""sb"": ""NO""}",1.1135222500015516,0.9951797499961685,198,ExitStatus.OPTIMAL,False,False,0.9951797499961685
2025-06-08T09:08:30.825598,Hsp-aux-10405_c23.xml,"{""input"": ""tests/xcsp3/cop/UNKNOWN/Hsp-aux-10405_c23.xml"", ""solver"": ""xcsp:ACE@2.4"", ""output_dir"": ""results_comparison"", ""global_time_limit"": 600, ""max_tries"": 50, ""tuning_file"": ""tests/psa/ace.tuning.json"", ""hpo_strategy"": ""hamming"", ""global_time_strategy"": ""PERCENT"", ""percent"": 0.2, ""round_time_strategy"": ""STATIC"", ""time_evolution"": ""STATIC"", ""stop_strategy"": ""TIMEOUT""}",80,"{""varh"": ""Wdeg"", ""valh"": ""Last"", ""saf"": ""False"", ""pc1"": ""True"", ""bdc"": ""1"", ""toh"": ""False"", ""ng"": ""NO"", ""lc"": ""0"", ""negative"": ""V"", ""generic2"": ""True"", ""sb"": ""NO""}",1.1135222500015516,1.1165604590205476,198,ExitStatus.OPTIMAL,False,False,1.1165604590205476
2025-06-08T09:08:31.843741,Hsp-aux-10405_c23.xml,"{""input"": ""tests/xcsp3/cop/UNKNOWN/Hsp-aux-10405_c23.xml"", ""solver"": ""xcsp:ACE@2.4"", ""output_dir"": ""results_comparison"", ""global_time_limit"": 600, ""max_tries"": 50, ""tuning_file"": ""tests/psa/ace.tuning.json"", ""hpo_strategy"": ""hamming"", ""global_time_strategy"": ""PERCENT"", ""percent"": 0.2, ""round_time_strategy"": ""STATIC"", ""time_evolution"": ""STATIC"", ""stop_strategy"": ""TIMEOUT""}",81,"{""varh"": ""Wdeg"", ""valh"": ""First"", ""saf"": ""False"", ""pc1"": ""True"", ""bdc"": ""10"", ""toh"": ""False"", ""ng"": ""NO"", ""lc"": ""10"", ""negative"": ""V"", ""generic2"": ""True"", ""sb"": ""NO""}",1.1135222500015516,0.9087976249866188,198,ExitStatus.OPTIMAL,False,False,0.9087976249866188
2025-06-08T09:08:33.392447,Hsp-aux-10405_c23.xml,"{""input"": ""tests/xcsp3/cop/UNKNOWN/Hsp-aux-10405_c23.xml"", ""solver"": ""xcsp:ACE@2.4"", ""output_dir"": ""results_comparison"", ""global_time_limit"": 600, ""max_tries"": 50, ""tuning_file"": ""tests/psa/ace.tuning.json"", ""hpo_strategy"": ""hamming"", ""global_time_strategy"": ""PERCENT"", ""percent"": 0.2, ""round_time_strategy"": ""STATIC"", ""time_evolution"": ""STATIC"", ""stop_strategy"": ""TIMEOUT""}",82,"{""varh"": ""Wdeg"", ""valh"": ""Median"", ""saf"": ""False"", ""pc1"": ""True"", ""bdc"": ""1"", ""toh"": ""False"", ""ng"": ""NO"", ""lc"": ""1"", ""negative"": ""V"", ""generic2"": ""True"", ""sb"": ""NO""}",1.1135222500015516,1.4358089580200613,198,ExitStatus.OPTIMAL,False,False,1.4358089580200613
2025-06-08T09:08:34.416892,Hsp-aux-10405_c23.xml,"{""input"": ""tests/xcsp3/cop/UNKNOWN/Hsp-aux-10405_c23.xml"", ""solver"": ""xcsp:ACE@2.4"", ""output_dir"": ""results_comparison"", ""global_time_limit"": 600, ""max_tries"": 50, ""tuning_file"": ""tests/psa/ace.tuning.json"", ""hpo_strategy"": ""hamming"", ""global_time_strategy"": ""PERCENT"", ""percent"": 0.2, ""round_time_strategy"": ""STATIC"", ""time_evolution"": ""STATIC"", ""stop_strategy"": ""TIMEOUT""}",83,"{""varh"": ""Wdeg"", ""valh"": ""First"", ""saf"": ""False"", ""pc1"": ""True"", ""bdc"": ""10"", ""toh"": ""False"", ""ng"": ""NO"", ""lc"": ""2"", ""negative"": ""STR1N"", ""generic2"": ""True"", ""sb"": ""NO""}",1.1135222500015516,0.9012452920142096,198,ExitStatus.OPTIMAL,False,False,0.9012452920142096
2025-06-08T09:08:35.442948,Hsp-aux-10405_c23.xml,"{""input"": ""tests/xcsp3/cop/UNKNOWN/Hsp-aux-10405_c23.xml"", ""solver"": ""xcsp:ACE@2.4"", ""output_dir"": ""results_comparison"", ""global_time_limit"": 600, ""max_tries"": 50, ""tuning_file"": ""tests/psa/ace.tuning.json"", ""hpo_strategy"": ""hamming"", ""global_time_strategy"": ""PERCENT"", ""percent"": 0.2, ""round_time_strategy"": ""STATIC"", ""time_evolution"": ""STATIC"", ""stop_strategy"": ""TIMEOUT""}",84,"{""varh"": ""Wdeg"", ""valh"": ""First"", ""saf"": ""False"", ""pc1"": ""True"", ""bdc"": ""1"", ""toh"": ""False"", ""ng"": ""NO"", ""lc"": ""1"", ""negative"": ""STR1N"", ""generic2"": ""True"", ""sb"": ""NO""}",1.1135222500015516,0.9179985000228044,198,ExitStatus.OPTIMAL,False,False,0.9179985000228044
2025-06-08T09:08:36.508489,Hsp-aux-10405_c23.xml,"{""input"": ""tests/xcsp3/cop/UNKNOWN/Hsp-aux-10405_c23.xml"", ""solver"": ""xcsp:ACE@2.4"", ""output_dir"": ""results_comparison"", ""global_time_limit"": 600, ""max_tries"": 50, ""tuning_file"": ""tests/psa/ace.tuning.json"", ""hpo_strategy"": ""hamming"", ""global_time_strategy"": ""PERCENT"", ""percent"": 0.2, ""round_time_strategy"": ""STATIC"", ""time_evolution"": ""STATIC"", ""stop_strategy"": ""TIMEOUT""}",85,"{""varh"": ""Wdeg"", ""valh"": ""Rand"", ""saf"": ""False"", ""pc1"": ""True"", ""bdc"": ""1"", ""toh"": ""False"", ""ng"": ""NO"", ""lc"": ""2"", ""negative"": ""STR2"", ""generic2"": ""True"", ""sb"": ""NO""}",1.1135222500015516,0.9548589170153718,198,ExitStatus.OPTIMAL,False,False,0.9548589170153718
2025-06-08T09:08:37.513032,Hsp-aux-10405_c23.xml,"{""input"": ""tests/xcsp3/cop/UNKNOWN/Hsp-aux-10405_c23.xml"", ""solver"": ""xcsp:ACE@2.4"", ""output_dir"": ""results_comparison"", ""global_time_limit"": 600, ""max_tries"": 50, ""tuning_file"": ""tests/psa/ace.tuning.json"", ""hpo_strategy"": ""hamming"", ""global_time_strategy"": ""PERCENT"", ""percent"": 0.2, ""round_time_strategy"": ""STATIC"", ""time_evolution"": ""STATIC"", ""stop_strategy"": ""TIMEOUT""}",86,"{""varh"": ""Wdeg"", ""valh"": ""First"", ""saf"": ""False"", ""pc1"": ""True"", ""bdc"": ""100"", ""toh"": ""False"", ""ng"": ""NO"", ""lc"": ""2"", ""negative"": ""STR2N"", ""generic2"": ""True"", ""sb"": ""NO""}",1.1135222500015516,0.8909420839918312,,ExitStatus.UNKNOWN,False,False,0.8909420839918312
2025-06-08T09:08:39.206486,Hsp-aux-10405_c23.xml,"{""input"": ""tests/xcsp3/cop/UNKNOWN/Hsp-aux-10405_c23.xml"", ""solver"": ""xcsp:ACE@2.4"", ""output_dir"": ""results_comparison"", ""global_time_limit"": 600, ""max_tries"": 50, ""tuning_file"": ""tests/psa/ace.tuning.json"", ""hpo_strategy"": ""hamming"", ""global_time_strategy"": ""PERCENT"", ""percent"": 0.2, ""round_time_strategy"": ""STATIC"", ""time_evolution"": ""STATIC"", ""stop_strategy"": ""TIMEOUT""}",87,"{""varh"": ""Impact"", ""valh"": ""First"", ""saf"": ""False"", ""pc1"": ""True"", ""bdc"": ""1"", ""toh"": ""False"", ""ng"": ""NO"", ""lc"": ""2"", ""negative"": ""STR1N"", ""generic2"": ""True"", ""sb"": ""NO""}",1.1135222500015516,1.560685625008773,,ExitStatus.UNKNOWN,False,False,1.560685625008773
2025-06-08T09:08:40.189559,Hsp-aux-10405_c23.xml,"{""input"": ""tests/xcsp3/cop/UNKNOWN/Hsp-aux-10405_c23.xml"", ""solver"": ""xcsp:ACE@2.4"", ""output_dir"": ""results_comparison"", ""global_time_limit"": 600, ""max_tries"": 50, ""tuning_file"": ""tests/psa/ace.tuning.json"", ""hpo_strategy"": ""hamming"", ""global_time_strategy"": ""PERCENT"", ""percent"": 0.2, ""round_time_strategy"": ""STATIC"", ""time_evolution"": ""STATIC"", ""stop_strategy"": ""TIMEOUT""}",88,"{""varh"": ""WdegOnDom"", ""valh"": ""First"", ""saf"": ""False"", ""pc1"": ""True"", ""bdc"": ""1000"", ""toh"": ""False"", ""ng"": ""NO"", ""lc"": ""2"", ""negative"": ""V"", ""generic2"": ""True"", ""sb"": ""NO""}",1.1135222500015516,0.8729986250109505,,ExitStatus.UNKNOWN,False,False,0.8729986250109505
2025-06-08T09:08:41.211271,Hsp-aux-10405_c23.xml,"{""input"": ""tests/xcsp3/cop/UNKNOWN/Hsp-aux-10405_c23.xml"", ""solver"": ""xcsp:ACE@2.4"", ""output_dir"": ""results_comparison"", ""global_time_limit"": 600, ""max_tries"": 50, ""tuning_file"": ""tests/psa/ace.tuning.json"", ""hpo_strategy"": ""hamming"", ""global_time_strategy"": ""PERCENT"", ""percent"": 0.2, ""round_time_strategy"": ""STATIC"", ""time_evolution"": ""STATIC"", ""stop_strategy"": ""TIMEOUT""}",89,"{""varh"": ""Wdeg"", ""valh"": ""Bivs3"", ""saf"": ""False"", ""pc1"": ""True"", ""bdc"": ""1"", ""toh"": ""False"", ""ng"": ""NO"", ""lc"": ""2"", ""negative"": ""STR2"", ""generic2"": ""True"", ""sb"": ""NO""}",1.1135222500015516,0.9136087910155766,198,ExitStatus.OPTIMAL,False,False,0.9136087910155766
2025-06-08T09:08:42.286354,Hsp-aux-10405_c23.xml,"{""input"": ""tests/xcsp3/cop/UNKNOWN/Hsp-aux-10405_c23.xml"", ""solver"": ""xcsp:ACE@2.4"", ""output_dir"": ""results_comparison"", ""global_time_limit"": 600, ""max_tries"": 50, ""tuning_file"": ""tests/psa/ace.tuning.json"", ""hpo_strategy"": ""hamming"", ""global_time_strategy"": ""PERCENT"", ""percent"": 0.2, ""round_time_strategy"": ""STATIC"", ""time_evolution"": ""STATIC"", ""stop_strategy"": ""TIMEOUT""}",90,"{""varh"": ""Wdeg"", ""valh"": ""First"", ""saf"": ""False"", ""pc1"": ""True"", ""bdc"": ""1"", ""toh"": ""True"", ""ng"": ""NO"", ""lc"": ""0"", ""negative"": ""V"", ""generic2"": ""True"", ""sb"": ""NO""}",1.1135222500015516,0.9646704589831643,198,ExitStatus.OPTIMAL,False,False,0.9646704589831643
2025-06-08T09:08:43.374297,Hsp-aux-10405_c23.xml,"{""input"": ""tests/xcsp3/cop/UNKNOWN/Hsp-aux-10405_c23.xml"", ""solver"": ""xcsp:ACE@2.4"", ""output_dir"": ""results_comparison"", ""global_time_limit"": 600, ""max_tries"": 50, ""tuning_file"": ""tests/psa/ace.tuning.json"", ""hpo_strategy"": ""hamming"", ""global_time_strategy"": ""PERCENT"", ""percent"": 0.2, ""round_time_strategy"": ""STATIC"", ""time_evolution"": ""STATIC"", ""stop_strategy"": ""TIMEOUT""}",91,"{""varh"": ""Wdeg"", ""valh"": ""Bivs3"", ""saf"": ""False"", ""pc1"": ""True"", ""bdc"": ""1"", ""toh"": ""False"", ""ng"": ""NO"", ""lc"": ""5"", ""negative"": ""V"", ""generic2"": ""True"", ""sb"": ""NO""}",1.1135222500015516,0.9749144169909414,198,ExitStatus.OPTIMAL,False,False,0.9749144169909414
2025-06-08T09:08:44.388977,Hsp-aux-10405_c23.xml,"{""input"": ""tests/xcsp3/cop/UNKNOWN/Hsp-aux-10405_c23.xml"", ""solver"": ""xcsp:ACE@2.4"", ""output_dir"": ""results_comparison"", ""global_time_limit"": 600, ""max_tries"": 50, ""tuning_file"": ""tests/psa/ace.tuning.json"", ""hpo_strategy"": ""hamming"", ""global_time_strategy"": ""PERCENT"", ""percent"": 0.2, ""round_time_strategy"": ""STATIC"", ""time_evolution"": ""STATIC"", ""stop_strategy"": ""TIMEOUT""}",92,"{""varh"": ""Wdeg"", ""valh"": ""First"", ""saf"": ""False"", ""pc1"": ""True"", ""bdc"": ""100"", ""toh"": ""False"", ""ng"": ""NO"", ""lc"": ""2"", ""negative"": ""STR2"", ""generic2"": ""True"", ""sb"": ""NO""}",1.1135222500015516,0.8759978750022128,,ExitStatus.UNKNOWN,False,False,0.8759978750022128
2025-06-08T09:08:45.722275,Hsp-aux-10405_c23.xml,"{""input"": ""tests/xcsp3/cop/UNKNOWN/Hsp-aux-10405_c23.xml"", ""solver"": ""xcsp:ACE@2.4"", ""output_dir"": ""results_comparison"", ""global_time_limit"": 600, ""max_tries"": 50, ""tuning_file"": ""tests/psa/ace.tuning.json"", ""hpo_strategy"": ""hamming"", ""global_time_strategy"": ""PERCENT"", ""percent"": 0.2, ""round_time_strategy"": ""STATIC"", ""time_evolution"": ""STATIC"", ""stop_strategy"": ""TIMEOUT""}",93,"{""varh"": ""RunRobin"", ""valh"": ""Last"", ""saf"": ""False"", ""pc1"": ""True"", ""bdc"": ""1"", ""toh"": ""False"", ""ng"": ""NO"", ""lc"": ""2"", ""negative"": ""V"", ""generic2"": ""True"", ""sb"": ""NO""}",1.1135222500015516,1.2213881660136394,198,ExitStatus.OPTIMAL,False,False,1.2213881660136394
2025-06-08T09:08:48.458866,Hsp-aux-10405_c23.xml,"{""input"": ""tests/xcsp3/cop/UNKNOWN/Hsp-aux-10405_c23.xml"", ""solver"": ""xcsp:ACE@2.4"", ""output_dir"": ""results_comparison"", ""global_time_limit"": 600, ""max_tries"": 50, ""tuning_file"": ""tests/psa/ace.tuning.json"", ""hpo_strategy"": ""hamming"", ""global_time_strategy"": ""PERCENT"", ""percent"": 0.2, ""round_time_strategy"": ""STATIC"", ""time_evolution"": ""STATIC"", ""stop_strategy"": ""TIMEOUT""}",94,"{""varh"": ""Impact"", ""valh"": ""Conflicts"", ""saf"": ""False"", ""pc1"": ""True"", ""bdc"": ""1"", ""toh"": ""False"", ""ng"": ""NO"", ""lc"": ""2"", ""negative"": ""V"", ""generic2"": ""True"", ""sb"": ""NO""}",1.1135222500015516,2.6263387920043897,,ExitStatus.UNKNOWN,False,False,2.6263387920043897
2025-06-08T09:08:49.530993,Hsp-aux-10405_c23.xml,"{""input"": ""tests/xcsp3/cop/UNKNOWN/Hsp-aux-10405_c23.xml"", ""solver"": ""xcsp:ACE@2.4"", ""output_dir"": ""results_comparison"", ""global_time_limit"": 600, ""max_tries"": 50, ""tuning_file"": ""tests/psa/ace.tuning.json"", ""hpo_strategy"": ""hamming"", ""global_time_strategy"": ""PERCENT"", ""percent"": 0.2, ""round_time_strategy"": ""STATIC"", ""time_evolution"": ""STATIC"", ""stop_strategy"": ""TIMEOUT""}",95,"{""varh"": ""Wdeg"", ""valh"": ""First"", ""saf"": ""False"", ""pc1"": ""True"", ""bdc"": ""1"", ""toh"": ""False"", ""ng"": ""NO"", ""lc"": ""10"", ""negative"": ""CT"", ""generic2"": ""True"", ""sb"": ""NO""}",1.1135222500015516,0.9614559999899939,198,ExitStatus.OPTIMAL,False,False,0.9614559999899939
2025-06-08T09:08:50.587398,Hsp-aux-10405_c23.xml,"{""input"": ""tests/xcsp3/cop/UNKNOWN/Hsp-aux-10405_c23.xml"", ""solver"": ""xcsp:ACE@2.4"", ""output_dir"": ""results_comparison"", ""global_time_limit"": 600, ""max_tries"": 50, ""tuning_file"": ""tests/psa/ace.tuning.json"", ""hpo_strategy"": ""hamming"", ""global_time_strategy"": ""PERCENT"", ""percent"": 0.2, ""round_time_strategy"": ""STATIC"", ""time_evolution"": ""STATIC"", ""stop_strategy"": ""TIMEOUT""}",96,"{""varh"": ""Wdeg"", ""valh"": ""FlrsE"", ""saf"": ""False"", ""pc1"": ""True"", ""bdc"": ""1"", ""toh"": ""False"", ""ng"": ""NO"", ""lc"": ""2"", ""negative"": ""CT"", ""generic2"": ""True"", ""sb"": ""NO""}",1.1135222500015516,0.9218668749963399,198,ExitStatus.OPTIMAL,False,False,0.9218668749963399
2025-06-08T09:08:51.566480,Hsp-aux-10405_c23.xml,"{""input"": ""tests/xcsp3/cop/UNKNOWN/Hsp-aux-10405_c23.xml"", ""solver"": ""xcsp:ACE@2.4"", ""output_dir"": ""results_comparison"", ""global_time_limit"": 600, ""max_tries"": 50, ""tuning_file"": ""tests/psa/ace.tuning.json"", ""hpo_strategy"": ""hamming"", ""global_time_strategy"": ""PERCENT"", ""percent"": 0.2, ""round_time_strategy"": ""STATIC"", ""time_evolution"": ""STATIC"", ""stop_strategy"": ""TIMEOUT""}",97,"{""varh"": ""Wdeg"", ""valh"": ""First"", ""saf"": ""False"", ""pc1"": ""False"", ""bdc"": ""1000"", ""toh"": ""False"", ""ng"": ""NO"", ""lc"": ""2"", ""negative"": ""V"", ""generic2"": ""True"", ""sb"": ""NO""}",1.1135222500015516,0.8683555830211844,,ExitStatus.UNKNOWN,False,False,0.8683555830211844
2025-06-08T09:08:52.592048,Hsp-aux-10405_c23.xml,"{""input"": ""tests/xcsp3/cop/UNKNOWN/Hsp-aux-10405_c23.xml"", ""solver"": ""xcsp:ACE@2.4"", ""output_dir"": ""results_comparison"", ""global_time_limit"": 600, ""max_tries"": 50, ""tuning_file"": ""tests/psa/ace.tuning.json"", ""hpo_strategy"": ""hamming"", ""global_time_strategy"": ""PERCENT"", ""percent"": 0.2, ""round_time_strategy"": ""STATIC"", ""time_evolution"": ""STATIC"", ""stop_strategy"": ""TIMEOUT""}",98,"{""varh"": ""Wdeg"", ""valh"": ""FlrsE"", ""saf"": ""False"", ""pc1"": ""True"", ""bdc"": ""1"", ""toh"": ""False"", ""ng"": ""NO"", ""lc"": ""5"", ""negative"": ""V"", ""generic2"": ""True"", ""sb"": ""NO""}",1.1135222500015516,0.9141232499969192,198,ExitStatus.OPTIMAL,False,False,0.9141232499969192
2025-06-08T09:08:53.681263,Hsp-aux-10405_c23.xml,"{""input"": ""tests/xcsp3/cop/UNKNOWN/Hsp-aux-10405_c23.xml"", ""solver"": ""xcsp:ACE@2.4"", ""output_dir"": ""results_comparison"", ""global_time_limit"": 600, ""max_tries"": 50, ""tuning_file"": ""tests/psa/ace.tuning.json"", ""hpo_strategy"": ""hamming"", ""global_time_strategy"": ""PERCENT"", ""percent"": 0.2, ""round_time_strategy"": ""STATIC"", ""time_evolution"": ""STATIC"", ""stop_strategy"": ""TIMEOUT""}",99,"{""varh"": ""Wdeg"", ""valh"": ""Bivs3"", ""saf"": ""False"", ""pc1"": ""True"", ""bdc"": ""1"", ""toh"": ""True"", ""ng"": ""NO"", ""lc"": ""2"", ""negative"": ""V"", ""generic2"": ""True"", ""sb"": ""NO""}",1.1135222500015516,0.9748592920077499,198,ExitStatus.OPTIMAL,False,False,0.9748592920077499
2025-06-08T09:08:54.760463,Hsp-aux-10405_c23.xml,"{""input"": ""tests/xcsp3/cop/UNKNOWN/Hsp-aux-10405_c23.xml"", ""solver"": ""xcsp:ACE@2.4"", ""output_dir"": ""results_comparison"", ""global_time_limit"": 600, ""max_tries"": 50, ""tuning_file"": ""tests/psa/ace.tuning.json"", ""hpo_strategy"": ""hamming"", ""global_time_strategy"": ""PERCENT"", ""percent"": 0.2, ""round_time_strategy"": ""STATIC"", ""time_evolution"": ""STATIC"", ""stop_strategy"": ""TIMEOUT""}",100,"{""varh"": ""Wdeg"", ""valh"": ""First"", ""saf"": ""False"", ""pc1"": ""False"", ""bdc"": ""1"", ""toh"": ""False"", ""ng"": ""NO"", ""lc"": ""2"", ""negative"": ""STR3"", ""generic2"": ""True"", ""sb"": ""NO""}",1.1135222500015516,0.9395998750114813,198,ExitStatus.OPTIMAL,False,False,0.9395998750114813
2025-06-08T09:08:55.808769,Hsp-aux-10405_c23.xml,"{""input"": ""tests/xcsp3/cop/UNKNOWN/Hsp-aux-10405_c23.xml"", ""solver"": ""xcsp:ACE@2.4"", ""output_dir"": ""results_comparison"", ""global_time_limit"": 600, ""max_tries"": 50, ""tuning_file"": ""tests/psa/ace.tuning.json"", ""hpo_strategy"": ""hamming"", ""global_time_strategy"": ""PERCENT"", ""percent"": 0.2, ""round_time_strategy"": ""STATIC"", ""time_evolution"": ""STATIC"", ""stop_strategy"": ""TIMEOUT""}",101,"{""varh"": ""PickOnDom"", ""valh"": ""First"", ""saf"": ""False"", ""pc1"": ""True"", ""bdc"": ""1"", ""toh"": ""False"", ""ng"": ""NO"", ""lc"": ""2"", ""negative"": ""STR0"", ""generic2"": ""True"", ""sb"": ""NO""}",1.1135222500015516,0.9374310839921236,198,ExitStatus.OPTIMAL,False,False,0.9374310839921236
2025-06-08T09:08:56.789157,Hsp-aux-10405_c23.xml,"{""input"": ""tests/xcsp3/cop/UNKNOWN/Hsp-aux-10405_c23.xml"", ""solver"": ""xcsp:ACE@2.4"", ""output_dir"": ""results_comparison"", ""global_time_limit"": 600, ""max_tries"": 50, ""tuning_file"": ""tests/psa/ace.tuning.json"", ""hpo_strategy"": ""hamming"", ""global_time_strategy"": ""PERCENT"", ""percent"": 0.2, ""round_time_strategy"": ""STATIC"", ""time_evolution"": ""STATIC"", ""stop_strategy"": ""TIMEOUT""}",102,"{""varh"": ""Wdeg"", ""valh"": ""FlrsE"", ""saf"": ""False"", ""pc1"": ""True"", ""bdc"": ""1000"", ""toh"": ""False"", ""ng"": ""NO"", ""lc"": ""2"", ""negative"": ""V"", ""generic2"": ""True"", ""sb"": ""NO""}",1.1135222500015516,0.8691129999933764,,ExitStatus.UNKNOWN,False,False,0.8691129999933764
2025-06-08T09:08:58.440696,Hsp-aux-10405_c23.xml,"{""input"": ""tests/xcsp3/cop/UNKNOWN/Hsp-aux-10405_c23.xml"", ""solver"": ""xcsp:ACE@2.4"", ""output_dir"": ""results_comparison"", ""global_time_limit"": 600, ""max_tries"": 50, ""tuning_file"": ""tests/psa/ace.tuning.json"", ""hpo_strategy"": ""hamming"", ""global_time_strategy"": ""PERCENT"", ""percent"": 0.2, ""round_time_strategy"": ""STATIC"", ""time_evolution"": ""STATIC"", ""stop_strategy"": ""TIMEOUT""}",103,"{""varh"": ""Impact"", ""valh"": ""First"", ""saf"": ""False"", ""pc1"": ""True"", ""bdc"": ""1"", ""toh"": ""False"", ""ng"": ""NO"", ""lc"": ""5"", ""negative"": ""V"", ""generic2"": ""True"", ""sb"": ""NO""}",1.1135222500015516,1.5413666249951348,,ExitStatus.UNKNOWN,False,False,1.5413666249951348
2025-06-08T09:08:59.464904,Hsp-aux-10405_c23.xml,"{""input"": ""tests/xcsp3/cop/UNKNOWN/Hsp-aux-10405_c23.xml"", ""solver"": ""xcsp:ACE@2.4"", ""output_dir"": ""results_comparison"", ""global_time_limit"": 600, ""max_tries"": 50, ""tuning_file"": ""tests/psa/ace.tuning.json"", ""hpo_strategy"": ""hamming"", ""global_time_strategy"": ""PERCENT"", ""percent"": 0.2, ""round_time_strategy"": ""STATIC"", ""time_evolution"": ""STATIC"", ""stop_strategy"": ""TIMEOUT""}",104,"{""varh"": ""Wdeg"", ""valh"": ""First"", ""saf"": ""False"", ""pc1"": ""True"", ""bdc"": ""1"", ""toh"": ""False"", ""ng"": ""NO"", ""lc"": ""5"", ""negative"": ""STR1"", ""generic2"": ""True"", ""sb"": ""NO""}",1.1135222500015516,0.9081116669985931,198,ExitStatus.OPTIMAL,False,False,0.9081116669985931
2025-06-08T09:09:01.129562,Hsp-aux-10405_c23.xml,"{""input"": ""tests/xcsp3/cop/UNKNOWN/Hsp-aux-10405_c23.xml"", ""solver"": ""xcsp:ACE@2.4"", ""output_dir"": ""results_comparison"", ""global_time_limit"": 600, ""max_tries"": 50, ""tuning_file"": ""tests/psa/ace.tuning.json"", ""hpo_strategy"": ""hamming"", ""global_time_strategy"": ""PERCENT"", ""percent"": 0.2, ""round_time_strategy"": ""STATIC"", ""time_evolution"": ""STATIC"", ""stop_strategy"": ""TIMEOUT""}",105,"{""varh"": ""Impact"", ""valh"": ""RunRobin"", ""saf"": ""False"", ""pc1"": ""True"", ""bdc"": ""1"", ""toh"": ""False"", ""ng"": ""NO"", ""lc"": ""2"", ""negative"": ""V"", ""generic2"": ""True"", ""sb"": ""NO""}",1.1135222500015516,1.5544511250045616,279,ExitStatus.FEASIBLE,False,False,1.5544511250045616
2025-06-08T09:09:07.245622,Hsp-aux-10405_c23.xml,"{""input"": ""tests/xcsp3/cop/UNKNOWN/Hsp-aux-10405_c23.xml"", ""solver"": ""xcsp:ACE@2.4"", ""output_dir"": ""results_comparison"", ""global_time_limit"": 600, ""max_tries"": 50, ""tuning_file"": ""tests/psa/ace.tuning.json"", ""hpo_strategy"": ""hamming"", ""global_time_strategy"": ""PERCENT"", ""percent"": 0.2, ""round_time_strategy"": ""STATIC"", ""time_evolution"": ""STATIC"", ""stop_strategy"": ""TIMEOUT""}",106,"{""varh"": ""FrbaOnDom"", ""valh"": ""Conflicts"", ""saf"": ""False"", ""pc1"": ""True"", ""bdc"": ""1"", ""toh"": ""False"", ""ng"": ""NO"", ""lc"": ""2"", ""negative"": ""V"", ""generic2"": ""True"", ""sb"": ""NO""}",1.1135222500015516,1,,ExitStatus.UNKNOWN,False,False,1
2025-06-08T09:09:10.017307,Hsp-aux-10405_c23.xml,"{""input"": ""tests/xcsp3/cop/UNKNOWN/Hsp-aux-10405_c23.xml"", ""solver"": ""xcsp:ACE@2.4"", ""output_dir"": ""results_comparison"", ""global_time_limit"": 600, ""max_tries"": 50, ""tuning_file"": ""tests/psa/ace.tuning.json"", ""hpo_strategy"": ""hamming"", ""global_time_strategy"": ""PERCENT"", ""percent"": 0.2, ""round_time_strategy"": ""STATIC"", ""time_evolution"": ""STATIC"", ""stop_strategy"": ""TIMEOUT""}",107,"{""varh"": ""Lexico"", ""valh"": ""Conflicts"", ""saf"": ""False"", ""pc1"": ""True"", ""bdc"": ""1"", ""toh"": ""False"", ""ng"": ""NO"", ""lc"": ""2"", ""negative"": ""V"", ""generic2"": ""True"", ""sb"": ""NO""}",1.1135222500015516,2.6658695000223815,,ExitStatus.UNKNOWN,False,False,2.6658695000223815
2025-06-08T09:09:11.101348,Hsp-aux-10405_c23.xml,"{""input"": ""tests/xcsp3/cop/UNKNOWN/Hsp-aux-10405_c23.xml"", ""solver"": ""xcsp:ACE@2.4"", ""output_dir"": ""results_comparison"", ""global_time_limit"": 600, ""max_tries"": 50, ""tuning_file"": ""tests/psa/ace.tuning.json"", ""hpo_strategy"": ""hamming"", ""global_time_strategy"": ""PERCENT"", ""percent"": 0.2, ""round_time_strategy"": ""STATIC"", ""time_evolution"": ""STATIC"", ""stop_strategy"": ""TIMEOUT""}",108,"{""varh"": ""Wdeg"", ""valh"": ""First"", ""saf"": ""False"", ""pc1"": ""True"", ""bdc"": ""1"", ""toh"": ""False"", ""ng"": ""NO"", ""lc"": ""0"", ""negative"": ""VA"", ""generic2"": ""True"", ""sb"": ""NO""}",1.1135222500015516,0.9813498750154395,198,ExitStatus.OPTIMAL,False,False,0.9813498750154395
2025-06-08T09:09:12.138009,Hsp-aux-10405_c23.xml,"{""input"": ""tests/xcsp3/cop/UNKNOWN/Hsp-aux-10405_c23.xml"", ""solver"": ""xcsp:ACE@2.4"", ""output_dir"": ""results_comparison"", ""global_time_limit"": 600, ""max_tries"": 50, ""tuning_file"": ""tests/psa/ace.tuning.json"", ""hpo_strategy"": ""hamming"", ""global_time_strategy"": ""PERCENT"", ""percent"": 0.2, ""round_time_strategy"": ""STATIC"", ""time_evolution"": ""STATIC"", ""stop_strategy"": ""TIMEOUT""}",109,"{""varh"": ""Wdeg"", ""valh"": ""RunRobin"", ""saf"": ""True"", ""pc1"": ""True"", ""bdc"": ""1"", ""toh"": ""False"", ""ng"": ""NO"", ""lc"": ""2"", ""negative"": ""V"", ""generic2"": ""True"", ""sb"": ""NO""}",1.1135222500015516,0.9185823340085335,198,ExitStatus.OPTIMAL,False,False,0.9185823340085335
2025-06-08T09:09:13.798955,Hsp-aux-10405_c23.xml,"{""input"": ""tests/xcsp3/cop/UNKNOWN/Hsp-aux-10405_c23.xml"", ""solver"": ""xcsp:ACE@2.4"", ""output_dir"": ""results_comparison"", ""global_time_limit"": 600, ""max_tries"": 50, ""tuning_file"": ""tests/psa/ace.tuning.json"", ""hpo_strategy"": ""hamming"", ""global_time_strategy"": ""PERCENT"", ""percent"": 0.2, ""round_time_strategy"": ""STATIC"", ""time_evolution"": ""STATIC"", ""stop_strategy"": ""TIMEOUT""}",110,"{""varh"": ""Lexico"", ""valh"": ""First"", ""saf"": ""False"", ""pc1"": ""True"", ""bdc"": ""1"", ""toh"": ""False"", ""ng"": ""NO"", ""lc"": ""2"", ""negative"": ""VA"", ""generic2"": ""True"", ""sb"": ""NO""}",1.1135222500015516,1.552471292001428,,ExitStatus.UNKNOWN,False,False,1.552471292001428
2025-06-08T09:09:14.822167,Hsp-aux-10405_c23.xml,"{""input"": ""tests/xcsp3/cop/UNKNOWN/Hsp-aux-10405_c23.xml"", ""solver"": ""xcsp:ACE@2.4"", ""output_dir"": ""results_comparison"", ""global_time_limit"": 600, ""max_tries"": 50, ""tuning_file"": ""tests/psa/ace.tuning.json"", ""hpo_strategy"": ""hamming"", ""global_time_strategy"": ""PERCENT"", ""percent"": 0.2, ""round_time_strategy"": ""STATIC"", ""time_evolution"": ""STATIC"", ""stop_strategy"": ""TIMEOUT""}",111,"{""varh"": ""Wdeg"", ""valh"": ""RunRobin"", ""saf"": ""False"", ""pc1"": ""True"", ""bdc"": ""1"", ""toh"": ""True"", ""ng"": ""NO"", ""lc"": ""2"", ""negative"": ""V"", ""generic2"": ""True"", ""sb"": ""NO""}",1.1135222500015516,0.9173130840063095,198,ExitStatus.OPTIMAL,False,False,0.9173130840063095
2025-06-08T09:09:15.885712,Hsp-aux-10405_c23.xml,"{""input"": ""tests/xcsp3/cop/UNKNOWN/Hsp-aux-10405_c23.xml"", ""solver"": ""xcsp:ACE@2.4"", ""output_dir"": ""results_comparison"", ""global_time_limit"": 600, ""max_tries"": 50, ""tuning_file"": ""tests/psa/ace.tuning.json"", ""hpo_strategy"": ""hamming"", ""global_time_strategy"": ""PERCENT"", ""percent"": 0.2, ""round_time_strategy"": ""STATIC"", ""time_evolution"": ""STATIC"", ""stop_strategy"": ""TIMEOUT""}",112,"{""varh"": ""FrbaOnDom"", ""valh"": ""First"", ""saf"": ""False"", ""pc1"": ""True"", ""bdc"": ""1"", ""toh"": ""False"", ""ng"": ""NO"", ""lc"": ""2"", ""negative"": ""V"", ""generic2"": ""False"", ""sb"": ""NO""}",1.1135222500015516,0.9573272500128951,198,ExitStatus.OPTIMAL,False,False,0.9573272500128951
2025-06-08T09:09:16.949675,Hsp-aux-10405_c23.xml,"{""input"": ""tests/xcsp3/cop/UNKNOWN/Hsp-aux-10405_c23.xml"", ""solver"": ""xcsp:ACE@2.4"", ""output_dir"": ""results_comparison"", ""global_time_limit"": 600, ""max_tries"": 50, ""tuning_file"": ""tests/psa/ace.tuning.json"", ""hpo_strategy"": ""hamming"", ""global_time_strategy"": ""PERCENT"", ""percent"": 0.2, ""round_time_strategy"": ""STATIC"", ""time_evolution"": ""STATIC"", ""stop_strategy"": ""TIMEOUT""}",113,"{""varh"": ""FrbaOnDom"", ""valh"": ""First"", ""saf"": ""False"", ""pc1"": ""True"", ""bdc"": ""100"", ""toh"": ""False"", ""ng"": ""NO"", ""lc"": ""2"", ""negative"": ""V"", ""generic2"": ""True"", ""sb"": ""NO""}",1.1135222500015516,0.9562468329968397,294,ExitStatus.OPTIMAL,False,False,0.9562468329968397
2025-06-08T09:09:18.214343,Hsp-aux-10405_c23.xml,"{""input"": ""tests/xcsp3/cop/UNKNOWN/Hsp-aux-10405_c23.xml"", ""solver"": ""xcsp:ACE@2.4"", ""output_dir"": ""results_comparison"", ""global_time_limit"": 600, ""max_tries"": 50, ""tuning_file"": ""tests/psa/ace.tuning.json"", ""hpo_strategy"": ""hamming"", ""global_time_strategy"": ""PERCENT"", ""percent"": 0.2, ""round_time_strategy"": ""STATIC"", ""time_evolution"": ""STATIC"", ""stop_strategy"": ""TIMEOUT""}",114,"{""varh"": ""Wdeg"", ""valh"": ""Median"", ""saf"": ""False"", ""pc1"": ""True"", ""bdc"": ""1"", ""toh"": ""False"", ""ng"": ""NO"", ""lc"": ""2"", ""negative"": ""STR1N"", ""generic2"": ""True"", ""sb"": ""NO""}",1.1135222500015516,1.1561783749784809,198,ExitStatus.OPTIMAL,False,False,1.1561783749784809
2025-06-08T09:09:19.867537,Hsp-aux-10405_c23.xml,"{""input"": ""tests/xcsp3/cop/UNKNOWN/Hsp-aux-10405_c23.xml"", ""solver"": ""xcsp:ACE@2.4"", ""output_dir"": ""results_comparison"", ""global_time_limit"": 600, ""max_tries"": 50, ""tuning_file"": ""tests/psa/ace.tuning.json"", ""hpo_strategy"": ""hamming"", ""global_time_strategy"": ""PERCENT"", ""percent"": 0.2, ""round_time_strategy"": ""STATIC"", ""time_evolution"": ""STATIC"", ""stop_strategy"": ""TIMEOUT""}",115,"{""varh"": ""Lexico"", ""valh"": ""OccsR"", ""saf"": ""False"", ""pc1"": ""True"", ""bdc"": ""1"", ""toh"": ""False"", ""ng"": ""NO"", ""lc"": ""2"", ""negative"": ""V"", ""generic2"": ""True"", ""sb"": ""NO""}",1.1135222500015516,1.5454232500051148,,ExitStatus.UNKNOWN,False,False,1.5454232500051148
2025-06-08T09:09:20.931613,Hsp-aux-10405_c23.xml,"{""input"": ""tests/xcsp3/cop/UNKNOWN/Hsp-aux-10405_c23.xml"", ""solver"": ""xcsp:ACE@2.4"", ""output_dir"": ""results_comparison"", ""global_time_limit"": 600, ""max_tries"": 50, ""tuning_file"": ""tests/psa/ace.tuning.json"", ""hpo_strategy"": ""hamming"", ""global_time_strategy"": ""PERCENT"", ""percent"": 0.2, ""round_time_strategy"": ""STATIC"", ""time_evolution"": ""STATIC"", ""stop_strategy"": ""TIMEOUT""}",116,"{""varh"": ""RunRobin"", ""valh"": ""First"", ""saf"": ""False"", ""pc1"": ""True"", ""bdc"": ""1"", ""toh"": ""False"", ""ng"": ""NO"", ""lc"": ""2"", ""negative"": ""STR1"", ""generic2"": ""True"", ""sb"": ""NO""}",1.1135222500015516,0.9559435000119265,198,ExitStatus.OPTIMAL,False,False,0.9559435000119265
2025-06-08T09:09:21.952890,Hsp-aux-10405_c23.xml,"{""input"": ""tests/xcsp3/cop/UNKNOWN/Hsp-aux-10405_c23.xml"", ""solver"": ""xcsp:ACE@2.4"", ""output_dir"": ""results_comparison"", ""global_time_limit"": 600, ""max_tries"": 50, ""tuning_file"": ""tests/psa/ace.tuning.json"", ""hpo_strategy"": ""hamming"", ""global_time_strategy"": ""PERCENT"", ""percent"": 0.2, ""round_time_strategy"": ""STATIC"", ""time_evolution"": ""STATIC"", ""stop_strategy"": ""TIMEOUT""}",117,"{""varh"": ""Wdeg"", ""valh"": ""First"", ""saf"": ""False"", ""pc1"": ""True"", ""bdc"": ""1"", ""toh"": ""False"", ""ng"": ""NO"", ""lc"": ""2"", ""negative"": ""STR0"", ""generic2"": ""False"", ""sb"": ""NO""}",1.1135222500015516,0.9136306250002235,198,ExitStatus.OPTIMAL,False,False,0.9136306250002235
2025-06-08T09:09:22.982893,Hsp-aux-10405_c23.xml,"{""input"": ""tests/xcsp3/cop/UNKNOWN/Hsp-aux-10405_c23.xml"", ""solver"": ""xcsp:ACE@2.4"", ""output_dir"": ""results_comparison"", ""global_time_limit"": 600, ""max_tries"": 50, ""tuning_file"": ""tests/psa/ace.tuning.json"", ""hpo_strategy"": ""hamming"", ""global_time_strategy"": ""PERCENT"", ""percent"": 0.2, ""round_time_strategy"": ""STATIC"", ""time_evolution"": ""STATIC"", ""stop_strategy"": ""TIMEOUT""}",118,"{""varh"": ""FrbaOnDom"", ""valh"": ""FlrsE"", ""saf"": ""False"", ""pc1"": ""True"", ""bdc"": ""1"", ""toh"": ""False"", ""ng"": ""NO"", ""lc"": ""2"", ""negative"": ""V"", ""generic2"": ""True"", ""sb"": ""NO""}",1.1135222500015516,0.9231404580059461,198,ExitStatus.OPTIMAL,False,False,0.9231404580059461
2025-06-08T09:09:24.222521,Hsp-aux-10405_c23.xml,"{""input"": ""tests/xcsp3/cop/UNKNOWN/Hsp-aux-10405_c23.xml"", ""solver"": ""xcsp:ACE@2.4"", ""output_dir"": ""results_comparison"", ""global_time_limit"": 600, ""max_tries"": 50, ""tuning_file"": ""tests/psa/ace.tuning.json"", ""hpo_strategy"": ""hamming"", ""global_time_strategy"": ""PERCENT"", ""percent"": 0.2, ""round_time_strategy"": ""STATIC"", ""time_evolution"": ""STATIC"", ""stop_strategy"": ""TIMEOUT""}",119,"{""varh"": ""Wdeg"", ""valh"": ""First"", ""saf"": ""False"", ""pc1"": ""False"", ""bdc"": ""1"", ""toh"": ""False"", ""ng"": ""NO"", ""lc"": ""0"", ""negative"": ""V"", ""generic2"": ""True"", ""sb"": ""NO""}",1.1135222500015516,1.1299081670003943,198,ExitStatus.OPTIMAL,False,False,1.1299081670003943
2025-06-08T09:09:25.907304,Hsp-aux-10405_c23.xml,"{""input"": ""tests/xcsp3/cop/UNKNOWN/Hsp-aux-10405_c23.xml"", ""solver"": ""xcsp:ACE@2.4"", ""output_dir"": ""results_comparison"", ""global_time_limit"": 600, ""max_tries"": 50, ""tuning_file"": ""tests/psa/ace.tuning.json"", ""hpo_strategy"": ""hamming"", ""global_time_strategy"": ""PERCENT"", ""percent"": 0.2, ""round_time_strategy"": ""STATIC"", ""time_evolution"": ""STATIC"", ""stop_strategy"": ""TIMEOUT""}",120,"{""varh"": ""Rand"", ""valh"": ""First"", ""saf"": ""True"", ""pc1"": ""True"", ""bdc"": ""1"", ""toh"": ""False"", ""ng"": ""NO"", ""lc"": ""2"", ""negative"": ""V"", ""generic2"": ""True"", ""sb"": ""NO""}",1.1135222500015516,1.5602289160015061,208,ExitStatus.FEASIBLE,False,False,1.5602289160015061
2025-06-08T09:09:27.574778,Hsp-aux-10405_c23.xml,"{""input"": ""tests/xcsp3/cop/UNKNOWN/Hsp-aux-10405_c23.xml"", ""solver"": ""xcsp:ACE@2.4"", ""output_dir"": ""results_comparison"", ""global_time_limit"": 600, ""max_tries"": 50, ""tuning_file"": ""tests/psa/ace.tuning.json"", ""hpo_strategy"": ""hamming"", ""global_time_strategy"": ""PERCENT"", ""percent"": 0.2, ""round_time_strategy"": ""STATIC"", ""time_evolution"": ""STATIC"", ""stop_strategy"": ""TIMEOUT""}",121,"{""varh"": ""Activity"", ""valh"": ""First"", ""saf"": ""False"", ""pc1"": ""True"", ""bdc"": ""1"", ""toh"": ""False"", ""ng"": ""NO"", ""lc"": ""0"", ""negative"": ""V"", ""generic2"": ""True"", ""sb"": ""NO""}",1.1135222500015516,1.5591042500163894,270,ExitStatus.FEASIBLE,False,False,1.5591042500163894
2025-06-08T09:09:29.226424,Hsp-aux-10405_c23.xml,"{""input"": ""tests/xcsp3/cop/UNKNOWN/Hsp-aux-10405_c23.xml"", ""solver"": ""xcsp:ACE@2.4"", ""output_dir"": ""results_comparison"", ""global_time_limit"": 600, ""max_tries"": 50, ""tuning_file"": ""tests/psa/ace.tuning.json"", ""hpo_strategy"": ""hamming"", ""global_time_strategy"": ""PERCENT"", ""percent"": 0.2, ""round_time_strategy"": ""STATIC"", ""time_evolution"": ""STATIC"", ""stop_strategy"": ""TIMEOUT""}",122,"{""varh"": ""Impact"", ""valh"": ""FlrsE"", ""saf"": ""False"", ""pc1"": ""True"", ""bdc"": ""1"", ""toh"": ""False"", ""ng"": ""NO"", ""lc"": ""2"", ""negative"": ""V"", ""generic2"": ""True"", ""sb"": ""NO""}",1.1135222500015516,1.543909291998716,,ExitStatus.UNKNOWN,False,False,1.543909291998716
2025-06-08T09:09:30.255231,Hsp-aux-10405_c23.xml,"{""input"": ""tests/xcsp3/cop/UNKNOWN/Hsp-aux-10405_c23.xml"", ""solver"": ""xcsp:ACE@2.4"", ""output_dir"": ""results_comparison"", ""global_time_limit"": 600, ""max_tries"": 50, ""tuning_file"": ""tests/psa/ace.tuning.json"", ""hpo_strategy"": ""hamming"", ""global_time_strategy"": ""PERCENT"", ""percent"": 0.2, ""round_time_strategy"": ""STATIC"", ""time_evolution"": ""STATIC"", ""stop_strategy"": ""TIMEOUT""}",123,"{""varh"": ""Wdeg"", ""valh"": ""First"", ""saf"": ""False"", ""pc1"": ""True"", ""bdc"": ""1"", ""toh"": ""False"", ""ng"": ""NO"", ""lc"": ""1"", ""negative"": ""STR2N"", ""generic2"": ""True"", ""sb"": ""NO""}",1.1135222500015516,0.9231411250075325,198,ExitStatus.OPTIMAL,False,False,0.9231411250075325
2025-06-08T09:09:31.903763,Hsp-aux-10405_c23.xml,"{""input"": ""tests/xcsp3/cop/UNKNOWN/Hsp-aux-10405_c23.xml"", ""solver"": ""xcsp:ACE@2.4"", ""output_dir"": ""results_comparison"", ""global_time_limit"": 600, ""max_tries"": 50, ""tuning_file"": ""tests/psa/ace.tuning.json"", ""hpo_strategy"": ""hamming"", ""global_time_strategy"": ""PERCENT"", ""percent"": 0.2, ""round_time_strategy"": ""STATIC"", ""time_evolution"": ""STATIC"", ""stop_strategy"": ""TIMEOUT""}",124,"{""varh"": ""Lexico"", ""valh"": ""First"", ""saf"": ""False"", ""pc1"": ""True"", ""bdc"": ""1"", ""toh"": ""True"", ""ng"": ""NO"", ""lc"": ""2"", ""negative"": ""V"", ""generic2"": ""True"", ""sb"": ""NO""}",1.1135222500015516,1.5426044589839876,,ExitStatus.UNKNOWN,False,False,1.5426044589839876
2025-06-08T09:09:32.977995,Hsp-aux-10405_c23.xml,"{""input"": ""tests/xcsp3/cop/UNKNOWN/Hsp-aux-10405_c23.xml"", ""solver"": ""xcsp:ACE@2.4"", ""output_dir"": ""results_comparison"", ""global_time_limit"": 600, ""max_tries"": 50, ""tuning_file"": ""tests/psa/ace.tuning.json"", ""hpo_strategy"": ""hamming"", ""global_time_strategy"": ""PERCENT"", ""percent"": 0.2, ""round_time_strategy"": ""STATIC"", ""time_evolution"": ""STATIC"", ""stop_strategy"": ""TIMEOUT""}",125,"{""varh"": ""FrbaOnDom"", ""valh"": ""First"", ""saf"": ""False"", ""pc1"": ""True"", ""bdc"": ""10"", ""toh"": ""False"", ""ng"": ""NO"", ""lc"": ""2"", ""negative"": ""V"", ""generic2"": ""True"", ""sb"": ""NO""}",1.1135222500015516,0.9689030420267954,198,ExitStatus.OPTIMAL,False,False,0.9689030420267954
2025-06-08T09:09:34.038666,Hsp-aux-10405_c23.xml,"{""input"": ""tests/xcsp3/cop/UNKNOWN/Hsp-aux-10405_c23.xml"", ""solver"": ""xcsp:ACE@2.4"", ""output_dir"": ""results_comparison"", ""global_time_limit"": 600, ""max_tries"": 50, ""tuning_file"": ""tests/psa/ace.tuning.json"", ""hpo_strategy"": ""hamming"", ""global_time_strategy"": ""PERCENT"", ""percent"": 0.2, ""round_time_strategy"": ""STATIC"", ""time_evolution"": ""STATIC"", ""stop_strategy"": ""TIMEOUT""}",126,"{""varh"": ""FrbaOnDom"", ""valh"": ""First"", ""saf"": ""False"", ""pc1"": ""True"", ""bdc"": ""1"", ""toh"": ""False"", ""ng"": ""NO"", ""lc"": ""2"", ""negative"": ""STR2N"", ""generic2"": ""True"", ""sb"": ""NO""}",1.1135222500015516,0.953024207992712,198,ExitStatus.OPTIMAL,False,False,0.953024207992712
2025-06-08T09:09:35.074993,Hsp-aux-10405_c23.xml,"{""input"": ""tests/xcsp3/cop/UNKNOWN/Hsp-aux-10405_c23.xml"", ""solver"": ""xcsp:ACE@2.4"", ""output_dir"": ""results_comparison"", ""global_time_limit"": 600, ""max_tries"": 50, ""tuning_file"": ""tests/psa/ace.tuning.json"", ""hpo_strategy"": ""hamming"", ""global_time_strategy"": ""PERCENT"", ""percent"": 0.2, ""round_time_strategy"": ""STATIC"", ""time_evolution"": ""STATIC"", ""stop_strategy"": ""TIMEOUT""}",127,"{""varh"": ""Wdeg"", ""valh"": ""Vals"", ""saf"": ""False"", ""pc1"": ""True"", ""bdc"": ""1"", ""toh"": ""False"", ""ng"": ""NO"", ""lc"": ""2"", ""negative"": ""STR3"", ""generic2"": ""True"", ""sb"": ""NO""}",1.1135222500015516,0.9291756250022445,198,ExitStatus.OPTIMAL,False,False,0.9291756250022445
2025-06-08T09:09:36.142207,Hsp-aux-10405_c23.xml,"{""input"": ""tests/xcsp3/cop/UNKNOWN/Hsp-aux-10405_c23.xml"", ""solver"": ""xcsp:ACE@2.4"", ""output_dir"": ""results_comparison"", ""global_time_limit"": 600, ""max_tries"": 50, ""tuning_file"": ""tests/psa/ace.tuning.json"", ""hpo_strategy"": ""hamming"", ""global_time_strategy"": ""PERCENT"", ""percent"": 0.2, ""round_time_strategy"": ""STATIC"", ""time_evolution"": ""STATIC"", ""stop_strategy"": ""TIMEOUT""}",128,"{""varh"": ""Wdeg"", ""valh"": ""Bivs3"", ""saf"": ""False"", ""pc1"": ""True"", ""bdc"": ""1"", ""toh"": ""False"", ""ng"": ""NO"", ""lc"": ""2"", ""negative"": ""V"", ""generic2"": ""False"", ""sb"": ""NO""}",1.1135222500015516,0.9593710410117637,198,ExitStatus.OPTIMAL,False,False,0.9593710410117637
2025-06-08T09:09:37.205277,Hsp-aux-10405_c23.xml,"{""input"": ""tests/xcsp3/cop/UNKNOWN/Hsp-aux-10405_c23.xml"", ""solver"": ""xcsp:ACE@2.4"", ""output_dir"": ""results_comparison"", ""global_time_limit"": 600, ""max_tries"": 50, ""tuning_file"": ""tests/psa/ace.tuning.json"", ""hpo_strategy"": ""hamming"", ""global_time_strategy"": ""PERCENT"", ""percent"": 0.2, ""round_time_strategy"": ""STATIC"", ""time_evolution"": ""STATIC"", ""stop_strategy"": ""TIMEOUT""}",129,"{""varh"": ""PickOnDom"", ""valh"": ""RunRobin"", ""saf"": ""False"", ""pc1"": ""True"", ""bdc"": ""1"", ""toh"": ""False"", ""ng"": ""NO"", ""lc"": ""2"", ""negative"": ""V"", ""generic2"": ""True"", ""sb"": ""NO""}",1.1135222500015516,0.9297050419845618,198,ExitStatus.OPTIMAL,False,False,0.9297050419845618
2025-06-08T09:09:38.227361,Hsp-aux-10405_c23.xml,"{""input"": ""tests/xcsp3/cop/UNKNOWN/Hsp-aux-10405_c23.xml"", ""solver"": ""xcsp:ACE@2.4"", ""output_dir"": ""results_comparison"", ""global_time_limit"": 600, ""max_tries"": 50, ""tuning_file"": ""tests/psa/ace.tuning.json"", ""hpo_strategy"": ""hamming"", ""global_time_strategy"": ""PERCENT"", ""percent"": 0.2, ""round_time_strategy"": ""STATIC"", ""time_evolution"": ""STATIC"", ""stop_strategy"": ""TIMEOUT""}",130,"{""varh"": ""Wdeg"", ""valh"": ""First"", ""saf"": ""False"", ""pc1"": ""True"", ""bdc"": ""1"", ""toh"": ""False"", ""ng"": ""NO"", ""lc"": ""1"", ""negative"": ""STR0"", ""generic2"": ""True"", ""sb"": ""NO""}",1.1135222500015516,0.9168806250090711,198,ExitStatus.OPTIMAL,False,False,0.9168806250090711
2025-06-08T09:09:39.246827,Hsp-aux-10405_c23.xml,"{""input"": ""tests/xcsp3/cop/UNKNOWN/Hsp-aux-10405_c23.xml"", ""solver"": ""xcsp:ACE@2.4"", ""output_dir"": ""results_comparison"", ""global_time_limit"": 600, ""max_tries"": 50, ""tuning_file"": ""tests/psa/ace.tuning.json"", ""hpo_strategy"": ""hamming"", ""global_time_strategy"": ""PERCENT"", ""percent"": 0.2, ""round_time_strategy"": ""STATIC"", ""time_evolution"": ""STATIC"", ""stop_strategy"": ""TIMEOUT""}",131,"{""varh"": ""Wdeg"", ""valh"": ""First"", ""saf"": ""False"", ""pc1"": ""True"", ""bdc"": ""1"", ""toh"": ""False"", ""ng"": ""NO"", ""lc"": ""10"", ""negative"": ""STR3"", ""generic2"": ""True"", ""sb"": ""NO""}",1.1135222500015516,0.9122789159882814,198,ExitStatus.OPTIMAL,False,False,0.9122789159882814
2025-06-08T09:09:40.909124,Hsp-aux-10405_c23.xml,"{""input"": ""tests/xcsp3/cop/UNKNOWN/Hsp-aux-10405_c23.xml"", ""solver"": ""xcsp:ACE@2.4"", ""output_dir"": ""results_comparison"", ""global_time_limit"": 600, ""max_tries"": 50, ""tuning_file"": ""tests/psa/ace.tuning.json"", ""hpo_strategy"": ""hamming"", ""global_time_strategy"": ""PERCENT"", ""percent"": 0.2, ""round_time_strategy"": ""STATIC"", ""time_evolution"": ""STATIC"", ""stop_strategy"": ""TIMEOUT""}",132,"{""varh"": ""Rand"", ""valh"": ""First"", ""saf"": ""False"", ""pc1"": ""True"", ""bdc"": ""100"", ""toh"": ""False"", ""ng"": ""NO"", ""lc"": ""2"", ""negative"": ""V"", ""generic2"": ""True"", ""sb"": ""NO""}",1.1135222500015516,1.5551646669919137,270,ExitStatus.FEASIBLE,False,False,1.5551646669919137
2025-06-08T09:09:42.567958,Hsp-aux-10405_c23.xml,"{""input"": ""tests/xcsp3/cop/UNKNOWN/Hsp-aux-10405_c23.xml"", ""solver"": ""xcsp:ACE@2.4"", ""output_dir"": ""results_comparison"", ""global_time_limit"": 600, ""max_tries"": 50, ""tuning_file"": ""tests/psa/ace.tuning.json"", ""hpo_strategy"": ""hamming"", ""global_time_strategy"": ""PERCENT"", ""percent"": 0.2, ""round_time_strategy"": ""STATIC"", ""time_evolution"": ""STATIC"", ""stop_strategy"": ""TIMEOUT""}",133,"{""varh"": ""Rand"", ""valh"": ""Last"", ""saf"": ""False"", ""pc1"": ""True"", ""bdc"": ""1"", ""toh"": ""False"", ""ng"": ""NO"", ""lc"": ""2"", ""negative"": ""V"", ""generic2"": ""True"", ""sb"": ""NO""}",1.1135222500015516,1.5526067499886267,258,ExitStatus.FEASIBLE,False,False,1.5526067499886267
2025-06-08T09:09:43.622697,Hsp-aux-10405_c23.xml,"{""input"": ""tests/xcsp3/cop/UNKNOWN/Hsp-aux-10405_c23.xml"", ""solver"": ""xcsp:ACE@2.4"", ""output_dir"": ""results_comparison"", ""global_time_limit"": 600, ""max_tries"": 50, ""tuning_file"": ""tests/psa/ace.tuning.json"", ""hpo_strategy"": ""hamming"", ""global_time_strategy"": ""PERCENT"", ""percent"": 0.2, ""round_time_strategy"": ""STATIC"", ""time_evolution"": ""STATIC"", ""stop_strategy"": ""TIMEOUT""}",134,"{""varh"": ""PickOnDom"", ""valh"": ""Vals"", ""saf"": ""False"", ""pc1"": ""True"", ""bdc"": ""1"", ""toh"": ""False"", ""ng"": ""NO"", ""lc"": ""2"", ""negative"": ""V"", ""generic2"": ""True"", ""sb"": ""NO""}",1.1135222500015516,0.9447414169844706,198,ExitStatus.OPTIMAL,False,False,0.9447414169844706
2025-06-08T09:09:45.287656,Hsp-aux-10405_c23.xml,"{""input"": ""tests/xcsp3/cop/UNKNOWN/Hsp-aux-10405_c23.xml"", ""solver"": ""xcsp:ACE@2.4"", ""output_dir"": ""results_comparison"", ""global_time_limit"": 600, ""max_tries"": 50, ""tuning_file"": ""tests/psa/ace.tuning.json"", ""hpo_strategy"": ""hamming"", ""global_time_strategy"": ""PERCENT"", ""percent"": 0.2, ""round_time_strategy"": ""STATIC"", ""time_evolution"": ""STATIC"", ""stop_strategy"": ""TIMEOUT""}",135,"{""varh"": ""Activity"", ""valh"": ""First"", ""saf"": ""False"", ""pc1"": ""True"", ""bdc"": ""1"", ""toh"": ""False"", ""ng"": ""NO"", ""lc"": ""2"", ""negative"": ""STR3"", ""generic2"": ""True"", ""sb"": ""NO""}",1.1135222500015516,1.5573687919822987,270,ExitStatus.FEASIBLE,False,False,1.5573687919822987
2025-06-08T09:09:46.307171,Hsp-aux-10405_c23.xml,"{""input"": ""tests/xcsp3/cop/UNKNOWN/Hsp-aux-10405_c23.xml"", ""solver"": ""xcsp:ACE@2.4"", ""output_dir"": ""results_comparison"", ""global_time_limit"": 600, ""max_tries"": 50, ""tuning_file"": ""tests/psa/ace.tuning.json"", ""hpo_strategy"": ""hamming"", ""global_time_strategy"": ""PERCENT"", ""percent"": 0.2, ""round_time_strategy"": ""STATIC"", ""time_evolution"": ""STATIC"", ""stop_strategy"": ""TIMEOUT""}",136,"{""varh"": ""Wdeg"", ""valh"": ""First"", ""saf"": ""False"", ""pc1"": ""True"", ""bdc"": ""10"", ""toh"": ""False"", ""ng"": ""NO"", ""lc"": ""2"", ""negative"": ""V"", ""generic2"": ""False"", ""sb"": ""NO""}",1.1135222500015516,0.9115958749898709,198,ExitStatus.OPTIMAL,False,False,0.9115958749898709
2025-06-08T09:09:47.281709,Hsp-aux-10405_c23.xml,"{""input"": ""tests/xcsp3/cop/UNKNOWN/Hsp-aux-10405_c23.xml"", ""solver"": ""xcsp:ACE@2.4"", ""output_dir"": ""results_comparison"", ""global_time_limit"": 600, ""max_tries"": 50, ""tuning_file"": ""tests/psa/ace.tuning.json"", ""hpo_strategy"": ""hamming"", ""global_time_strategy"": ""PERCENT"", ""percent"": 0.2, ""round_time_strategy"": ""STATIC"", ""time_evolution"": ""STATIC"", ""stop_strategy"": ""TIMEOUT""}",137,"{""varh"": ""Wdeg"", ""valh"": ""First"", ""saf"": ""False"", ""pc1"": ""True"", ""bdc"": ""1000"", ""toh"": ""False"", ""ng"": ""NO"", ""lc"": ""0"", ""negative"": ""V"", ""generic2"": ""True"", ""sb"": ""NO""}",1.1135222500015516,0.8662366660137195,,ExitStatus.UNKNOWN,False,False,0.8662366660137195
2025-06-08T09:09:48.329613,Hsp-aux-10405_c23.xml,"{""input"": ""tests/xcsp3/cop/UNKNOWN/Hsp-aux-10405_c23.xml"", ""solver"": ""xcsp:ACE@2.4"", ""output_dir"": ""results_comparison"", ""global_time_limit"": 600, ""max_tries"": 50, ""tuning_file"": ""tests/psa/ace.tuning.json"", ""hpo_strategy"": ""hamming"", ""global_time_strategy"": ""PERCENT"", ""percent"": 0.2, ""round_time_strategy"": ""STATIC"", ""time_evolution"": ""STATIC"", ""stop_strategy"": ""TIMEOUT""}",138,"{""varh"": ""Wdeg"", ""valh"": ""First"", ""saf"": ""False"", ""pc1"": ""False"", ""bdc"": ""1"", ""toh"": ""False"", ""ng"": ""NO"", ""lc"": ""2"", ""negative"": ""STR2N"", ""generic2"": ""True"", ""sb"": ""NO""}",1.1135222500015516,0.9412807909830008,198,ExitStatus.OPTIMAL,False,False,0.9412807909830008
2025-06-08T09:09:49.471054,Hsp-aux-10405_c23.xml,"{""input"": ""tests/xcsp3/cop/UNKNOWN/Hsp-aux-10405_c23.xml"", ""solver"": ""xcsp:ACE@2.4"", ""output_dir"": ""results_comparison"", ""global_time_limit"": 600, ""max_tries"": 50, ""tuning_file"": ""tests/psa/ace.tuning.json"", ""hpo_strategy"": ""hamming"", ""global_time_strategy"": ""PERCENT"", ""percent"": 0.2, ""round_time_strategy"": ""STATIC"", ""time_evolution"": ""STATIC"", ""stop_strategy"": ""TIMEOUT""}",139,"{""varh"": ""Wdeg"", ""valh"": ""Vals"", ""saf"": ""False"", ""pc1"": ""True"", ""bdc"": ""1"", ""toh"": ""True"", ""ng"": ""NO"", ""lc"": ""2"", ""negative"": ""V"", ""generic2"": ""True"", ""sb"": ""NO""}",1.1135222500015516,1.0318654579750728,198,ExitStatus.OPTIMAL,False,False,1.0318654579750728
2025-06-08T09:09:50.519035,Hsp-aux-10405_c23.xml,"{""input"": ""tests/xcsp3/cop/UNKNOWN/Hsp-aux-10405_c23.xml"", ""solver"": ""xcsp:ACE@2.4"", ""output_dir"": ""results_comparison"", ""global_time_limit"": 600, ""max_tries"": 50, ""tuning_file"": ""tests/psa/ace.tuning.json"", ""hpo_strategy"": ""hamming"", ""global_time_strategy"": ""PERCENT"", ""percent"": 0.2, ""round_time_strategy"": ""STATIC"", ""time_evolution"": ""STATIC"", ""stop_strategy"": ""TIMEOUT""}",140,"{""varh"": ""WdegOnDom"", ""valh"": ""First"", ""saf"": ""True"", ""pc1"": ""True"", ""bdc"": ""1"", ""toh"": ""False"", ""ng"": ""NO"", ""lc"": ""2"", ""negative"": ""V"", ""generic2"": ""True"", ""sb"": ""NO""}",1.1135222500015516,0.9149195840000175,198,ExitStatus.OPTIMAL,False,False,0.9149195840000175
2025-06-08T09:09:52.165191,Hsp-aux-10405_c23.xml,"{""input"": ""tests/xcsp3/cop/UNKNOWN/Hsp-aux-10405_c23.xml"", ""solver"": ""xcsp:ACE@2.4"", ""output_dir"": ""results_comparison"", ""global_time_limit"": 600, ""max_tries"": 50, ""tuning_file"": ""tests/psa/ace.tuning.json"", ""hpo_strategy"": ""hamming"", ""global_time_strategy"": ""PERCENT"", ""percent"": 0.2, ""round_time_strategy"": ""STATIC"", ""time_evolution"": ""STATIC"", ""stop_strategy"": ""TIMEOUT""}",141,"{""varh"": ""Impact"", ""valh"": ""First"", ""saf"": ""False"", ""pc1"": ""False"", ""bdc"": ""1"", ""toh"": ""False"", ""ng"": ""NO"", ""lc"": ""2"", ""negative"": ""V"", ""generic2"": ""True"", ""sb"": ""NO""}",1.1135222500015516,1.53908220899757,,ExitStatus.UNKNOWN,False,False,1.53908220899757
2025-06-08T09:09:53.185093,Hsp-aux-10405_c23.xml,"{""input"": ""tests/xcsp3/cop/UNKNOWN/Hsp-aux-10405_c23.xml"", ""solver"": ""xcsp:ACE@2.4"", ""output_dir"": ""results_comparison"", ""global_time_limit"": 600, ""max_tries"": 50, ""tuning_file"": ""tests/psa/ace.tuning.json"", ""hpo_strategy"": ""hamming"", ""global_time_strategy"": ""PERCENT"", ""percent"": 0.2, ""round_time_strategy"": ""STATIC"", ""time_evolution"": ""STATIC"", ""stop_strategy"": ""TIMEOUT""}",142,"{""varh"": ""Memory"", ""valh"": ""First"", ""saf"": ""False"", ""pc1"": ""True"", ""bdc"": ""1"", ""toh"": ""False"", ""ng"": ""NO"", ""lc"": ""2"", ""negative"": ""V"", ""generic2"": ""False"", ""sb"": ""NO""}",1.1135222500015516,0.9137654579826631,198,ExitStatus.OPTIMAL,False,False,0.9137654579826631
2025-06-08T09:09:54.481559,Hsp-aux-10405_c23.xml,"{""input"": ""tests/xcsp3/cop/UNKNOWN/Hsp-aux-10405_c23.xml"", ""solver"": ""xcsp:ACE@2.4"", ""output_dir"": ""results_comparison"", ""global_time_limit"": 600, ""max_tries"": 50, ""tuning_file"": ""tests/psa/ace.tuning.json"", ""hpo_strategy"": ""hamming"", ""global_time_strategy"": ""PERCENT"", ""percent"": 0.2, ""round_time_strategy"": ""STATIC"", ""time_evolution"": ""STATIC"", ""stop_strategy"": ""TIMEOUT""}",143,"{""varh"": ""Wdeg"", ""valh"": ""Last"", ""saf"": ""False"", ""pc1"": ""True"", ""bdc"": ""1"", ""toh"": ""True"", ""ng"": ""NO"", ""lc"": ""2"", ""negative"": ""V"", ""generic2"": ""True"", ""sb"": ""NO""}",1.1135222500015516,1.1903892919945065,198,ExitStatus.OPTIMAL,False,False,1.1903892919945065
2025-06-08T09:09:55.501378,Hsp-aux-10405_c23.xml,"{""input"": ""tests/xcsp3/cop/UNKNOWN/Hsp-aux-10405_c23.xml"", ""solver"": ""xcsp:ACE@2.4"", ""output_dir"": ""results_comparison"", ""global_time_limit"": 600, ""max_tries"": 50, ""tuning_file"": ""tests/psa/ace.tuning.json"", ""hpo_strategy"": ""hamming"", ""global_time_strategy"": ""PERCENT"", ""percent"": 0.2, ""round_time_strategy"": ""STATIC"", ""time_evolution"": ""STATIC"", ""stop_strategy"": ""TIMEOUT""}",144,"{""varh"": ""Wdeg"", ""valh"": ""First"", ""saf"": ""True"", ""pc1"": ""True"", ""bdc"": ""1"", ""toh"": ""False"", ""ng"": ""NO"", ""lc"": ""2"", ""negative"": ""CT"", ""generic2"": ""True"", ""sb"": ""NO""}",1.1135222500015516,0.9125709579966497,198,ExitStatus.OPTIMAL,False,False,0.9125709579966497
2025-06-08T09:09:58.230143,Hsp-aux-10405_c23.xml,"{""input"": ""tests/xcsp3/cop/UNKNOWN/Hsp-aux-10405_c23.xml"", ""solver"": ""xcsp:ACE@2.4"", ""output_dir"": ""results_comparison"", ""global_time_limit"": 600, ""max_tries"": 50, ""tuning_file"": ""tests/psa/ace.tuning.json"", ""hpo_strategy"": ""hamming"", ""global_time_strategy"": ""PERCENT"", ""percent"": 0.2, ""round_time_strategy"": ""STATIC"", ""time_evolution"": ""STATIC"", ""stop_strategy"": ""TIMEOUT""}",145,"{""varh"": ""Wdeg"", ""valh"": ""Conflicts"", ""saf"": ""False"", ""pc1"": ""True"", ""bdc"": ""1"", ""toh"": ""False"", ""ng"": ""NO"", ""lc"": ""10"", ""negative"": ""V"", ""generic2"": ""True"", ""sb"": ""NO""}",1.1135222500015516,2.6230327500088606,,ExitStatus.UNKNOWN,False,False,2.6230327500088606
2025-06-08T09:09:59.890235,Hsp-aux-10405_c23.xml,"{""input"": ""tests/xcsp3/cop/UNKNOWN/Hsp-aux-10405_c23.xml"", ""solver"": ""xcsp:ACE@2.4"", ""output_dir"": ""results_comparison"", ""global_time_limit"": 600, ""max_tries"": 50, ""tuning_file"": ""tests/psa/ace.tuning.json"", ""hpo_strategy"": ""hamming"", ""global_time_strategy"": ""PERCENT"", ""percent"": 0.2, ""round_time_strategy"": ""STATIC"", ""time_evolution"": ""STATIC"", ""stop_strategy"": ""TIMEOUT""}",146,"{""varh"": ""Activity"", ""valh"": ""Last"", ""saf"": ""False"", ""pc1"": ""True"", ""bdc"": ""1"", ""toh"": ""False"", ""ng"": ""NO"", ""lc"": ""2"", ""negative"": ""V"", ""generic2"": ""True"", ""sb"": ""NO""}",1.1135222500015516,1.5527735000068787,,ExitStatus.UNKNOWN,False,False,1.5527735000068787
2025-06-08T09:10:00.943848,Hsp-aux-10405_c23.xml,"{""input"": ""tests/xcsp3/cop/UNKNOWN/Hsp-aux-10405_c23.xml"", ""solver"": ""xcsp:ACE@2.4"", ""output_dir"": ""results_comparison"", ""global_time_limit"": 600, ""max_tries"": 50, ""tuning_file"": ""tests/psa/ace.tuning.json"", ""hpo_strategy"": ""hamming"", ""global_time_strategy"": ""PERCENT"", ""percent"": 0.2, ""round_time_strategy"": ""STATIC"", ""time_evolution"": ""STATIC"", ""stop_strategy"": ""TIMEOUT""}",147,"{""varh"": ""Wdeg"", ""valh"": ""First"", ""saf"": ""False"", ""pc1"": ""False"", ""bdc"": ""1"", ""toh"": ""False"", ""ng"": ""NO"", ""lc"": ""10"", ""negative"": ""V"", ""generic2"": ""True"", ""sb"": ""NO""}",1.1135222500015516,0.9354941670026165,198,ExitStatus.OPTIMAL,False,False,0.9354941670026165
2025-06-08T09:10:01.930769,Hsp-aux-10405_c23.xml,"{""input"": ""tests/xcsp3/cop/UNKNOWN/Hsp-aux-10405_c23.xml"", ""solver"": ""xcsp:ACE@2.4"", ""output_dir"": ""results_comparison"", ""global_time_limit"": 600, ""max_tries"": 50, ""tuning_file"": ""tests/psa/ace.tuning.json"", ""hpo_strategy"": ""hamming"", ""global_time_strategy"": ""PERCENT"", ""percent"": 0.2, ""round_time_strategy"": ""STATIC"", ""time_evolution"": ""STATIC"", ""stop_strategy"": ""TIMEOUT""}",148,"{""varh"": ""Wdeg"", ""valh"": ""First"", ""saf"": ""False"", ""pc1"": ""True"", ""bdc"": ""100"", ""toh"": ""False"", ""ng"": ""NO"", ""lc"": ""2"", ""negative"": ""V"", ""generic2"": ""False"", ""sb"": ""NO""}",1.1135222500015516,0.8788147089944687,,ExitStatus.UNKNOWN,False,False,0.8788147089944687
2025-06-08T09:10:03.226907,Hsp-aux-10405_c23.xml,"{""input"": ""tests/xcsp3/cop/UNKNOWN/Hsp-aux-10405_c23.xml"", ""solver"": ""xcsp:ACE@2.4"", ""output_dir"": ""results_comparison"", ""global_time_limit"": 600, ""max_tries"": 50, ""tuning_file"": ""tests/psa/ace.tuning.json"", ""hpo_strategy"": ""hamming"", ""global_time_strategy"": ""PERCENT"", ""percent"": 0.2, ""round_time_strategy"": ""STATIC"", ""time_evolution"": ""STATIC"", ""stop_strategy"": ""TIMEOUT""}",149,"{""varh"": ""Wdeg"", ""valh"": ""Last"", ""saf"": ""False"", ""pc1"": ""True"", ""bdc"": ""1"", ""toh"": ""False"", ""ng"": ""NO"", ""lc"": ""2"", ""negative"": ""STR1N"", ""generic2"": ""True"", ""sb"": ""NO""}",1.1135222500015516,1.1890238329942804,198,ExitStatus.OPTIMAL,False,False,1.1890238329942804
2025-06-08T09:10:04.319509,Hsp-aux-10405_c23.xml,"{""input"": ""tests/xcsp3/cop/UNKNOWN/Hsp-aux-10405_c23.xml"", ""solver"": ""xcsp:ACE@2.4"", ""output_dir"": ""results_comparison"", ""global_time_limit"": 600, ""max_tries"": 50, ""tuning_file"": ""tests/psa/ace.tuning.json"", ""hpo_strategy"": ""hamming"", ""global_time_strategy"": ""PERCENT"", ""percent"": 0.2, ""round_time_strategy"": ""STATIC"", ""time_evolution"": ""STATIC"", ""stop_strategy"": ""TIMEOUT""}",150,"{""varh"": ""FrbaOnDom"", ""valh"": ""First"", ""saf"": ""False"", ""pc1"": ""True"", ""bdc"": ""1"", ""toh"": ""False"", ""ng"": ""NO"", ""lc"": ""1"", ""negative"": ""V"", ""generic2"": ""True"", ""sb"": ""NO""}",1.1135222500015516,0.9852034170180559,198,ExitStatus.OPTIMAL,False,False,0.9852034170180559
2025-06-08T09:10:05.334493,Hsp-aux-10405_c23.xml,"{""input"": ""tests/xcsp3/cop/UNKNOWN/Hsp-aux-10405_c23.xml"", ""solver"": ""xcsp:ACE@2.4"", ""output_dir"": ""results_comparison"", ""global_time_limit"": 600, ""max_tries"": 50, ""tuning_file"": ""tests/psa/ace.tuning.json"", ""hpo_strategy"": ""hamming"", ""global_time_strategy"": ""PERCENT"", ""percent"": 0.2, ""round_time_strategy"": ""STATIC"", ""time_evolution"": ""STATIC"", ""stop_strategy"": ""TIMEOUT""}",151,"{""varh"": ""Wdeg"", ""valh"": ""First"", ""saf"": ""False"", ""pc1"": ""True"", ""bdc"": ""10"", ""toh"": ""False"", ""ng"": ""NO"", ""lc"": ""2"", ""negative"": ""STR3"", ""generic2"": ""True"", ""sb"": ""NO""}",1.1135222500015516,0.9075730000040494,198,ExitStatus.OPTIMAL,False,False,0.9075730000040494
2025-06-08T09:10:06.354774,Hsp-aux-10405_c23.xml,"{""input"": ""tests/xcsp3/cop/UNKNOWN/Hsp-aux-10405_c23.xml"", ""solver"": ""xcsp:ACE@2.4"", ""output_dir"": ""results_comparison"", ""global_time_limit"": 600, ""max_tries"": 50, ""tuning_file"": ""tests/psa/ace.tuning.json"", ""hpo_strategy"": ""hamming"", ""global_time_strategy"": ""PERCENT"", ""percent"": 0.2, ""round_time_strategy"": ""STATIC"", ""time_evolution"": ""STATIC"", ""stop_strategy"": ""TIMEOUT""}",152,"{""varh"": ""Wdeg"", ""valh"": ""First"", ""saf"": ""True"", ""pc1"": ""True"", ""bdc"": ""1"", ""toh"": ""False"", ""ng"": ""NO"", ""lc"": ""1"", ""negative"": ""V"", ""generic2"": ""True"", ""sb"": ""NO""}",1.1135222500015516,0.912927541998215,198,ExitStatus.OPTIMAL,False,False,0.912927541998215
2025-06-08T09:10:07.998470,Hsp-aux-10405_c23.xml,"{""input"": ""tests/xcsp3/cop/UNKNOWN/Hsp-aux-10405_c23.xml"", ""solver"": ""xcsp:ACE@2.4"", ""output_dir"": ""results_comparison"", ""global_time_limit"": 600, ""max_tries"": 50, ""tuning_file"": ""tests/psa/ace.tuning.json"", ""hpo_strategy"": ""hamming"", ""global_time_strategy"": ""PERCENT"", ""percent"": 0.2, ""round_time_strategy"": ""STATIC"", ""time_evolution"": ""STATIC"", ""stop_strategy"": ""TIMEOUT""}",153,"{""varh"": ""Lexico"", ""valh"": ""First"", ""saf"": ""False"", ""pc1"": ""True"", ""bdc"": ""1"", ""toh"": ""False"", ""ng"": ""NO"", ""lc"": ""2"", ""negative"": ""STR3"", ""generic2"": ""True"", ""sb"": ""NO""}",1.1135222500015516,1.5368250829924364,,ExitStatus.UNKNOWN,False,False,1.5368250829924364
2025-06-08T09:10:09.010842,Hsp-aux-10405_c23.xml,"{""input"": ""tests/xcsp3/cop/UNKNOWN/Hsp-aux-10405_c23.xml"", ""solver"": ""xcsp:ACE@2.4"", ""output_dir"": ""results_comparison"", ""global_time_limit"": 600, ""max_tries"": 50, ""tuning_file"": ""tests/psa/ace.tuning.json"", ""hpo_strategy"": ""hamming"", ""global_time_strategy"": ""PERCENT"", ""percent"": 0.2, ""round_time_strategy"": ""STATIC"", ""time_evolution"": ""STATIC"", ""stop_strategy"": ""TIMEOUT""}",154,"{""varh"": ""Memory"", ""valh"": ""First"", ""saf"": ""True"", ""pc1"": ""True"", ""bdc"": ""1"", ""toh"": ""False"", ""ng"": ""NO"", ""lc"": ""2"", ""negative"": ""V"", ""generic2"": ""True"", ""sb"": ""NO""}",1.1135222500015516,0.9004628340189811,198,ExitStatus.OPTIMAL,True,False,0.9004628340189811
2025-06-08T09:10:10.032781,Hsp-aux-10405_c23.xml,"{""input"": ""tests/xcsp3/cop/UNKNOWN/Hsp-aux-10405_c23.xml"", ""solver"": ""xcsp:ACE@2.4"", ""output_dir"": ""results_comparison"", ""global_time_limit"": 600, ""max_tries"": 50, ""tuning_file"": ""tests/psa/ace.tuning.json"", ""hpo_strategy"": ""hamming"", ""global_time_strategy"": ""PERCENT"", ""percent"": 0.2, ""round_time_strategy"": ""STATIC"", ""time_evolution"": ""STATIC"", ""stop_strategy"": ""TIMEOUT""}",155,"{""varh"": ""Wdeg"", ""valh"": ""First"", ""saf"": ""True"", ""pc1"": ""True"", ""bdc"": ""1"", ""toh"": ""False"", ""ng"": ""NO"", ""lc"": ""2"", ""negative"": ""STR0"", ""generic2"": ""True"", ""sb"": ""NO""}",1.1135222500015516,0.9151201670174487,198,ExitStatus.OPTIMAL,False,False,0.9151201670174487
2025-06-08T09:10:11.289186,Hsp-aux-10405_c23.xml,"{""input"": ""tests/xcsp3/cop/UNKNOWN/Hsp-aux-10405_c23.xml"", ""solver"": ""xcsp:ACE@2.4"", ""output_dir"": ""results_comparison"", ""global_time_limit"": 600, ""max_tries"": 50, ""tuning_file"": ""tests/psa/ace.tuning.json"", ""hpo_strategy"": ""hamming"", ""global_time_strategy"": ""PERCENT"", ""percent"": 0.2, ""round_time_strategy"": ""STATIC"", ""time_evolution"": ""STATIC"", ""stop_strategy"": ""TIMEOUT""}",156,"{""varh"": ""Wdeg"", ""valh"": ""Median"", ""saf"": ""False"", ""pc1"": ""True"", ""bdc"": ""1"", ""toh"": ""True"", ""ng"": ""NO"", ""lc"": ""2"", ""negative"": ""V"", ""generic2"": ""True"", ""sb"": ""NO""}",1.1135222500015516,1.1504900830041151,198,ExitStatus.OPTIMAL,False,False,1.1504900830041151
2025-06-08T09:10:13.942301,Hsp-aux-10405_c23.xml,"{""input"": ""tests/xcsp3/cop/UNKNOWN/Hsp-aux-10405_c23.xml"", ""solver"": ""xcsp:ACE@2.4"", ""output_dir"": ""results_comparison"", ""global_time_limit"": 600, ""max_tries"": 50, ""tuning_file"": ""tests/psa/ace.tuning.json"", ""hpo_strategy"": ""hamming"", ""global_time_strategy"": ""PERCENT"", ""percent"": 0.2, ""round_time_strategy"": ""STATIC"", ""time_evolution"": ""STATIC"", ""stop_strategy"": ""TIMEOUT""}",157,"{""varh"": ""Wdeg"", ""valh"": ""Conflicts"", ""saf"": ""False"", ""pc1"": ""False"", ""bdc"": ""1"", ""toh"": ""False"", ""ng"": ""NO"", ""lc"": ""2"", ""negative"": ""V"", ""generic2"": ""True"", ""sb"": ""NO""}",1.1135222500015516,2.54631987499306,,ExitStatus.UNKNOWN,False,False,2.54631987499306
2025-06-08T09:10:15.610805,Hsp-aux-10405_c23.xml,"{""input"": ""tests/xcsp3/cop/UNKNOWN/Hsp-aux-10405_c23.xml"", ""solver"": ""xcsp:ACE@2.4"", ""output_dir"": ""results_comparison"", ""global_time_limit"": 600, ""max_tries"": 50, ""tuning_file"": ""tests/psa/ace.tuning.json"", ""hpo_strategy"": ""hamming"", ""global_time_strategy"": ""PERCENT"", ""percent"": 0.2, ""round_time_strategy"": ""STATIC"", ""time_evolution"": ""STATIC"", ""stop_strategy"": ""TIMEOUT""}",158,"{""varh"": ""Activity"", ""valh"": ""First"", ""saf"": ""False"", ""pc1"": ""True"", ""bdc"": ""1"", ""toh"": ""False"", ""ng"": ""NO"", ""lc"": ""2"", ""negative"": ""STR1N"", ""generic2"": ""True"", ""sb"": ""NO""}",1.1135222500015516,1.5620572500047274,270,ExitStatus.FEASIBLE,False,False,1.5620572500047274
2025-06-08T09:10:16.647100,Hsp-aux-10405_c23.xml,"{""input"": ""tests/xcsp3/cop/UNKNOWN/Hsp-aux-10405_c23.xml"", ""solver"": ""xcsp:ACE@2.4"", ""output_dir"": ""results_comparison"", ""global_time_limit"": 600, ""max_tries"": 50, ""tuning_file"": ""tests/psa/ace.tuning.json"", ""hpo_strategy"": ""hamming"", ""global_time_strategy"": ""PERCENT"", ""percent"": 0.2, ""round_time_strategy"": ""STATIC"", ""time_evolution"": ""STATIC"", ""stop_strategy"": ""TIMEOUT""}",159,"{""varh"": ""WdegOnDom"", ""valh"": ""First"", ""saf"": ""False"", ""pc1"": ""True"", ""bdc"": ""1"", ""toh"": ""True"", ""ng"": ""NO"", ""lc"": ""2"", ""negative"": ""V"", ""generic2"": ""True"", ""sb"": ""NO""}",1.1135222500015516,0.9174109169980511,198,ExitStatus.OPTIMAL,False,False,0.9174109169980511
2025-06-08T09:10:19.372062,Hsp-aux-10405_c23.xml,"{""input"": ""tests/xcsp3/cop/UNKNOWN/Hsp-aux-10405_c23.xml"", ""solver"": ""xcsp:ACE@2.4"", ""output_dir"": ""results_comparison"", ""global_time_limit"": 600, ""max_tries"": 50, ""tuning_file"": ""tests/psa/ace.tuning.json"", ""hpo_strategy"": ""hamming"", ""global_time_strategy"": ""PERCENT"", ""percent"": 0.2, ""round_time_strategy"": ""STATIC"", ""time_evolution"": ""STATIC"", ""stop_strategy"": ""TIMEOUT""}",160,"{""varh"": ""Wdeg"", ""valh"": ""Conflicts"", ""saf"": ""False"", ""pc1"": ""True"", ""bdc"": ""100"", ""toh"": ""False"", ""ng"": ""NO"", ""lc"": ""2"", ""negative"": ""V"", ""generic2"": ""True"", ""sb"": ""NO""}",1.1135222500015516,2.6190413749718573,,ExitStatus.UNKNOWN,False,False,2.6190413749718573
2025-06-08T09:10:20.469331,Hsp-aux-10405_c23.xml,"{""input"": ""tests/xcsp3/cop/UNKNOWN/Hsp-aux-10405_c23.xml"", ""solver"": ""xcsp:ACE@2.4"", ""output_dir"": ""results_comparison"", ""global_time_limit"": 600, ""max_tries"": 50, ""tuning_file"": ""tests/psa/ace.tuning.json"", ""hpo_strategy"": ""hamming"", ""global_time_strategy"": ""PERCENT"", ""percent"": 0.2, ""round_time_strategy"": ""STATIC"", ""time_evolution"": ""STATIC"", ""stop_strategy"": ""TIMEOUT""}",161,"{""varh"": ""Wdeg"", ""valh"": ""First"", ""saf"": ""False"", ""pc1"": ""True"", ""bdc"": ""1"", ""toh"": ""False"", ""ng"": ""NO"", ""lc"": ""1"", ""negative"": ""STR1"", ""generic2"": ""True"", ""sb"": ""NO""}",1.1135222500015516,0.9909407920204103,198,ExitStatus.OPTIMAL,False,False,0.9909407920204103
2025-06-08T09:10:21.473988,Hsp-aux-10405_c23.xml,"{""input"": ""tests/xcsp3/cop/UNKNOWN/Hsp-aux-10405_c23.xml"", ""solver"": ""xcsp:ACE@2.4"", ""output_dir"": ""results_comparison"", ""global_time_limit"": 600, ""max_tries"": 50, ""tuning_file"": ""tests/psa/ace.tuning.json"", ""hpo_strategy"": ""hamming"", ""global_time_strategy"": ""PERCENT"", ""percent"": 0.2, ""round_time_strategy"": ""STATIC"", ""time_evolution"": ""STATIC"", ""stop_strategy"": ""TIMEOUT""}",162,"{""varh"": ""WdegOnDom"", ""valh"": ""First"", ""saf"": ""False"", ""pc1"": ""True"", ""bdc"": ""100"", ""toh"": ""False"", ""ng"": ""NO"", ""lc"": ""2"", ""negative"": ""V"", ""generic2"": ""True"", ""sb"": ""NO""}",1.1135222500015516,0.8652172090078238,,ExitStatus.UNKNOWN,False,False,0.8652172090078238
2025-06-08T09:10:22.507598,Hsp-aux-10405_c23.xml,"{""input"": ""tests/xcsp3/cop/UNKNOWN/Hsp-aux-10405_c23.xml"", ""solver"": ""xcsp:ACE@2.4"", ""output_dir"": ""results_comparison"", ""global_time_limit"": 600, ""max_tries"": 50, ""tuning_file"": ""tests/psa/ace.tuning.json"", ""hpo_strategy"": ""hamming"", ""global_time_strategy"": ""PERCENT"", ""percent"": 0.2, ""round_time_strategy"": ""STATIC"", ""time_evolution"": ""STATIC"", ""stop_strategy"": ""TIMEOUT""}",163,"{""varh"": ""Wdeg"", ""valh"": ""RunRobin"", ""saf"": ""False"", ""pc1"": ""False"", ""bdc"": ""1"", ""toh"": ""False"", ""ng"": ""NO"", ""lc"": ""2"", ""negative"": ""V"", ""generic2"": ""True"", ""sb"": ""NO""}",1.1135222500015516,0.9286858330015093,198,ExitStatus.OPTIMAL,False,False,0.9286858330015093
2025-06-08T09:10:23.555194,Hsp-aux-10405_c23.xml,"{""input"": ""tests/xcsp3/cop/UNKNOWN/Hsp-aux-10405_c23.xml"", ""solver"": ""xcsp:ACE@2.4"", ""output_dir"": ""results_comparison"", ""global_time_limit"": 600, ""max_tries"": 50, ""tuning_file"": ""tests/psa/ace.tuning.json"", ""hpo_strategy"": ""hamming"", ""global_time_strategy"": ""PERCENT"", ""percent"": 0.2, ""round_time_strategy"": ""STATIC"", ""time_evolution"": ""STATIC"", ""stop_strategy"": ""TIMEOUT""}",164,"{""varh"": ""PickOnDom"", ""valh"": ""First"", ""saf"": ""True"", ""pc1"": ""True"", ""bdc"": ""1"", ""toh"": ""False"", ""ng"": ""NO"", ""lc"": ""2"", ""negative"": ""V"", ""generic2"": ""True"", ""sb"": ""NO""}",1.1135222500015516,0.9435187909984961,198,ExitStatus.OPTIMAL,False,False,0.9435187909984961
2025-06-08T09:10:24.524891,Hsp-aux-10405_c23.xml,"{""input"": ""tests/xcsp3/cop/UNKNOWN/Hsp-aux-10405_c23.xml"", ""solver"": ""xcsp:ACE@2.4"", ""output_dir"": ""results_comparison"", ""global_time_limit"": 600, ""max_tries"": 50, ""tuning_file"": ""tests/psa/ace.tuning.json"", ""hpo_strategy"": ""hamming"", ""global_time_strategy"": ""PERCENT"", ""percent"": 0.2, ""round_time_strategy"": ""STATIC"", ""time_evolution"": ""STATIC"", ""stop_strategy"": ""TIMEOUT""}",165,"{""varh"": ""Wdeg"", ""valh"": ""RunRobin"", ""saf"": ""False"", ""pc1"": ""True"", ""bdc"": ""100"", ""toh"": ""False"", ""ng"": ""NO"", ""lc"": ""2"", ""negative"": ""V"", ""generic2"": ""True"", ""sb"": ""NO""}",1.1135222500015516,0.8649885420163628,,ExitStatus.UNKNOWN,False,False,0.8649885420163628
2025-06-08T09:10:25.792079,Hsp-aux-10405_c23.xml,"{""input"": ""tests/xcsp3/cop/UNKNOWN/Hsp-aux-10405_c23.xml"", ""solver"": ""xcsp:ACE@2.4"", ""output_dir"": ""results_comparison"", ""global_time_limit"": 600, ""max_tries"": 50, ""tuning_file"": ""tests/psa/ace.tuning.json"", ""hpo_strategy"": ""hamming"", ""global_time_strategy"": ""PERCENT"", ""percent"": 0.2, ""round_time_strategy"": ""STATIC"", ""time_evolution"": ""STATIC"", ""stop_strategy"": ""TIMEOUT""}",166,"{""varh"": ""Wdeg"", ""valh"": ""First"", ""saf"": ""False"", ""pc1"": ""False"", ""bdc"": ""1"", ""toh"": ""False"", ""ng"": ""NO"", ""lc"": ""2"", ""negative"": ""STR0"", ""generic2"": ""True"", ""sb"": ""NO""}",1.1135222500015516,1.1608836670056917,198,ExitStatus.OPTIMAL,False,False,1.1608836670056917
2025-06-08T09:10:27.464553,Hsp-aux-10405_c23.xml,"{""input"": ""tests/xcsp3/cop/UNKNOWN/Hsp-aux-10405_c23.xml"", ""solver"": ""xcsp:ACE@2.4"", ""output_dir"": ""results_comparison"", ""global_time_limit"": 600, ""max_tries"": 50, ""tuning_file"": ""tests/psa/ace.tuning.json"", ""hpo_strategy"": ""hamming"", ""global_time_strategy"": ""PERCENT"", ""percent"": 0.2, ""round_time_strategy"": ""STATIC"", ""time_evolution"": ""STATIC"", ""stop_strategy"": ""TIMEOUT""}",167,"{""varh"": ""Impact"", ""valh"": ""First"", ""saf"": ""False"", ""pc1"": ""True"", ""bdc"": ""1"", ""toh"": ""False"", ""ng"": ""NO"", ""lc"": ""2"", ""negative"": ""CT"", ""generic2"": ""True"", ""sb"": ""NO""}",1.1135222500015516,1.553972875000909,,ExitStatus.UNKNOWN,False,False,1.553972875000909
2025-06-08T09:10:28.497122,Hsp-aux-10405_c23.xml,"{""input"": ""tests/xcsp3/cop/UNKNOWN/Hsp-aux-10405_c23.xml"", ""solver"": ""xcsp:ACE@2.4"", ""output_dir"": ""results_comparison"", ""global_time_limit"": 600, ""max_tries"": 50, ""tuning_file"": ""tests/psa/ace.tuning.json"", ""hpo_strategy"": ""hamming"", ""global_time_strategy"": ""PERCENT"", ""percent"": 0.2, ""round_time_strategy"": ""STATIC"", ""time_evolution"": ""STATIC"", ""stop_strategy"": ""TIMEOUT""}",168,"{""varh"": ""Wdeg"", ""valh"": ""Rand"", ""saf"": ""False"", ""pc1"": ""True"", ""bdc"": ""1"", ""toh"": ""False"", ""ng"": ""NO"", ""lc"": ""0"", ""negative"": ""V"", ""generic2"": ""True"", ""sb"": ""NO""}",1.1135222500015516,0.9268807499902323,198,ExitStatus.OPTIMAL,False,False,0.9268807499902323
2025-06-08T09:10:29.522975,Hsp-aux-10405_c23.xml,"{""input"": ""tests/xcsp3/cop/UNKNOWN/Hsp-aux-10405_c23.xml"", ""solver"": ""xcsp:ACE@2.4"", ""output_dir"": ""results_comparison"", ""global_time_limit"": 600, ""max_tries"": 50, ""tuning_file"": ""tests/psa/ace.tuning.json"", ""hpo_strategy"": ""hamming"", ""global_time_strategy"": ""PERCENT"", ""percent"": 0.2, ""round_time_strategy"": ""STATIC"", ""time_evolution"": ""STATIC"", ""stop_strategy"": ""TIMEOUT""}",169,"{""varh"": ""Wdeg"", ""valh"": ""OccsR"", ""saf"": ""False"", ""pc1"": ""True"", ""bdc"": ""1"", ""toh"": ""True"", ""ng"": ""NO"", ""lc"": ""2"", ""negative"": ""V"", ""generic2"": ""True"", ""sb"": ""NO""}",1.1135222500015516,0.9202855000039563,198,ExitStatus.OPTIMAL,False,False,0.9202855000039563
2025-06-08T09:10:30.554991,Hsp-aux-10405_c23.xml,"{""input"": ""tests/xcsp3/cop/UNKNOWN/Hsp-aux-10405_c23.xml"", ""solver"": ""xcsp:ACE@2.4"", ""output_dir"": ""results_comparison"", ""global_time_limit"": 600, ""max_tries"": 50, ""tuning_file"": ""tests/psa/ace.tuning.json"", ""hpo_strategy"": ""hamming"", ""global_time_strategy"": ""PERCENT"", ""percent"": 0.2, ""round_time_strategy"": ""STATIC"", ""time_evolution"": ""STATIC"", ""stop_strategy"": ""TIMEOUT""}",170,"{""varh"": ""Wdeg"", ""valh"": ""First"", ""saf"": ""False"", ""pc1"": ""True"", ""bdc"": ""1"", ""toh"": ""False"", ""ng"": ""NO"", ""lc"": ""5"", ""negative"": ""STR2"", ""generic2"": ""True"", ""sb"": ""NO""}",1.1135222500015516,0.9269326660141815,198,ExitStatus.OPTIMAL,False,False,0.9269326660141815
2025-06-08T09:10:31.656569,Hsp-aux-10405_c23.xml,"{""input"": ""tests/xcsp3/cop/UNKNOWN/Hsp-aux-10405_c23.xml"", ""solver"": ""xcsp:ACE@2.4"", ""output_dir"": ""results_comparison"", ""global_time_limit"": 600, ""max_tries"": 50, ""tuning_file"": ""tests/psa/ace.tuning.json"", ""hpo_strategy"": ""hamming"", ""global_time_strategy"": ""PERCENT"", ""percent"": 0.2, ""round_time_strategy"": ""STATIC"", ""time_evolution"": ""STATIC"", ""stop_strategy"": ""TIMEOUT""}",171,"{""varh"": ""Memory"", ""valh"": ""First"", ""saf"": ""False"", ""pc1"": ""True"", ""bdc"": ""1"", ""toh"": ""False"", ""ng"": ""NO"", ""lc"": ""2"", ""negative"": ""VA"", ""generic2"": ""True"", ""sb"": ""NO""}",1.1135222500015516,0.9944803329999559,198,ExitStatus.OPTIMAL,False,False,0.9944803329999559
2025-06-08T09:10:32.660625,Hsp-aux-10405_c23.xml,"{""input"": ""tests/xcsp3/cop/UNKNOWN/Hsp-aux-10405_c23.xml"", ""solver"": ""xcsp:ACE@2.4"", ""output_dir"": ""results_comparison"", ""global_time_limit"": 600, ""max_tries"": 50, ""tuning_file"": ""tests/psa/ace.tuning.json"", ""hpo_strategy"": ""hamming"", ""global_time_strategy"": ""PERCENT"", ""percent"": 0.2, ""round_time_strategy"": ""STATIC"", ""time_evolution"": ""STATIC"", ""stop_strategy"": ""TIMEOUT""}",172,"{""varh"": ""Memory"", ""valh"": ""First"", ""saf"": ""False"", ""pc1"": ""True"", ""bdc"": ""10"", ""toh"": ""False"", ""ng"": ""NO"", ""lc"": ""2"", ""negative"": ""V"", ""generic2"": ""True"", ""sb"": ""NO""}",1.1135222500015516,0.9050718329963274,198,ExitStatus.OPTIMAL,False,False,0.9050718329963274
2025-06-08T09:10:33.742509,Hsp-aux-10405_c23.xml,"{""input"": ""tests/xcsp3/cop/UNKNOWN/Hsp-aux-10405_c23.xml"", ""solver"": ""xcsp:ACE@2.4"", ""output_dir"": ""results_comparison"", ""global_time_limit"": 600, ""max_tries"": 50, ""tuning_file"": ""tests/psa/ace.tuning.json"", ""hpo_strategy"": ""hamming"", ""global_time_strategy"": ""PERCENT"", ""percent"": 0.2, ""round_time_strategy"": ""STATIC"", ""time_evolution"": ""STATIC"", ""stop_strategy"": ""TIMEOUT""}",173,"{""varh"": ""WdegOnDom"", ""valh"": ""First"", ""saf"": ""False"", ""pc1"": ""True"", ""bdc"": ""1"", ""toh"": ""False"", ""ng"": ""NO"", ""lc"": ""2"", ""negative"": ""STR1N"", ""generic2"": ""True"", ""sb"": ""NO""}",1.1135222500015516,0.9796080410014838,198,ExitStatus.OPTIMAL,False,False,0.9796080410014838
2025-06-08T09:10:34.789230,Hsp-aux-10405_c23.xml,"{""input"": ""tests/xcsp3/cop/UNKNOWN/Hsp-aux-10405_c23.xml"", ""solver"": ""xcsp:ACE@2.4"", ""output_dir"": ""results_comparison"", ""global_time_limit"": 600, ""max_tries"": 50, ""tuning_file"": ""tests/psa/ace.tuning.json"", ""hpo_strategy"": ""hamming"", ""global_time_strategy"": ""PERCENT"", ""percent"": 0.2, ""round_time_strategy"": ""STATIC"", ""time_evolution"": ""STATIC"", ""stop_strategy"": ""TIMEOUT""}",174,"{""varh"": ""Wdeg"", ""valh"": ""FlrsE"", ""saf"": ""False"", ""pc1"": ""True"", ""bdc"": ""1"", ""toh"": ""False"", ""ng"": ""NO"", ""lc"": ""2"", ""negative"": ""VA"", ""generic2"": ""True"", ""sb"": ""NO""}",1.1135222500015516,0.9202095830114558,198,ExitStatus.OPTIMAL,False,False,0.9202095830114558
2025-06-08T09:10:35.754014,Hsp-aux-10405_c23.xml,"{""input"": ""tests/xcsp3/cop/UNKNOWN/Hsp-aux-10405_c23.xml"", ""solver"": ""xcsp:ACE@2.4"", ""output_dir"": ""results_comparison"", ""global_time_limit"": 600, ""max_tries"": 50, ""tuning_file"": ""tests/psa/ace.tuning.json"", ""hpo_strategy"": ""hamming"", ""global_time_strategy"": ""PERCENT"", ""percent"": 0.2, ""round_time_strategy"": ""STATIC"", ""time_evolution"": ""STATIC"", ""stop_strategy"": ""TIMEOUT""}",175,"{""varh"": ""Wdeg"", ""valh"": ""Bivs3"", ""saf"": ""False"", ""pc1"": ""True"", ""bdc"": ""100"", ""toh"": ""False"", ""ng"": ""NO"", ""lc"": ""2"", ""negative"": ""V"", ""generic2"": ""True"", ""sb"": ""NO""}",1.1135222500015516,0.8646724999998696,,ExitStatus.UNKNOWN,False,False,0.8646724999998696
2025-06-08T09:10:36.804189,Hsp-aux-10405_c23.xml,"{""input"": ""tests/xcsp3/cop/UNKNOWN/Hsp-aux-10405_c23.xml"", ""solver"": ""xcsp:ACE@2.4"", ""output_dir"": ""results_comparison"", ""global_time_limit"": 600, ""max_tries"": 50, ""tuning_file"": ""tests/psa/ace.tuning.json"", ""hpo_strategy"": ""hamming"", ""global_time_strategy"": ""PERCENT"", ""percent"": 0.2, ""round_time_strategy"": ""STATIC"", ""time_evolution"": ""STATIC"", ""stop_strategy"": ""TIMEOUT""}",176,"{""varh"": ""RunRobin"", ""valh"": ""First"", ""saf"": ""False"", ""pc1"": ""True"", ""bdc"": ""1"", ""toh"": ""False"", ""ng"": ""NO"", ""lc"": ""2"", ""negative"": ""CT"", ""generic2"": ""True"", ""sb"": ""NO""}",1.1135222500015516,0.9502171670028474,198,ExitStatus.OPTIMAL,False,False,0.9502171670028474
2025-06-08T09:10:38.450088,Hsp-aux-10405_c23.xml,"{""input"": ""tests/xcsp3/cop/UNKNOWN/Hsp-aux-10405_c23.xml"", ""solver"": ""xcsp:ACE@2.4"", ""output_dir"": ""results_comparison"", ""global_time_limit"": 600, ""max_tries"": 50, ""tuning_file"": ""tests/psa/ace.tuning.json"", ""hpo_strategy"": ""hamming"", ""global_time_strategy"": ""PERCENT"", ""percent"": 0.2, ""round_time_strategy"": ""STATIC"", ""time_evolution"": ""STATIC"", ""stop_strategy"": ""TIMEOUT""}",177,"{""varh"": ""Lexico"", ""valh"": ""First"", ""saf"": ""True"", ""pc1"": ""True"", ""bdc"": ""1"", ""toh"": ""False"", ""ng"": ""NO"", ""lc"": ""2"", ""negative"": ""V"", ""generic2"": ""True"", ""sb"": ""NO""}",1.1135222500015516,1.5444479160069022,,ExitStatus.UNKNOWN,False,False,1.5444479160069022
2025-06-08T09:10:39.729129,Hsp-aux-10405_c23.xml,"{""input"": ""tests/xcsp3/cop/UNKNOWN/Hsp-aux-10405_c23.xml"", ""solver"": ""xcsp:ACE@2.4"", ""output_dir"": ""results_comparison"", ""global_time_limit"": 600, ""max_tries"": 50, ""tuning_file"": ""tests/psa/ace.tuning.json"", ""hpo_strategy"": ""hamming"", ""global_time_strategy"": ""PERCENT"", ""percent"": 0.2, ""round_time_strategy"": ""STATIC"", ""time_evolution"": ""STATIC"", ""stop_strategy"": ""TIMEOUT""}",178,"{""varh"": ""Wdeg"", ""valh"": ""Median"", ""saf"": ""False"", ""pc1"": ""True"", ""bdc"": ""1"", ""toh"": ""False"", ""ng"": ""NO"", ""lc"": ""2"", ""negative"": ""VA"", ""generic2"": ""True"", ""sb"": ""NO""}",1.1135222500015516,1.1704331670189276,198,ExitStatus.OPTIMAL,False,False,1.1704331670189276
2025-06-08T09:10:40.749123,Hsp-aux-10405_c23.xml,"{""input"": ""tests/xcsp3/cop/UNKNOWN/Hsp-aux-10405_c23.xml"", ""solver"": ""xcsp:ACE@2.4"", ""output_dir"": ""results_comparison"", ""global_time_limit"": 600, ""max_tries"": 50, ""tuning_file"": ""tests/psa/ace.tuning.json"", ""hpo_strategy"": ""hamming"", ""global_time_strategy"": ""PERCENT"", ""percent"": 0.2, ""round_time_strategy"": ""STATIC"", ""time_evolution"": ""STATIC"", ""stop_strategy"": ""TIMEOUT""}",179,"{""varh"": ""Wdeg"", ""valh"": ""First"", ""saf"": ""False"", ""pc1"": ""True"", ""bdc"": ""1"", ""toh"": ""True"", ""ng"": ""NO"", ""lc"": ""1"", ""negative"": ""V"", ""generic2"": ""True"", ""sb"": ""NO""}",1.1135222500015516,0.9168749999953434,198,ExitStatus.OPTIMAL,False,False,0.9168749999953434
2025-06-08T09:10:41.715147,Hsp-aux-10405_c23.xml,"{""input"": ""tests/xcsp3/cop/UNKNOWN/Hsp-aux-10405_c23.xml"", ""solver"": ""xcsp:ACE@2.4"", ""output_dir"": ""results_comparison"", ""global_time_limit"": 600, ""max_tries"": 50, ""tuning_file"": ""tests/psa/ace.tuning.json"", ""hpo_strategy"": ""hamming"", ""global_time_strategy"": ""PERCENT"", ""percent"": 0.2, ""round_time_strategy"": ""STATIC"", ""time_evolution"": ""STATIC"", ""stop_strategy"": ""TIMEOUT""}",180,"{""varh"": ""Wdeg"", ""valh"": ""First"", ""saf"": ""False"", ""pc1"": ""True"", ""bdc"": ""100"", ""toh"": ""False"", ""ng"": ""NO"", ""lc"": ""2"", ""negative"": ""STR1N"", ""generic2"": ""True"", ""sb"": ""NO""}",1.1135222500015516,0.8665782090101857,,ExitStatus.UNKNOWN,False,False,0.8665782090101857
2025-06-08T09:10:42.730700,Hsp-aux-10405_c23.xml,"{""input"": ""tests/xcsp3/cop/UNKNOWN/Hsp-aux-10405_c23.xml"", ""solver"": ""xcsp:ACE@2.4"", ""output_dir"": ""results_comparison"", ""global_time_limit"": 600, ""max_tries"": 50, ""tuning_file"": ""tests/psa/ace.tuning.json"", ""hpo_strategy"": ""hamming"", ""global_time_strategy"": ""PERCENT"", ""percent"": 0.2, ""round_time_strategy"": ""STATIC"", ""time_evolution"": ""STATIC"", ""stop_strategy"": ""TIMEOUT""}",181,"{""varh"": ""Memory"", ""valh"": ""FlrsE"", ""saf"": ""False"", ""pc1"": ""True"", ""bdc"": ""1"", ""toh"": ""False"", ""ng"": ""NO"", ""lc"": ""2"", ""negative"": ""V"", ""generic2"": ""True"", ""sb"": ""NO""}",1.1135222500015516,0.9155321250145789,198,ExitStatus.OPTIMAL,False,False,0.9155321250145789
2025-06-08T09:10:43.802362,Hsp-aux-10405_c23.xml,"{""input"": ""tests/xcsp3/cop/UNKNOWN/Hsp-aux-10405_c23.xml"", ""solver"": ""xcsp:ACE@2.4"", ""output_dir"": ""results_comparison"", ""global_time_limit"": 600, ""max_tries"": 50, ""tuning_file"": ""tests/psa/ace.tuning.json"", ""hpo_strategy"": ""hamming"", ""global_time_strategy"": ""PERCENT"", ""percent"": 0.2, ""round_time_strategy"": ""STATIC"", ""time_evolution"": ""STATIC"", ""stop_strategy"": ""TIMEOUT""}",182,"{""varh"": ""Memory"", ""valh"": ""OccsR"", ""saf"": ""False"", ""pc1"": ""True"", ""bdc"": ""1"", ""toh"": ""False"", ""ng"": ""NO"", ""lc"": ""2"", ""negative"": ""V"", ""generic2"": ""True"", ""sb"": ""NO""}",1.1135222500015516,0.9710706660116557,198,ExitStatus.OPTIMAL,False,False,0.9710706660116557
2025-06-08T09:10:44.802323,Hsp-aux-10405_c23.xml,"{""input"": ""tests/xcsp3/cop/UNKNOWN/Hsp-aux-10405_c23.xml"", ""solver"": ""xcsp:ACE@2.4"", ""output_dir"": ""results_comparison"", ""global_time_limit"": 600, ""max_tries"": 50, ""tuning_file"": ""tests/psa/ace.tuning.json"", ""hpo_strategy"": ""hamming"", ""global_time_strategy"": ""PERCENT"", ""percent"": 0.2, ""round_time_strategy"": ""STATIC"", ""time_evolution"": ""STATIC"", ""stop_strategy"": ""TIMEOUT""}",183,"{""varh"": ""Wdeg"", ""valh"": ""First"", ""saf"": ""True"", ""pc1"": ""True"", ""bdc"": ""1000"", ""toh"": ""False"", ""ng"": ""NO"", ""lc"": ""2"", ""negative"": ""V"", ""generic2"": ""True"", ""sb"": ""NO""}",1.1135222500015516,0.8724247499776538,,ExitStatus.UNKNOWN,False,False,0.8724247499776538
2025-06-08T09:10:47.519026,Hsp-aux-10405_c23.xml,"{""input"": ""tests/xcsp3/cop/UNKNOWN/Hsp-aux-10405_c23.xml"", ""solver"": ""xcsp:ACE@2.4"", ""output_dir"": ""results_comparison"", ""global_time_limit"": 600, ""max_tries"": 50, ""tuning_file"": ""tests/psa/ace.tuning.json"", ""hpo_strategy"": ""hamming"", ""global_time_strategy"": ""PERCENT"", ""percent"": 0.2, ""round_time_strategy"": ""STATIC"", ""time_evolution"": ""STATIC"", ""stop_strategy"": ""TIMEOUT""}",184,"{""varh"": ""Wdeg"", ""valh"": ""Conflicts"", ""saf"": ""False"", ""pc1"": ""True"", ""bdc"": ""1"", ""toh"": ""False"", ""ng"": ""NO"", ""lc"": ""2"", ""negative"": ""STR0"", ""generic2"": ""True"", ""sb"": ""NO""}",1.1135222500015516,2.6176238330081105,,ExitStatus.UNKNOWN,False,False,2.6176238330081105
2025-06-08T09:10:48.525906,Hsp-aux-10405_c23.xml,"{""input"": ""tests/xcsp3/cop/UNKNOWN/Hsp-aux-10405_c23.xml"", ""solver"": ""xcsp:ACE@2.4"", ""output_dir"": ""results_comparison"", ""global_time_limit"": 600, ""max_tries"": 50, ""tuning_file"": ""tests/psa/ace.tuning.json"", ""hpo_strategy"": ""hamming"", ""global_time_strategy"": ""PERCENT"", ""percent"": 0.2, ""round_time_strategy"": ""STATIC"", ""time_evolution"": ""STATIC"", ""stop_strategy"": ""TIMEOUT""}",185,"{""varh"": ""Wdeg"", ""valh"": ""First"", ""saf"": ""False"", ""pc1"": ""True"", ""bdc"": ""10"", ""toh"": ""False"", ""ng"": ""NO"", ""lc"": ""2"", ""negative"": ""STR2"", ""generic2"": ""True"", ""sb"": ""NO""}",1.1135222500015516,0.9099938329891302,198,ExitStatus.OPTIMAL,False,False,0.9099938329891302
2025-06-08T09:10:49.579596,Hsp-aux-10405_c23.xml,"{""input"": ""tests/xcsp3/cop/UNKNOWN/Hsp-aux-10405_c23.xml"", ""solver"": ""xcsp:ACE@2.4"", ""output_dir"": ""results_comparison"", ""global_time_limit"": 600, ""max_tries"": 50, ""tuning_file"": ""tests/psa/ace.tuning.json"", ""hpo_strategy"": ""hamming"", ""global_time_strategy"": ""PERCENT"", ""percent"": 0.2, ""round_time_strategy"": ""STATIC"", ""time_evolution"": ""STATIC"", ""stop_strategy"": ""TIMEOUT""}",186,"{""varh"": ""RunRobin"", ""valh"": ""Vals"", ""saf"": ""False"", ""pc1"": ""True"", ""bdc"": ""1"", ""toh"": ""False"", ""ng"": ""NO"", ""lc"": ""2"", ""negative"": ""V"", ""generic2"": ""True"", ""sb"": ""NO""}",1.1135222500015516,0.9533040410024114,198,ExitStatus.OPTIMAL,False,False,0.9533040410024114
2025-06-08T09:10:51.218898,Hsp-aux-10405_c23.xml,"{""input"": ""tests/xcsp3/cop/UNKNOWN/Hsp-aux-10405_c23.xml"", ""solver"": ""xcsp:ACE@2.4"", ""output_dir"": ""results_comparison"", ""global_time_limit"": 600, ""max_tries"": 50, ""tuning_file"": ""tests/psa/ace.tuning.json"", ""hpo_strategy"": ""hamming"", ""global_time_strategy"": ""PERCENT"", ""percent"": 0.2, ""round_time_strategy"": ""STATIC"", ""time_evolution"": ""STATIC"", ""stop_strategy"": ""TIMEOUT""}",187,"{""varh"": ""Impact"", ""valh"": ""First"", ""saf"": ""False"", ""pc1"": ""True"", ""bdc"": ""1"", ""toh"": ""False"", ""ng"": ""NO"", ""lc"": ""2"", ""negative"": ""STR3"", ""generic2"": ""True"", ""sb"": ""NO""}",1.1135222500015516,1.5404246250109281,,ExitStatus.UNKNOWN,False,False,1.5404246250109281
2025-06-08T09:10:52.231287,Hsp-aux-10405_c23.xml,"{""input"": ""tests/xcsp3/cop/UNKNOWN/Hsp-aux-10405_c23.xml"", ""solver"": ""xcsp:ACE@2.4"", ""output_dir"": ""results_comparison"", ""global_time_limit"": 600, ""max_tries"": 50, ""tuning_file"": ""tests/psa/ace.tuning.json"", ""hpo_strategy"": ""hamming"", ""global_time_strategy"": ""PERCENT"", ""percent"": 0.2, ""round_time_strategy"": ""STATIC"", ""time_evolution"": ""STATIC"", ""stop_strategy"": ""TIMEOUT""}",188,"{""varh"": ""Memory"", ""valh"": ""Bivs3"", ""saf"": ""False"", ""pc1"": ""True"", ""bdc"": ""1"", ""toh"": ""False"", ""ng"": ""NO"", ""lc"": ""2"", ""negative"": ""V"", ""generic2"": ""True"", ""sb"": ""NO""}",1.1135222500015516,0.9127742919954471,198,ExitStatus.OPTIMAL,False,False,0.9127742919954471
2025-06-08T09:10:53.241954,Hsp-aux-10405_c23.xml,"{""input"": ""tests/xcsp3/cop/UNKNOWN/Hsp-aux-10405_c23.xml"", ""solver"": ""xcsp:ACE@2.4"", ""output_dir"": ""results_comparison"", ""global_time_limit"": 600, ""max_tries"": 50, ""tuning_file"": ""tests/psa/ace.tuning.json"", ""hpo_strategy"": ""hamming"", ""global_time_strategy"": ""PERCENT"", ""percent"": 0.2, ""round_time_strategy"": ""STATIC"", ""time_evolution"": ""STATIC"", ""stop_strategy"": ""TIMEOUT""}",189,"{""varh"": ""Memory"", ""valh"": ""First"", ""saf"": ""False"", ""pc1"": ""True"", ""bdc"": ""1"", ""toh"": ""False"", ""ng"": ""NO"", ""lc"": ""2"", ""negative"": ""STR3"", ""generic2"": ""True"", ""sb"": ""NO""}",1.1135222500015516,0.9103851249965373,198,ExitStatus.OPTIMAL,False,False,0.9103851249965373
2025-06-08T09:10:54.373489,Hsp-aux-10405_c23.xml,"{""input"": ""tests/xcsp3/cop/UNKNOWN/Hsp-aux-10405_c23.xml"", ""solver"": ""xcsp:ACE@2.4"", ""output_dir"": ""results_comparison"", ""global_time_limit"": 600, ""max_tries"": 50, ""tuning_file"": ""tests/psa/ace.tuning.json"", ""hpo_strategy"": ""hamming"", ""global_time_strategy"": ""PERCENT"", ""percent"": 0.2, ""round_time_strategy"": ""STATIC"", ""time_evolution"": ""STATIC"", ""stop_strategy"": ""TIMEOUT""}",190,"{""varh"": ""FrbaOnDom"", ""valh"": ""First"", ""saf"": ""False"", ""pc1"": ""False"", ""bdc"": ""1"", ""toh"": ""False"", ""ng"": ""NO"", ""lc"": ""2"", ""negative"": ""V"", ""generic2"": ""True"", ""sb"": ""NO""}",1.1135222500015516,1.0320098749944009,198,ExitStatus.OPTIMAL,False,False,1.0320098749944009
2025-06-08T09:10:55.412462,Hsp-aux-10405_c23.xml,"{""input"": ""tests/xcsp3/cop/UNKNOWN/Hsp-aux-10405_c23.xml"", ""solver"": ""xcsp:ACE@2.4"", ""output_dir"": ""results_comparison"", ""global_time_limit"": 600, ""max_tries"": 50, ""tuning_file"": ""tests/psa/ace.tuning.json"", ""hpo_strategy"": ""hamming"", ""global_time_strategy"": ""PERCENT"", ""percent"": 0.2, ""round_time_strategy"": ""STATIC"", ""time_evolution"": ""STATIC"", ""stop_strategy"": ""TIMEOUT""}",191,"{""varh"": ""Wdeg"", ""valh"": ""FlrsE"", ""saf"": ""False"", ""pc1"": ""True"", ""bdc"": ""1"", ""toh"": ""False"", ""ng"": ""NO"", ""lc"": ""0"", ""negative"": ""V"", ""generic2"": ""True"", ""sb"": ""NO""}",1.1135222500015516,0.9389654170081485,198,ExitStatus.OPTIMAL,False,False,0.9389654170081485
2025-06-08T09:10:56.467711,Hsp-aux-10405_c23.xml,"{""input"": ""tests/xcsp3/cop/UNKNOWN/Hsp-aux-10405_c23.xml"", ""solver"": ""xcsp:ACE@2.4"", ""output_dir"": ""results_comparison"", ""global_time_limit"": 600, ""max_tries"": 50, ""tuning_file"": ""tests/psa/ace.tuning.json"", ""hpo_strategy"": ""hamming"", ""global_time_strategy"": ""PERCENT"", ""percent"": 0.2, ""round_time_strategy"": ""STATIC"", ""time_evolution"": ""STATIC"", ""stop_strategy"": ""TIMEOUT""}",192,"{""varh"": ""Wdeg"", ""valh"": ""First"", ""saf"": ""False"", ""pc1"": ""True"", ""bdc"": ""1"", ""toh"": ""False"", ""ng"": ""NO"", ""lc"": ""5"", ""negative"": ""V"", ""generic2"": ""False"", ""sb"": ""NO""}",1.1135222500015516,0.9532280839921441,198,ExitStatus.OPTIMAL,False,False,0.9532280839921441
2025-06-08T09:10:57.477206,Hsp-aux-10405_c23.xml,"{""input"": ""tests/xcsp3/cop/UNKNOWN/Hsp-aux-10405_c23.xml"", ""solver"": ""xcsp:ACE@2.4"", ""output_dir"": ""results_comparison"", ""global_time_limit"": 600, ""max_tries"": 50, ""tuning_file"": ""tests/psa/ace.tuning.json"", ""hpo_strategy"": ""hamming"", ""global_time_strategy"": ""PERCENT"", ""percent"": 0.2, ""round_time_strategy"": ""STATIC"", ""time_evolution"": ""STATIC"", ""stop_strategy"": ""TIMEOUT""}",193,"{""varh"": ""Wdeg"", ""valh"": ""First"", ""saf"": ""False"", ""pc1"": ""True"", ""bdc"": ""100"", ""toh"": ""False"", ""ng"": ""NO"", ""lc"": ""10"", ""negative"": ""V"", ""generic2"": ""True"", ""sb"": ""NO""}",1.1135222500015516,0.8744505000067875,,ExitStatus.UNKNOWN,False,False,0.8744505000067875
2025-06-08T09:10:59.118682,Hsp-aux-10405_c23.xml,"{""input"": ""tests/xcsp3/cop/UNKNOWN/Hsp-aux-10405_c23.xml"", ""solver"": ""xcsp:ACE@2.4"", ""output_dir"": ""results_comparison"", ""global_time_limit"": 600, ""max_tries"": 50, ""tuning_file"": ""tests/psa/ace.tuning.json"", ""hpo_strategy"": ""hamming"", ""global_time_strategy"": ""PERCENT"", ""percent"": 0.2, ""round_time_strategy"": ""STATIC"", ""time_evolution"": ""STATIC"", ""stop_strategy"": ""TIMEOUT""}",194,"{""varh"": ""Rand"", ""valh"": ""First"", ""saf"": ""False"", ""pc1"": ""False"", ""bdc"": ""1"", ""toh"": ""False"", ""ng"": ""NO"", ""lc"": ""2"", ""negative"": ""V"", ""generic2"": ""True"", ""sb"": ""NO""}",1.1135222500015516,1.5416124580078758,198,ExitStatus.FEASIBLE,False,False,1.5416124580078758
2025-06-08T09:11:00.135810,Hsp-aux-10405_c23.xml,"{""input"": ""tests/xcsp3/cop/UNKNOWN/Hsp-aux-10405_c23.xml"", ""solver"": ""xcsp:ACE@2.4"", ""output_dir"": ""results_comparison"", ""global_time_limit"": 600, ""max_tries"": 50, ""tuning_file"": ""tests/psa/ace.tuning.json"", ""hpo_strategy"": ""hamming"", ""global_time_strategy"": ""PERCENT"", ""percent"": 0.2, ""round_time_strategy"": ""STATIC"", ""time_evolution"": ""STATIC"", ""stop_strategy"": ""TIMEOUT""}",195,"{""varh"": ""Wdeg"", ""valh"": ""First"", ""saf"": ""False"", ""pc1"": ""True"", ""bdc"": ""1"", ""toh"": ""False"", ""ng"": ""NO"", ""lc"": ""10"", ""negative"": ""STR1"", ""generic2"": ""True"", ""sb"": ""NO""}",1.1135222500015516,0.917855583014898,198,ExitStatus.OPTIMAL,False,False,0.917855583014898
2025-06-08T09:11:01.099643,Hsp-aux-10405_c23.xml,"{""input"": ""tests/xcsp3/cop/UNKNOWN/Hsp-aux-10405_c23.xml"", ""solver"": ""xcsp:ACE@2.4"", ""output_dir"": ""results_comparison"", ""global_time_limit"": 600, ""max_tries"": 50, ""tuning_file"": ""tests/psa/ace.tuning.json"", ""hpo_strategy"": ""hamming"", ""global_time_strategy"": ""PERCENT"", ""percent"": 0.2, ""round_time_strategy"": ""STATIC"", ""time_evolution"": ""STATIC"", ""stop_strategy"": ""TIMEOUT""}",196,"{""varh"": ""Wdeg"", ""valh"": ""RunRobin"", ""saf"": ""False"", ""pc1"": ""True"", ""bdc"": ""1000"", ""toh"": ""False"", ""ng"": ""NO"", ""lc"": ""2"", ""negative"": ""V"", ""generic2"": ""True"", ""sb"": ""NO""}",1.1135222500015516,0.8647086250130087,,ExitStatus.UNKNOWN,False,False,0.8647086250130087
2025-06-08T09:11:02.109625,Hsp-aux-10405_c23.xml,"{""input"": ""tests/xcsp3/cop/UNKNOWN/Hsp-aux-10405_c23.xml"", ""solver"": ""xcsp:ACE@2.4"", ""output_dir"": ""results_comparison"", ""global_time_limit"": 600, ""max_tries"": 50, ""tuning_file"": ""tests/psa/ace.tuning.json"", ""hpo_strategy"": ""hamming"", ""global_time_strategy"": ""PERCENT"", ""percent"": 0.2, ""round_time_strategy"": ""STATIC"", ""time_evolution"": ""STATIC"", ""stop_strategy"": ""TIMEOUT""}",197,"{""varh"": ""Wdeg"", ""valh"": ""FlrsE"", ""saf"": ""True"", ""pc1"": ""True"", ""bdc"": ""1"", ""toh"": ""False"", ""ng"": ""NO"", ""lc"": ""2"", ""negative"": ""V"", ""generic2"": ""True"", ""sb"": ""NO""}",1.1135222500015516,0.9119422500079963,198,ExitStatus.OPTIMAL,False,False,0.9119422500079963
2025-06-08T09:11:03.120975,Hsp-aux-10405_c23.xml,"{""input"": ""tests/xcsp3/cop/UNKNOWN/Hsp-aux-10405_c23.xml"", ""solver"": ""xcsp:ACE@2.4"", ""output_dir"": ""results_comparison"", ""global_time_limit"": 600, ""max_tries"": 50, ""tuning_file"": ""tests/psa/ace.tuning.json"", ""hpo_strategy"": ""hamming"", ""global_time_strategy"": ""PERCENT"", ""percent"": 0.2, ""round_time_strategy"": ""STATIC"", ""time_evolution"": ""STATIC"", ""stop_strategy"": ""TIMEOUT""}",198,"{""varh"": ""Wdeg"", ""valh"": ""First"", ""saf"": ""False"", ""pc1"": ""True"", ""bdc"": ""1"", ""toh"": ""True"", ""ng"": ""NO"", ""lc"": ""2"", ""negative"": ""STR1N"", ""generic2"": ""True"", ""sb"": ""NO""}",1.1135222500015516,0.9106914169969968,198,ExitStatus.OPTIMAL,False,False,0.9106914169969968
2025-06-08T09:11:05.921431,Hsp-aux-10405_c23.xml,"{""input"": ""tests/xcsp3/cop/UNKNOWN/Hsp-aux-10405_c23.xml"", ""solver"": ""xcsp:ACE@2.4"", ""output_dir"": ""results_comparison"", ""global_time_limit"": 600, ""max_tries"": 50, ""tuning_file"": ""tests/psa/ace.tuning.json"", ""hpo_strategy"": ""hamming"", ""global_time_strategy"": ""PERCENT"", ""percent"": 0.2, ""round_time_strategy"": ""STATIC"", ""time_evolution"": ""STATIC"", ""stop_strategy"": ""TIMEOUT""}",199,"{""varh"": ""Wdeg"", ""valh"": ""Conflicts"", ""saf"": ""False"", ""pc1"": ""True"", ""bdc"": ""10"", ""toh"": ""False"", ""ng"": ""NO"", ""lc"": ""2"", ""negative"": ""V"", ""generic2"": ""True"", ""sb"": ""NO""}",1.1135222500015516,2.7002588330069557,,ExitStatus.UNKNOWN,False,False,2.7002588330069557
2025-06-08T09:11:07.021268,Hsp-aux-10405_c23.xml,"{""input"": ""tests/xcsp3/cop/UNKNOWN/Hsp-aux-10405_c23.xml"", ""solver"": ""xcsp:ACE@2.4"", ""output_dir"": ""results_comparison"", ""global_time_limit"": 600, ""max_tries"": 50, ""tuning_file"": ""tests/psa/ace.tuning.json"", ""hpo_strategy"": ""hamming"", ""global_time_strategy"": ""PERCENT"", ""percent"": 0.2, ""round_time_strategy"": ""STATIC"", ""time_evolution"": ""STATIC"", ""stop_strategy"": ""TIMEOUT""}",200,"{""varh"": ""Wdeg"", ""valh"": ""First"", ""saf"": ""False"", ""pc1"": ""True"", ""bdc"": ""1"", ""toh"": ""False"", ""ng"": ""NO"", ""lc"": ""2"", ""negative"": ""CT"", ""generic2"": ""False"", ""sb"": ""NO""}",1.1135222500015516,0.9979419580195099,198,ExitStatus.OPTIMAL,False,False,0.9979419580195099
2025-06-08T09:11:08.699430,Hsp-aux-10405_c23.xml,"{""input"": ""tests/xcsp3/cop/UNKNOWN/Hsp-aux-10405_c23.xml"", ""solver"": ""xcsp:ACE@2.4"", ""output_dir"": ""results_comparison"", ""global_time_limit"": 600, ""max_tries"": 50, ""tuning_file"": ""tests/psa/ace.tuning.json"", ""hpo_strategy"": ""hamming"", ""global_time_strategy"": ""PERCENT"", ""percent"": 0.2, ""round_time_strategy"": ""STATIC"", ""time_evolution"": ""STATIC"", ""stop_strategy"": ""TIMEOUT""}",201,"{""varh"": ""Activity"", ""valh"": ""First"", ""saf"": ""False"", ""pc1"": ""False"", ""bdc"": ""1"", ""toh"": ""False"", ""ng"": ""NO"", ""lc"": ""2"", ""negative"": ""V"", ""generic2"": ""True"", ""sb"": ""NO""}",1.1135222500015516,1.5511784999980591,270,ExitStatus.FEASIBLE,False,False,1.5511784999980591
2025-06-08T09:11:10.004528,Hsp-aux-10405_c23.xml,"{""input"": ""tests/xcsp3/cop/UNKNOWN/Hsp-aux-10405_c23.xml"", ""solver"": ""xcsp:ACE@2.4"", ""output_dir"": ""results_comparison"", ""global_time_limit"": 600, ""max_tries"": 50, ""tuning_file"": ""tests/psa/ace.tuning.json"", ""hpo_strategy"": ""hamming"", ""global_time_strategy"": ""PERCENT"", ""percent"": 0.2, ""round_time_strategy"": ""STATIC"", ""time_evolution"": ""STATIC"", ""stop_strategy"": ""TIMEOUT""}",202,"{""varh"": ""Wdeg"", ""valh"": ""Last"", ""saf"": ""False"", ""pc1"": ""True"", ""bdc"": ""1"", ""toh"": ""False"", ""ng"": ""NO"", ""lc"": ""2"", ""negative"": ""STR1"", ""generic2"": ""True"", ""sb"": ""NO""}",1.1135222500015516,1.2033685839851387,198,ExitStatus.OPTIMAL,False,False,1.2033685839851387
2025-06-08T09:11:11.032823,Hsp-aux-10405_c23.xml,"{""input"": ""tests/xcsp3/cop/UNKNOWN/Hsp-aux-10405_c23.xml"", ""solver"": ""xcsp:ACE@2.4"", ""output_dir"": ""results_comparison"", ""global_time_limit"": 600, ""max_tries"": 50, ""tuning_file"": ""tests/psa/ace.tuning.json"", ""hpo_strategy"": ""hamming"", ""global_time_strategy"": ""PERCENT"", ""percent"": 0.2, ""round_time_strategy"": ""STATIC"", ""time_evolution"": ""STATIC"", ""stop_strategy"": ""TIMEOUT""}",203,"{""varh"": ""Wdeg"", ""valh"": ""First"", ""saf"": ""False"", ""pc1"": ""True"", ""bdc"": ""1"", ""toh"": ""True"", ""ng"": ""NO"", ""lc"": ""5"", ""negative"": ""V"", ""generic2"": ""True"", ""sb"": ""NO""}",1.1135222500015516,0.9184710829867981,198,ExitStatus.OPTIMAL,False,False,0.9184710829867981
2025-06-08T09:11:12.045706,Hsp-aux-10405_c23.xml,"{""input"": ""tests/xcsp3/cop/UNKNOWN/Hsp-aux-10405_c23.xml"", ""solver"": ""xcsp:ACE@2.4"", ""output_dir"": ""results_comparison"", ""global_time_limit"": 600, ""max_tries"": 50, ""tuning_file"": ""tests/psa/ace.tuning.json"", ""hpo_strategy"": ""hamming"", ""global_time_strategy"": ""PERCENT"", ""percent"": 0.2, ""round_time_strategy"": ""STATIC"", ""time_evolution"": ""STATIC"", ""stop_strategy"": ""TIMEOUT""}",204,"{""varh"": ""Wdeg"", ""valh"": ""First"", ""saf"": ""False"", ""pc1"": ""True"", ""bdc"": ""1"", ""toh"": ""True"", ""ng"": ""NO"", ""lc"": ""2"", ""negative"": ""STR2"", ""generic2"": ""True"", ""sb"": ""NO""}",1.1135222500015516,0.9138536250102334,198,ExitStatus.OPTIMAL,False,False,0.9138536250102334
2025-06-08T09:11:13.054462,Hsp-aux-10405_c23.xml,"{""input"": ""tests/xcsp3/cop/UNKNOWN/Hsp-aux-10405_c23.xml"", ""solver"": ""xcsp:ACE@2.4"", ""output_dir"": ""results_comparison"", ""global_time_limit"": 600, ""max_tries"": 50, ""tuning_file"": ""tests/psa/ace.tuning.json"", ""hpo_strategy"": ""hamming"", ""global_time_strategy"": ""PERCENT"", ""percent"": 0.2, ""round_time_strategy"": ""STATIC"", ""time_evolution"": ""STATIC"", ""stop_strategy"": ""TIMEOUT""}",205,"{""varh"": ""Wdeg"", ""valh"": ""OccsR"", ""saf"": ""False"", ""pc1"": ""True"", ""bdc"": ""10"", ""toh"": ""False"", ""ng"": ""NO"", ""lc"": ""2"", ""negative"": ""V"", ""generic2"": ""True"", ""sb"": ""NO""}",1.1135222500015516,0.9089126249891706,198,ExitStatus.OPTIMAL,False,False,0.9089126249891706
2025-06-08T09:11:14.695927,Hsp-aux-10405_c23.xml,"{""input"": ""tests/xcsp3/cop/UNKNOWN/Hsp-aux-10405_c23.xml"", ""solver"": ""xcsp:ACE@2.4"", ""output_dir"": ""results_comparison"", ""global_time_limit"": 600, ""max_tries"": 50, ""tuning_file"": ""tests/psa/ace.tuning.json"", ""hpo_strategy"": ""hamming"", ""global_time_strategy"": ""PERCENT"", ""percent"": 0.2, ""round_time_strategy"": ""STATIC"", ""time_evolution"": ""STATIC"", ""stop_strategy"": ""TIMEOUT""}",206,"{""varh"": ""Lexico"", ""valh"": ""Vals"", ""saf"": ""False"", ""pc1"": ""True"", ""bdc"": ""1"", ""toh"": ""False"", ""ng"": ""NO"", ""lc"": ""2"", ""negative"": ""V"", ""generic2"": ""True"", ""sb"": ""NO""}",1.1135222500015516,1.5420499579922762,,ExitStatus.UNKNOWN,False,False,1.5420499579922762
2025-06-08T09:11:16.346563,Hsp-aux-10405_c23.xml,"{""input"": ""tests/xcsp3/cop/UNKNOWN/Hsp-aux-10405_c23.xml"", ""solver"": ""xcsp:ACE@2.4"", ""output_dir"": ""results_comparison"", ""global_time_limit"": 600, ""max_tries"": 50, ""tuning_file"": ""tests/psa/ace.tuning.json"", ""hpo_strategy"": ""hamming"", ""global_time_strategy"": ""PERCENT"", ""percent"": 0.2, ""round_time_strategy"": ""STATIC"", ""time_evolution"": ""STATIC"", ""stop_strategy"": ""TIMEOUT""}",207,"{""varh"": ""Impact"", ""valh"": ""First"", ""saf"": ""False"", ""pc1"": ""True"", ""bdc"": ""1"", ""toh"": ""False"", ""ng"": ""NO"", ""lc"": ""2"", ""negative"": ""STR2N"", ""generic2"": ""True"", ""sb"": ""NO""}",1.1135222500015516,1.5518655839841813,,ExitStatus.UNKNOWN,False,False,1.5518655839841813
2025-06-08T09:11:17.390185,Hsp-aux-10405_c23.xml,"{""input"": ""tests/xcsp3/cop/UNKNOWN/Hsp-aux-10405_c23.xml"", ""solver"": ""xcsp:ACE@2.4"", ""output_dir"": ""results_comparison"", ""global_time_limit"": 600, ""max_tries"": 50, ""tuning_file"": ""tests/psa/ace.tuning.json"", ""hpo_strategy"": ""hamming"", ""global_time_strategy"": ""PERCENT"", ""percent"": 0.2, ""round_time_strategy"": ""STATIC"", ""time_evolution"": ""STATIC"", ""stop_strategy"": ""TIMEOUT""}",208,"{""varh"": ""FrbaOnDom"", ""valh"": ""First"", ""saf"": ""False"", ""pc1"": ""True"", ""bdc"": ""1"", ""toh"": ""False"", ""ng"": ""NO"", ""lc"": ""2"", ""negative"": ""CT"", ""generic2"": ""True"", ""sb"": ""NO""}",1.1135222500015516,0.9447154589870479,198,ExitStatus.OPTIMAL,False,False,0.9447154589870479
2025-06-08T09:11:19.027417,Hsp-aux-10405_c23.xml,"{""input"": ""tests/xcsp3/cop/UNKNOWN/Hsp-aux-10405_c23.xml"", ""solver"": ""xcsp:ACE@2.4"", ""output_dir"": ""results_comparison"", ""global_time_limit"": 600, ""max_tries"": 50, ""tuning_file"": ""tests/psa/ace.tuning.json"", ""hpo_strategy"": ""hamming"", ""global_time_strategy"": ""PERCENT"", ""percent"": 0.2, ""round_time_strategy"": ""STATIC"", ""time_evolution"": ""STATIC"", ""stop_strategy"": ""TIMEOUT""}",209,"{""varh"": ""Lexico"", ""valh"": ""First"", ""saf"": ""False"", ""pc1"": ""True"", ""bdc"": ""1"", ""toh"": ""False"", ""ng"": ""NO"", ""lc"": ""1"", ""negative"": ""V"", ""generic2"": ""True"", ""sb"": ""NO""}",1.1135222500015516,1.5381632080243435,,ExitStatus.UNKNOWN,False,False,1.5381632080243435
2025-06-08T09:11:20.160329,Hsp-aux-10405_c23.xml,"{""input"": ""tests/xcsp3/cop/UNKNOWN/Hsp-aux-10405_c23.xml"", ""solver"": ""xcsp:ACE@2.4"", ""output_dir"": ""results_comparison"", ""global_time_limit"": 600, ""max_tries"": 50, ""tuning_file"": ""tests/psa/ace.tuning.json"", ""hpo_strategy"": ""hamming"", ""global_time_strategy"": ""PERCENT"", ""percent"": 0.2, ""round_time_strategy"": ""STATIC"", ""time_evolution"": ""STATIC"", ""stop_strategy"": ""TIMEOUT""}",210,"{""varh"": ""Rand"", ""valh"": ""First"", ""saf"": ""False"", ""pc1"": ""True"", ""bdc"": ""1000"", ""toh"": ""False"", ""ng"": ""NO"", ""lc"": ""2"", ""negative"": ""V"", ""generic2"": ""True"", ""sb"": ""NO""}",1.1135222500015516,1.034498084016377,,ExitStatus.UNKNOWN,False,False,1.034498084016377
2025-06-08T09:11:21.438890,Hsp-aux-10405_c23.xml,"{""input"": ""tests/xcsp3/cop/UNKNOWN/Hsp-aux-10405_c23.xml"", ""solver"": ""xcsp:ACE@2.4"", ""output_dir"": ""results_comparison"", ""global_time_limit"": 600, ""max_tries"": 50, ""tuning_file"": ""tests/psa/ace.tuning.json"", ""hpo_strategy"": ""hamming"", ""global_time_strategy"": ""PERCENT"", ""percent"": 0.2, ""round_time_strategy"": ""STATIC"", ""time_evolution"": ""STATIC"", ""stop_strategy"": ""TIMEOUT""}",211,"{""varh"": ""WdegOnDom"", ""valh"": ""Last"", ""saf"": ""False"", ""pc1"": ""True"", ""bdc"": ""1"", ""toh"": ""False"", ""ng"": ""NO"", ""lc"": ""2"", ""negative"": ""V"", ""generic2"": ""True"", ""sb"": ""NO""}",1.1135222500015516,1.1798868750047404,198,ExitStatus.OPTIMAL,False,False,1.1798868750047404
2025-06-08T09:11:23.092332,Hsp-aux-10405_c23.xml,"{""input"": ""tests/xcsp3/cop/UNKNOWN/Hsp-aux-10405_c23.xml"", ""solver"": ""xcsp:ACE@2.4"", ""output_dir"": ""results_comparison"", ""global_time_limit"": 600, ""max_tries"": 50, ""tuning_file"": ""tests/psa/ace.tuning.json"", ""hpo_strategy"": ""hamming"", ""global_time_strategy"": ""PERCENT"", ""percent"": 0.2, ""round_time_strategy"": ""STATIC"", ""time_evolution"": ""STATIC"", ""stop_strategy"": ""TIMEOUT""}",212,"{""varh"": ""Impact"", ""valh"": ""Bivs3"", ""saf"": ""False"", ""pc1"": ""True"", ""bdc"": ""1"", ""toh"": ""False"", ""ng"": ""NO"", ""lc"": ""2"", ""negative"": ""V"", ""generic2"": ""True"", ""sb"": ""NO""}",1.1135222500015516,1.5557236659806222,,ExitStatus.UNKNOWN,False,False,1.5557236659806222
2025-06-08T09:11:24.053522,Hsp-aux-10405_c23.xml,"{""input"": ""tests/xcsp3/cop/UNKNOWN/Hsp-aux-10405_c23.xml"", ""solver"": ""xcsp:ACE@2.4"", ""output_dir"": ""results_comparison"", ""global_time_limit"": 600, ""max_tries"": 50, ""tuning_file"": ""tests/psa/ace.tuning.json"", ""hpo_strategy"": ""hamming"", ""global_time_strategy"": ""PERCENT"", ""percent"": 0.2, ""round_time_strategy"": ""STATIC"", ""time_evolution"": ""STATIC"", ""stop_strategy"": ""TIMEOUT""}",213,"{""varh"": ""Wdeg"", ""valh"": ""First"", ""saf"": ""False"", ""pc1"": ""True"", ""bdc"": ""1000"", ""toh"": ""True"", ""ng"": ""NO"", ""lc"": ""2"", ""negative"": ""V"", ""generic2"": ""True"", ""sb"": ""NO""}",1.1135222500015516,0.8618085830239579,,ExitStatus.UNKNOWN,False,False,0.8618085830239579
2025-06-08T09:11:25.708396,Hsp-aux-10405_c23.xml,"{""input"": ""tests/xcsp3/cop/UNKNOWN/Hsp-aux-10405_c23.xml"", ""solver"": ""xcsp:ACE@2.4"", ""output_dir"": ""results_comparison"", ""global_time_limit"": 600, ""max_tries"": 50, ""tuning_file"": ""tests/psa/ace.tuning.json"", ""hpo_strategy"": ""hamming"", ""global_time_strategy"": ""PERCENT"", ""percent"": 0.2, ""round_time_strategy"": ""STATIC"", ""time_evolution"": ""STATIC"", ""stop_strategy"": ""TIMEOUT""}",214,"{""varh"": ""Rand"", ""valh"": ""Vals"", ""saf"": ""False"", ""pc1"": ""True"", ""bdc"": ""1"", ""toh"": ""False"", ""ng"": ""NO"", ""lc"": ""2"", ""negative"": ""V"", ""generic2"": ""True"", ""sb"": ""NO""}",1.1135222500015516,1.5560410830075853,198,ExitStatus.FEASIBLE,False,False,1.5560410830075853
2025-06-08T09:11:26.771468,Hsp-aux-10405_c23.xml,"{""input"": ""tests/xcsp3/cop/UNKNOWN/Hsp-aux-10405_c23.xml"", ""solver"": ""xcsp:ACE@2.4"", ""output_dir"": ""results_comparison"", ""global_time_limit"": 600, ""max_tries"": 50, ""tuning_file"": ""tests/psa/ace.tuning.json"", ""hpo_strategy"": ""hamming"", ""global_time_strategy"": ""PERCENT"", ""percent"": 0.2, ""round_time_strategy"": ""STATIC"", ""time_evolution"": ""STATIC"", ""stop_strategy"": ""TIMEOUT""}",215,"{""varh"": ""Wdeg"", ""valh"": ""First"", ""saf"": ""False"", ""pc1"": ""True"", ""bdc"": ""1"", ""toh"": ""False"", ""ng"": ""NO"", ""lc"": ""0"", ""negative"": ""CT"", ""generic2"": ""True"", ""sb"": ""NO""}",1.1135222500015516,0.9623908330104314,198,ExitStatus.OPTIMAL,False,False,0.9623908330104314
2025-06-08T09:11:28.408358,Hsp-aux-10405_c23.xml,"{""input"": ""tests/xcsp3/cop/UNKNOWN/Hsp-aux-10405_c23.xml"", ""solver"": ""xcsp:ACE@2.4"", ""output_dir"": ""results_comparison"", ""global_time_limit"": 600, ""max_tries"": 50, ""tuning_file"": ""tests/psa/ace.tuning.json"", ""hpo_strategy"": ""hamming"", ""global_time_strategy"": ""PERCENT"", ""percent"": 0.2, ""round_time_strategy"": ""STATIC"", ""time_evolution"": ""STATIC"", ""stop_strategy"": ""TIMEOUT""}",216,"{""varh"": ""Lexico"", ""valh"": ""Last"", ""saf"": ""False"", ""pc1"": ""True"", ""bdc"": ""1"", ""toh"": ""False"", ""ng"": ""NO"", ""lc"": ""2"", ""negative"": ""V"", ""generic2"": ""True"", ""sb"": ""NO""}",1.1135222500015516,1.5380296249932144,,ExitStatus.UNKNOWN,False,False,1.5380296249932144
2025-06-08T09:11:31.151093,Hsp-aux-10405_c23.xml,"{""input"": ""tests/xcsp3/cop/UNKNOWN/Hsp-aux-10405_c23.xml"", ""solver"": ""xcsp:ACE@2.4"", ""output_dir"": ""results_comparison"", ""global_time_limit"": 600, ""max_tries"": 50, ""tuning_file"": ""tests/psa/ace.tuning.json"", ""hpo_strategy"": ""hamming"", ""global_time_strategy"": ""PERCENT"", ""percent"": 0.2, ""round_time_strategy"": ""STATIC"", ""time_evolution"": ""STATIC"", ""stop_strategy"": ""TIMEOUT""}",217,"{""varh"": ""RunRobin"", ""valh"": ""Conflicts"", ""saf"": ""False"", ""pc1"": ""True"", ""bdc"": ""1"", ""toh"": ""False"", ""ng"": ""NO"", ""lc"": ""2"", ""negative"": ""V"", ""generic2"": ""True"", ""sb"": ""NO""}",1.1135222500015516,2.6427597499859985,,ExitStatus.UNKNOWN,False,False,2.6427597499859985
2025-06-08T09:11:32.726561,Hsp-aux-10405_c23.xml,"{""input"": ""tests/xcsp3/cop/UNKNOWN/Hsp-aux-10405_c23.xml"", ""solver"": ""xcsp:ACE@2.4"", ""output_dir"": ""results_comparison"", ""global_time_limit"": 600, ""max_tries"": 50, ""tuning_file"": ""tests/psa/ace.tuning.json"", ""hpo_strategy"": ""hamming"", ""global_time_strategy"": ""PERCENT"", ""percent"": 0.2, ""round_time_strategy"": ""STATIC"", ""time_evolution"": ""STATIC"", ""stop_strategy"": ""TIMEOUT""}",218,"{""varh"": ""PickOnDom"", ""valh"": ""Last"", ""saf"": ""False"", ""pc1"": ""True"", ""bdc"": ""1"", ""toh"": ""False"", ""ng"": ""NO"", ""lc"": ""2"", ""negative"": ""V"", ""generic2"": ""True"", ""sb"": ""NO""}",1.1135222500015516,1.4775969589827582,198,ExitStatus.OPTIMAL,False,False,1.4775969589827582
2025-06-08T09:11:34.385429,Hsp-aux-10405_c23.xml,"{""input"": ""tests/xcsp3/cop/UNKNOWN/Hsp-aux-10405_c23.xml"", ""solver"": ""xcsp:ACE@2.4"", ""output_dir"": ""results_comparison"", ""global_time_limit"": 600, ""max_tries"": 50, ""tuning_file"": ""tests/psa/ace.tuning.json"", ""hpo_strategy"": ""hamming"", ""global_time_strategy"": ""PERCENT"", ""percent"": 0.2, ""round_time_strategy"": ""STATIC"", ""time_evolution"": ""STATIC"", ""stop_strategy"": ""TIMEOUT""}",219,"{""varh"": ""Lexico"", ""valh"": ""First"", ""saf"": ""False"", ""pc1"": ""True"", ""bdc"": ""1"", ""toh"": ""False"", ""ng"": ""NO"", ""lc"": ""2"", ""negative"": ""V"", ""generic2"": ""False"", ""sb"": ""NO""}",1.1135222500015516,1.5450284169928636,,ExitStatus.UNKNOWN,False,False,1.5450284169928636
2025-06-08T09:11:36.037868,Hsp-aux-10405_c23.xml,"{""input"": ""tests/xcsp3/cop/UNKNOWN/Hsp-aux-10405_c23.xml"", ""solver"": ""xcsp:ACE@2.4"", ""output_dir"": ""results_comparison"", ""global_time_limit"": 600, ""max_tries"": 50, ""tuning_file"": ""tests/psa/ace.tuning.json"", ""hpo_strategy"": ""hamming"", ""global_time_strategy"": ""PERCENT"", ""percent"": 0.2, ""round_time_strategy"": ""STATIC"", ""time_evolution"": ""STATIC"", ""stop_strategy"": ""TIMEOUT""}",220,"{""varh"": ""Rand"", ""valh"": ""First"", ""saf"": ""False"", ""pc1"": ""True"", ""bdc"": ""1"", ""toh"": ""False"", ""ng"": ""NO"", ""lc"": ""2"", ""negative"": ""STR0"", ""generic2"": ""True"", ""sb"": ""NO""}",1.1135222500015516,1.5555681249825284,208,ExitStatus.FEASIBLE,False,False,1.5555681249825284
2025-06-08T09:11:37.109329,Hsp-aux-10405_c23.xml,"{""input"": ""tests/xcsp3/cop/UNKNOWN/Hsp-aux-10405_c23.xml"", ""solver"": ""xcsp:ACE@2.4"", ""output_dir"": ""results_comparison"", ""global_time_limit"": 600, ""max_tries"": 50, ""tuning_file"": ""tests/psa/ace.tuning.json"", ""hpo_strategy"": ""hamming"", ""global_time_strategy"": ""PERCENT"", ""percent"": 0.2, ""round_time_strategy"": ""STATIC"", ""time_evolution"": ""STATIC"", ""stop_strategy"": ""TIMEOUT""}",221,"{""varh"": ""PickOnDom"", ""valh"": ""Rand"", ""saf"": ""False"", ""pc1"": ""True"", ""bdc"": ""1"", ""toh"": ""False"", ""ng"": ""NO"", ""lc"": ""2"", ""negative"": ""V"", ""generic2"": ""True"", ""sb"": ""NO""}",1.1135222500015516,0.9702049159968738,198,ExitStatus.OPTIMAL,False,False,0.9702049159968738
2025-06-08T09:11:39.787456,Hsp-aux-10405_c23.xml,"{""input"": ""tests/xcsp3/cop/UNKNOWN/Hsp-aux-10405_c23.xml"", ""solver"": ""xcsp:ACE@2.4"", ""output_dir"": ""results_comparison"", ""global_time_limit"": 600, ""max_tries"": 50, ""tuning_file"": ""tests/psa/ace.tuning.json"", ""hpo_strategy"": ""hamming"", ""global_time_strategy"": ""PERCENT"", ""percent"": 0.2, ""round_time_strategy"": ""STATIC"", ""time_evolution"": ""STATIC"", ""stop_strategy"": ""TIMEOUT""}",222,"{""varh"": ""Wdeg"", ""valh"": ""Conflicts"", ""saf"": ""False"", ""pc1"": ""True"", ""bdc"": ""1"", ""toh"": ""False"", ""ng"": ""NO"", ""lc"": ""2"", ""negative"": ""STR2N"", ""generic2"": ""True"", ""sb"": ""NO""}",1.1135222500015516,2.5798160410195123,,ExitStatus.UNKNOWN,False,False,2.5798160410195123
2025-06-08T09:11:41.441308,Hsp-aux-10405_c23.xml,"{""input"": ""tests/xcsp3/cop/UNKNOWN/Hsp-aux-10405_c23.xml"", ""solver"": ""xcsp:ACE@2.4"", ""output_dir"": ""results_comparison"", ""global_time_limit"": 600, ""max_tries"": 50, ""tuning_file"": ""tests/psa/ace.tuning.json"", ""hpo_strategy"": ""hamming"", ""global_time_strategy"": ""PERCENT"", ""percent"": 0.2, ""round_time_strategy"": ""STATIC"", ""time_evolution"": ""STATIC"", ""stop_strategy"": ""TIMEOUT""}",223,"{""varh"": ""Impact"", ""valh"": ""First"", ""saf"": ""False"", ""pc1"": ""True"", ""bdc"": ""1"", ""toh"": ""False"", ""ng"": ""NO"", ""lc"": ""0"", ""negative"": ""V"", ""generic2"": ""True"", ""sb"": ""NO""}",1.1135222500015516,1.5544373750162777,,ExitStatus.UNKNOWN,False,False,1.5544373750162777
2025-06-08T09:11:42.464517,Hsp-aux-10405_c23.xml,"{""input"": ""tests/xcsp3/cop/UNKNOWN/Hsp-aux-10405_c23.xml"", ""solver"": ""xcsp:ACE@2.4"", ""output_dir"": ""results_comparison"", ""global_time_limit"": 600, ""max_tries"": 50, ""tuning_file"": ""tests/psa/ace.tuning.json"", ""hpo_strategy"": ""hamming"", ""global_time_strategy"": ""PERCENT"", ""percent"": 0.2, ""round_time_strategy"": ""STATIC"", ""time_evolution"": ""STATIC"", ""stop_strategy"": ""TIMEOUT""}",224,"{""varh"": ""WdegOnDom"", ""valh"": ""First"", ""saf"": ""False"", ""pc1"": ""True"", ""bdc"": ""1"", ""toh"": ""False"", ""ng"": ""NO"", ""lc"": ""1"", ""negative"": ""V"", ""generic2"": ""True"", ""sb"": ""NO""}",1.1135222500015516,0.9247751249931753,198,ExitStatus.OPTIMAL,False,False,0.9247751249931753
2025-06-08T09:11:43.486975,Hsp-aux-10405_c23.xml,"{""input"": ""tests/xcsp3/cop/UNKNOWN/Hsp-aux-10405_c23.xml"", ""solver"": ""xcsp:ACE@2.4"", ""output_dir"": ""results_comparison"", ""global_time_limit"": 600, ""max_tries"": 50, ""tuning_file"": ""tests/psa/ace.tuning.json"", ""hpo_strategy"": ""hamming"", ""global_time_strategy"": ""PERCENT"", ""percent"": 0.2, ""round_time_strategy"": ""STATIC"", ""time_evolution"": ""STATIC"", ""stop_strategy"": ""TIMEOUT""}",225,"{""varh"": ""Wdeg"", ""valh"": ""OccsR"", ""saf"": ""True"", ""pc1"": ""True"", ""bdc"": ""1"", ""toh"": ""False"", ""ng"": ""NO"", ""lc"": ""2"", ""negative"": ""V"", ""generic2"": ""True"", ""sb"": ""NO""}",1.1135222500015516,0.923427667003125,198,ExitStatus.OPTIMAL,False,False,0.923427667003125
2025-06-08T09:11:44.465811,Hsp-aux-10405_c23.xml,"{""input"": ""tests/xcsp3/cop/UNKNOWN/Hsp-aux-10405_c23.xml"", ""solver"": ""xcsp:ACE@2.4"", ""output_dir"": ""results_comparison"", ""global_time_limit"": 600, ""max_tries"": 50, ""tuning_file"": ""tests/psa/ace.tuning.json"", ""hpo_strategy"": ""hamming"", ""global_time_strategy"": ""PERCENT"", ""percent"": 0.2, ""round_time_strategy"": ""STATIC"", ""time_evolution"": ""STATIC"", ""stop_strategy"": ""TIMEOUT""}",226,"{""varh"": ""Wdeg"", ""valh"": ""Last"", ""saf"": ""False"", ""pc1"": ""True"", ""bdc"": ""1000"", ""toh"": ""False"", ""ng"": ""NO"", ""lc"": ""2"", ""negative"": ""V"", ""generic2"": ""True"", ""sb"": ""NO""}",1.1135222500015516,0.8801621250167955,,ExitStatus.UNKNOWN,False,False,0.8801621250167955
2025-06-08T09:11:45.539002,Hsp-aux-10405_c23.xml,"{""input"": ""tests/xcsp3/cop/UNKNOWN/Hsp-aux-10405_c23.xml"", ""solver"": ""xcsp:ACE@2.4"", ""output_dir"": ""results_comparison"", ""global_time_limit"": 600, ""max_tries"": 50, ""tuning_file"": ""tests/psa/ace.tuning.json"", ""hpo_strategy"": ""hamming"", ""global_time_strategy"": ""PERCENT"", ""percent"": 0.2, ""round_time_strategy"": ""STATIC"", ""time_evolution"": ""STATIC"", ""stop_strategy"": ""TIMEOUT""}",227,"{""varh"": ""Wdeg"", ""valh"": ""FlrsE"", ""saf"": ""False"", ""pc1"": ""True"", ""bdc"": ""1"", ""toh"": ""False"", ""ng"": ""NO"", ""lc"": ""2"", ""negative"": ""STR1N"", ""generic2"": ""True"", ""sb"": ""NO""}",1.1135222500015516,0.9713940839865245,198,ExitStatus.OPTIMAL,False,False,0.9713940839865245
2025-06-08T09:11:48.282265,Hsp-aux-10405_c23.xml,"{""input"": ""tests/xcsp3/cop/UNKNOWN/Hsp-aux-10405_c23.xml"", ""solver"": ""xcsp:ACE@2.4"", ""output_dir"": ""results_comparison"", ""global_time_limit"": 600, ""max_tries"": 50, ""tuning_file"": ""tests/psa/ace.tuning.json"", ""hpo_strategy"": ""hamming"", ""global_time_strategy"": ""PERCENT"", ""percent"": 0.2, ""round_time_strategy"": ""STATIC"", ""time_evolution"": ""STATIC"", ""stop_strategy"": ""TIMEOUT""}",228,"{""varh"": ""Wdeg"", ""valh"": ""Conflicts"", ""saf"": ""False"", ""pc1"": ""True"", ""bdc"": ""1"", ""toh"": ""False"", ""ng"": ""NO"", ""lc"": ""2"", ""negative"": ""VA"", ""generic2"": ""True"", ""sb"": ""NO""}",1.1135222500015516,2.6199835000152234,,ExitStatus.UNKNOWN,False,False,2.6199835000152234
2025-06-08T09:11:49.922970,Hsp-aux-10405_c23.xml,"{""input"": ""tests/xcsp3/cop/UNKNOWN/Hsp-aux-10405_c23.xml"", ""solver"": ""xcsp:ACE@2.4"", ""output_dir"": ""results_comparison"", ""global_time_limit"": 600, ""max_tries"": 50, ""tuning_file"": ""tests/psa/ace.tuning.json"", ""hpo_strategy"": ""hamming"", ""global_time_strategy"": ""PERCENT"", ""percent"": 0.2, ""round_time_strategy"": ""STATIC"", ""time_evolution"": ""STATIC"", ""stop_strategy"": ""TIMEOUT""}",229,"{""varh"": ""Wdeg"", ""valh"": ""Median"", ""saf"": ""False"", ""pc1"": ""False"", ""bdc"": ""1"", ""toh"": ""False"", ""ng"": ""NO"", ""lc"": ""2"", ""negative"": ""V"", ""generic2"": ""True"", ""sb"": ""NO""}",1.1135222500015516,1.5427398749743588,198,ExitStatus.OPTIMAL,False,False,1.5427398749743588
2025-06-08T09:11:51.577582,Hsp-aux-10405_c23.xml,"{""input"": ""tests/xcsp3/cop/UNKNOWN/Hsp-aux-10405_c23.xml"", ""solver"": ""xcsp:ACE@2.4"", ""output_dir"": ""results_comparison"", ""global_time_limit"": 600, ""max_tries"": 50, ""tuning_file"": ""tests/psa/ace.tuning.json"", ""hpo_strategy"": ""hamming"", ""global_time_strategy"": ""PERCENT"", ""percent"": 0.2, ""round_time_strategy"": ""STATIC"", ""time_evolution"": ""STATIC"", ""stop_strategy"": ""TIMEOUT""}",230,"{""varh"": ""Lexico"", ""valh"": ""First"", ""saf"": ""False"", ""pc1"": ""True"", ""bdc"": ""1"", ""toh"": ""False"", ""ng"": ""NO"", ""lc"": ""2"", ""negative"": ""STR2"", ""generic2"": ""True"", ""sb"": ""NO""}",1.1135222500015516,1.540533959021559,,ExitStatus.UNKNOWN,False,False,1.540533959021559
2025-06-08T09:11:52.583793,Hsp-aux-10405_c23.xml,"{""input"": ""tests/xcsp3/cop/UNKNOWN/Hsp-aux-10405_c23.xml"", ""solver"": ""xcsp:ACE@2.4"", ""output_dir"": ""results_comparison"", ""global_time_limit"": 600, ""max_tries"": 50, ""tuning_file"": ""tests/psa/ace.tuning.json"", ""hpo_strategy"": ""hamming"", ""global_time_strategy"": ""PERCENT"", ""percent"": 0.2, ""round_time_strategy"": ""STATIC"", ""time_evolution"": ""STATIC"", ""stop_strategy"": ""TIMEOUT""}",231,"{""varh"": ""Wdeg"", ""valh"": ""First"", ""saf"": ""False"", ""pc1"": ""True"", ""bdc"": ""10"", ""toh"": ""True"", ""ng"": ""NO"", ""lc"": ""2"", ""negative"": ""V"", ""generic2"": ""True"", ""sb"": ""NO""}",1.1135222500015516,0.9078987499815412,198,ExitStatus.OPTIMAL,False,False,0.9078987499815412
2025-06-08T09:11:53.648212,Hsp-aux-10405_c23.xml,"{""input"": ""tests/xcsp3/cop/UNKNOWN/Hsp-aux-10405_c23.xml"", ""solver"": ""xcsp:ACE@2.4"", ""output_dir"": ""results_comparison"", ""global_time_limit"": 600, ""max_tries"": 50, ""tuning_file"": ""tests/psa/ace.tuning.json"", ""hpo_strategy"": ""hamming"", ""global_time_strategy"": ""PERCENT"", ""percent"": 0.2, ""round_time_strategy"": ""STATIC"", ""time_evolution"": ""STATIC"", ""stop_strategy"": ""TIMEOUT""}",232,"{""varh"": ""Wdeg"", ""valh"": ""Vals"", ""saf"": ""False"", ""pc1"": ""True"", ""bdc"": ""1"", ""toh"": ""False"", ""ng"": ""NO"", ""lc"": ""0"", ""negative"": ""V"", ""generic2"": ""True"", ""sb"": ""NO""}",1.1135222500015516,0.9634356660244521,198,ExitStatus.OPTIMAL,False,False,0.9634356660244521
2025-06-08T09:11:54.690714,Hsp-aux-10405_c23.xml,"{""input"": ""tests/xcsp3/cop/UNKNOWN/Hsp-aux-10405_c23.xml"", ""solver"": ""xcsp:ACE@2.4"", ""output_dir"": ""results_comparison"", ""global_time_limit"": 600, ""max_tries"": 50, ""tuning_file"": ""tests/psa/ace.tuning.json"", ""hpo_strategy"": ""hamming"", ""global_time_strategy"": ""PERCENT"", ""percent"": 0.2, ""round_time_strategy"": ""STATIC"", ""time_evolution"": ""STATIC"", ""stop_strategy"": ""TIMEOUT""}",233,"{""varh"": ""Wdeg"", ""valh"": ""First"", ""saf"": ""False"", ""pc1"": ""False"", ""bdc"": ""1"", ""toh"": ""False"", ""ng"": ""NO"", ""lc"": ""2"", ""negative"": ""STR1N"", ""generic2"": ""True"", ""sb"": ""NO""}",1.1135222500015516,0.943651209003292,198,ExitStatus.OPTIMAL,False,False,0.943651209003292
2025-06-08T09:11:56.344650,Hsp-aux-10405_c23.xml,"{""input"": ""tests/xcsp3/cop/UNKNOWN/Hsp-aux-10405_c23.xml"", ""solver"": ""xcsp:ACE@2.4"", ""output_dir"": ""results_comparison"", ""global_time_limit"": 600, ""max_tries"": 50, ""tuning_file"": ""tests/psa/ace.tuning.json"", ""hpo_strategy"": ""hamming"", ""global_time_strategy"": ""PERCENT"", ""percent"": 0.2, ""round_time_strategy"": ""STATIC"", ""time_evolution"": ""STATIC"", ""stop_strategy"": ""TIMEOUT""}",234,"{""varh"": ""Activity"", ""valh"": ""First"", ""saf"": ""False"", ""pc1"": ""True"", ""bdc"": ""1"", ""toh"": ""False"", ""ng"": ""NO"", ""lc"": ""10"", ""negative"": ""V"", ""generic2"": ""True"", ""sb"": ""NO""}",1.1135222500015516,1.5549043329956476,270,ExitStatus.FEASIBLE,False,False,1.5549043329956476
2025-06-08T09:11:58.002549,Hsp-aux-10405_c23.xml,"{""input"": ""tests/xcsp3/cop/UNKNOWN/Hsp-aux-10405_c23.xml"", ""solver"": ""xcsp:ACE@2.4"", ""output_dir"": ""results_comparison"", ""global_time_limit"": 600, ""max_tries"": 50, ""tuning_file"": ""tests/psa/ace.tuning.json"", ""hpo_strategy"": ""hamming"", ""global_time_strategy"": ""PERCENT"", ""percent"": 0.2, ""round_time_strategy"": ""STATIC"", ""time_evolution"": ""STATIC"", ""stop_strategy"": ""TIMEOUT""}",235,"{""varh"": ""Lexico"", ""valh"": ""RunRobin"", ""saf"": ""False"", ""pc1"": ""True"", ""bdc"": ""1"", ""toh"": ""False"", ""ng"": ""NO"", ""lc"": ""2"", ""negative"": ""V"", ""generic2"": ""True"", ""sb"": ""NO""}",1.1135222500015516,1.5571602499985602,287,ExitStatus.FEASIBLE,False,False,1.5571602499985602
2025-06-08T09:11:59.021142,Hsp-aux-10405_c23.xml,"{""input"": ""tests/xcsp3/cop/UNKNOWN/Hsp-aux-10405_c23.xml"", ""solver"": ""xcsp:ACE@2.4"", ""output_dir"": ""results_comparison"", ""global_time_limit"": 600, ""max_tries"": 50, ""tuning_file"": ""tests/psa/ace.tuning.json"", ""hpo_strategy"": ""hamming"", ""global_time_strategy"": ""PERCENT"", ""percent"": 0.2, ""round_time_strategy"": ""STATIC"", ""time_evolution"": ""STATIC"", ""stop_strategy"": ""TIMEOUT""}",236,"{""varh"": ""Wdeg"", ""valh"": ""First"", ""saf"": ""False"", ""pc1"": ""True"", ""bdc"": ""1"", ""toh"": ""False"", ""ng"": ""NO"", ""lc"": ""10"", ""negative"": ""STR2"", ""generic2"": ""True"", ""sb"": ""NO""}",1.1135222500015516,0.912539500015555,198,ExitStatus.OPTIMAL,False,False,0.912539500015555
2025-06-08T09:12:00.082741,Hsp-aux-10405_c23.xml,"{""input"": ""tests/xcsp3/cop/UNKNOWN/Hsp-aux-10405_c23.xml"", ""solver"": ""xcsp:ACE@2.4"", ""output_dir"": ""results_comparison"", ""global_time_limit"": 600, ""max_tries"": 50, ""tuning_file"": ""tests/psa/ace.tuning.json"", ""hpo_strategy"": ""hamming"", ""global_time_strategy"": ""PERCENT"", ""percent"": 0.2, ""round_time_strategy"": ""STATIC"", ""time_evolution"": ""STATIC"", ""stop_strategy"": ""TIMEOUT""}",237,"{""varh"": ""Wdeg"", ""valh"": ""First"", ""saf"": ""True"", ""pc1"": ""True"", ""bdc"": ""1"", ""toh"": ""False"", ""ng"": ""NO"", ""lc"": ""0"", ""negative"": ""V"", ""generic2"": ""True"", ""sb"": ""NO""}",1.1135222500015516,0.9612504999968223,198,ExitStatus.OPTIMAL,False,False,0.9612504999968223
2025-06-08T09:12:01.139193,Hsp-aux-10405_c23.xml,"{""input"": ""tests/xcsp3/cop/UNKNOWN/Hsp-aux-10405_c23.xml"", ""solver"": ""xcsp:ACE@2.4"", ""output_dir"": ""results_comparison"", ""global_time_limit"": 600, ""max_tries"": 50, ""tuning_file"": ""tests/psa/ace.tuning.json"", ""hpo_strategy"": ""hamming"", ""global_time_strategy"": ""PERCENT"", ""percent"": 0.2, ""round_time_strategy"": ""STATIC"", ""time_evolution"": ""STATIC"", ""stop_strategy"": ""TIMEOUT""}",238,"{""varh"": ""Wdeg"", ""valh"": ""Rand"", ""saf"": ""False"", ""pc1"": ""True"", ""bdc"": ""1"", ""toh"": ""False"", ""ng"": ""NO"", ""lc"": ""2"", ""negative"": ""CT"", ""generic2"": ""True"", ""sb"": ""NO""}",1.1135222500015516,0.9568585829983931,198,ExitStatus.OPTIMAL,False,False,0.9568585829983931
2025-06-08T09:12:02.114101,Hsp-aux-10405_c23.xml,"{""input"": ""tests/xcsp3/cop/UNKNOWN/Hsp-aux-10405_c23.xml"", ""solver"": ""xcsp:ACE@2.4"", ""output_dir"": ""results_comparison"", ""global_time_limit"": 600, ""max_tries"": 50, ""tuning_file"": ""tests/psa/ace.tuning.json"", ""hpo_strategy"": ""hamming"", ""global_time_strategy"": ""PERCENT"", ""percent"": 0.2, ""round_time_strategy"": ""STATIC"", ""time_evolution"": ""STATIC"", ""stop_strategy"": ""TIMEOUT""}",239,"{""varh"": ""Wdeg"", ""valh"": ""First"", ""saf"": ""False"", ""pc1"": ""True"", ""bdc"": ""1000"", ""toh"": ""False"", ""ng"": ""NO"", ""lc"": ""2"", ""negative"": ""STR1N"", ""generic2"": ""True"", ""sb"": ""NO""}",1.1135222500015516,0.8743624580092728,,ExitStatus.UNKNOWN,False,False,0.8743624580092728
2025-06-08T09:12:03.575456,Hsp-aux-10405_c23.xml,"{""input"": ""tests/xcsp3/cop/UNKNOWN/Hsp-aux-10405_c23.xml"", ""solver"": ""xcsp:ACE@2.4"", ""output_dir"": ""results_comparison"", ""global_time_limit"": 600, ""max_tries"": 50, ""tuning_file"": ""tests/psa/ace.tuning.json"", ""hpo_strategy"": ""hamming"", ""global_time_strategy"": ""PERCENT"", ""percent"": 0.2, ""round_time_strategy"": ""STATIC"", ""time_evolution"": ""STATIC"", ""stop_strategy"": ""TIMEOUT""}",240,"{""varh"": ""Wdeg"", ""valh"": ""Last"", ""saf"": ""False"", ""pc1"": ""True"", ""bdc"": ""10"", ""toh"": ""False"", ""ng"": ""NO"", ""lc"": ""2"", ""negative"": ""V"", ""generic2"": ""True"", ""sb"": ""NO""}",1.1135222500015516,1.3598445420211647,206,ExitStatus.OPTIMAL,False,False,1.3598445420211647
2025-06-08T09:12:04.611665,Hsp-aux-10405_c23.xml,"{""input"": ""tests/xcsp3/cop/UNKNOWN/Hsp-aux-10405_c23.xml"", ""solver"": ""xcsp:ACE@2.4"", ""output_dir"": ""results_comparison"", ""global_time_limit"": 600, ""max_tries"": 50, ""tuning_file"": ""tests/psa/ace.tuning.json"", ""hpo_strategy"": ""hamming"", ""global_time_strategy"": ""PERCENT"", ""percent"": 0.2, ""round_time_strategy"": ""STATIC"", ""time_evolution"": ""STATIC"", ""stop_strategy"": ""TIMEOUT""}",241,"{""varh"": ""Memory"", ""valh"": ""First"", ""saf"": ""False"", ""pc1"": ""True"", ""bdc"": ""1"", ""toh"": ""False"", ""ng"": ""NO"", ""lc"": ""5"", ""negative"": ""V"", ""generic2"": ""True"", ""sb"": ""NO""}",1.1135222500015516,0.916535832977388,198,ExitStatus.OPTIMAL,False,False,0.916535832977388
2025-06-08T09:12:05.662548,Hsp-aux-10405_c23.xml,"{""input"": ""tests/xcsp3/cop/UNKNOWN/Hsp-aux-10405_c23.xml"", ""solver"": ""xcsp:ACE@2.4"", ""output_dir"": ""results_comparison"", ""global_time_limit"": 600, ""max_tries"": 50, ""tuning_file"": ""tests/psa/ace.tuning.json"", ""hpo_strategy"": ""hamming"", ""global_time_strategy"": ""PERCENT"", ""percent"": 0.2, ""round_time_strategy"": ""STATIC"", ""time_evolution"": ""STATIC"", ""stop_strategy"": ""TIMEOUT""}",242,"{""varh"": ""RunRobin"", ""valh"": ""First"", ""saf"": ""False"", ""pc1"": ""True"", ""bdc"": ""1"", ""toh"": ""True"", ""ng"": ""NO"", ""lc"": ""2"", ""negative"": ""V"", ""generic2"": ""True"", ""sb"": ""NO""}",1.1135222500015516,0.9508357919985428,198,ExitStatus.OPTIMAL,False,False,0.9508357919985428
2025-06-08T09:12:06.661730,Hsp-aux-10405_c23.xml,"{""input"": ""tests/xcsp3/cop/UNKNOWN/Hsp-aux-10405_c23.xml"", ""solver"": ""xcsp:ACE@2.4"", ""output_dir"": ""results_comparison"", ""global_time_limit"": 600, ""max_tries"": 50, ""tuning_file"": ""tests/psa/ace.tuning.json"", ""hpo_strategy"": ""hamming"", ""global_time_strategy"": ""PERCENT"", ""percent"": 0.2, ""round_time_strategy"": ""STATIC"", ""time_evolution"": ""STATIC"", ""stop_strategy"": ""TIMEOUT""}",243,"{""varh"": ""FrbaOnDom"", ""valh"": ""First"", ""saf"": ""False"", ""pc1"": ""True"", ""bdc"": ""1000"", ""toh"": ""False"", ""ng"": ""NO"", ""lc"": ""2"", ""negative"": ""V"", ""generic2"": ""True"", ""sb"": ""NO""}",1.1135222500015516,0.899350499996217,,ExitStatus.UNKNOWN,False,False,0.899350499996217
2025-06-08T09:12:07.833979,Hsp-aux-10405_c23.xml,"{""input"": ""tests/xcsp3/cop/UNKNOWN/Hsp-aux-10405_c23.xml"", ""solver"": ""xcsp:ACE@2.4"", ""output_dir"": ""results_comparison"", ""global_time_limit"": 600, ""max_tries"": 50, ""tuning_file"": ""tests/psa/ace.tuning.json"", ""hpo_strategy"": ""hamming"", ""global_time_strategy"": ""PERCENT"", ""percent"": 0.2, ""round_time_strategy"": ""STATIC"", ""time_evolution"": ""STATIC"", ""stop_strategy"": ""TIMEOUT""}",244,"{""varh"": ""Wdeg"", ""valh"": ""Rand"", ""saf"": ""True"", ""pc1"": ""True"", ""bdc"": ""1"", ""toh"": ""False"", ""ng"": ""NO"", ""lc"": ""2"", ""negative"": ""V"", ""generic2"": ""True"", ""sb"": ""NO""}",1.1135222500015516,1.0723066670179833,198,ExitStatus.OPTIMAL,False,False,1.0723066670179833
2025-06-08T09:12:09.152297,Hsp-aux-10405_c23.xml,"{""input"": ""tests/xcsp3/cop/UNKNOWN/Hsp-aux-10405_c23.xml"", ""solver"": ""xcsp:ACE@2.4"", ""output_dir"": ""results_comparison"", ""global_time_limit"": 600, ""max_tries"": 50, ""tuning_file"": ""tests/psa/ace.tuning.json"", ""hpo_strategy"": ""hamming"", ""global_time_strategy"": ""PERCENT"", ""percent"": 0.2, ""round_time_strategy"": ""STATIC"", ""time_evolution"": ""STATIC"", ""stop_strategy"": ""TIMEOUT""}",245,"{""varh"": ""Wdeg"", ""valh"": ""Last"", ""saf"": ""False"", ""pc1"": ""True"", ""bdc"": ""1"", ""toh"": ""False"", ""ng"": ""NO"", ""lc"": ""2"", ""negative"": ""CT"", ""generic2"": ""True"", ""sb"": ""NO""}",1.1135222500015516,1.1965853750007227,198,ExitStatus.OPTIMAL,False,False,1.1965853750007227
2025-06-08T09:12:10.180464,Hsp-aux-10405_c23.xml,"{""input"": ""tests/xcsp3/cop/UNKNOWN/Hsp-aux-10405_c23.xml"", ""solver"": ""xcsp:ACE@2.4"", ""output_dir"": ""results_comparison"", ""global_time_limit"": 600, ""max_tries"": 50, ""tuning_file"": ""tests/psa/ace.tuning.json"", ""hpo_strategy"": ""hamming"", ""global_time_strategy"": ""PERCENT"", ""percent"": 0.2, ""round_time_strategy"": ""STATIC"", ""time_evolution"": ""STATIC"", ""stop_strategy"": ""TIMEOUT""}",246,"{""varh"": ""Wdeg"", ""valh"": ""First"", ""saf"": ""True"", ""pc1"": ""True"", ""bdc"": ""1"", ""toh"": ""False"", ""ng"": ""NO"", ""lc"": ""5"", ""negative"": ""V"", ""generic2"": ""True"", ""sb"": ""NO""}",1.1135222500015516,0.918297291995259,198,ExitStatus.OPTIMAL,False,False,0.918297291995259
2025-06-08T09:12:11.391393,Hsp-aux-10405_c23.xml,"{""input"": ""tests/xcsp3/cop/UNKNOWN/Hsp-aux-10405_c23.xml"", ""solver"": ""xcsp:ACE@2.4"", ""output_dir"": ""results_comparison"", ""global_time_limit"": 600, ""max_tries"": 50, ""tuning_file"": ""tests/psa/ace.tuning.json"", ""hpo_strategy"": ""hamming"", ""global_time_strategy"": ""PERCENT"", ""percent"": 0.2, ""round_time_strategy"": ""STATIC"", ""time_evolution"": ""STATIC"", ""stop_strategy"": ""TIMEOUT""}",247,"{""varh"": ""Wdeg"", ""valh"": ""Rand"", ""saf"": ""False"", ""pc1"": ""False"", ""bdc"": ""1"", ""toh"": ""False"", ""ng"": ""NO"", ""lc"": ""2"", ""negative"": ""V"", ""generic2"": ""True"", ""sb"": ""NO""}",1.1135222500015516,1.1114432089962065,198,ExitStatus.OPTIMAL,False,False,1.1114432089962065
2025-06-08T09:12:12.355059,Hsp-aux-10405_c23.xml,"{""input"": ""tests/xcsp3/cop/UNKNOWN/Hsp-aux-10405_c23.xml"", ""solver"": ""xcsp:ACE@2.4"", ""output_dir"": ""results_comparison"", ""global_time_limit"": 600, ""max_tries"": 50, ""tuning_file"": ""tests/psa/ace.tuning.json"", ""hpo_strategy"": ""hamming"", ""global_time_strategy"": ""PERCENT"", ""percent"": 0.2, ""round_time_strategy"": ""STATIC"", ""time_evolution"": ""STATIC"", ""stop_strategy"": ""TIMEOUT""}",248,"{""varh"": ""Wdeg"", ""valh"": ""First"", ""saf"": ""False"", ""pc1"": ""True"", ""bdc"": ""100"", ""toh"": ""False"", ""ng"": ""NO"", ""lc"": ""2"", ""negative"": ""VA"", ""generic2"": ""True"", ""sb"": ""NO""}",1.1135222500015516,0.8656838750175666,,ExitStatus.UNKNOWN,False,False,0.8656838750175666
2025-06-08T09:12:13.410327,Hsp-aux-10405_c23.xml,"{""input"": ""tests/xcsp3/cop/UNKNOWN/Hsp-aux-10405_c23.xml"", ""solver"": ""xcsp:ACE@2.4"", ""output_dir"": ""results_comparison"", ""global_time_limit"": 600, ""max_tries"": 50, ""tuning_file"": ""tests/psa/ace.tuning.json"", ""hpo_strategy"": ""hamming"", ""global_time_strategy"": ""PERCENT"", ""percent"": 0.2, ""round_time_strategy"": ""STATIC"", ""time_evolution"": ""STATIC"", ""stop_strategy"": ""TIMEOUT""}",249,"{""varh"": ""Wdeg"", ""valh"": ""Rand"", ""saf"": ""False"", ""pc1"": ""True"", ""bdc"": ""1"", ""toh"": ""False"", ""ng"": ""NO"", ""lc"": ""2"", ""negative"": ""STR0"", ""generic2"": ""True"", ""sb"": ""NO""}",1.1135222500015516,0.9554682499729097,198,ExitStatus.OPTIMAL,False,False,0.9554682499729097
2025-06-08T09:12:14.424333,Hsp-aux-10405_c23.xml,"{""input"": ""tests/xcsp3/cop/UNKNOWN/Hsp-aux-10405_c23.xml"", ""solver"": ""xcsp:ACE@2.4"", ""output_dir"": ""results_comparison"", ""global_time_limit"": 600, ""max_tries"": 50, ""tuning_file"": ""tests/psa/ace.tuning.json"", ""hpo_strategy"": ""hamming"", ""global_time_strategy"": ""PERCENT"", ""percent"": 0.2, ""round_time_strategy"": ""STATIC"", ""time_evolution"": ""STATIC"", ""stop_strategy"": ""TIMEOUT""}",250,"{""varh"": ""WdegOnDom"", ""valh"": ""First"", ""saf"": ""False"", ""pc1"": ""True"", ""bdc"": ""1"", ""toh"": ""False"", ""ng"": ""NO"", ""lc"": ""2"", ""negative"": ""STR3"", ""generic2"": ""True"", ""sb"": ""NO""}",1.1135222500015516,0.9151619169861078,198,ExitStatus.OPTIMAL,False,False,0.9151619169861078
2025-06-08T09:12:15.413552,Hsp-aux-10405_c23.xml,"{""input"": ""tests/xcsp3/cop/UNKNOWN/Hsp-aux-10405_c23.xml"", ""solver"": ""xcsp:ACE@2.4"", ""output_dir"": ""results_comparison"", ""global_time_limit"": 600, ""max_tries"": 50, ""tuning_file"": ""tests/psa/ace.tuning.json"", ""hpo_strategy"": ""hamming"", ""global_time_strategy"": ""PERCENT"", ""percent"": 0.2, ""round_time_strategy"": ""STATIC"", ""time_evolution"": ""STATIC"", ""stop_strategy"": ""TIMEOUT""}",251,"{""varh"": ""Wdeg"", ""valh"": ""First"", ""saf"": ""False"", ""pc1"": ""True"", ""bdc"": ""100"", ""toh"": ""False"", ""ng"": ""NO"", ""lc"": ""5"", ""negative"": ""V"", ""generic2"": ""True"", ""sb"": ""NO""}",1.1135222500015516,0.8886606669984758,,ExitStatus.UNKNOWN,False,False,0.8886606669984758
2025-06-08T09:12:16.449828,Hsp-aux-10405_c23.xml,"{""input"": ""tests/xcsp3/cop/UNKNOWN/Hsp-aux-10405_c23.xml"", ""solver"": ""xcsp:ACE@2.4"", ""output_dir"": ""results_comparison"", ""global_time_limit"": 600, ""max_tries"": 50, ""tuning_file"": ""tests/psa/ace.tuning.json"", ""hpo_strategy"": ""hamming"", ""global_time_strategy"": ""PERCENT"", ""percent"": 0.2, ""round_time_strategy"": ""STATIC"", ""time_evolution"": ""STATIC"", ""stop_strategy"": ""TIMEOUT""}",252,"{""varh"": ""Wdeg"", ""valh"": ""RunRobin"", ""saf"": ""False"", ""pc1"": ""True"", ""bdc"": ""1"", ""toh"": ""False"", ""ng"": ""NO"", ""lc"": ""2"", ""negative"": ""STR1"", ""generic2"": ""True"", ""sb"": ""NO""}",1.1135222500015516,0.9136204159876797,198,ExitStatus.OPTIMAL,False,False,0.9136204159876797
2025-06-08T09:12:17.509244,Hsp-aux-10405_c23.xml,"{""input"": ""tests/xcsp3/cop/UNKNOWN/Hsp-aux-10405_c23.xml"", ""solver"": ""xcsp:ACE@2.4"", ""output_dir"": ""results_comparison"", ""global_time_limit"": 600, ""max_tries"": 50, ""tuning_file"": ""tests/psa/ace.tuning.json"", ""hpo_strategy"": ""hamming"", ""global_time_strategy"": ""PERCENT"", ""percent"": 0.2, ""round_time_strategy"": ""STATIC"", ""time_evolution"": ""STATIC"", ""stop_strategy"": ""TIMEOUT""}",253,"{""varh"": ""FrbaOnDom"", ""valh"": ""First"", ""saf"": ""False"", ""pc1"": ""True"", ""bdc"": ""1"", ""toh"": ""False"", ""ng"": ""NO"", ""lc"": ""0"", ""negative"": ""V"", ""generic2"": ""True"", ""sb"": ""NO""}",1.1135222500015516,0.9594942920084577,198,ExitStatus.OPTIMAL,False,False,0.9594942920084577
2025-06-08T09:12:18.519702,Hsp-aux-10405_c23.xml,"{""input"": ""tests/xcsp3/cop/UNKNOWN/Hsp-aux-10405_c23.xml"", ""solver"": ""xcsp:ACE@2.4"", ""output_dir"": ""results_comparison"", ""global_time_limit"": 600, ""max_tries"": 50, ""tuning_file"": ""tests/psa/ace.tuning.json"", ""hpo_strategy"": ""hamming"", ""global_time_strategy"": ""PERCENT"", ""percent"": 0.2, ""round_time_strategy"": ""STATIC"", ""time_evolution"": ""STATIC"", ""stop_strategy"": ""TIMEOUT""}",254,"{""varh"": ""Wdeg"", ""valh"": ""First"", ""saf"": ""False"", ""pc1"": ""True"", ""bdc"": ""1"", ""toh"": ""False"", ""ng"": ""NO"", ""lc"": ""10"", ""negative"": ""VA"", ""generic2"": ""True"", ""sb"": ""NO""}",1.1135222500015516,0.9125450410065241,198,ExitStatus.OPTIMAL,False,False,0.9125450410065241
2025-06-08T09:12:19.525783,Hsp-aux-10405_c23.xml,"{""input"": ""tests/xcsp3/cop/UNKNOWN/Hsp-aux-10405_c23.xml"", ""solver"": ""xcsp:ACE@2.4"", ""output_dir"": ""results_comparison"", ""global_time_limit"": 600, ""max_tries"": 50, ""tuning_file"": ""tests/psa/ace.tuning.json"", ""hpo_strategy"": ""hamming"", ""global_time_strategy"": ""PERCENT"", ""percent"": 0.2, ""round_time_strategy"": ""STATIC"", ""time_evolution"": ""STATIC"", ""stop_strategy"": ""TIMEOUT""}",255,"{""varh"": ""Wdeg"", ""valh"": ""RunRobin"", ""saf"": ""False"", ""pc1"": ""True"", ""bdc"": ""1"", ""toh"": ""False"", ""ng"": ""NO"", ""lc"": ""5"", ""negative"": ""V"", ""generic2"": ""True"", ""sb"": ""NO""}",1.1135222500015516,0.9065332500031218,198,ExitStatus.OPTIMAL,False,False,0.9065332500031218
2025-06-08T09:12:21.174713,Hsp-aux-10405_c23.xml,"{""input"": ""tests/xcsp3/cop/UNKNOWN/Hsp-aux-10405_c23.xml"", ""solver"": ""xcsp:ACE@2.4"", ""output_dir"": ""results_comparison"", ""global_time_limit"": 600, ""max_tries"": 50, ""tuning_file"": ""tests/psa/ace.tuning.json"", ""hpo_strategy"": ""hamming"", ""global_time_strategy"": ""PERCENT"", ""percent"": 0.2, ""round_time_strategy"": ""STATIC"", ""time_evolution"": ""STATIC"", ""stop_strategy"": ""TIMEOUT""}",256,"{""varh"": ""Impact"", ""valh"": ""First"", ""saf"": ""False"", ""pc1"": ""True"", ""bdc"": ""1"", ""toh"": ""False"", ""ng"": ""NO"", ""lc"": ""2"", ""negative"": ""VA"", ""generic2"": ""True"", ""sb"": ""NO""}",1.1135222500015516,1.5493280419905204,,ExitStatus.UNKNOWN,False,False,1.5493280419905204
2025-06-08T09:12:22.185871,Hsp-aux-10405_c23.xml,"{""input"": ""tests/xcsp3/cop/UNKNOWN/Hsp-aux-10405_c23.xml"", ""solver"": ""xcsp:ACE@2.4"", ""output_dir"": ""results_comparison"", ""global_time_limit"": 600, ""max_tries"": 50, ""tuning_file"": ""tests/psa/ace.tuning.json"", ""hpo_strategy"": ""hamming"", ""global_time_strategy"": ""PERCENT"", ""percent"": 0.2, ""round_time_strategy"": ""STATIC"", ""time_evolution"": ""STATIC"", ""stop_strategy"": ""TIMEOUT""}",257,"{""varh"": ""WdegOnDom"", ""valh"": ""Bivs3"", ""saf"": ""False"", ""pc1"": ""True"", ""bdc"": ""1"", ""toh"": ""False"", ""ng"": ""NO"", ""lc"": ""2"", ""negative"": ""V"", ""generic2"": ""True"", ""sb"": ""NO""}",1.1135222500015516,0.911941416998161,198,ExitStatus.OPTIMAL,False,False,0.911941416998161
2025-06-08T09:12:23.203256,Hsp-aux-10405_c23.xml,"{""input"": ""tests/xcsp3/cop/UNKNOWN/Hsp-aux-10405_c23.xml"", ""solver"": ""xcsp:ACE@2.4"", ""output_dir"": ""results_comparison"", ""global_time_limit"": 600, ""max_tries"": 50, ""tuning_file"": ""tests/psa/ace.tuning.json"", ""hpo_strategy"": ""hamming"", ""global_time_strategy"": ""PERCENT"", ""percent"": 0.2, ""round_time_strategy"": ""STATIC"", ""time_evolution"": ""STATIC"", ""stop_strategy"": ""TIMEOUT""}",258,"{""varh"": ""Wdeg"", ""valh"": ""First"", ""saf"": ""False"", ""pc1"": ""True"", ""bdc"": ""1"", ""toh"": ""False"", ""ng"": ""NO"", ""lc"": ""1"", ""negative"": ""STR3"", ""generic2"": ""True"", ""sb"": ""NO""}",1.1135222500015516,0.9174110000021756,198,ExitStatus.OPTIMAL,False,False,0.9174110000021756
2025-06-08T09:12:24.262707,Hsp-aux-10405_c23.xml,"{""input"": ""tests/xcsp3/cop/UNKNOWN/Hsp-aux-10405_c23.xml"", ""solver"": ""xcsp:ACE@2.4"", ""output_dir"": ""results_comparison"", ""global_time_limit"": 600, ""max_tries"": 50, ""tuning_file"": ""tests/psa/ace.tuning.json"", ""hpo_strategy"": ""hamming"", ""global_time_strategy"": ""PERCENT"", ""percent"": 0.2, ""round_time_strategy"": ""STATIC"", ""time_evolution"": ""STATIC"", ""stop_strategy"": ""TIMEOUT""}",259,"{""varh"": ""RunRobin"", ""valh"": ""First"", ""saf"": ""False"", ""pc1"": ""True"", ""bdc"": ""1"", ""toh"": ""False"", ""ng"": ""NO"", ""lc"": ""2"", ""negative"": ""VA"", ""generic2"": ""True"", ""sb"": ""NO""}",1.1135222500015516,0.961320833011996,198,ExitStatus.OPTIMAL,False,False,0.961320833011996
2025-06-08T09:12:25.330376,Hsp-aux-10405_c23.xml,"{""input"": ""tests/xcsp3/cop/UNKNOWN/Hsp-aux-10405_c23.xml"", ""solver"": ""xcsp:ACE@2.4"", ""output_dir"": ""results_comparison"", ""global_time_limit"": 600, ""max_tries"": 50, ""tuning_file"": ""tests/psa/ace.tuning.json"", ""hpo_strategy"": ""hamming"", ""global_time_strategy"": ""PERCENT"", ""percent"": 0.2, ""round_time_strategy"": ""STATIC"", ""time_evolution"": ""STATIC"", ""stop_strategy"": ""TIMEOUT""}",260,"{""varh"": ""Wdeg"", ""valh"": ""First"", ""saf"": ""False"", ""pc1"": ""True"", ""bdc"": ""1"", ""toh"": ""False"", ""ng"": ""NO"", ""lc"": ""5"", ""negative"": ""CT"", ""generic2"": ""True"", ""sb"": ""NO""}",1.1135222500015516,0.9668283750070259,198,ExitStatus.OPTIMAL,False,False,0.9668283750070259
2025-06-08T09:12:28.078773,Hsp-aux-10405_c23.xml,"{""input"": ""tests/xcsp3/cop/UNKNOWN/Hsp-aux-10405_c23.xml"", ""solver"": ""xcsp:ACE@2.4"", ""output_dir"": ""results_comparison"", ""global_time_limit"": 600, ""max_tries"": 50, ""tuning_file"": ""tests/psa/ace.tuning.json"", ""hpo_strategy"": ""hamming"", ""global_time_strategy"": ""PERCENT"", ""percent"": 0.2, ""round_time_strategy"": ""STATIC"", ""time_evolution"": ""STATIC"", ""stop_strategy"": ""TIMEOUT""}",261,"{""varh"": ""Wdeg"", ""valh"": ""Conflicts"", ""saf"": ""False"", ""pc1"": ""True"", ""bdc"": ""1000"", ""toh"": ""False"", ""ng"": ""NO"", ""lc"": ""2"", ""negative"": ""V"", ""generic2"": ""True"", ""sb"": ""NO""}",1.1135222500015516,2.620041458023479,,ExitStatus.UNKNOWN,False,False,2.620041458023479
2025-06-08T09:12:29.204183,Hsp-aux-10405_c23.xml,"{""input"": ""tests/xcsp3/cop/UNKNOWN/Hsp-aux-10405_c23.xml"", ""solver"": ""xcsp:ACE@2.4"", ""output_dir"": ""results_comparison"", ""global_time_limit"": 600, ""max_tries"": 50, ""tuning_file"": ""tests/psa/ace.tuning.json"", ""hpo_strategy"": ""hamming"", ""global_time_strategy"": ""PERCENT"", ""percent"": 0.2, ""round_time_strategy"": ""STATIC"", ""time_evolution"": ""STATIC"", ""stop_strategy"": ""TIMEOUT""}",262,"{""varh"": ""PickOnDom"", ""valh"": ""First"", ""saf"": ""False"", ""pc1"": ""True"", ""bdc"": ""1"", ""toh"": ""False"", ""ng"": ""NO"", ""lc"": ""10"", ""negative"": ""V"", ""generic2"": ""True"", ""sb"": ""NO""}",1.1135222500015516,1.0257569160021376,198,ExitStatus.OPTIMAL,False,False,1.0257569160021376
2025-06-08T09:12:30.251869,Hsp-aux-10405_c23.xml,"{""input"": ""tests/xcsp3/cop/UNKNOWN/Hsp-aux-10405_c23.xml"", ""solver"": ""xcsp:ACE@2.4"", ""output_dir"": ""results_comparison"", ""global_time_limit"": 600, ""max_tries"": 50, ""tuning_file"": ""tests/psa/ace.tuning.json"", ""hpo_strategy"": ""hamming"", ""global_time_strategy"": ""PERCENT"", ""percent"": 0.2, ""round_time_strategy"": ""STATIC"", ""time_evolution"": ""STATIC"", ""stop_strategy"": ""TIMEOUT""}",263,"{""varh"": ""Memory"", ""valh"": ""Vals"", ""saf"": ""False"", ""pc1"": ""True"", ""bdc"": ""1"", ""toh"": ""False"", ""ng"": ""NO"", ""lc"": ""2"", ""negative"": ""V"", ""generic2"": ""True"", ""sb"": ""NO""}",1.1135222500015516,0.9195184159907512,198,ExitStatus.OPTIMAL,False,False,0.9195184159907512
2025-06-08T09:12:31.302323,Hsp-aux-10405_c23.xml,"{""input"": ""tests/xcsp3/cop/UNKNOWN/Hsp-aux-10405_c23.xml"", ""solver"": ""xcsp:ACE@2.4"", ""output_dir"": ""results_comparison"", ""global_time_limit"": 600, ""max_tries"": 50, ""tuning_file"": ""tests/psa/ace.tuning.json"", ""hpo_strategy"": ""hamming"", ""global_time_strategy"": ""PERCENT"", ""percent"": 0.2, ""round_time_strategy"": ""STATIC"", ""time_evolution"": ""STATIC"", ""stop_strategy"": ""TIMEOUT""}",264,"{""varh"": ""Wdeg"", ""valh"": ""OccsR"", ""saf"": ""False"", ""pc1"": ""False"", ""bdc"": ""1"", ""toh"": ""False"", ""ng"": ""NO"", ""lc"": ""2"", ""negative"": ""V"", ""generic2"": ""True"", ""sb"": ""NO""}",1.1135222500015516,0.9504210409941152,198,ExitStatus.OPTIMAL,False,False,0.9504210409941152
2025-06-08T09:12:32.315683,Hsp-aux-10405_c23.xml,"{""input"": ""tests/xcsp3/cop/UNKNOWN/Hsp-aux-10405_c23.xml"", ""solver"": ""xcsp:ACE@2.4"", ""output_dir"": ""results_comparison"", ""global_time_limit"": 600, ""max_tries"": 50, ""tuning_file"": ""tests/psa/ace.tuning.json"", ""hpo_strategy"": ""hamming"", ""global_time_strategy"": ""PERCENT"", ""percent"": 0.2, ""round_time_strategy"": ""STATIC"", ""time_evolution"": ""STATIC"", ""stop_strategy"": ""TIMEOUT""}",265,"{""varh"": ""Wdeg"", ""valh"": ""RunRobin"", ""saf"": ""False"", ""pc1"": ""True"", ""bdc"": ""1"", ""toh"": ""False"", ""ng"": ""NO"", ""lc"": ""2"", ""negative"": ""STR3"", ""generic2"": ""True"", ""sb"": ""NO""}",1.1135222500015516,0.915435292001348,198,ExitStatus.OPTIMAL,False,False,0.915435292001348
2025-06-08T09:12:33.335125,Hsp-aux-10405_c23.xml,"{""input"": ""tests/xcsp3/cop/UNKNOWN/Hsp-aux-10405_c23.xml"", ""solver"": ""xcsp:ACE@2.4"", ""output_dir"": ""results_comparison"", ""global_time_limit"": 600, ""max_tries"": 50, ""tuning_file"": ""tests/psa/ace.tuning.json"", ""hpo_strategy"": ""hamming"", ""global_time_strategy"": ""PERCENT"", ""percent"": 0.2, ""round_time_strategy"": ""STATIC"", ""time_evolution"": ""STATIC"", ""stop_strategy"": ""TIMEOUT""}",266,"{""varh"": ""WdegOnDom"", ""valh"": ""FlrsE"", ""saf"": ""False"", ""pc1"": ""True"", ""bdc"": ""1"", ""toh"": ""False"", ""ng"": ""NO"", ""lc"": ""2"", ""negative"": ""V"", ""generic2"": ""True"", ""sb"": ""NO""}",1.1135222500015516,0.9213347500190139,198,ExitStatus.OPTIMAL,False,False,0.9213347500190139
2025-06-08T09:12:34.991130,Hsp-aux-10405_c23.xml,"{""input"": ""tests/xcsp3/cop/UNKNOWN/Hsp-aux-10405_c23.xml"", ""solver"": ""xcsp:ACE@2.4"", ""output_dir"": ""results_comparison"", ""global_time_limit"": 600, ""max_tries"": 50, ""tuning_file"": ""tests/psa/ace.tuning.json"", ""hpo_strategy"": ""hamming"", ""global_time_strategy"": ""PERCENT"", ""percent"": 0.2, ""round_time_strategy"": ""STATIC"", ""time_evolution"": ""STATIC"", ""stop_strategy"": ""TIMEOUT""}",267,"{""varh"": ""Rand"", ""valh"": ""First"", ""saf"": ""False"", ""pc1"": ""True"", ""bdc"": ""10"", ""toh"": ""False"", ""ng"": ""NO"", ""lc"": ""2"", ""negative"": ""V"", ""generic2"": ""True"", ""sb"": ""NO""}",1.1135222500015516,1.556926375022158,198,ExitStatus.FEASIBLE,False,False,1.556926375022158
2025-06-08T09:12:36.033431,Hsp-aux-10405_c23.xml,"{""input"": ""tests/xcsp3/cop/UNKNOWN/Hsp-aux-10405_c23.xml"", ""solver"": ""xcsp:ACE@2.4"", ""output_dir"": ""results_comparison"", ""global_time_limit"": 600, ""max_tries"": 50, ""tuning_file"": ""tests/psa/ace.tuning.json"", ""hpo_strategy"": ""hamming"", ""global_time_strategy"": ""PERCENT"", ""percent"": 0.2, ""round_time_strategy"": ""STATIC"", ""time_evolution"": ""STATIC"", ""stop_strategy"": ""TIMEOUT""}",268,"{""varh"": ""Memory"", ""valh"": ""First"", ""saf"": ""False"", ""pc1"": ""False"", ""bdc"": ""1"", ""toh"": ""False"", ""ng"": ""NO"", ""lc"": ""2"", ""negative"": ""V"", ""generic2"": ""True"", ""sb"": ""NO""}",1.1135222500015516,0.9418428330100141,198,ExitStatus.OPTIMAL,False,False,0.9418428330100141
2025-06-08T09:12:37.693894,Hsp-aux-10405_c23.xml,"{""input"": ""tests/xcsp3/cop/UNKNOWN/Hsp-aux-10405_c23.xml"", ""solver"": ""xcsp:ACE@2.4"", ""output_dir"": ""results_comparison"", ""global_time_limit"": 600, ""max_tries"": 50, ""tuning_file"": ""tests/psa/ace.tuning.json"", ""hpo_strategy"": ""hamming"", ""global_time_strategy"": ""PERCENT"", ""percent"": 0.2, ""round_time_strategy"": ""STATIC"", ""time_evolution"": ""STATIC"", ""stop_strategy"": ""TIMEOUT""}",269,"{""varh"": ""Rand"", ""valh"": ""First"", ""saf"": ""False"", ""pc1"": ""True"", ""bdc"": ""1"", ""toh"": ""False"", ""ng"": ""NO"", ""lc"": ""2"", ""negative"": ""STR2N"", ""generic2"": ""True"", ""sb"": ""NO""}",1.1135222500015516,1.561450415989384,208,ExitStatus.FEASIBLE,False,False,1.561450415989384
2025-06-08T09:12:38.663124,Hsp-aux-10405_c23.xml,"{""input"": ""tests/xcsp3/cop/UNKNOWN/Hsp-aux-10405_c23.xml"", ""solver"": ""xcsp:ACE@2.4"", ""output_dir"": ""results_comparison"", ""global_time_limit"": 600, ""max_tries"": 50, ""tuning_file"": ""tests/psa/ace.tuning.json"", ""hpo_strategy"": ""hamming"", ""global_time_strategy"": ""PERCENT"", ""percent"": 0.2, ""round_time_strategy"": ""STATIC"", ""time_evolution"": ""STATIC"", ""stop_strategy"": ""TIMEOUT""}",270,"{""varh"": ""Wdeg"", ""valh"": ""First"", ""saf"": ""False"", ""pc1"": ""True"", ""bdc"": ""100"", ""toh"": ""True"", ""ng"": ""NO"", ""lc"": ""2"", ""negative"": ""V"", ""generic2"": ""True"", ""sb"": ""NO""}",1.1135222500015516,0.8679351250175387,,ExitStatus.UNKNOWN,False,False,0.8679351250175387
2025-06-08T09:12:39.760561,Hsp-aux-10405_c23.xml,"{""input"": ""tests/xcsp3/cop/UNKNOWN/Hsp-aux-10405_c23.xml"", ""solver"": ""xcsp:ACE@2.4"", ""output_dir"": ""results_comparison"", ""global_time_limit"": 600, ""max_tries"": 50, ""tuning_file"": ""tests/psa/ace.tuning.json"", ""hpo_strategy"": ""hamming"", ""global_time_strategy"": ""PERCENT"", ""percent"": 0.2, ""round_time_strategy"": ""STATIC"", ""time_evolution"": ""STATIC"", ""stop_strategy"": ""TIMEOUT""}",271,"{""varh"": ""Wdeg"", ""valh"": ""Median"", ""saf"": ""False"", ""pc1"": ""True"", ""bdc"": ""1000"", ""toh"": ""False"", ""ng"": ""NO"", ""lc"": ""2"", ""negative"": ""V"", ""generic2"": ""True"", ""sb"": ""NO""}",1.1135222500015516,0.9972344170091674,,ExitStatus.UNKNOWN,False,False,0.9972344170091674
2025-06-08T09:12:40.840791,Hsp-aux-10405_c23.xml,"{""input"": ""tests/xcsp3/cop/UNKNOWN/Hsp-aux-10405_c23.xml"", ""solver"": ""xcsp:ACE@2.4"", ""output_dir"": ""results_comparison"", ""global_time_limit"": 600, ""max_tries"": 50, ""tuning_file"": ""tests/psa/ace.tuning.json"", ""hpo_strategy"": ""hamming"", ""global_time_strategy"": ""PERCENT"", ""percent"": 0.2, ""round_time_strategy"": ""STATIC"", ""time_evolution"": ""STATIC"", ""stop_strategy"": ""TIMEOUT""}",272,"{""varh"": ""PickOnDom"", ""valh"": ""First"", ""saf"": ""False"", ""pc1"": ""True"", ""bdc"": ""1"", ""toh"": ""False"", ""ng"": ""NO"", ""lc"": ""5"", ""negative"": ""V"", ""generic2"": ""True"", ""sb"": ""NO""}",1.1135222500015516,0.9472147500200663,198,ExitStatus.OPTIMAL,False,False,0.9472147500200663
2025-06-08T09:12:41.892874,Hsp-aux-10405_c23.xml,"{""input"": ""tests/xcsp3/cop/UNKNOWN/Hsp-aux-10405_c23.xml"", ""solver"": ""xcsp:ACE@2.4"", ""output_dir"": ""results_comparison"", ""global_time_limit"": 600, ""max_tries"": 50, ""tuning_file"": ""tests/psa/ace.tuning.json"", ""hpo_strategy"": ""hamming"", ""global_time_strategy"": ""PERCENT"", ""percent"": 0.2, ""round_time_strategy"": ""STATIC"", ""time_evolution"": ""STATIC"", ""stop_strategy"": ""TIMEOUT""}",273,"{""varh"": ""Wdeg"", ""valh"": ""Vals"", ""saf"": ""False"", ""pc1"": ""True"", ""bdc"": ""1"", ""toh"": ""False"", ""ng"": ""NO"", ""lc"": ""2"", ""negative"": ""STR2N"", ""generic2"": ""True"", ""sb"": ""NO""}",1.1135222500015516,0.9513949590036646,198,ExitStatus.OPTIMAL,False,False,0.9513949590036646
2025-06-08T09:12:42.942738,Hsp-aux-10405_c23.xml,"{""input"": ""tests/xcsp3/cop/UNKNOWN/Hsp-aux-10405_c23.xml"", ""solver"": ""xcsp:ACE@2.4"", ""output_dir"": ""results_comparison"", ""global_time_limit"": 600, ""max_tries"": 50, ""tuning_file"": ""tests/psa/ace.tuning.json"", ""hpo_strategy"": ""hamming"", ""global_time_strategy"": ""PERCENT"", ""percent"": 0.2, ""round_time_strategy"": ""STATIC"", ""time_evolution"": ""STATIC"", ""stop_strategy"": ""TIMEOUT""}",274,"{""varh"": ""RunRobin"", ""valh"": ""First"", ""saf"": ""False"", ""pc1"": ""True"", ""bdc"": ""1"", ""toh"": ""False"", ""ng"": ""NO"", ""lc"": ""10"", ""negative"": ""V"", ""generic2"": ""True"", ""sb"": ""NO""}",1.1135222500015516,0.9515244590002112,198,ExitStatus.OPTIMAL,False,False,0.9515244590002112
2025-06-08T09:12:43.974902,Hsp-aux-10405_c23.xml,"{""input"": ""tests/xcsp3/cop/UNKNOWN/Hsp-aux-10405_c23.xml"", ""solver"": ""xcsp:ACE@2.4"", ""output_dir"": ""results_comparison"", ""global_time_limit"": 600, ""max_tries"": 50, ""tuning_file"": ""tests/psa/ace.tuning.json"", ""hpo_strategy"": ""hamming"", ""global_time_strategy"": ""PERCENT"", ""percent"": 0.2, ""round_time_strategy"": ""STATIC"", ""time_evolution"": ""STATIC"", ""stop_strategy"": ""TIMEOUT""}",275,"{""varh"": ""Wdeg"", ""valh"": ""First"", ""saf"": ""False"", ""pc1"": ""False"", ""bdc"": ""1"", ""toh"": ""True"", ""ng"": ""NO"", ""lc"": ""2"", ""negative"": ""V"", ""generic2"": ""True"", ""sb"": ""NO""}",1.1135222500015516,0.9331550000060815,198,ExitStatus.OPTIMAL,False,False,0.9331550000060815
2025-06-08T09:12:45.068893,Hsp-aux-10405_c23.xml,"{""input"": ""tests/xcsp3/cop/UNKNOWN/Hsp-aux-10405_c23.xml"", ""solver"": ""xcsp:ACE@2.4"", ""output_dir"": ""results_comparison"", ""global_time_limit"": 600, ""max_tries"": 50, ""tuning_file"": ""tests/psa/ace.tuning.json"", ""hpo_strategy"": ""hamming"", ""global_time_strategy"": ""PERCENT"", ""percent"": 0.2, ""round_time_strategy"": ""STATIC"", ""time_evolution"": ""STATIC"", ""stop_strategy"": ""TIMEOUT""}",276,"{""varh"": ""PickOnDom"", ""valh"": ""First"", ""saf"": ""False"", ""pc1"": ""True"", ""bdc"": ""1"", ""toh"": ""False"", ""ng"": ""NO"", ""lc"": ""2"", ""negative"": ""STR1"", ""generic2"": ""True"", ""sb"": ""NO""}",1.1135222500015516,0.9942183750099503,198,ExitStatus.OPTIMAL,False,False,0.9942183750099503
2025-06-08T09:12:46.123378,Hsp-aux-10405_c23.xml,"{""input"": ""tests/xcsp3/cop/UNKNOWN/Hsp-aux-10405_c23.xml"", ""solver"": ""xcsp:ACE@2.4"", ""output_dir"": ""results_comparison"", ""global_time_limit"": 600, ""max_tries"": 50, ""tuning_file"": ""tests/psa/ace.tuning.json"", ""hpo_strategy"": ""hamming"", ""global_time_strategy"": ""PERCENT"", ""percent"": 0.2, ""round_time_strategy"": ""STATIC"", ""time_evolution"": ""STATIC"", ""stop_strategy"": ""TIMEOUT""}",277,"{""varh"": ""Wdeg"", ""valh"": ""First"", ""saf"": ""False"", ""pc1"": ""True"", ""bdc"": ""10"", ""toh"": ""False"", ""ng"": ""NO"", ""lc"": ""5"", ""negative"": ""V"", ""generic2"": ""True"", ""sb"": ""NO""}",1.1135222500015516,0.9215090830111876,198,ExitStatus.OPTIMAL,False,False,0.9215090830111876
2025-06-08T09:12:47.087519,Hsp-aux-10405_c23.xml,"{""input"": ""tests/xcsp3/cop/UNKNOWN/Hsp-aux-10405_c23.xml"", ""solver"": ""xcsp:ACE@2.4"", ""output_dir"": ""results_comparison"", ""global_time_limit"": 600, ""max_tries"": 50, ""tuning_file"": ""tests/psa/ace.tuning.json"", ""hpo_strategy"": ""hamming"", ""global_time_strategy"": ""PERCENT"", ""percent"": 0.2, ""round_time_strategy"": ""STATIC"", ""time_evolution"": ""STATIC"", ""stop_strategy"": ""TIMEOUT""}",278,"{""varh"": ""Wdeg"", ""valh"": ""First"", ""saf"": ""False"", ""pc1"": ""True"", ""bdc"": ""100"", ""toh"": ""False"", ""ng"": ""NO"", ""lc"": ""2"", ""negative"": ""STR0"", ""generic2"": ""True"", ""sb"": ""NO""}",1.1135222500015516,0.8647567080042791,,ExitStatus.UNKNOWN,False,False,0.8647567080042791
2025-06-08T09:12:48.728363,Hsp-aux-10405_c23.xml,"{""input"": ""tests/xcsp3/cop/UNKNOWN/Hsp-aux-10405_c23.xml"", ""solver"": ""xcsp:ACE@2.4"", ""output_dir"": ""results_comparison"", ""global_time_limit"": 600, ""max_tries"": 50, ""tuning_file"": ""tests/psa/ace.tuning.json"", ""hpo_strategy"": ""hamming"", ""global_time_strategy"": ""PERCENT"", ""percent"": 0.2, ""round_time_strategy"": ""STATIC"", ""time_evolution"": ""STATIC"", ""stop_strategy"": ""TIMEOUT""}",279,"{""varh"": ""Lexico"", ""valh"": ""First"", ""saf"": ""False"", ""pc1"": ""True"", ""bdc"": ""1"", ""toh"": ""False"", ""ng"": ""NO"", ""lc"": ""2"", ""negative"": ""CT"", ""generic2"": ""True"", ""sb"": ""NO""}",1.1135222500015516,1.5408272919885349,,ExitStatus.UNKNOWN,False,False,1.5408272919885349
2025-06-08T09:12:49.924650,Hsp-aux-10405_c23.xml,"{""input"": ""tests/xcsp3/cop/UNKNOWN/Hsp-aux-10405_c23.xml"", ""solver"": ""xcsp:ACE@2.4"", ""output_dir"": ""results_comparison"", ""global_time_limit"": 600, ""max_tries"": 50, ""tuning_file"": ""tests/psa/ace.tuning.json"", ""hpo_strategy"": ""hamming"", ""global_time_strategy"": ""PERCENT"", ""percent"": 0.2, ""round_time_strategy"": ""STATIC"", ""time_evolution"": ""STATIC"", ""stop_strategy"": ""TIMEOUT""}",280,"{""varh"": ""FrbaOnDom"", ""valh"": ""Last"", ""saf"": ""False"", ""pc1"": ""True"", ""bdc"": ""1"", ""toh"": ""False"", ""ng"": ""NO"", ""lc"": ""2"", ""negative"": ""V"", ""generic2"": ""True"", ""sb"": ""NO""}",1.1135222500015516,1.0976311660197098,198,ExitStatus.OPTIMAL,False,False,1.0976311660197098
2025-06-08T09:12:51.586130,Hsp-aux-10405_c23.xml,"{""input"": ""tests/xcsp3/cop/UNKNOWN/Hsp-aux-10405_c23.xml"", ""solver"": ""xcsp:ACE@2.4"", ""output_dir"": ""results_comparison"", ""global_time_limit"": 600, ""max_tries"": 50, ""tuning_file"": ""tests/psa/ace.tuning.json"", ""hpo_strategy"": ""hamming"", ""global_time_strategy"": ""PERCENT"", ""percent"": 0.2, ""round_time_strategy"": ""STATIC"", ""time_evolution"": ""STATIC"", ""stop_strategy"": ""TIMEOUT""}",281,"{""varh"": ""Activity"", ""valh"": ""First"", ""saf"": ""False"", ""pc1"": ""True"", ""bdc"": ""1"", ""toh"": ""False"", ""ng"": ""NO"", ""lc"": ""2"", ""negative"": ""VA"", ""generic2"": ""True"", ""sb"": ""NO""}",1.1135222500015516,1.5609163749904837,270,ExitStatus.FEASIBLE,False,False,1.5609163749904837
2025-06-08T09:12:52.828666,Hsp-aux-10405_c23.xml,"{""input"": ""tests/xcsp3/cop/UNKNOWN/Hsp-aux-10405_c23.xml"", ""solver"": ""xcsp:ACE@2.4"", ""output_dir"": ""results_comparison"", ""global_time_limit"": 600, ""max_tries"": 50, ""tuning_file"": ""tests/psa/ace.tuning.json"", ""hpo_strategy"": ""hamming"", ""global_time_strategy"": ""PERCENT"", ""percent"": 0.2, ""round_time_strategy"": ""STATIC"", ""time_evolution"": ""STATIC"", ""stop_strategy"": ""TIMEOUT""}",282,"{""varh"": ""Wdeg"", ""valh"": ""Median"", ""saf"": ""False"", ""pc1"": ""True"", ""bdc"": ""1"", ""toh"": ""False"", ""ng"": ""NO"", ""lc"": ""10"", ""negative"": ""V"", ""generic2"": ""True"", ""sb"": ""NO""}",1.1135222500015516,1.1449100829777308,198,ExitStatus.OPTIMAL,False,False,1.1449100829777308
2025-06-08T09:12:53.797162,Hsp-aux-10405_c23.xml,"{""input"": ""tests/xcsp3/cop/UNKNOWN/Hsp-aux-10405_c23.xml"", ""solver"": ""xcsp:ACE@2.4"", ""output_dir"": ""results_comparison"", ""global_time_limit"": 600, ""max_tries"": 50, ""tuning_file"": ""tests/psa/ace.tuning.json"", ""hpo_strategy"": ""hamming"", ""global_time_strategy"": ""PERCENT"", ""percent"": 0.2, ""round_time_strategy"": ""STATIC"", ""time_evolution"": ""STATIC"", ""stop_strategy"": ""TIMEOUT""}",283,"{""varh"": ""Wdeg"", ""valh"": ""Rand"", ""saf"": ""False"", ""pc1"": ""True"", ""bdc"": ""100"", ""toh"": ""False"", ""ng"": ""NO"", ""lc"": ""2"", ""negative"": ""V"", ""generic2"": ""True"", ""sb"": ""NO""}",1.1135222500015516,0.859408166987123,,ExitStatus.UNKNOWN,False,False,0.859408166987123
2025-06-08T09:12:54.822877,Hsp-aux-10405_c23.xml,"{""input"": ""tests/xcsp3/cop/UNKNOWN/Hsp-aux-10405_c23.xml"", ""solver"": ""xcsp:ACE@2.4"", ""output_dir"": ""results_comparison"", ""global_time_limit"": 600, ""max_tries"": 50, ""tuning_file"": ""tests/psa/ace.tuning.json"", ""hpo_strategy"": ""hamming"", ""global_time_strategy"": ""PERCENT"", ""percent"": 0.2, ""round_time_strategy"": ""STATIC"", ""time_evolution"": ""STATIC"", ""stop_strategy"": ""TIMEOUT""}",284,"{""varh"": ""Memory"", ""valh"": ""First"", ""saf"": ""False"", ""pc1"": ""True"", ""bdc"": ""1000"", ""toh"": ""False"", ""ng"": ""NO"", ""lc"": ""2"", ""negative"": ""V"", ""generic2"": ""True"", ""sb"": ""NO""}",1.1135222500015516,0.9287550829758402,,ExitStatus.UNKNOWN,False,False,0.9287550829758402
2025-06-08T09:12:56.490069,Hsp-aux-10405_c23.xml,"{""input"": ""tests/xcsp3/cop/UNKNOWN/Hsp-aux-10405_c23.xml"", ""solver"": ""xcsp:ACE@2.4"", ""output_dir"": ""results_comparison"", ""global_time_limit"": 600, ""max_tries"": 50, ""tuning_file"": ""tests/psa/ace.tuning.json"", ""hpo_strategy"": ""hamming"", ""global_time_strategy"": ""PERCENT"", ""percent"": 0.2, ""round_time_strategy"": ""STATIC"", ""time_evolution"": ""STATIC"", ""stop_strategy"": ""TIMEOUT""}",285,"{""varh"": ""Impact"", ""valh"": ""Rand"", ""saf"": ""False"", ""pc1"": ""True"", ""bdc"": ""1"", ""toh"": ""False"", ""ng"": ""NO"", ""lc"": ""2"", ""negative"": ""V"", ""generic2"": ""True"", ""sb"": ""NO""}",1.1135222500015516,1.5646632499992847,198,ExitStatus.FEASIBLE,False,False,1.5646632499992847
2025-06-08T09:12:57.516886,Hsp-aux-10405_c23.xml,"{""input"": ""tests/xcsp3/cop/UNKNOWN/Hsp-aux-10405_c23.xml"", ""solver"": ""xcsp:ACE@2.4"", ""output_dir"": ""results_comparison"", ""global_time_limit"": 600, ""max_tries"": 50, ""tuning_file"": ""tests/psa/ace.tuning.json"", ""hpo_strategy"": ""hamming"", ""global_time_strategy"": ""PERCENT"", ""percent"": 0.2, ""round_time_strategy"": ""STATIC"", ""time_evolution"": ""STATIC"", ""stop_strategy"": ""TIMEOUT""}",286,"{""varh"": ""Wdeg"", ""valh"": ""First"", ""saf"": ""False"", ""pc1"": ""True"", ""bdc"": ""10"", ""toh"": ""False"", ""ng"": ""NO"", ""lc"": ""2"", ""negative"": ""VA"", ""generic2"": ""True"", ""sb"": ""NO""}",1.1135222500015516,0.9153714579879306,198,ExitStatus.OPTIMAL,False,False,0.9153714579879306
2025-06-08T09:12:58.487443,Hsp-aux-10405_c23.xml,"{""input"": ""tests/xcsp3/cop/UNKNOWN/Hsp-aux-10405_c23.xml"", ""solver"": ""xcsp:ACE@2.4"", ""output_dir"": ""results_comparison"", ""global_time_limit"": 600, ""max_tries"": 50, ""tuning_file"": ""tests/psa/ace.tuning.json"", ""hpo_strategy"": ""hamming"", ""global_time_strategy"": ""PERCENT"", ""percent"": 0.2, ""round_time_strategy"": ""STATIC"", ""time_evolution"": ""STATIC"", ""stop_strategy"": ""TIMEOUT""}",287,"{""varh"": ""Wdeg"", ""valh"": ""First"", ""saf"": ""False"", ""pc1"": ""True"", ""bdc"": ""100"", ""toh"": ""False"", ""ng"": ""NO"", ""lc"": ""2"", ""negative"": ""STR1"", ""generic2"": ""True"", ""sb"": ""NO""}",1.1135222500015516,0.8709149589994922,,ExitStatus.UNKNOWN,False,False,0.8709149589994922
2025-06-08T09:12:59.527917,Hsp-aux-10405_c23.xml,"{""input"": ""tests/xcsp3/cop/UNKNOWN/Hsp-aux-10405_c23.xml"", ""solver"": ""xcsp:ACE@2.4"", ""output_dir"": ""results_comparison"", ""global_time_limit"": 600, ""max_tries"": 50, ""tuning_file"": ""tests/psa/ace.tuning.json"", ""hpo_strategy"": ""hamming"", ""global_time_strategy"": ""PERCENT"", ""percent"": 0.2, ""round_time_strategy"": ""STATIC"", ""time_evolution"": ""STATIC"", ""stop_strategy"": ""TIMEOUT""}",288,"{""varh"": ""FrbaOnDom"", ""valh"": ""First"", ""saf"": ""False"", ""pc1"": ""True"", ""bdc"": ""1"", ""toh"": ""False"", ""ng"": ""NO"", ""lc"": ""2"", ""negative"": ""STR3"", ""generic2"": ""True"", ""sb"": ""NO""}",1.1135222500015516,0.9427733339834958,198,ExitStatus.OPTIMAL,False,False,0.9427733339834958
2025-06-08T09:13:00.614870,Hsp-aux-10405_c23.xml,"{""input"": ""tests/xcsp3/cop/UNKNOWN/Hsp-aux-10405_c23.xml"", ""solver"": ""xcsp:ACE@2.4"", ""output_dir"": ""results_comparison"", ""global_time_limit"": 600, ""max_tries"": 50, ""tuning_file"": ""tests/psa/ace.tuning.json"", ""hpo_strategy"": ""hamming"", ""global_time_strategy"": ""PERCENT"", ""percent"": 0.2, ""round_time_strategy"": ""STATIC"", ""time_evolution"": ""STATIC"", ""stop_strategy"": ""TIMEOUT""}",289,"{""varh"": ""Wdeg"", ""valh"": ""First"", ""saf"": ""True"", ""pc1"": ""True"", ""bdc"": ""1"", ""toh"": ""False"", ""ng"": ""NO"", ""lc"": ""2"", ""negative"": ""STR2N"", ""generic2"": ""True"", ""sb"": ""NO""}",1.1135222500015516,0.9850059169984888,198,ExitStatus.OPTIMAL,False,False,0.9850059169984888
2025-06-08T09:13:01.697490,Hsp-aux-10405_c23.xml,"{""input"": ""tests/xcsp3/cop/UNKNOWN/Hsp-aux-10405_c23.xml"", ""solver"": ""xcsp:ACE@2.4"", ""output_dir"": ""results_comparison"", ""global_time_limit"": 600, ""max_tries"": 50, ""tuning_file"": ""tests/psa/ace.tuning.json"", ""hpo_strategy"": ""hamming"", ""global_time_strategy"": ""PERCENT"", ""percent"": 0.2, ""round_time_strategy"": ""STATIC"", ""time_evolution"": ""STATIC"", ""stop_strategy"": ""TIMEOUT""}",290,"{""varh"": ""PickOnDom"", ""valh"": ""First"", ""saf"": ""False"", ""pc1"": ""True"", ""bdc"": ""1"", ""toh"": ""False"", ""ng"": ""NO"", ""lc"": ""2"", ""negative"": ""VA"", ""generic2"": ""True"", ""sb"": ""NO""}",1.1135222500015516,0.9536618750134949,198,ExitStatus.OPTIMAL,False,False,0.9536618750134949
2025-06-08T09:13:02.713195,Hsp-aux-10405_c23.xml,"{""input"": ""tests/xcsp3/cop/UNKNOWN/Hsp-aux-10405_c23.xml"", ""solver"": ""xcsp:ACE@2.4"", ""output_dir"": ""results_comparison"", ""global_time_limit"": 600, ""max_tries"": 50, ""tuning_file"": ""tests/psa/ace.tuning.json"", ""hpo_strategy"": ""hamming"", ""global_time_strategy"": ""PERCENT"", ""percent"": 0.2, ""round_time_strategy"": ""STATIC"", ""time_evolution"": ""STATIC"", ""stop_strategy"": ""TIMEOUT""}",291,"{""varh"": ""Wdeg"", ""valh"": ""RunRobin"", ""saf"": ""False"", ""pc1"": ""True"", ""bdc"": ""1"", ""toh"": ""False"", ""ng"": ""NO"", ""lc"": ""10"", ""negative"": ""V"", ""generic2"": ""True"", ""sb"": ""NO""}",1.1135222500015516,0.9159742500050925,198,ExitStatus.OPTIMAL,False,False,0.9159742500050925
2025-06-08T09:13:03.681102,Hsp-aux-10405_c23.xml,"{""input"": ""tests/xcsp3/cop/UNKNOWN/Hsp-aux-10405_c23.xml"", ""solver"": ""xcsp:ACE@2.4"", ""output_dir"": ""results_comparison"", ""global_time_limit"": 600, ""max_tries"": 50, ""tuning_file"": ""tests/psa/ace.tuning.json"", ""hpo_strategy"": ""hamming"", ""global_time_strategy"": ""PERCENT"", ""percent"": 0.2, ""round_time_strategy"": ""STATIC"", ""time_evolution"": ""STATIC"", ""stop_strategy"": ""TIMEOUT""}",292,"{""varh"": ""Wdeg"", ""valh"": ""First"", ""saf"": ""False"", ""pc1"": ""True"", ""bdc"": ""1000"", ""toh"": ""False"", ""ng"": ""NO"", ""lc"": ""1"", ""negative"": ""V"", ""generic2"": ""True"", ""sb"": ""NO""}",1.1135222500015516,0.8685458330146503,,ExitStatus.UNKNOWN,False,False,0.8685458330146503
2025-06-08T09:13:06.468605,Hsp-aux-10405_c23.xml,"{""input"": ""tests/xcsp3/cop/UNKNOWN/Hsp-aux-10405_c23.xml"", ""solver"": ""xcsp:ACE@2.4"", ""output_dir"": ""results_comparison"", ""global_time_limit"": 600, ""max_tries"": 50, ""tuning_file"": ""tests/psa/ace.tuning.json"", ""hpo_strategy"": ""hamming"", ""global_time_strategy"": ""PERCENT"", ""percent"": 0.2, ""round_time_strategy"": ""STATIC"", ""time_evolution"": ""STATIC"", ""stop_strategy"": ""TIMEOUT""}",293,"{""varh"": ""Wdeg"", ""valh"": ""Conflicts"", ""saf"": ""False"", ""pc1"": ""True"", ""bdc"": ""1"", ""toh"": ""False"", ""ng"": ""NO"", ""lc"": ""2"", ""negative"": ""STR3"", ""generic2"": ""True"", ""sb"": ""NO""}",1.1135222500015516,2.6873579999955837,,ExitStatus.UNKNOWN,False,False,2.6873579999955837
2025-06-08T09:13:07.608783,Hsp-aux-10405_c23.xml,"{""input"": ""tests/xcsp3/cop/UNKNOWN/Hsp-aux-10405_c23.xml"", ""solver"": ""xcsp:ACE@2.4"", ""output_dir"": ""results_comparison"", ""global_time_limit"": 600, ""max_tries"": 50, ""tuning_file"": ""tests/psa/ace.tuning.json"", ""hpo_strategy"": ""hamming"", ""global_time_strategy"": ""PERCENT"", ""percent"": 0.2, ""round_time_strategy"": ""STATIC"", ""time_evolution"": ""STATIC"", ""stop_strategy"": ""TIMEOUT""}",294,"{""varh"": ""RunRobin"", ""valh"": ""First"", ""saf"": ""False"", ""pc1"": ""True"", ""bdc"": ""1"", ""toh"": ""False"", ""ng"": ""NO"", ""lc"": ""2"", ""negative"": ""STR2"", ""generic2"": ""True"", ""sb"": ""NO""}",1.1135222500015516,1.0396359160076827,198,ExitStatus.OPTIMAL,False,False,1.0396359160076827
2025-06-08T09:13:08.650430,Hsp-aux-10405_c23.xml,"{""input"": ""tests/xcsp3/cop/UNKNOWN/Hsp-aux-10405_c23.xml"", ""solver"": ""xcsp:ACE@2.4"", ""output_dir"": ""results_comparison"", ""global_time_limit"": 600, ""max_tries"": 50, ""tuning_file"": ""tests/psa/ace.tuning.json"", ""hpo_strategy"": ""hamming"", ""global_time_strategy"": ""PERCENT"", ""percent"": 0.2, ""round_time_strategy"": ""STATIC"", ""time_evolution"": ""STATIC"", ""stop_strategy"": ""TIMEOUT""}",295,"{""varh"": ""Wdeg"", ""valh"": ""First"", ""saf"": ""False"", ""pc1"": ""True"", ""bdc"": ""1"", ""toh"": ""False"", ""ng"": ""NO"", ""lc"": ""5"", ""negative"": ""VA"", ""generic2"": ""True"", ""sb"": ""NO""}",1.1135222500015516,0.9195658749958966,198,ExitStatus.OPTIMAL,False,False,0.9195658749958966
2025-06-08T09:13:10.291966,Hsp-aux-10405_c23.xml,"{""input"": ""tests/xcsp3/cop/UNKNOWN/Hsp-aux-10405_c23.xml"", ""solver"": ""xcsp:ACE@2.4"", ""output_dir"": ""results_comparison"", ""global_time_limit"": 600, ""max_tries"": 50, ""tuning_file"": ""tests/psa/ace.tuning.json"", ""hpo_strategy"": ""hamming"", ""global_time_strategy"": ""PERCENT"", ""percent"": 0.2, ""round_time_strategy"": ""STATIC"", ""time_evolution"": ""STATIC"", ""stop_strategy"": ""TIMEOUT""}",296,"{""varh"": ""Lexico"", ""valh"": ""First"", ""saf"": ""False"", ""pc1"": ""True"", ""bdc"": ""1000"", ""toh"": ""False"", ""ng"": ""NO"", ""lc"": ""2"", ""negative"": ""V"", ""generic2"": ""True"", ""sb"": ""NO""}",1.1135222500015516,1.5428265839873347,,ExitStatus.UNKNOWN,False,False,1.5428265839873347
2025-06-08T09:13:11.354883,Hsp-aux-10405_c23.xml,"{""input"": ""tests/xcsp3/cop/UNKNOWN/Hsp-aux-10405_c23.xml"", ""solver"": ""xcsp:ACE@2.4"", ""output_dir"": ""results_comparison"", ""global_time_limit"": 600, ""max_tries"": 50, ""tuning_file"": ""tests/psa/ace.tuning.json"", ""hpo_strategy"": ""hamming"", ""global_time_strategy"": ""PERCENT"", ""percent"": 0.2, ""round_time_strategy"": ""STATIC"", ""time_evolution"": ""STATIC"", ""stop_strategy"": ""TIMEOUT""}",297,"{""varh"": ""Wdeg"", ""valh"": ""First"", ""saf"": ""False"", ""pc1"": ""True"", ""bdc"": ""1"", ""toh"": ""False"", ""ng"": ""NO"", ""lc"": ""0"", ""negative"": ""STR3"", ""generic2"": ""True"", ""sb"": ""NO""}",1.1135222500015516,0.9625148749910295,198,ExitStatus.OPTIMAL,False,False,0.9625148749910295
2025-06-08T09:13:12.366579,Hsp-aux-10405_c23.xml,"{""input"": ""tests/xcsp3/cop/UNKNOWN/Hsp-aux-10405_c23.xml"", ""solver"": ""xcsp:ACE@2.4"", ""output_dir"": ""results_comparison"", ""global_time_limit"": 600, ""max_tries"": 50, ""tuning_file"": ""tests/psa/ace.tuning.json"", ""hpo_strategy"": ""hamming"", ""global_time_strategy"": ""PERCENT"", ""percent"": 0.2, ""round_time_strategy"": ""STATIC"", ""time_evolution"": ""STATIC"", ""stop_strategy"": ""TIMEOUT""}",298,"{""varh"": ""Wdeg"", ""valh"": ""RunRobin"", ""saf"": ""False"", ""pc1"": ""True"", ""bdc"": ""1"", ""toh"": ""False"", ""ng"": ""NO"", ""lc"": ""2"", ""negative"": ""STR0"", ""generic2"": ""True"", ""sb"": ""NO""}",1.1135222500015516,0.9136685409757774,198,ExitStatus.OPTIMAL,False,False,0.9136685409757774
2025-06-08T09:13:13.427278,Hsp-aux-10405_c23.xml,"{""input"": ""tests/xcsp3/cop/UNKNOWN/Hsp-aux-10405_c23.xml"", ""solver"": ""xcsp:ACE@2.4"", ""output_dir"": ""results_comparison"", ""global_time_limit"": 600, ""max_tries"": 50, ""tuning_file"": ""tests/psa/ace.tuning.json"", ""hpo_strategy"": ""hamming"", ""global_time_strategy"": ""PERCENT"", ""percent"": 0.2, ""round_time_strategy"": ""STATIC"", ""time_evolution"": ""STATIC"", ""stop_strategy"": ""TIMEOUT""}",299,"{""varh"": ""PickOnDom"", ""valh"": ""First"", ""saf"": ""False"", ""pc1"": ""True"", ""bdc"": ""1"", ""toh"": ""False"", ""ng"": ""NO"", ""lc"": ""0"", ""negative"": ""V"", ""generic2"": ""True"", ""sb"": ""NO""}",1.1135222500015516,0.9608447499922477,198,ExitStatus.OPTIMAL,False,False,0.9608447499922477
2025-06-08T09:13:14.557548,Hsp-aux-10405_c23.xml,"{""input"": ""tests/xcsp3/cop/UNKNOWN/Hsp-aux-10405_c23.xml"", ""solver"": ""xcsp:ACE@2.4"", ""output_dir"": ""results_comparison"", ""global_time_limit"": 600, ""max_tries"": 50, ""tuning_file"": ""tests/psa/ace.tuning.json"", ""hpo_strategy"": ""hamming"", ""global_time_strategy"": ""PERCENT"", ""percent"": 0.2, ""round_time_strategy"": ""STATIC"", ""time_evolution"": ""STATIC"", ""stop_strategy"": ""TIMEOUT""}",300,"{""varh"": ""RunRobin"", ""valh"": ""First"", ""saf"": ""False"", ""pc1"": ""True"", ""bdc"": ""10"", ""toh"": ""False"", ""ng"": ""NO"", ""lc"": ""2"", ""negative"": ""V"", ""generic2"": ""True"", ""sb"": ""NO""}",1.1135222500015516,1.031750333000673,198,ExitStatus.OPTIMAL,False,False,1.031750333000673
2025-06-08T09:13:15.748041,Hsp-aux-10405_c23.xml,"{""input"": ""tests/xcsp3/cop/UNKNOWN/Hsp-aux-10405_c23.xml"", ""solver"": ""xcsp:ACE@2.4"", ""output_dir"": ""results_comparison"", ""global_time_limit"": 600, ""max_tries"": 50, ""tuning_file"": ""tests/psa/ace.tuning.json"", ""hpo_strategy"": ""hamming"", ""global_time_strategy"": ""PERCENT"", ""percent"": 0.2, ""round_time_strategy"": ""STATIC"", ""time_evolution"": ""STATIC"", ""stop_strategy"": ""TIMEOUT""}",301,"{""varh"": ""WdegOnDom"", ""valh"": ""First"", ""saf"": ""False"", ""pc1"": ""True"", ""bdc"": ""1"", ""toh"": ""False"", ""ng"": ""NO"", ""lc"": ""0"", ""negative"": ""V"", ""generic2"": ""True"", ""sb"": ""NO""}",1.1135222500015516,1.0685419169894885,198,ExitStatus.OPTIMAL,False,False,1.0685419169894885
2025-06-08T09:13:17.004103,Hsp-aux-10405_c23.xml,"{""input"": ""tests/xcsp3/cop/UNKNOWN/Hsp-aux-10405_c23.xml"", ""solver"": ""xcsp:ACE@2.4"", ""output_dir"": ""results_comparison"", ""global_time_limit"": 600, ""max_tries"": 50, ""tuning_file"": ""tests/psa/ace.tuning.json"", ""hpo_strategy"": ""hamming"", ""global_time_strategy"": ""PERCENT"", ""percent"": 0.2, ""round_time_strategy"": ""STATIC"", ""time_evolution"": ""STATIC"", ""stop_strategy"": ""TIMEOUT""}",302,"{""varh"": ""Wdeg"", ""valh"": ""Median"", ""saf"": ""False"", ""pc1"": ""True"", ""bdc"": ""10"", ""toh"": ""False"", ""ng"": ""NO"", ""lc"": ""2"", ""negative"": ""V"", ""generic2"": ""True"", ""sb"": ""NO""}",1.1135222500015516,1.1563987910049036,198,ExitStatus.OPTIMAL,False,False,1.1563987910049036
2025-06-08T09:13:17.982098,Hsp-aux-10405_c23.xml,"{""input"": ""tests/xcsp3/cop/UNKNOWN/Hsp-aux-10405_c23.xml"", ""solver"": ""xcsp:ACE@2.4"", ""output_dir"": ""results_comparison"", ""global_time_limit"": 600, ""max_tries"": 50, ""tuning_file"": ""tests/psa/ace.tuning.json"", ""hpo_strategy"": ""hamming"", ""global_time_strategy"": ""PERCENT"", ""percent"": 0.2, ""round_time_strategy"": ""STATIC"", ""time_evolution"": ""STATIC"", ""stop_strategy"": ""TIMEOUT""}",303,"{""varh"": ""Wdeg"", ""valh"": ""First"", ""saf"": ""False"", ""pc1"": ""True"", ""bdc"": ""1000"", ""toh"": ""False"", ""ng"": ""NO"", ""lc"": ""2"", ""negative"": ""STR3"", ""generic2"": ""True"", ""sb"": ""NO""}",1.1135222500015516,0.8700818330107722,,ExitStatus.UNKNOWN,False,False,0.8700818330107722
2025-06-08T09:13:19.004209,Hsp-aux-10405_c23.xml,"{""input"": ""tests/xcsp3/cop/UNKNOWN/Hsp-aux-10405_c23.xml"", ""solver"": ""xcsp:ACE@2.4"", ""output_dir"": ""results_comparison"", ""global_time_limit"": 600, ""max_tries"": 50, ""tuning_file"": ""tests/psa/ace.tuning.json"", ""hpo_strategy"": ""hamming"", ""global_time_strategy"": ""PERCENT"", ""percent"": 0.2, ""round_time_strategy"": ""STATIC"", ""time_evolution"": ""STATIC"", ""stop_strategy"": ""TIMEOUT""}",304,"{""varh"": ""Wdeg"", ""valh"": ""OccsR"", ""saf"": ""False"", ""pc1"": ""True"", ""bdc"": ""1"", ""toh"": ""False"", ""ng"": ""NO"", ""lc"": ""2"", ""negative"": ""STR2"", ""generic2"": ""True"", ""sb"": ""NO""}",1.1135222500015516,0.923806707985932,198,ExitStatus.OPTIMAL,False,False,0.923806707985932
2025-06-08T09:13:20.028291,Hsp-aux-10405_c23.xml,"{""input"": ""tests/xcsp3/cop/UNKNOWN/Hsp-aux-10405_c23.xml"", ""solver"": ""xcsp:ACE@2.4"", ""output_dir"": ""results_comparison"", ""global_time_limit"": 600, ""max_tries"": 50, ""tuning_file"": ""tests/psa/ace.tuning.json"", ""hpo_strategy"": ""hamming"", ""global_time_strategy"": ""PERCENT"", ""percent"": 0.2, ""round_time_strategy"": ""STATIC"", ""time_evolution"": ""STATIC"", ""stop_strategy"": ""TIMEOUT""}",305,"{""varh"": ""Wdeg"", ""valh"": ""OccsR"", ""saf"": ""False"", ""pc1"": ""True"", ""bdc"": ""1"", ""toh"": ""False"", ""ng"": ""NO"", ""lc"": ""2"", ""negative"": ""CT"", ""generic2"": ""True"", ""sb"": ""NO""}",1.1135222500015516,0.9242767499818001,198,ExitStatus.OPTIMAL,False,False,0.9242767499818001
2025-06-08T09:13:21.107979,Hsp-aux-10405_c23.xml,"{""input"": ""tests/xcsp3/cop/UNKNOWN/Hsp-aux-10405_c23.xml"", ""solver"": ""xcsp:ACE@2.4"", ""output_dir"": ""results_comparison"", ""global_time_limit"": 600, ""max_tries"": 50, ""tuning_file"": ""tests/psa/ace.tuning.json"", ""hpo_strategy"": ""hamming"", ""global_time_strategy"": ""PERCENT"", ""percent"": 0.2, ""round_time_strategy"": ""STATIC"", ""time_evolution"": ""STATIC"", ""stop_strategy"": ""TIMEOUT""}",306,"{""varh"": ""Wdeg"", ""valh"": ""RunRobin"", ""saf"": ""False"", ""pc1"": ""True"", ""bdc"": ""1"", ""toh"": ""False"", ""ng"": ""NO"", ""lc"": ""2"", ""negative"": ""STR2N"", ""generic2"": ""True"", ""sb"": ""NO""}",1.1135222500015516,0.9788039999839384,198,ExitStatus.OPTIMAL,False,False,0.9788039999839384
2025-06-08T09:13:22.145710,Hsp-aux-10405_c23.xml,"{""input"": ""tests/xcsp3/cop/UNKNOWN/Hsp-aux-10405_c23.xml"", ""solver"": ""xcsp:ACE@2.4"", ""output_dir"": ""results_comparison"", ""global_time_limit"": 600, ""max_tries"": 50, ""tuning_file"": ""tests/psa/ace.tuning.json"", ""hpo_strategy"": ""hamming"", ""global_time_strategy"": ""PERCENT"", ""percent"": 0.2, ""round_time_strategy"": ""STATIC"", ""time_evolution"": ""STATIC"", ""stop_strategy"": ""TIMEOUT""}",307,"{""varh"": ""Memory"", ""valh"": ""First"", ""saf"": ""False"", ""pc1"": ""True"", ""bdc"": ""1"", ""toh"": ""False"", ""ng"": ""NO"", ""lc"": ""0"", ""negative"": ""V"", ""generic2"": ""True"", ""sb"": ""NO""}",1.1135222500015516,0.9118243750126567,198,ExitStatus.OPTIMAL,False,False,0.9118243750126567
2025-06-08T09:13:23.156836,Hsp-aux-10405_c23.xml,"{""input"": ""tests/xcsp3/cop/UNKNOWN/Hsp-aux-10405_c23.xml"", ""solver"": ""xcsp:ACE@2.4"", ""output_dir"": ""results_comparison"", ""global_time_limit"": 600, ""max_tries"": 50, ""tuning_file"": ""tests/psa/ace.tuning.json"", ""hpo_strategy"": ""hamming"", ""global_time_strategy"": ""PERCENT"", ""percent"": 0.2, ""round_time_strategy"": ""STATIC"", ""time_evolution"": ""STATIC"", ""stop_strategy"": ""TIMEOUT""}",308,"{""varh"": ""Wdeg"", ""valh"": ""First"", ""saf"": ""False"", ""pc1"": ""True"", ""bdc"": ""1"", ""toh"": ""True"", ""ng"": ""NO"", ""lc"": ""2"", ""negative"": ""CT"", ""generic2"": ""True"", ""sb"": ""NO""}",1.1135222500015516,0.9119013339804951,198,ExitStatus.OPTIMAL,False,False,0.9119013339804951
2025-06-08T09:13:24.798808,Hsp-aux-10405_c23.xml,"{""input"": ""tests/xcsp3/cop/UNKNOWN/Hsp-aux-10405_c23.xml"", ""solver"": ""xcsp:ACE@2.4"", ""output_dir"": ""results_comparison"", ""global_time_limit"": 600, ""max_tries"": 50, ""tuning_file"": ""tests/psa/ace.tuning.json"", ""hpo_strategy"": ""hamming"", ""global_time_strategy"": ""PERCENT"", ""percent"": 0.2, ""round_time_strategy"": ""STATIC"", ""time_evolution"": ""STATIC"", ""stop_strategy"": ""TIMEOUT""}",309,"{""varh"": ""Impact"", ""valh"": ""Last"", ""saf"": ""False"", ""pc1"": ""True"", ""bdc"": ""1"", ""toh"": ""False"", ""ng"": ""NO"", ""lc"": ""2"", ""negative"": ""V"", ""generic2"": ""True"", ""sb"": ""NO""}",1.1135222500015516,1.5415740000025835,,ExitStatus.UNKNOWN,False,False,1.5415740000025835
2025-06-08T09:13:26.456801,Hsp-aux-10405_c23.xml,"{""input"": ""tests/xcsp3/cop/UNKNOWN/Hsp-aux-10405_c23.xml"", ""solver"": ""xcsp:ACE@2.4"", ""output_dir"": ""results_comparison"", ""global_time_limit"": 600, ""max_tries"": 50, ""tuning_file"": ""tests/psa/ace.tuning.json"", ""hpo_strategy"": ""hamming"", ""global_time_strategy"": ""PERCENT"", ""percent"": 0.2, ""round_time_strategy"": ""STATIC"", ""time_evolution"": ""STATIC"", ""stop_strategy"": ""TIMEOUT""}",310,"{""varh"": ""Rand"", ""valh"": ""First"", ""saf"": ""False"", ""pc1"": ""True"", ""bdc"": ""1"", ""toh"": ""True"", ""ng"": ""NO"", ""lc"": ""2"", ""negative"": ""V"", ""generic2"": ""True"", ""sb"": ""NO""}",1.1135222500015516,1.5584644170012325,208,ExitStatus.FEASIBLE,False,False,1.5584644170012325
2025-06-08T09:13:27.465464,Hsp-aux-10405_c23.xml,"{""input"": ""tests/xcsp3/cop/UNKNOWN/Hsp-aux-10405_c23.xml"", ""solver"": ""xcsp:ACE@2.4"", ""output_dir"": ""results_comparison"", ""global_time_limit"": 600, ""max_tries"": 50, ""tuning_file"": ""tests/psa/ace.tuning.json"", ""hpo_strategy"": ""hamming"", ""global_time_strategy"": ""PERCENT"", ""percent"": 0.2, ""round_time_strategy"": ""STATIC"", ""time_evolution"": ""STATIC"", ""stop_strategy"": ""TIMEOUT""}",311,"{""varh"": ""Wdeg"", ""valh"": ""FlrsE"", ""saf"": ""False"", ""pc1"": ""True"", ""bdc"": ""1"", ""toh"": ""False"", ""ng"": ""NO"", ""lc"": ""2"", ""negative"": ""STR1"", ""generic2"": ""True"", ""sb"": ""NO""}",1.1135222500015516,0.9091800840105861,198,ExitStatus.OPTIMAL,False,False,0.9091800840105861
2025-06-08T09:13:29.125324,Hsp-aux-10405_c23.xml,"{""input"": ""tests/xcsp3/cop/UNKNOWN/Hsp-aux-10405_c23.xml"", ""solver"": ""xcsp:ACE@2.4"", ""output_dir"": ""results_comparison"", ""global_time_limit"": 600, ""max_tries"": 50, ""tuning_file"": ""tests/psa/ace.tuning.json"", ""hpo_strategy"": ""hamming"", ""global_time_strategy"": ""PERCENT"", ""percent"": 0.2, ""round_time_strategy"": ""STATIC"", ""time_evolution"": ""STATIC"", ""stop_strategy"": ""TIMEOUT""}",312,"{""varh"": ""Activity"", ""valh"": ""Vals"", ""saf"": ""False"", ""pc1"": ""True"", ""bdc"": ""1"", ""toh"": ""False"", ""ng"": ""NO"", ""lc"": ""2"", ""negative"": ""V"", ""generic2"": ""True"", ""sb"": ""NO""}",1.1135222500015516,1.5585618329932913,232,ExitStatus.FEASIBLE,False,False,1.5585618329932913
2025-06-08T09:13:30.160831,Hsp-aux-10405_c23.xml,"{""input"": ""tests/xcsp3/cop/UNKNOWN/Hsp-aux-10405_c23.xml"", ""solver"": ""xcsp:ACE@2.4"", ""output_dir"": ""results_comparison"", ""global_time_limit"": 600, ""max_tries"": 50, ""tuning_file"": ""tests/psa/ace.tuning.json"", ""hpo_strategy"": ""hamming"", ""global_time_strategy"": ""PERCENT"", ""percent"": 0.2, ""round_time_strategy"": ""STATIC"", ""time_evolution"": ""STATIC"", ""stop_strategy"": ""TIMEOUT""}",313,"{""varh"": ""RunRobin"", ""valh"": ""First"", ""saf"": ""False"", ""pc1"": ""True"", ""bdc"": ""1"", ""toh"": ""False"", ""ng"": ""NO"", ""lc"": ""1"", ""negative"": ""V"", ""generic2"": ""True"", ""sb"": ""NO""}",1.1135222500015516,0.9365140000008978,198,ExitStatus.OPTIMAL,False,False,0.9365140000008978
2025-06-08T09:13:31.205808,Hsp-aux-10405_c23.xml,"{""input"": ""tests/xcsp3/cop/UNKNOWN/Hsp-aux-10405_c23.xml"", ""solver"": ""xcsp:ACE@2.4"", ""output_dir"": ""results_comparison"", ""global_time_limit"": 600, ""max_tries"": 50, ""tuning_file"": ""tests/psa/ace.tuning.json"", ""hpo_strategy"": ""hamming"", ""global_time_strategy"": ""PERCENT"", ""percent"": 0.2, ""round_time_strategy"": ""STATIC"", ""time_evolution"": ""STATIC"", ""stop_strategy"": ""TIMEOUT""}",314,"{""varh"": ""Wdeg"", ""valh"": ""Vals"", ""saf"": ""False"", ""pc1"": ""True"", ""bdc"": ""1"", ""toh"": ""False"", ""ng"": ""NO"", ""lc"": ""2"", ""negative"": ""STR1N"", ""generic2"": ""True"", ""sb"": ""NO""}",1.1135222500015516,0.9430767089943402,198,ExitStatus.OPTIMAL,False,False,0.9430767089943402
2025-06-08T09:13:32.844374,Hsp-aux-10405_c23.xml,"{""input"": ""tests/xcsp3/cop/UNKNOWN/Hsp-aux-10405_c23.xml"", ""solver"": ""xcsp:ACE@2.4"", ""output_dir"": ""results_comparison"", ""global_time_limit"": 600, ""max_tries"": 50, ""tuning_file"": ""tests/psa/ace.tuning.json"", ""hpo_strategy"": ""hamming"", ""global_time_strategy"": ""PERCENT"", ""percent"": 0.2, ""round_time_strategy"": ""STATIC"", ""time_evolution"": ""STATIC"", ""stop_strategy"": ""TIMEOUT""}",315,"{""varh"": ""Lexico"", ""valh"": ""First"", ""saf"": ""False"", ""pc1"": ""False"", ""bdc"": ""1"", ""toh"": ""False"", ""ng"": ""NO"", ""lc"": ""2"", ""negative"": ""V"", ""generic2"": ""True"", ""sb"": ""NO""}",1.1135222500015516,1.5394467079895549,,ExitStatus.UNKNOWN,False,False,1.5394467079895549
2025-06-08T09:13:33.885027,Hsp-aux-10405_c23.xml,"{""input"": ""tests/xcsp3/cop/UNKNOWN/Hsp-aux-10405_c23.xml"", ""solver"": ""xcsp:ACE@2.4"", ""output_dir"": ""results_comparison"", ""global_time_limit"": 600, ""max_tries"": 50, ""tuning_file"": ""tests/psa/ace.tuning.json"", ""hpo_strategy"": ""hamming"", ""global_time_strategy"": ""PERCENT"", ""percent"": 0.2, ""round_time_strategy"": ""STATIC"", ""time_evolution"": ""STATIC"", ""stop_strategy"": ""TIMEOUT""}",316,"{""varh"": ""RunRobin"", ""valh"": ""OccsR"", ""saf"": ""False"", ""pc1"": ""True"", ""bdc"": ""1"", ""toh"": ""False"", ""ng"": ""NO"", ""lc"": ""2"", ""negative"": ""V"", ""generic2"": ""True"", ""sb"": ""NO""}",1.1135222500015516,0.9399087500059977,198,ExitStatus.OPTIMAL,False,False,0.9399087500059977
2025-06-08T09:13:34.904041,Hsp-aux-10405_c23.xml,"{""input"": ""tests/xcsp3/cop/UNKNOWN/Hsp-aux-10405_c23.xml"", ""solver"": ""xcsp:ACE@2.4"", ""output_dir"": ""results_comparison"", ""global_time_limit"": 600, ""max_tries"": 50, ""tuning_file"": ""tests/psa/ace.tuning.json"", ""hpo_strategy"": ""hamming"", ""global_time_strategy"": ""PERCENT"", ""percent"": 0.2, ""round_time_strategy"": ""STATIC"", ""time_evolution"": ""STATIC"", ""stop_strategy"": ""TIMEOUT""}",317,"{""varh"": ""Wdeg"", ""valh"": ""RunRobin"", ""saf"": ""False"", ""pc1"": ""True"", ""bdc"": ""1"", ""toh"": ""False"", ""ng"": ""NO"", ""lc"": ""2"", ""negative"": ""VA"", ""generic2"": ""True"", ""sb"": ""NO""}",1.1135222500015516,0.9192033750005066,198,ExitStatus.OPTIMAL,False,False,0.9192033750005066
2025-06-08T09:13:35.922223,Hsp-aux-10405_c23.xml,"{""input"": ""tests/xcsp3/cop/UNKNOWN/Hsp-aux-10405_c23.xml"", ""solver"": ""xcsp:ACE@2.4"", ""output_dir"": ""results_comparison"", ""global_time_limit"": 600, ""max_tries"": 50, ""tuning_file"": ""tests/psa/ace.tuning.json"", ""hpo_strategy"": ""hamming"", ""global_time_strategy"": ""PERCENT"", ""percent"": 0.2, ""round_time_strategy"": ""STATIC"", ""time_evolution"": ""STATIC"", ""stop_strategy"": ""TIMEOUT""}",318,"{""varh"": ""Wdeg"", ""valh"": ""First"", ""saf"": ""False"", ""pc1"": ""True"", ""bdc"": ""1"", ""toh"": ""False"", ""ng"": ""NO"", ""lc"": ""2"", ""negative"": ""STR2"", ""generic2"": ""False"", ""sb"": ""NO""}",1.1135222500015516,0.9182142910140101,198,ExitStatus.OPTIMAL,False,False,0.9182142910140101
2025-06-08T09:13:37.005123,Hsp-aux-10405_c23.xml,"{""input"": ""tests/xcsp3/cop/UNKNOWN/Hsp-aux-10405_c23.xml"", ""solver"": ""xcsp:ACE@2.4"", ""output_dir"": ""results_comparison"", ""global_time_limit"": 600, ""max_tries"": 50, ""tuning_file"": ""tests/psa/ace.tuning.json"", ""hpo_strategy"": ""hamming"", ""global_time_strategy"": ""PERCENT"", ""percent"": 0.2, ""round_time_strategy"": ""STATIC"", ""time_evolution"": ""STATIC"", ""stop_strategy"": ""TIMEOUT""}",319,"{""varh"": ""Wdeg"", ""valh"": ""OccsR"", ""saf"": ""False"", ""pc1"": ""True"", ""bdc"": ""1"", ""toh"": ""False"", ""ng"": ""NO"", ""lc"": ""2"", ""negative"": ""STR1"", ""generic2"": ""True"", ""sb"": ""NO""}",1.1135222500015516,0.9816508750081994,198,ExitStatus.OPTIMAL,False,False,0.9816508750081994
2025-06-08T09:13:38.083498,Hsp-aux-10405_c23.xml,"{""input"": ""tests/xcsp3/cop/UNKNOWN/Hsp-aux-10405_c23.xml"", ""solver"": ""xcsp:ACE@2.4"", ""output_dir"": ""results_comparison"", ""global_time_limit"": 600, ""max_tries"": 50, ""tuning_file"": ""tests/psa/ace.tuning.json"", ""hpo_strategy"": ""hamming"", ""global_time_strategy"": ""PERCENT"", ""percent"": 0.2, ""round_time_strategy"": ""STATIC"", ""time_evolution"": ""STATIC"", ""stop_strategy"": ""TIMEOUT""}",320,"{""varh"": ""Wdeg"", ""valh"": ""First"", ""saf"": ""False"", ""pc1"": ""False"", ""bdc"": ""1"", ""toh"": ""False"", ""ng"": ""NO"", ""lc"": ""2"", ""negative"": ""STR1"", ""generic2"": ""True"", ""sb"": ""NO""}",1.1135222500015516,0.9523890420095995,198,ExitStatus.OPTIMAL,False,False,0.9523890420095995
2025-06-08T09:13:39.097881,Hsp-aux-10405_c23.xml,"{""input"": ""tests/xcsp3/cop/UNKNOWN/Hsp-aux-10405_c23.xml"", ""solver"": ""xcsp:ACE@2.4"", ""output_dir"": ""results_comparison"", ""global_time_limit"": 600, ""max_tries"": 50, ""tuning_file"": ""tests/psa/ace.tuning.json"", ""hpo_strategy"": ""hamming"", ""global_time_strategy"": ""PERCENT"", ""percent"": 0.2, ""round_time_strategy"": ""STATIC"", ""time_evolution"": ""STATIC"", ""stop_strategy"": ""TIMEOUT""}",321,"{""varh"": ""Wdeg"", ""valh"": ""First"", ""saf"": ""True"", ""pc1"": ""True"", ""bdc"": ""1"", ""toh"": ""False"", ""ng"": ""NO"", ""lc"": ""2"", ""negative"": ""STR1"", ""generic2"": ""True"", ""sb"": ""NO""}",1.1135222500015516,0.913990000000922,198,ExitStatus.OPTIMAL,False,False,0.913990000000922
2025-06-08T09:13:40.154020,Hsp-aux-10405_c23.xml,"{""input"": ""tests/xcsp3/cop/UNKNOWN/Hsp-aux-10405_c23.xml"", ""solver"": ""xcsp:ACE@2.4"", ""output_dir"": ""results_comparison"", ""global_time_limit"": 600, ""max_tries"": 50, ""tuning_file"": ""tests/psa/ace.tuning.json"", ""hpo_strategy"": ""hamming"", ""global_time_strategy"": ""PERCENT"", ""percent"": 0.2, ""round_time_strategy"": ""STATIC"", ""time_evolution"": ""STATIC"", ""stop_strategy"": ""TIMEOUT""}",322,"{""varh"": ""Wdeg"", ""valh"": ""Rand"", ""saf"": ""False"", ""pc1"": ""True"", ""bdc"": ""1"", ""toh"": ""True"", ""ng"": ""NO"", ""lc"": ""2"", ""negative"": ""V"", ""generic2"": ""True"", ""sb"": ""NO""}",1.1135222500015516,0.9570777910121251,198,ExitStatus.OPTIMAL,False,False,0.9570777910121251
2025-06-08T09:13:41.205936,Hsp-aux-10405_c23.xml,"{""input"": ""tests/xcsp3/cop/UNKNOWN/Hsp-aux-10405_c23.xml"", ""solver"": ""xcsp:ACE@2.4"", ""output_dir"": ""results_comparison"", ""global_time_limit"": 600, ""max_tries"": 50, ""tuning_file"": ""tests/psa/ace.tuning.json"", ""hpo_strategy"": ""hamming"", ""global_time_strategy"": ""PERCENT"", ""percent"": 0.2, ""round_time_strategy"": ""STATIC"", ""time_evolution"": ""STATIC"", ""stop_strategy"": ""TIMEOUT""}",323,"{""varh"": ""FrbaOnDom"", ""valh"": ""First"", ""saf"": ""False"", ""pc1"": ""True"", ""bdc"": ""1"", ""toh"": ""False"", ""ng"": ""NO"", ""lc"": ""2"", ""negative"": ""STR0"", ""generic2"": ""True"", ""sb"": ""NO""}",1.1135222500015516,0.951209375023609,198,ExitStatus.OPTIMAL,False,False,0.951209375023609
2025-06-08T09:13:43.986340,Hsp-aux-10405_c23.xml,"{""input"": ""tests/xcsp3/cop/UNKNOWN/Hsp-aux-10405_c23.xml"", ""solver"": ""xcsp:ACE@2.4"", ""output_dir"": ""results_comparison"", ""global_time_limit"": 600, ""max_tries"": 50, ""tuning_file"": ""tests/psa/ace.tuning.json"", ""hpo_strategy"": ""hamming"", ""global_time_strategy"": ""PERCENT"", ""percent"": 0.2, ""round_time_strategy"": ""STATIC"", ""time_evolution"": ""STATIC"", ""stop_strategy"": ""TIMEOUT""}",324,"{""varh"": ""Wdeg"", ""valh"": ""Conflicts"", ""saf"": ""False"", ""pc1"": ""True"", ""bdc"": ""1"", ""toh"": ""False"", ""ng"": ""NO"", ""lc"": ""2"", ""negative"": ""CT"", ""generic2"": ""True"", ""sb"": ""NO""}",1.1135222500015516,2.681538457982242,,ExitStatus.UNKNOWN,False,False,2.681538457982242
2025-06-08T09:13:45.529261,Hsp-aux-10405_c23.xml,"{""input"": ""tests/xcsp3/cop/UNKNOWN/Hsp-aux-10405_c23.xml"", ""solver"": ""xcsp:ACE@2.4"", ""output_dir"": ""results_comparison"", ""global_time_limit"": 600, ""max_tries"": 50, ""tuning_file"": ""tests/psa/ace.tuning.json"", ""hpo_strategy"": ""hamming"", ""global_time_strategy"": ""PERCENT"", ""percent"": 0.2, ""round_time_strategy"": ""STATIC"", ""time_evolution"": ""STATIC"", ""stop_strategy"": ""TIMEOUT""}",325,"{""varh"": ""Wdeg"", ""valh"": ""Last"", ""saf"": ""True"", ""pc1"": ""True"", ""bdc"": ""1"", ""toh"": ""False"", ""ng"": ""NO"", ""lc"": ""2"", ""negative"": ""V"", ""generic2"": ""True"", ""sb"": ""NO""}",1.1135222500015516,1.4425158750091214,198,ExitStatus.OPTIMAL,False,False,1.4425158750091214
2025-06-08T09:13:46.562851,Hsp-aux-10405_c23.xml,"{""input"": ""tests/xcsp3/cop/UNKNOWN/Hsp-aux-10405_c23.xml"", ""solver"": ""xcsp:ACE@2.4"", ""output_dir"": ""results_comparison"", ""global_time_limit"": 600, ""max_tries"": 50, ""tuning_file"": ""tests/psa/ace.tuning.json"", ""hpo_strategy"": ""hamming"", ""global_time_strategy"": ""PERCENT"", ""percent"": 0.2, ""round_time_strategy"": ""STATIC"", ""time_evolution"": ""STATIC"", ""stop_strategy"": ""TIMEOUT""}",326,"{""varh"": ""Wdeg"", ""valh"": ""Bivs3"", ""saf"": ""False"", ""pc1"": ""True"", ""bdc"": ""1"", ""toh"": ""False"", ""ng"": ""NO"", ""lc"": ""2"", ""negative"": ""CT"", ""generic2"": ""True"", ""sb"": ""NO""}",1.1135222500015516,0.9174157090019435,198,ExitStatus.OPTIMAL,False,False,0.9174157090019435
2025-06-08T09:13:48.215987,Hsp-aux-10405_c23.xml,"{""input"": ""tests/xcsp3/cop/UNKNOWN/Hsp-aux-10405_c23.xml"", ""solver"": ""xcsp:ACE@2.4"", ""output_dir"": ""results_comparison"", ""global_time_limit"": 600, ""max_tries"": 50, ""tuning_file"": ""tests/psa/ace.tuning.json"", ""hpo_strategy"": ""hamming"", ""global_time_strategy"": ""PERCENT"", ""percent"": 0.2, ""round_time_strategy"": ""STATIC"", ""time_evolution"": ""STATIC"", ""stop_strategy"": ""TIMEOUT""}",327,"{""varh"": ""Lexico"", ""valh"": ""First"", ""saf"": ""False"", ""pc1"": ""True"", ""bdc"": ""1"", ""toh"": ""False"", ""ng"": ""NO"", ""lc"": ""2"", ""negative"": ""STR2N"", ""generic2"": ""True"", ""sb"": ""NO""}",1.1135222500015516,1.5531614159990568,,ExitStatus.UNKNOWN,False,False,1.5531614159990568
2025-06-08T09:13:49.230453,Hsp-aux-10405_c23.xml,"{""input"": ""tests/xcsp3/cop/UNKNOWN/Hsp-aux-10405_c23.xml"", ""solver"": ""xcsp:ACE@2.4"", ""output_dir"": ""results_comparison"", ""global_time_limit"": 600, ""max_tries"": 50, ""tuning_file"": ""tests/psa/ace.tuning.json"", ""hpo_strategy"": ""hamming"", ""global_time_strategy"": ""PERCENT"", ""percent"": 0.2, ""round_time_strategy"": ""STATIC"", ""time_evolution"": ""STATIC"", ""stop_strategy"": ""TIMEOUT""}",328,"{""varh"": ""Wdeg"", ""valh"": ""First"", ""saf"": ""False"", ""pc1"": ""True"", ""bdc"": ""1"", ""toh"": ""False"", ""ng"": ""NO"", ""lc"": ""5"", ""negative"": ""STR1N"", ""generic2"": ""True"", ""sb"": ""NO""}",1.1135222500015516,0.9148816249798983,198,ExitStatus.OPTIMAL,False,False,0.9148816249798983
2025-06-08T09:13:50.285144,Hsp-aux-10405_c23.xml,"{""input"": ""tests/xcsp3/cop/UNKNOWN/Hsp-aux-10405_c23.xml"", ""solver"": ""xcsp:ACE@2.4"", ""output_dir"": ""results_comparison"", ""global_time_limit"": 600, ""max_tries"": 50, ""tuning_file"": ""tests/psa/ace.tuning.json"", ""hpo_strategy"": ""hamming"", ""global_time_strategy"": ""PERCENT"", ""percent"": 0.2, ""round_time_strategy"": ""STATIC"", ""time_evolution"": ""STATIC"", ""stop_strategy"": ""TIMEOUT""}",329,"{""varh"": ""RunRobin"", ""valh"": ""RunRobin"", ""saf"": ""False"", ""pc1"": ""True"", ""bdc"": ""1"", ""toh"": ""False"", ""ng"": ""NO"", ""lc"": ""2"", ""negative"": ""V"", ""generic2"": ""True"", ""sb"": ""NO""}",1.1135222500015516,0.9550800409924705,198,ExitStatus.OPTIMAL,False,False,0.9550800409924705
2025-06-08T09:13:51.296820,Hsp-aux-10405_c23.xml,"{""input"": ""tests/xcsp3/cop/UNKNOWN/Hsp-aux-10405_c23.xml"", ""solver"": ""xcsp:ACE@2.4"", ""output_dir"": ""results_comparison"", ""global_time_limit"": 600, ""max_tries"": 50, ""tuning_file"": ""tests/psa/ace.tuning.json"", ""hpo_strategy"": ""hamming"", ""global_time_strategy"": ""PERCENT"", ""percent"": 0.2, ""round_time_strategy"": ""STATIC"", ""time_evolution"": ""STATIC"", ""stop_strategy"": ""TIMEOUT""}",330,"{""varh"": ""Memory"", ""valh"": ""First"", ""saf"": ""False"", ""pc1"": ""True"", ""bdc"": ""1"", ""toh"": ""False"", ""ng"": ""NO"", ""lc"": ""2"", ""negative"": ""CT"", ""generic2"": ""True"", ""sb"": ""NO""}",1.1135222500015516,0.9123951669898815,198,ExitStatus.OPTIMAL,False,False,0.9123951669898815
2025-06-08T09:13:52.291592,Hsp-aux-10405_c23.xml,"{""input"": ""tests/xcsp3/cop/UNKNOWN/Hsp-aux-10405_c23.xml"", ""solver"": ""xcsp:ACE@2.4"", ""output_dir"": ""results_comparison"", ""global_time_limit"": 600, ""max_tries"": 50, ""tuning_file"": ""tests/psa/ace.tuning.json"", ""hpo_strategy"": ""hamming"", ""global_time_strategy"": ""PERCENT"", ""percent"": 0.2, ""round_time_strategy"": ""STATIC"", ""time_evolution"": ""STATIC"", ""stop_strategy"": ""TIMEOUT""}",331,"{""varh"": ""Wdeg"", ""valh"": ""First"", ""saf"": ""False"", ""pc1"": ""True"", ""bdc"": ""1000"", ""toh"": ""False"", ""ng"": ""NO"", ""lc"": ""10"", ""negative"": ""V"", ""generic2"": ""True"", ""sb"": ""NO""}",1.1135222500015516,0.8933777500060387,,ExitStatus.UNKNOWN,False,False,0.8933777500060387
2025-06-08T09:13:53.382758,Hsp-aux-10405_c23.xml,"{""input"": ""tests/xcsp3/cop/UNKNOWN/Hsp-aux-10405_c23.xml"", ""solver"": ""xcsp:ACE@2.4"", ""output_dir"": ""results_comparison"", ""global_time_limit"": 600, ""max_tries"": 50, ""tuning_file"": ""tests/psa/ace.tuning.json"", ""hpo_strategy"": ""hamming"", ""global_time_strategy"": ""PERCENT"", ""percent"": 0.2, ""round_time_strategy"": ""STATIC"", ""time_evolution"": ""STATIC"", ""stop_strategy"": ""TIMEOUT""}",332,"{""varh"": ""Wdeg"", ""valh"": ""First"", ""saf"": ""False"", ""pc1"": ""True"", ""bdc"": ""1"", ""toh"": ""False"", ""ng"": ""NO"", ""lc"": ""0"", ""negative"": ""V"", ""generic2"": ""False"", ""sb"": ""NO""}",1.1135222500015516,0.9697612499876413,198,ExitStatus.OPTIMAL,False,False,0.9697612499876413
2025-06-08T09:13:55.029060,Hsp-aux-10405_c23.xml,"{""input"": ""tests/xcsp3/cop/UNKNOWN/Hsp-aux-10405_c23.xml"", ""solver"": ""xcsp:ACE@2.4"", ""output_dir"": ""results_comparison"", ""global_time_limit"": 600, ""max_tries"": 50, ""tuning_file"": ""tests/psa/ace.tuning.json"", ""hpo_strategy"": ""hamming"", ""global_time_strategy"": ""PERCENT"", ""percent"": 0.2, ""round_time_strategy"": ""STATIC"", ""time_evolution"": ""STATIC"", ""stop_strategy"": ""TIMEOUT""}",333,"{""varh"": ""Lexico"", ""valh"": ""Rand"", ""saf"": ""False"", ""pc1"": ""True"", ""bdc"": ""1"", ""toh"": ""False"", ""ng"": ""NO"", ""lc"": ""2"", ""negative"": ""V"", ""generic2"": ""True"", ""sb"": ""NO""}",1.1135222500015516,1.5458352499990724,352,ExitStatus.FEASIBLE,False,False,1.5458352499990724
2025-06-08T09:13:56.084917,Hsp-aux-10405_c23.xml,"{""input"": ""tests/xcsp3/cop/UNKNOWN/Hsp-aux-10405_c23.xml"", ""solver"": ""xcsp:ACE@2.4"", ""output_dir"": ""results_comparison"", ""global_time_limit"": 600, ""max_tries"": 50, ""tuning_file"": ""tests/psa/ace.tuning.json"", ""hpo_strategy"": ""hamming"", ""global_time_strategy"": ""PERCENT"", ""percent"": 0.2, ""round_time_strategy"": ""STATIC"", ""time_evolution"": ""STATIC"", ""stop_strategy"": ""TIMEOUT""}",334,"{""varh"": ""Wdeg"", ""valh"": ""Rand"", ""saf"": ""False"", ""pc1"": ""True"", ""bdc"": ""1"", ""toh"": ""False"", ""ng"": ""NO"", ""lc"": ""2"", ""negative"": ""STR1N"", ""generic2"": ""True"", ""sb"": ""NO""}",1.1135222500015516,0.9552427919988986,198,ExitStatus.OPTIMAL,False,False,0.9552427919988986
2025-06-08T09:13:57.204116,Hsp-aux-10405_c23.xml,"{""input"": ""tests/xcsp3/cop/UNKNOWN/Hsp-aux-10405_c23.xml"", ""solver"": ""xcsp:ACE@2.4"", ""output_dir"": ""results_comparison"", ""global_time_limit"": 600, ""max_tries"": 50, ""tuning_file"": ""tests/psa/ace.tuning.json"", ""hpo_strategy"": ""hamming"", ""global_time_strategy"": ""PERCENT"", ""percent"": 0.2, ""round_time_strategy"": ""STATIC"", ""time_evolution"": ""STATIC"", ""stop_strategy"": ""TIMEOUT""}",335,"{""varh"": ""Wdeg"", ""valh"": ""Median"", ""saf"": ""False"", ""pc1"": ""True"", ""bdc"": ""1"", ""toh"": ""False"", ""ng"": ""NO"", ""lc"": ""0"", ""negative"": ""V"", ""generic2"": ""True"", ""sb"": ""NO""}",1.1135222500015516,1.0191472079895902,198,ExitStatus.OPTIMAL,False,False,1.0191472079895902
2025-06-08T09:13:58.174240,Hsp-aux-10405_c23.xml,"{""input"": ""tests/xcsp3/cop/UNKNOWN/Hsp-aux-10405_c23.xml"", ""solver"": ""xcsp:ACE@2.4"", ""output_dir"": ""results_comparison"", ""global_time_limit"": 600, ""max_tries"": 50, ""tuning_file"": ""tests/psa/ace.tuning.json"", ""hpo_strategy"": ""hamming"", ""global_time_strategy"": ""PERCENT"", ""percent"": 0.2, ""round_time_strategy"": ""STATIC"", ""time_evolution"": ""STATIC"", ""stop_strategy"": ""TIMEOUT""}",336,"{""varh"": ""Wdeg"", ""valh"": ""FlrsE"", ""saf"": ""False"", ""pc1"": ""True"", ""bdc"": ""100"", ""toh"": ""False"", ""ng"": ""NO"", ""lc"": ""2"", ""negative"": ""V"", ""generic2"": ""True"", ""sb"": ""NO""}",1.1135222500015516,0.8702562499966007,,ExitStatus.UNKNOWN,False,False,0.8702562499966007
2025-06-08T09:13:59.231848,Hsp-aux-10405_c23.xml,"{""input"": ""tests/xcsp3/cop/UNKNOWN/Hsp-aux-10405_c23.xml"", ""solver"": ""xcsp:ACE@2.4"", ""output_dir"": ""results_comparison"", ""global_time_limit"": 600, ""max_tries"": 50, ""tuning_file"": ""tests/psa/ace.tuning.json"", ""hpo_strategy"": ""hamming"", ""global_time_strategy"": ""PERCENT"", ""percent"": 0.2, ""round_time_strategy"": ""STATIC"", ""time_evolution"": ""STATIC"", ""stop_strategy"": ""TIMEOUT""}",337,"{""varh"": ""RunRobin"", ""valh"": ""First"", ""saf"": ""False"", ""pc1"": ""True"", ""bdc"": ""1"", ""toh"": ""False"", ""ng"": ""NO"", ""lc"": ""2"", ""negative"": ""STR3"", ""generic2"": ""True"", ""sb"": ""NO""}",1.1135222500015516,0.957009208999807,198,ExitStatus.OPTIMAL,False,False,0.957009208999807
2025-06-08T09:14:00.877955,Hsp-aux-10405_c23.xml,"{""input"": ""tests/xcsp3/cop/UNKNOWN/Hsp-aux-10405_c23.xml"", ""solver"": ""xcsp:ACE@2.4"", ""output_dir"": ""results_comparison"", ""global_time_limit"": 600, ""max_tries"": 50, ""tuning_file"": ""tests/psa/ace.tuning.json"", ""hpo_strategy"": ""hamming"", ""global_time_strategy"": ""PERCENT"", ""percent"": 0.2, ""round_time_strategy"": ""STATIC"", ""time_evolution"": ""STATIC"", ""stop_strategy"": ""TIMEOUT""}",338,"{""varh"": ""Lexico"", ""valh"": ""First"", ""saf"": ""False"", ""pc1"": ""True"", ""bdc"": ""1"", ""toh"": ""False"", ""ng"": ""NO"", ""lc"": ""5"", ""negative"": ""V"", ""generic2"": ""True"", ""sb"": ""NO""}",1.1135222500015516,1.545131582999602,,ExitStatus.UNKNOWN,False,False,1.545131582999602
2025-06-08T09:14:02.375994,Hsp-aux-10405_c23.xml,"{""input"": ""tests/xcsp3/cop/UNKNOWN/Hsp-aux-10405_c23.xml"", ""solver"": ""xcsp:ACE@2.4"", ""output_dir"": ""results_comparison"", ""global_time_limit"": 600, ""max_tries"": 50, ""tuning_file"": ""tests/psa/ace.tuning.json"", ""hpo_strategy"": ""hamming"", ""global_time_strategy"": ""PERCENT"", ""percent"": 0.2, ""round_time_strategy"": ""STATIC"", ""time_evolution"": ""STATIC"", ""stop_strategy"": ""TIMEOUT""}",339,"{""varh"": ""Wdeg"", ""valh"": ""First"", ""saf"": ""False"", ""pc1"": ""True"", ""bdc"": ""1"", ""toh"": ""True"", ""ng"": ""NO"", ""lc"": ""2"", ""negative"": ""STR2N"", ""generic2"": ""True"", ""sb"": ""NO""}",1.1135222500015516,1.346769249998033,198,ExitStatus.OPTIMAL,False,False,1.346769249998033
2025-06-08T09:14:03.685903,Hsp-aux-10405_c23.xml,"{""input"": ""tests/xcsp3/cop/UNKNOWN/Hsp-aux-10405_c23.xml"", ""solver"": ""xcsp:ACE@2.4"", ""output_dir"": ""results_comparison"", ""global_time_limit"": 600, ""max_tries"": 50, ""tuning_file"": ""tests/psa/ace.tuning.json"", ""hpo_strategy"": ""hamming"", ""global_time_strategy"": ""PERCENT"", ""percent"": 0.2, ""round_time_strategy"": ""STATIC"", ""time_evolution"": ""STATIC"", ""stop_strategy"": ""TIMEOUT""}",340,"{""varh"": ""WdegOnDom"", ""valh"": ""First"", ""saf"": ""False"", ""pc1"": ""True"", ""bdc"": ""1"", ""toh"": ""False"", ""ng"": ""NO"", ""lc"": ""5"", ""negative"": ""V"", ""generic2"": ""True"", ""sb"": ""NO""}",1.1135222500015516,1.1712239580228925,198,ExitStatus.OPTIMAL,False,False,1.1712239580228925
2025-06-08T09:14:04.698797,Hsp-aux-10405_c23.xml,"{""input"": ""tests/xcsp3/cop/UNKNOWN/Hsp-aux-10405_c23.xml"", ""solver"": ""xcsp:ACE@2.4"", ""output_dir"": ""results_comparison"", ""global_time_limit"": 600, ""max_tries"": 50, ""tuning_file"": ""tests/psa/ace.tuning.json"", ""hpo_strategy"": ""hamming"", ""global_time_strategy"": ""PERCENT"", ""percent"": 0.2, ""round_time_strategy"": ""STATIC"", ""time_evolution"": ""STATIC"", ""stop_strategy"": ""TIMEOUT""}",341,"{""varh"": ""Wdeg"", ""valh"": ""First"", ""saf"": ""False"", ""pc1"": ""True"", ""bdc"": ""10"", ""toh"": ""False"", ""ng"": ""NO"", ""lc"": ""2"", ""negative"": ""STR0"", ""generic2"": ""True"", ""sb"": ""NO""}",1.1135222500015516,0.9059004579903558,198,ExitStatus.OPTIMAL,False,False,0.9059004579903558
2025-06-08T09:14:05.712082,Hsp-aux-10405_c23.xml,"{""input"": ""tests/xcsp3/cop/UNKNOWN/Hsp-aux-10405_c23.xml"", ""solver"": ""xcsp:ACE@2.4"", ""output_dir"": ""results_comparison"", ""global_time_limit"": 600, ""max_tries"": 50, ""tuning_file"": ""tests/psa/ace.tuning.json"", ""hpo_strategy"": ""hamming"", ""global_time_strategy"": ""PERCENT"", ""percent"": 0.2, ""round_time_strategy"": ""STATIC"", ""time_evolution"": ""STATIC"", ""stop_strategy"": ""TIMEOUT""}",342,"{""varh"": ""Wdeg"", ""valh"": ""First"", ""saf"": ""True"", ""pc1"": ""True"", ""bdc"": ""1"", ""toh"": ""False"", ""ng"": ""NO"", ""lc"": ""2"", ""negative"": ""V"", ""generic2"": ""False"", ""sb"": ""NO""}",1.1135222500015516,0.9160974160186015,198,ExitStatus.OPTIMAL,False,False,0.9160974160186015
2025-06-08T09:14:06.766653,Hsp-aux-10405_c23.xml,"{""input"": ""tests/xcsp3/cop/UNKNOWN/Hsp-aux-10405_c23.xml"", ""solver"": ""xcsp:ACE@2.4"", ""output_dir"": ""results_comparison"", ""global_time_limit"": 600, ""max_tries"": 50, ""tuning_file"": ""tests/psa/ace.tuning.json"", ""hpo_strategy"": ""hamming"", ""global_time_strategy"": ""PERCENT"", ""percent"": 0.2, ""round_time_strategy"": ""STATIC"", ""time_evolution"": ""STATIC"", ""stop_strategy"": ""TIMEOUT""}",343,"{""varh"": ""Wdeg"", ""valh"": ""Rand"", ""saf"": ""False"", ""pc1"": ""True"", ""bdc"": ""1"", ""toh"": ""False"", ""ng"": ""NO"", ""lc"": ""2"", ""negative"": ""VA"", ""generic2"": ""True"", ""sb"": ""NO""}",1.1135222500015516,0.9542649999784771,198,ExitStatus.OPTIMAL,False,False,0.9542649999784771
2025-06-08T09:14:07.798216,Hsp-aux-10405_c23.xml,"{""input"": ""tests/xcsp3/cop/UNKNOWN/Hsp-aux-10405_c23.xml"", ""solver"": ""xcsp:ACE@2.4"", ""output_dir"": ""results_comparison"", ""global_time_limit"": 600, ""max_tries"": 50, ""tuning_file"": ""tests/psa/ace.tuning.json"", ""hpo_strategy"": ""hamming"", ""global_time_strategy"": ""PERCENT"", ""percent"": 0.2, ""round_time_strategy"": ""STATIC"", ""time_evolution"": ""STATIC"", ""stop_strategy"": ""TIMEOUT""}",344,"{""varh"": ""Wdeg"", ""valh"": ""First"", ""saf"": ""False"", ""pc1"": ""False"", ""bdc"": ""1"", ""toh"": ""False"", ""ng"": ""NO"", ""lc"": ""2"", ""negative"": ""VA"", ""generic2"": ""True"", ""sb"": ""NO""}",1.1135222500015516,0.9337669579836074,198,ExitStatus.OPTIMAL,False,False,0.9337669579836074
2025-06-08T09:14:08.884402,Hsp-aux-10405_c23.xml,"{""input"": ""tests/xcsp3/cop/UNKNOWN/Hsp-aux-10405_c23.xml"", ""solver"": ""xcsp:ACE@2.4"", ""output_dir"": ""results_comparison"", ""global_time_limit"": 600, ""max_tries"": 50, ""tuning_file"": ""tests/psa/ace.tuning.json"", ""hpo_strategy"": ""hamming"", ""global_time_strategy"": ""PERCENT"", ""percent"": 0.2, ""round_time_strategy"": ""STATIC"", ""time_evolution"": ""STATIC"", ""stop_strategy"": ""TIMEOUT""}",345,"{""varh"": ""Wdeg"", ""valh"": ""OccsR"", ""saf"": ""False"", ""pc1"": ""True"", ""bdc"": ""1"", ""toh"": ""False"", ""ng"": ""NO"", ""lc"": ""5"", ""negative"": ""V"", ""generic2"": ""True"", ""sb"": ""NO""}",1.1135222500015516,0.9858690830005798,198,ExitStatus.OPTIMAL,False,False,0.9858690830005798
2025-06-08T09:14:09.931349,Hsp-aux-10405_c23.xml,"{""input"": ""tests/xcsp3/cop/UNKNOWN/Hsp-aux-10405_c23.xml"", ""solver"": ""xcsp:ACE@2.4"", ""output_dir"": ""results_comparison"", ""global_time_limit"": 600, ""max_tries"": 50, ""tuning_file"": ""tests/psa/ace.tuning.json"", ""hpo_strategy"": ""hamming"", ""global_time_strategy"": ""PERCENT"", ""percent"": 0.2, ""round_time_strategy"": ""STATIC"", ""time_evolution"": ""STATIC"", ""stop_strategy"": ""TIMEOUT""}",346,"{""varh"": ""Memory"", ""valh"": ""First"", ""saf"": ""False"", ""pc1"": ""True"", ""bdc"": ""1"", ""toh"": ""False"", ""ng"": ""NO"", ""lc"": ""2"", ""negative"": ""STR1N"", ""generic2"": ""True"", ""sb"": ""NO""}",1.1135222500015516,0.9197292909957469,198,ExitStatus.OPTIMAL,False,False,0.9197292909957469
2025-06-08T09:14:11.576560,Hsp-aux-10405_c23.xml,"{""input"": ""tests/xcsp3/cop/UNKNOWN/Hsp-aux-10405_c23.xml"", ""solver"": ""xcsp:ACE@2.4"", ""output_dir"": ""results_comparison"", ""global_time_limit"": 600, ""max_tries"": 50, ""tuning_file"": ""tests/psa/ace.tuning.json"", ""hpo_strategy"": ""hamming"", ""global_time_strategy"": ""PERCENT"", ""percent"": 0.2, ""round_time_strategy"": ""STATIC"", ""time_evolution"": ""STATIC"", ""stop_strategy"": ""TIMEOUT""}",347,"{""varh"": ""Activity"", ""valh"": ""First"", ""saf"": ""False"", ""pc1"": ""True"", ""bdc"": ""10"", ""toh"": ""False"", ""ng"": ""NO"", ""lc"": ""2"", ""negative"": ""V"", ""generic2"": ""True"", ""sb"": ""NO""}",1.1135222500015516,1.5458601249847561,270,ExitStatus.FEASIBLE,False,False,1.5458601249847561
2025-06-08T09:14:12.588204,Hsp-aux-10405_c23.xml,"{""input"": ""tests/xcsp3/cop/UNKNOWN/Hsp-aux-10405_c23.xml"", ""solver"": ""xcsp:ACE@2.4"", ""output_dir"": ""results_comparison"", ""global_time_limit"": 600, ""max_tries"": 50, ""tuning_file"": ""tests/psa/ace.tuning.json"", ""hpo_strategy"": ""hamming"", ""global_time_strategy"": ""PERCENT"", ""percent"": 0.2, ""round_time_strategy"": ""STATIC"", ""time_evolution"": ""STATIC"", ""stop_strategy"": ""TIMEOUT""}",348,"{""varh"": ""Wdeg"", ""valh"": ""First"", ""saf"": ""False"", ""pc1"": ""True"", ""bdc"": ""1"", ""toh"": ""False"", ""ng"": ""NO"", ""lc"": ""1"", ""negative"": ""STR2"", ""generic2"": ""True"", ""sb"": ""NO""}",1.1135222500015516,0.9142827909963671,198,ExitStatus.OPTIMAL,False,False,0.9142827909963671
2025-06-08T09:14:13.598050,Hsp-aux-10405_c23.xml,"{""input"": ""tests/xcsp3/cop/UNKNOWN/Hsp-aux-10405_c23.xml"", ""solver"": ""xcsp:ACE@2.4"", ""output_dir"": ""results_comparison"", ""global_time_limit"": 600, ""max_tries"": 50, ""tuning_file"": ""tests/psa/ace.tuning.json"", ""hpo_strategy"": ""hamming"", ""global_time_strategy"": ""PERCENT"", ""percent"": 0.2, ""round_time_strategy"": ""STATIC"", ""time_evolution"": ""STATIC"", ""stop_strategy"": ""TIMEOUT""}",349,"{""varh"": ""Wdeg"", ""valh"": ""Bivs3"", ""saf"": ""False"", ""pc1"": ""True"", ""bdc"": ""10"", ""toh"": ""False"", ""ng"": ""NO"", ""lc"": ""2"", ""negative"": ""V"", ""generic2"": ""True"", ""sb"": ""NO""}",1.1135222500015516,0.9093280000088271,198,ExitStatus.OPTIMAL,False,False,0.9093280000088271
2025-06-08T09:14:14.615147,Hsp-aux-10405_c23.xml,"{""input"": ""tests/xcsp3/cop/UNKNOWN/Hsp-aux-10405_c23.xml"", ""solver"": ""xcsp:ACE@2.4"", ""output_dir"": ""results_comparison"", ""global_time_limit"": 600, ""max_tries"": 50, ""tuning_file"": ""tests/psa/ace.tuning.json"", ""hpo_strategy"": ""hamming"", ""global_time_strategy"": ""PERCENT"", ""percent"": 0.2, ""round_time_strategy"": ""STATIC"", ""time_evolution"": ""STATIC"", ""stop_strategy"": ""TIMEOUT""}",350,"{""varh"": ""WdegOnDom"", ""valh"": ""OccsR"", ""saf"": ""False"", ""pc1"": ""True"", ""bdc"": ""1"", ""toh"": ""False"", ""ng"": ""NO"", ""lc"": ""2"", ""negative"": ""V"", ""generic2"": ""True"", ""sb"": ""NO""}",1.1135222500015516,0.9196707500086632,198,ExitStatus.OPTIMAL,False,False,0.9196707500086632
2025-06-08T09:14:15.758067,Hsp-aux-10405_c23.xml,"{""input"": ""tests/xcsp3/cop/UNKNOWN/Hsp-aux-10405_c23.xml"", ""solver"": ""xcsp:ACE@2.4"", ""output_dir"": ""results_comparison"", ""global_time_limit"": 600, ""max_tries"": 50, ""tuning_file"": ""tests/psa/ace.tuning.json"", ""hpo_strategy"": ""hamming"", ""global_time_strategy"": ""PERCENT"", ""percent"": 0.2, ""round_time_strategy"": ""STATIC"", ""time_evolution"": ""STATIC"", ""stop_strategy"": ""TIMEOUT""}",351,"{""varh"": ""WdegOnDom"", ""valh"": ""First"", ""saf"": ""False"", ""pc1"": ""False"", ""bdc"": ""1"", ""toh"": ""False"", ""ng"": ""NO"", ""lc"": ""2"", ""negative"": ""V"", ""generic2"": ""True"", ""sb"": ""NO""}",1.1135222500015516,1.0414617499918677,198,ExitStatus.OPTIMAL,False,False,1.0414617499918677
2025-06-08T09:14:16.806941,Hsp-aux-10405_c23.xml,"{""input"": ""tests/xcsp3/cop/UNKNOWN/Hsp-aux-10405_c23.xml"", ""solver"": ""xcsp:ACE@2.4"", ""output_dir"": ""results_comparison"", ""global_time_limit"": 600, ""max_tries"": 50, ""tuning_file"": ""tests/psa/ace.tuning.json"", ""hpo_strategy"": ""hamming"", ""global_time_strategy"": ""PERCENT"", ""percent"": 0.2, ""round_time_strategy"": ""STATIC"", ""time_evolution"": ""STATIC"", ""stop_strategy"": ""TIMEOUT""}",352,"{""varh"": ""WdegOnDom"", ""valh"": ""Vals"", ""saf"": ""False"", ""pc1"": ""True"", ""bdc"": ""1"", ""toh"": ""False"", ""ng"": ""NO"", ""lc"": ""2"", ""negative"": ""V"", ""generic2"": ""True"", ""sb"": ""NO""}",1.1135222500015516,0.9290501670038793,198,ExitStatus.OPTIMAL,False,False,0.9290501670038793
2025-06-08T09:14:18.463584,Hsp-aux-10405_c23.xml,"{""input"": ""tests/xcsp3/cop/UNKNOWN/Hsp-aux-10405_c23.xml"", ""solver"": ""xcsp:ACE@2.4"", ""output_dir"": ""results_comparison"", ""global_time_limit"": 600, ""max_tries"": 50, ""tuning_file"": ""tests/psa/ace.tuning.json"", ""hpo_strategy"": ""hamming"", ""global_time_strategy"": ""PERCENT"", ""percent"": 0.2, ""round_time_strategy"": ""STATIC"", ""time_evolution"": ""STATIC"", ""stop_strategy"": ""TIMEOUT""}",353,"{""varh"": ""Lexico"", ""valh"": ""Median"", ""saf"": ""False"", ""pc1"": ""True"", ""bdc"": ""1"", ""toh"": ""False"", ""ng"": ""NO"", ""lc"": ""2"", ""negative"": ""V"", ""generic2"": ""True"", ""sb"": ""NO""}",1.1135222500015516,1.555076583987102,309,ExitStatus.FEASIBLE,False,False,1.555076583987102
2025-06-08T09:14:19.538585,Hsp-aux-10405_c23.xml,"{""input"": ""tests/xcsp3/cop/UNKNOWN/Hsp-aux-10405_c23.xml"", ""solver"": ""xcsp:ACE@2.4"", ""output_dir"": ""results_comparison"", ""global_time_limit"": 600, ""max_tries"": 50, ""tuning_file"": ""tests/psa/ace.tuning.json"", ""hpo_strategy"": ""hamming"", ""global_time_strategy"": ""PERCENT"", ""percent"": 0.2, ""round_time_strategy"": ""STATIC"", ""time_evolution"": ""STATIC"", ""stop_strategy"": ""TIMEOUT""}",354,"{""varh"": ""Wdeg"", ""valh"": ""Last"", ""saf"": ""False"", ""pc1"": ""True"", ""bdc"": ""100"", ""toh"": ""False"", ""ng"": ""NO"", ""lc"": ""2"", ""negative"": ""V"", ""generic2"": ""True"", ""sb"": ""NO""}",1.1135222500015516,0.9756832499988377,,ExitStatus.UNKNOWN,False,False,0.9756832499988377
2025-06-08T09:14:21.180265,Hsp-aux-10405_c23.xml,"{""input"": ""tests/xcsp3/cop/UNKNOWN/Hsp-aux-10405_c23.xml"", ""solver"": ""xcsp:ACE@2.4"", ""output_dir"": ""results_comparison"", ""global_time_limit"": 600, ""max_tries"": 50, ""tuning_file"": ""tests/psa/ace.tuning.json"", ""hpo_strategy"": ""hamming"", ""global_time_strategy"": ""PERCENT"", ""percent"": 0.2, ""round_time_strategy"": ""STATIC"", ""time_evolution"": ""STATIC"", ""stop_strategy"": ""TIMEOUT""}",355,"{""varh"": ""Lexico"", ""valh"": ""FlrsE"", ""saf"": ""False"", ""pc1"": ""True"", ""bdc"": ""1"", ""toh"": ""False"", ""ng"": ""NO"", ""lc"": ""2"", ""negative"": ""V"", ""generic2"": ""True"", ""sb"": ""NO""}",1.1135222500015516,1.5406895419873763,,ExitStatus.UNKNOWN,False,False,1.5406895419873763
2025-06-08T09:14:22.233980,Hsp-aux-10405_c23.xml,"{""input"": ""tests/xcsp3/cop/UNKNOWN/Hsp-aux-10405_c23.xml"", ""solver"": ""xcsp:ACE@2.4"", ""output_dir"": ""results_comparison"", ""global_time_limit"": 600, ""max_tries"": 50, ""tuning_file"": ""tests/psa/ace.tuning.json"", ""hpo_strategy"": ""hamming"", ""global_time_strategy"": ""PERCENT"", ""percent"": 0.2, ""round_time_strategy"": ""STATIC"", ""time_evolution"": ""STATIC"", ""stop_strategy"": ""TIMEOUT""}",356,"{""varh"": ""Wdeg"", ""valh"": ""Rand"", ""saf"": ""False"", ""pc1"": ""True"", ""bdc"": ""1"", ""toh"": ""False"", ""ng"": ""NO"", ""lc"": ""5"", ""negative"": ""V"", ""generic2"": ""True"", ""sb"": ""NO""}",1.1135222500015516,0.9566952500026673,198,ExitStatus.OPTIMAL,False,False,0.9566952500026673
2025-06-08T09:14:23.206099,Hsp-aux-10405_c23.xml,"{""input"": ""tests/xcsp3/cop/UNKNOWN/Hsp-aux-10405_c23.xml"", ""solver"": ""xcsp:ACE@2.4"", ""output_dir"": ""results_comparison"", ""global_time_limit"": 600, ""max_tries"": 50, ""tuning_file"": ""tests/psa/ace.tuning.json"", ""hpo_strategy"": ""hamming"", ""global_time_strategy"": ""PERCENT"", ""percent"": 0.2, ""round_time_strategy"": ""STATIC"", ""time_evolution"": ""STATIC"", ""stop_strategy"": ""TIMEOUT""}",357,"{""varh"": ""Wdeg"", ""valh"": ""First"", ""saf"": ""False"", ""pc1"": ""True"", ""bdc"": ""1000"", ""toh"": ""False"", ""ng"": ""NO"", ""lc"": ""5"", ""negative"": ""V"", ""generic2"": ""True"", ""sb"": ""NO""}",1.1135222500015516,0.8720995829789899,,ExitStatus.UNKNOWN,False,False,0.8720995829789899
2025-06-08T09:14:24.220598,Hsp-aux-10405_c23.xml,"{""input"": ""tests/xcsp3/cop/UNKNOWN/Hsp-aux-10405_c23.xml"", ""solver"": ""xcsp:ACE@2.4"", ""output_dir"": ""results_comparison"", ""global_time_limit"": 600, ""max_tries"": 50, ""tuning_file"": ""tests/psa/ace.tuning.json"", ""hpo_strategy"": ""hamming"", ""global_time_strategy"": ""PERCENT"", ""percent"": 0.2, ""round_time_strategy"": ""STATIC"", ""time_evolution"": ""STATIC"", ""stop_strategy"": ""TIMEOUT""}",358,"{""varh"": ""Wdeg"", ""valh"": ""FlrsE"", ""saf"": ""False"", ""pc1"": ""True"", ""bdc"": ""1"", ""toh"": ""False"", ""ng"": ""NO"", ""lc"": ""10"", ""negative"": ""V"", ""generic2"": ""True"", ""sb"": ""NO""}",1.1135222500015516,0.9172019580146298,198,ExitStatus.OPTIMAL,False,False,0.9172019580146298
2025-06-08T09:14:25.882411,Hsp-aux-10405_c23.xml,"{""input"": ""tests/xcsp3/cop/UNKNOWN/Hsp-aux-10405_c23.xml"", ""solver"": ""xcsp:ACE@2.4"", ""output_dir"": ""results_comparison"", ""global_time_limit"": 600, ""max_tries"": 50, ""tuning_file"": ""tests/psa/ace.tuning.json"", ""hpo_strategy"": ""hamming"", ""global_time_strategy"": ""PERCENT"", ""percent"": 0.2, ""round_time_strategy"": ""STATIC"", ""time_evolution"": ""STATIC"", ""stop_strategy"": ""TIMEOUT""}",359,"{""varh"": ""Activity"", ""valh"": ""First"", ""saf"": ""False"", ""pc1"": ""True"", ""bdc"": ""1"", ""toh"": ""False"", ""ng"": ""NO"", ""lc"": ""2"", ""negative"": ""CT"", ""generic2"": ""True"", ""sb"": ""NO""}",1.1135222500015516,1.560877707990585,270,ExitStatus.FEASIBLE,False,False,1.560877707990585
2025-06-08T09:14:26.964447,Hsp-aux-10405_c23.xml,"{""input"": ""tests/xcsp3/cop/UNKNOWN/Hsp-aux-10405_c23.xml"", ""solver"": ""xcsp:ACE@2.4"", ""output_dir"": ""results_comparison"", ""global_time_limit"": 600, ""max_tries"": 50, ""tuning_file"": ""tests/psa/ace.tuning.json"", ""hpo_strategy"": ""hamming"", ""global_time_strategy"": ""PERCENT"", ""percent"": 0.2, ""round_time_strategy"": ""STATIC"", ""time_evolution"": ""STATIC"", ""stop_strategy"": ""TIMEOUT""}",360,"{""varh"": ""Activity"", ""valh"": ""FlrsE"", ""saf"": ""False"", ""pc1"": ""True"", ""bdc"": ""1"", ""toh"": ""False"", ""ng"": ""NO"", ""lc"": ""2"", ""negative"": ""V"", ""generic2"": ""True"", ""sb"": ""NO""}",1.1135222500015516,0.9693786250136327,270,ExitStatus.FEASIBLE,False,False,0.9693786250136327
2025-06-08T09:14:28.615090,Hsp-aux-10405_c23.xml,"{""input"": ""tests/xcsp3/cop/UNKNOWN/Hsp-aux-10405_c23.xml"", ""solver"": ""xcsp:ACE@2.4"", ""output_dir"": ""results_comparison"", ""global_time_limit"": 600, ""max_tries"": 50, ""tuning_file"": ""tests/psa/ace.tuning.json"", ""hpo_strategy"": ""hamming"", ""global_time_strategy"": ""PERCENT"", ""percent"": 0.2, ""round_time_strategy"": ""STATIC"", ""time_evolution"": ""STATIC"", ""stop_strategy"": ""TIMEOUT""}",361,"{""varh"": ""Activity"", ""valh"": ""Median"", ""saf"": ""False"", ""pc1"": ""True"", ""bdc"": ""1"", ""toh"": ""False"", ""ng"": ""NO"", ""lc"": ""2"", ""negative"": ""V"", ""generic2"": ""True"", ""sb"": ""NO""}",1.1135222500015516,1.5494038749893662,,ExitStatus.UNKNOWN,False,False,1.5494038749893662
2025-06-08T09:14:29.664517,Hsp-aux-10405_c23.xml,"{""input"": ""tests/xcsp3/cop/UNKNOWN/Hsp-aux-10405_c23.xml"", ""solver"": ""xcsp:ACE@2.4"", ""output_dir"": ""results_comparison"", ""global_time_limit"": 600, ""max_tries"": 50, ""tuning_file"": ""tests/psa/ace.tuning.json"", ""hpo_strategy"": ""hamming"", ""global_time_strategy"": ""PERCENT"", ""percent"": 0.2, ""round_time_strategy"": ""STATIC"", ""time_evolution"": ""STATIC"", ""stop_strategy"": ""TIMEOUT""}",362,"{""varh"": ""Wdeg"", ""valh"": ""Vals"", ""saf"": ""False"", ""pc1"": ""True"", ""bdc"": ""1"", ""toh"": ""False"", ""ng"": ""NO"", ""lc"": ""2"", ""negative"": ""STR0"", ""generic2"": ""True"", ""sb"": ""NO""}",1.1135222500015516,0.952017750008963,198,ExitStatus.OPTIMAL,False,False,0.952017750008963
2025-06-08T09:14:31.321769,Hsp-aux-10405_c23.xml,"{""input"": ""tests/xcsp3/cop/UNKNOWN/Hsp-aux-10405_c23.xml"", ""solver"": ""xcsp:ACE@2.4"", ""output_dir"": ""results_comparison"", ""global_time_limit"": 600, ""max_tries"": 50, ""tuning_file"": ""tests/psa/ace.tuning.json"", ""hpo_strategy"": ""hamming"", ""global_time_strategy"": ""PERCENT"", ""percent"": 0.2, ""round_time_strategy"": ""STATIC"", ""time_evolution"": ""STATIC"", ""stop_strategy"": ""TIMEOUT""}",363,"{""varh"": ""Rand"", ""valh"": ""First"", ""saf"": ""False"", ""pc1"": ""True"", ""bdc"": ""1"", ""toh"": ""False"", ""ng"": ""NO"", ""lc"": ""1"", ""negative"": ""V"", ""generic2"": ""True"", ""sb"": ""NO""}",1.1135222500015516,1.557956834003562,208,ExitStatus.FEASIBLE,False,False,1.557956834003562
2025-06-08T09:14:32.976061,Hsp-aux-10405_c23.xml,"{""input"": ""tests/xcsp3/cop/UNKNOWN/Hsp-aux-10405_c23.xml"", ""solver"": ""xcsp:ACE@2.4"", ""output_dir"": ""results_comparison"", ""global_time_limit"": 600, ""max_tries"": 50, ""tuning_file"": ""tests/psa/ace.tuning.json"", ""hpo_strategy"": ""hamming"", ""global_time_strategy"": ""PERCENT"", ""percent"": 0.2, ""round_time_strategy"": ""STATIC"", ""time_evolution"": ""STATIC"", ""stop_strategy"": ""TIMEOUT""}",364,"{""varh"": ""Rand"", ""valh"": ""First"", ""saf"": ""False"", ""pc1"": ""True"", ""bdc"": ""1"", ""toh"": ""False"", ""ng"": ""NO"", ""lc"": ""2"", ""negative"": ""STR3"", ""generic2"": ""True"", ""sb"": ""NO""}",1.1135222500015516,1.5565429169801064,208,ExitStatus.FEASIBLE,False,False,1.5565429169801064
2025-06-08T09:14:34.633514,Hsp-aux-10405_c23.xml,"{""input"": ""tests/xcsp3/cop/UNKNOWN/Hsp-aux-10405_c23.xml"", ""solver"": ""xcsp:ACE@2.4"", ""output_dir"": ""results_comparison"", ""global_time_limit"": 600, ""max_tries"": 50, ""tuning_file"": ""tests/psa/ace.tuning.json"", ""hpo_strategy"": ""hamming"", ""global_time_strategy"": ""PERCENT"", ""percent"": 0.2, ""round_time_strategy"": ""STATIC"", ""time_evolution"": ""STATIC"", ""stop_strategy"": ""TIMEOUT""}",365,"{""varh"": ""Lexico"", ""valh"": ""First"", ""saf"": ""False"", ""pc1"": ""True"", ""bdc"": ""1"", ""toh"": ""False"", ""ng"": ""NO"", ""lc"": ""10"", ""negative"": ""V"", ""generic2"": ""True"", ""sb"": ""NO""}",1.1135222500015516,1.555289542011451,,ExitStatus.UNKNOWN,False,False,1.555289542011451
2025-06-08T09:14:35.673242,Hsp-aux-10405_c23.xml,"{""input"": ""tests/xcsp3/cop/UNKNOWN/Hsp-aux-10405_c23.xml"", ""solver"": ""xcsp:ACE@2.4"", ""output_dir"": ""results_comparison"", ""global_time_limit"": 600, ""max_tries"": 50, ""tuning_file"": ""tests/psa/ace.tuning.json"", ""hpo_strategy"": ""hamming"", ""global_time_strategy"": ""PERCENT"", ""percent"": 0.2, ""round_time_strategy"": ""STATIC"", ""time_evolution"": ""STATIC"", ""stop_strategy"": ""TIMEOUT""}",366,"{""varh"": ""Wdeg"", ""valh"": ""First"", ""saf"": ""False"", ""pc1"": ""False"", ""bdc"": ""1"", ""toh"": ""False"", ""ng"": ""NO"", ""lc"": ""2"", ""negative"": ""V"", ""generic2"": ""False"", ""sb"": ""NO""}",1.1135222500015516,0.9430512079852633,198,ExitStatus.OPTIMAL,False,False,0.9430512079852633
2025-06-08T09:14:36.697669,Hsp-aux-10405_c23.xml,"{""input"": ""tests/xcsp3/cop/UNKNOWN/Hsp-aux-10405_c23.xml"", ""solver"": ""xcsp:ACE@2.4"", ""output_dir"": ""results_comparison"", ""global_time_limit"": 600, ""max_tries"": 50, ""tuning_file"": ""tests/psa/ace.tuning.json"", ""hpo_strategy"": ""hamming"", ""global_time_strategy"": ""PERCENT"", ""percent"": 0.2, ""round_time_strategy"": ""STATIC"", ""time_evolution"": ""STATIC"", ""stop_strategy"": ""TIMEOUT""}",367,"{""varh"": ""Wdeg"", ""valh"": ""FlrsE"", ""saf"": ""False"", ""pc1"": ""True"", ""bdc"": ""1"", ""toh"": ""False"", ""ng"": ""NO"", ""lc"": ""2"", ""negative"": ""V"", ""generic2"": ""False"", ""sb"": ""NO""}",1.1135222500015516,0.9235359169833828,198,ExitStatus.OPTIMAL,False,False,0.9235359169833828
2025-06-08T09:14:37.738367,Hsp-aux-10405_c23.xml,"{""input"": ""tests/xcsp3/cop/UNKNOWN/Hsp-aux-10405_c23.xml"", ""solver"": ""xcsp:ACE@2.4"", ""output_dir"": ""results_comparison"", ""global_time_limit"": 600, ""max_tries"": 50, ""tuning_file"": ""tests/psa/ace.tuning.json"", ""hpo_strategy"": ""hamming"", ""global_time_strategy"": ""PERCENT"", ""percent"": 0.2, ""round_time_strategy"": ""STATIC"", ""time_evolution"": ""STATIC"", ""stop_strategy"": ""TIMEOUT""}",368,"{""varh"": ""RunRobin"", ""valh"": ""First"", ""saf"": ""True"", ""pc1"": ""True"", ""bdc"": ""1"", ""toh"": ""False"", ""ng"": ""NO"", ""lc"": ""2"", ""negative"": ""V"", ""generic2"": ""True"", ""sb"": ""NO""}",1.1135222500015516,0.9426550420175772,198,ExitStatus.OPTIMAL,False,False,0.9426550420175772
2025-06-08T09:14:39.001988,Hsp-aux-10405_c23.xml,"{""input"": ""tests/xcsp3/cop/UNKNOWN/Hsp-aux-10405_c23.xml"", ""solver"": ""xcsp:ACE@2.4"", ""output_dir"": ""results_comparison"", ""global_time_limit"": 600, ""max_tries"": 50, ""tuning_file"": ""tests/psa/ace.tuning.json"", ""hpo_strategy"": ""hamming"", ""global_time_strategy"": ""PERCENT"", ""percent"": 0.2, ""round_time_strategy"": ""STATIC"", ""time_evolution"": ""STATIC"", ""stop_strategy"": ""TIMEOUT""}",369,"{""varh"": ""Wdeg"", ""valh"": ""Median"", ""saf"": ""False"", ""pc1"": ""True"", ""bdc"": ""1"", ""toh"": ""False"", ""ng"": ""NO"", ""lc"": ""2"", ""negative"": ""STR1"", ""generic2"": ""True"", ""sb"": ""NO""}",1.1135222500015516,1.163083416002337,198,ExitStatus.OPTIMAL,False,False,1.163083416002337
2025-06-08T09:14:39.967342,Hsp-aux-10405_c23.xml,"{""input"": ""tests/xcsp3/cop/UNKNOWN/Hsp-aux-10405_c23.xml"", ""solver"": ""xcsp:ACE@2.4"", ""output_dir"": ""results_comparison"", ""global_time_limit"": 600, ""max_tries"": 50, ""tuning_file"": ""tests/psa/ace.tuning.json"", ""hpo_strategy"": ""hamming"", ""global_time_strategy"": ""PERCENT"", ""percent"": 0.2, ""round_time_strategy"": ""STATIC"", ""time_evolution"": ""STATIC"", ""stop_strategy"": ""TIMEOUT""}",370,"{""varh"": ""Wdeg"", ""valh"": ""First"", ""saf"": ""False"", ""pc1"": ""False"", ""bdc"": ""100"", ""toh"": ""False"", ""ng"": ""NO"", ""lc"": ""2"", ""negative"": ""V"", ""generic2"": ""True"", ""sb"": ""NO""}",1.1135222500015516,0.8688773750036489,,ExitStatus.UNKNOWN,False,False,0.8688773750036489
2025-06-08T09:14:41.052203,Hsp-aux-10405_c23.xml,"{""input"": ""tests/xcsp3/cop/UNKNOWN/Hsp-aux-10405_c23.xml"", ""solver"": ""xcsp:ACE@2.4"", ""output_dir"": ""results_comparison"", ""global_time_limit"": 600, ""max_tries"": 50, ""tuning_file"": ""tests/psa/ace.tuning.json"", ""hpo_strategy"": ""hamming"", ""global_time_strategy"": ""PERCENT"", ""percent"": 0.2, ""round_time_strategy"": ""STATIC"", ""time_evolution"": ""STATIC"", ""stop_strategy"": ""TIMEOUT""}",371,"{""varh"": ""Memory"", ""valh"": ""First"", ""saf"": ""False"", ""pc1"": ""True"", ""bdc"": ""1"", ""toh"": ""False"", ""ng"": ""NO"", ""lc"": ""1"", ""negative"": ""V"", ""generic2"": ""True"", ""sb"": ""NO""}",1.1135222500015516,0.9836044160183519,198,ExitStatus.OPTIMAL,False,False,0.9836044160183519
2025-06-08T09:14:42.101273,Hsp-aux-10405_c23.xml,"{""input"": ""tests/xcsp3/cop/UNKNOWN/Hsp-aux-10405_c23.xml"", ""solver"": ""xcsp:ACE@2.4"", ""output_dir"": ""results_comparison"", ""global_time_limit"": 600, ""max_tries"": 50, ""tuning_file"": ""tests/psa/ace.tuning.json"", ""hpo_strategy"": ""hamming"", ""global_time_strategy"": ""PERCENT"", ""percent"": 0.2, ""round_time_strategy"": ""STATIC"", ""time_evolution"": ""STATIC"", ""stop_strategy"": ""TIMEOUT""}",372,"{""varh"": ""Wdeg"", ""valh"": ""RunRobin"", ""saf"": ""False"", ""pc1"": ""True"", ""bdc"": ""1"", ""toh"": ""False"", ""ng"": ""NO"", ""lc"": ""1"", ""negative"": ""V"", ""generic2"": ""True"", ""sb"": ""NO""}",1.1135222500015516,0.9253224169951864,198,ExitStatus.OPTIMAL,False,False,0.9253224169951864
2025-06-08T09:14:43.754288,Hsp-aux-10405_c23.xml,"{""input"": ""tests/xcsp3/cop/UNKNOWN/Hsp-aux-10405_c23.xml"", ""solver"": ""xcsp:ACE@2.4"", ""output_dir"": ""results_comparison"", ""global_time_limit"": 600, ""max_tries"": 50, ""tuning_file"": ""tests/psa/ace.tuning.json"", ""hpo_strategy"": ""hamming"", ""global_time_strategy"": ""PERCENT"", ""percent"": 0.2, ""round_time_strategy"": ""STATIC"", ""time_evolution"": ""STATIC"", ""stop_strategy"": ""TIMEOUT""}",373,"{""varh"": ""Activity"", ""valh"": ""RunRobin"", ""saf"": ""False"", ""pc1"": ""True"", ""bdc"": ""1"", ""toh"": ""False"", ""ng"": ""NO"", ""lc"": ""2"", ""negative"": ""V"", ""generic2"": ""True"", ""sb"": ""NO""}",1.1135222500015516,1.553174125001533,224,ExitStatus.FEASIBLE,False,False,1.553174125001533
2025-06-08T09:14:44.717465,Hsp-aux-10405_c23.xml,"{""input"": ""tests/xcsp3/cop/UNKNOWN/Hsp-aux-10405_c23.xml"", ""solver"": ""xcsp:ACE@2.4"", ""output_dir"": ""results_comparison"", ""global_time_limit"": 600, ""max_tries"": 50, ""tuning_file"": ""tests/psa/ace.tuning.json"", ""hpo_strategy"": ""hamming"", ""global_time_strategy"": ""PERCENT"", ""percent"": 0.2, ""round_time_strategy"": ""STATIC"", ""time_evolution"": ""STATIC"", ""stop_strategy"": ""TIMEOUT""}",374,"{""varh"": ""PickOnDom"", ""valh"": ""First"", ""saf"": ""False"", ""pc1"": ""True"", ""bdc"": ""1000"", ""toh"": ""False"", ""ng"": ""NO"", ""lc"": ""2"", ""negative"": ""V"", ""generic2"": ""True"", ""sb"": ""NO""}",1.1135222500015516,0.8632325840007979,,ExitStatus.UNKNOWN,False,False,0.8632325840007979
2025-06-08T09:14:45.745131,Hsp-aux-10405_c23.xml,"{""input"": ""tests/xcsp3/cop/UNKNOWN/Hsp-aux-10405_c23.xml"", ""solver"": ""xcsp:ACE@2.4"", ""output_dir"": ""results_comparison"", ""global_time_limit"": 600, ""max_tries"": 50, ""tuning_file"": ""tests/psa/ace.tuning.json"", ""hpo_strategy"": ""hamming"", ""global_time_strategy"": ""PERCENT"", ""percent"": 0.2, ""round_time_strategy"": ""STATIC"", ""time_evolution"": ""STATIC"", ""stop_strategy"": ""TIMEOUT""}",375,"{""varh"": ""Wdeg"", ""valh"": ""OccsR"", ""saf"": ""False"", ""pc1"": ""True"", ""bdc"": ""1"", ""toh"": ""False"", ""ng"": ""NO"", ""lc"": ""10"", ""negative"": ""V"", ""generic2"": ""True"", ""sb"": ""NO""}",1.1135222500015516,0.9283352499769535,198,ExitStatus.OPTIMAL,False,False,0.9283352499769535
2025-06-08T09:14:47.403644,Hsp-aux-10405_c23.xml,"{""input"": ""tests/xcsp3/cop/UNKNOWN/Hsp-aux-10405_c23.xml"", ""solver"": ""xcsp:ACE@2.4"", ""output_dir"": ""results_comparison"", ""global_time_limit"": 600, ""max_tries"": 50, ""tuning_file"": ""tests/psa/ace.tuning.json"", ""hpo_strategy"": ""hamming"", ""global_time_strategy"": ""PERCENT"", ""percent"": 0.2, ""round_time_strategy"": ""STATIC"", ""time_evolution"": ""STATIC"", ""stop_strategy"": ""TIMEOUT""}",376,"{""varh"": ""Activity"", ""valh"": ""First"", ""saf"": ""False"", ""pc1"": ""True"", ""bdc"": ""1"", ""toh"": ""False"", ""ng"": ""NO"", ""lc"": ""5"", ""negative"": ""V"", ""generic2"": ""True"", ""sb"": ""NO""}",1.1135222500015516,1.559746749990154,270,ExitStatus.FEASIBLE,False,False,1.559746749990154
2025-06-08T09:14:48.427124,Hsp-aux-10405_c23.xml,"{""input"": ""tests/xcsp3/cop/UNKNOWN/Hsp-aux-10405_c23.xml"", ""solver"": ""xcsp:ACE@2.4"", ""output_dir"": ""results_comparison"", ""global_time_limit"": 600, ""max_tries"": 50, ""tuning_file"": ""tests/psa/ace.tuning.json"", ""hpo_strategy"": ""hamming"", ""global_time_strategy"": ""PERCENT"", ""percent"": 0.2, ""round_time_strategy"": ""STATIC"", ""time_evolution"": ""STATIC"", ""stop_strategy"": ""TIMEOUT""}",377,"{""varh"": ""WdegOnDom"", ""valh"": ""First"", ""saf"": ""False"", ""pc1"": ""True"", ""bdc"": ""1"", ""toh"": ""False"", ""ng"": ""NO"", ""lc"": ""2"", ""negative"": ""STR2N"", ""generic2"": ""True"", ""sb"": ""NO""}",1.1135222500015516,0.9228484159975778,198,ExitStatus.OPTIMAL,False,False,0.9228484159975778
2025-06-08T09:14:49.465259,Hsp-aux-10405_c23.xml,"{""input"": ""tests/xcsp3/cop/UNKNOWN/Hsp-aux-10405_c23.xml"", ""solver"": ""xcsp:ACE@2.4"", ""output_dir"": ""results_comparison"", ""global_time_limit"": 600, ""max_tries"": 50, ""tuning_file"": ""tests/psa/ace.tuning.json"", ""hpo_strategy"": ""hamming"", ""global_time_strategy"": ""PERCENT"", ""percent"": 0.2, ""round_time_strategy"": ""STATIC"", ""time_evolution"": ""STATIC"", ""stop_strategy"": ""TIMEOUT""}",378,"{""varh"": ""PickOnDom"", ""valh"": ""First"", ""saf"": ""False"", ""pc1"": ""True"", ""bdc"": ""1"", ""toh"": ""False"", ""ng"": ""NO"", ""lc"": ""2"", ""negative"": ""STR2N"", ""generic2"": ""True"", ""sb"": ""NO""}",1.1135222500015516,0.938642166001955,198,ExitStatus.OPTIMAL,False,False,0.938642166001955
2025-06-08T09:14:50.503718,Hsp-aux-10405_c23.xml,"{""input"": ""tests/xcsp3/cop/UNKNOWN/Hsp-aux-10405_c23.xml"", ""solver"": ""xcsp:ACE@2.4"", ""output_dir"": ""results_comparison"", ""global_time_limit"": 600, ""max_tries"": 50, ""tuning_file"": ""tests/psa/ace.tuning.json"", ""hpo_strategy"": ""hamming"", ""global_time_strategy"": ""PERCENT"", ""percent"": 0.2, ""round_time_strategy"": ""STATIC"", ""time_evolution"": ""STATIC"", ""stop_strategy"": ""TIMEOUT""}",379,"{""varh"": ""Wdeg"", ""valh"": ""Vals"", ""saf"": ""False"", ""pc1"": ""True"", ""bdc"": ""1"", ""toh"": ""False"", ""ng"": ""NO"", ""lc"": ""5"", ""negative"": ""V"", ""generic2"": ""True"", ""sb"": ""NO""}",1.1135222500015516,0.9364749589876737,198,ExitStatus.OPTIMAL,False,False,0.9364749589876737
2025-06-08T09:14:52.000852,Hsp-aux-10405_c23.xml,"{""input"": ""tests/xcsp3/cop/UNKNOWN/Hsp-aux-10405_c23.xml"", ""solver"": ""xcsp:ACE@2.4"", ""output_dir"": ""results_comparison"", ""global_time_limit"": 600, ""max_tries"": 50, ""tuning_file"": ""tests/psa/ace.tuning.json"", ""hpo_strategy"": ""hamming"", ""global_time_strategy"": ""PERCENT"", ""percent"": 0.2, ""round_time_strategy"": ""STATIC"", ""time_evolution"": ""STATIC"", ""stop_strategy"": ""TIMEOUT""}",380,"{""varh"": ""Wdeg"", ""valh"": ""Last"", ""saf"": ""False"", ""pc1"": ""True"", ""bdc"": ""1"", ""toh"": ""False"", ""ng"": ""NO"", ""lc"": ""5"", ""negative"": ""V"", ""generic2"": ""True"", ""sb"": ""NO""}",1.1135222500015516,1.396756500005722,198,ExitStatus.OPTIMAL,False,False,1.396756500005722
2025-06-08T09:14:53.032411,Hsp-aux-10405_c23.xml,"{""input"": ""tests/xcsp3/cop/UNKNOWN/Hsp-aux-10405_c23.xml"", ""solver"": ""xcsp:ACE@2.4"", ""output_dir"": ""results_comparison"", ""global_time_limit"": 600, ""max_tries"": 50, ""tuning_file"": ""tests/psa/ace.tuning.json"", ""hpo_strategy"": ""hamming"", ""global_time_strategy"": ""PERCENT"", ""percent"": 0.2, ""round_time_strategy"": ""STATIC"", ""time_evolution"": ""STATIC"", ""stop_strategy"": ""TIMEOUT""}",381,"{""varh"": ""WdegOnDom"", ""valh"": ""First"", ""saf"": ""False"", ""pc1"": ""True"", ""bdc"": ""1"", ""toh"": ""False"", ""ng"": ""NO"", ""lc"": ""2"", ""negative"": ""STR2"", ""generic2"": ""True"", ""sb"": ""NO""}",1.1135222500015516,0.9155474999861326,198,ExitStatus.OPTIMAL,False,False,0.9155474999861326
2025-06-08T09:14:55.738200,Hsp-aux-10405_c23.xml,"{""input"": ""tests/xcsp3/cop/UNKNOWN/Hsp-aux-10405_c23.xml"", ""solver"": ""xcsp:ACE@2.4"", ""output_dir"": ""results_comparison"", ""global_time_limit"": 600, ""max_tries"": 50, ""tuning_file"": ""tests/psa/ace.tuning.json"", ""hpo_strategy"": ""hamming"", ""global_time_strategy"": ""PERCENT"", ""percent"": 0.2, ""round_time_strategy"": ""STATIC"", ""time_evolution"": ""STATIC"", ""stop_strategy"": ""TIMEOUT""}",382,"{""varh"": ""WdegOnDom"", ""valh"": ""Conflicts"", ""saf"": ""False"", ""pc1"": ""True"", ""bdc"": ""1"", ""toh"": ""False"", ""ng"": ""NO"", ""lc"": ""2"", ""negative"": ""V"", ""generic2"": ""True"", ""sb"": ""NO""}",1.1135222500015516,2.606626207998488,,ExitStatus.UNKNOWN,False,False,2.606626207998488
2025-06-08T09:14:57.396189,Hsp-aux-10405_c23.xml,"{""input"": ""tests/xcsp3/cop/UNKNOWN/Hsp-aux-10405_c23.xml"", ""solver"": ""xcsp:ACE@2.4"", ""output_dir"": ""results_comparison"", ""global_time_limit"": 600, ""max_tries"": 50, ""tuning_file"": ""tests/psa/ace.tuning.json"", ""hpo_strategy"": ""hamming"", ""global_time_strategy"": ""PERCENT"", ""percent"": 0.2, ""round_time_strategy"": ""STATIC"", ""time_evolution"": ""STATIC"", ""stop_strategy"": ""TIMEOUT""}",383,"{""varh"": ""Activity"", ""valh"": ""First"", ""saf"": ""False"", ""pc1"": ""True"", ""bdc"": ""1"", ""toh"": ""False"", ""ng"": ""NO"", ""lc"": ""1"", ""negative"": ""V"", ""generic2"": ""True"", ""sb"": ""NO""}",1.1135222500015516,1.5591708330030087,270,ExitStatus.FEASIBLE,False,False,1.5591708330030087
2025-06-08T09:14:58.427438,Hsp-aux-10405_c23.xml,"{""input"": ""tests/xcsp3/cop/UNKNOWN/Hsp-aux-10405_c23.xml"", ""solver"": ""xcsp:ACE@2.4"", ""output_dir"": ""results_comparison"", ""global_time_limit"": 600, ""max_tries"": 50, ""tuning_file"": ""tests/psa/ace.tuning.json"", ""hpo_strategy"": ""hamming"", ""global_time_strategy"": ""PERCENT"", ""percent"": 0.2, ""round_time_strategy"": ""STATIC"", ""time_evolution"": ""STATIC"", ""stop_strategy"": ""TIMEOUT""}",384,"{""varh"": ""Wdeg"", ""valh"": ""First"", ""saf"": ""False"", ""pc1"": ""True"", ""bdc"": ""1"", ""toh"": ""False"", ""ng"": ""NO"", ""lc"": ""2"", ""negative"": ""STR2N"", ""generic2"": ""False"", ""sb"": ""NO""}",1.1135222500015516,0.9163040829880629,198,ExitStatus.OPTIMAL,False,False,0.9163040829880629
2025-06-08T09:14:59.445405,Hsp-aux-10405_c23.xml,"{""input"": ""tests/xcsp3/cop/UNKNOWN/Hsp-aux-10405_c23.xml"", ""solver"": ""xcsp:ACE@2.4"", ""output_dir"": ""results_comparison"", ""global_time_limit"": 600, ""max_tries"": 50, ""tuning_file"": ""tests/psa/ace.tuning.json"", ""hpo_strategy"": ""hamming"", ""global_time_strategy"": ""PERCENT"", ""percent"": 0.2, ""round_time_strategy"": ""STATIC"", ""time_evolution"": ""STATIC"", ""stop_strategy"": ""TIMEOUT""}",385,"{""varh"": ""WdegOnDom"", ""valh"": ""First"", ""saf"": ""False"", ""pc1"": ""True"", ""bdc"": ""10"", ""toh"": ""False"", ""ng"": ""NO"", ""lc"": ""2"", ""negative"": ""V"", ""generic2"": ""True"", ""sb"": ""NO""}",1.1135222500015516,0.9196551669738255,198,ExitStatus.OPTIMAL,False,False,0.9196551669738255
2025-06-08T09:15:00.501905,Hsp-aux-10405_c23.xml,"{""input"": ""tests/xcsp3/cop/UNKNOWN/Hsp-aux-10405_c23.xml"", ""solver"": ""xcsp:ACE@2.4"", ""output_dir"": ""results_comparison"", ""global_time_limit"": 600, ""max_tries"": 50, ""tuning_file"": ""tests/psa/ace.tuning.json"", ""hpo_strategy"": ""hamming"", ""global_time_strategy"": ""PERCENT"", ""percent"": 0.2, ""round_time_strategy"": ""STATIC"", ""time_evolution"": ""STATIC"", ""stop_strategy"": ""TIMEOUT""}",386,"{""varh"": ""Wdeg"", ""valh"": ""Rand"", ""saf"": ""False"", ""pc1"": ""True"", ""bdc"": ""1"", ""toh"": ""False"", ""ng"": ""NO"", ""lc"": ""2"", ""negative"": ""V"", ""generic2"": ""False"", ""sb"": ""NO""}",1.1135222500015516,0.9565209170104936,198,ExitStatus.OPTIMAL,False,False,0.9565209170104936
2025-06-08T09:15:01.519300,Hsp-aux-10405_c23.xml,"{""input"": ""tests/xcsp3/cop/UNKNOWN/Hsp-aux-10405_c23.xml"", ""solver"": ""xcsp:ACE@2.4"", ""output_dir"": ""results_comparison"", ""global_time_limit"": 600, ""max_tries"": 50, ""tuning_file"": ""tests/psa/ace.tuning.json"", ""hpo_strategy"": ""hamming"", ""global_time_strategy"": ""PERCENT"", ""percent"": 0.2, ""round_time_strategy"": ""STATIC"", ""time_evolution"": ""STATIC"", ""stop_strategy"": ""TIMEOUT""}",387,"{""varh"": ""Wdeg"", ""valh"": ""OccsR"", ""saf"": ""False"", ""pc1"": ""True"", ""bdc"": ""1"", ""toh"": ""False"", ""ng"": ""NO"", ""lc"": ""2"", ""negative"": ""STR1N"", ""generic2"": ""True"", ""sb"": ""NO""}",1.1135222500015516,0.9184050420008134,198,ExitStatus.OPTIMAL,False,False,0.9184050420008134
2025-06-08T09:15:03.163614,Hsp-aux-10405_c23.xml,"{""input"": ""tests/xcsp3/cop/UNKNOWN/Hsp-aux-10405_c23.xml"", ""solver"": ""xcsp:ACE@2.4"", ""output_dir"": ""results_comparison"", ""global_time_limit"": 600, ""max_tries"": 50, ""tuning_file"": ""tests/psa/ace.tuning.json"", ""hpo_strategy"": ""hamming"", ""global_time_strategy"": ""PERCENT"", ""percent"": 0.2, ""round_time_strategy"": ""STATIC"", ""time_evolution"": ""STATIC"", ""stop_strategy"": ""TIMEOUT""}",388,"{""varh"": ""Lexico"", ""valh"": ""First"", ""saf"": ""False"", ""pc1"": ""True"", ""bdc"": ""1"", ""toh"": ""False"", ""ng"": ""NO"", ""lc"": ""2"", ""negative"": ""STR0"", ""generic2"": ""True"", ""sb"": ""NO""}",1.1135222500015516,1.5432835839746986,,ExitStatus.UNKNOWN,False,False,1.5432835839746986
2025-06-08T09:15:04.136635,Hsp-aux-10405_c23.xml,"{""input"": ""tests/xcsp3/cop/UNKNOWN/Hsp-aux-10405_c23.xml"", ""solver"": ""xcsp:ACE@2.4"", ""output_dir"": ""results_comparison"", ""global_time_limit"": 600, ""max_tries"": 50, ""tuning_file"": ""tests/psa/ace.tuning.json"", ""hpo_strategy"": ""hamming"", ""global_time_strategy"": ""PERCENT"", ""percent"": 0.2, ""round_time_strategy"": ""STATIC"", ""time_evolution"": ""STATIC"", ""stop_strategy"": ""TIMEOUT""}",389,"{""varh"": ""Wdeg"", ""valh"": ""First"", ""saf"": ""False"", ""pc1"": ""True"", ""bdc"": ""100"", ""toh"": ""False"", ""ng"": ""NO"", ""lc"": ""2"", ""negative"": ""CT"", ""generic2"": ""True"", ""sb"": ""NO""}",1.1135222500015516,0.8686806249897927,,ExitStatus.UNKNOWN,False,False,0.8686806249897927
2025-06-08T09:15:05.419800,Hsp-aux-10405_c23.xml,"{""input"": ""tests/xcsp3/cop/UNKNOWN/Hsp-aux-10405_c23.xml"", ""solver"": ""xcsp:ACE@2.4"", ""output_dir"": ""results_comparison"", ""global_time_limit"": 600, ""max_tries"": 50, ""tuning_file"": ""tests/psa/ace.tuning.json"", ""hpo_strategy"": ""hamming"", ""global_time_strategy"": ""PERCENT"", ""percent"": 0.2, ""round_time_strategy"": ""STATIC"", ""time_evolution"": ""STATIC"", ""stop_strategy"": ""TIMEOUT""}",390,"{""varh"": ""Wdeg"", ""valh"": ""Last"", ""saf"": ""False"", ""pc1"": ""True"", ""bdc"": ""1"", ""toh"": ""False"", ""ng"": ""NO"", ""lc"": ""2"", ""negative"": ""STR0"", ""generic2"": ""True"", ""sb"": ""NO""}",1.1135222500015516,1.1833793749974575,198,ExitStatus.OPTIMAL,False,False,1.1833793749974575
2025-06-08T09:15:07.079367,Hsp-aux-10405_c23.xml,"{""input"": ""tests/xcsp3/cop/UNKNOWN/Hsp-aux-10405_c23.xml"", ""solver"": ""xcsp:ACE@2.4"", ""output_dir"": ""results_comparison"", ""global_time_limit"": 600, ""max_tries"": 50, ""tuning_file"": ""tests/psa/ace.tuning.json"", ""hpo_strategy"": ""hamming"", ""global_time_strategy"": ""PERCENT"", ""percent"": 0.2, ""round_time_strategy"": ""STATIC"", ""time_evolution"": ""STATIC"", ""stop_strategy"": ""TIMEOUT""}",391,"{""varh"": ""Activity"", ""valh"": ""First"", ""saf"": ""False"", ""pc1"": ""True"", ""bdc"": ""1"", ""toh"": ""False"", ""ng"": ""NO"", ""lc"": ""2"", ""negative"": ""STR2"", ""generic2"": ""True"", ""sb"": ""NO""}",1.1135222500015516,1.5595981670194305,270,ExitStatus.FEASIBLE,False,False,1.5595981670194305
2025-06-08T09:15:08.093802,Hsp-aux-10405_c23.xml,"{""input"": ""tests/xcsp3/cop/UNKNOWN/Hsp-aux-10405_c23.xml"", ""solver"": ""xcsp:ACE@2.4"", ""output_dir"": ""results_comparison"", ""global_time_limit"": 600, ""max_tries"": 50, ""tuning_file"": ""tests/psa/ace.tuning.json"", ""hpo_strategy"": ""hamming"", ""global_time_strategy"": ""PERCENT"", ""percent"": 0.2, ""round_time_strategy"": ""STATIC"", ""time_evolution"": ""STATIC"", ""stop_strategy"": ""TIMEOUT""}",392,"{""varh"": ""Wdeg"", ""valh"": ""OccsR"", ""saf"": ""False"", ""pc1"": ""True"", ""bdc"": ""1"", ""toh"": ""False"", ""ng"": ""NO"", ""lc"": ""2"", ""negative"": ""STR3"", ""generic2"": ""True"", ""sb"": ""NO""}",1.1135222500015516,0.9140564170083962,198,ExitStatus.OPTIMAL,False,False,0.9140564170083962
2025-06-08T09:15:09.062925,Hsp-aux-10405_c23.xml,"{""input"": ""tests/xcsp3/cop/UNKNOWN/Hsp-aux-10405_c23.xml"", ""solver"": ""xcsp:ACE@2.4"", ""output_dir"": ""results_comparison"", ""global_time_limit"": 600, ""max_tries"": 50, ""tuning_file"": ""tests/psa/ace.tuning.json"", ""hpo_strategy"": ""hamming"", ""global_time_strategy"": ""PERCENT"", ""percent"": 0.2, ""round_time_strategy"": ""STATIC"", ""time_evolution"": ""STATIC"", ""stop_strategy"": ""TIMEOUT""}",393,"{""varh"": ""Wdeg"", ""valh"": ""First"", ""saf"": ""False"", ""pc1"": ""True"", ""bdc"": ""1000"", ""toh"": ""False"", ""ng"": ""NO"", ""lc"": ""2"", ""negative"": ""STR1"", ""generic2"": ""True"", ""sb"": ""NO""}",1.1135222500015516,0.8708867500245105,,ExitStatus.UNKNOWN,False,False,0.8708867500245105
2025-06-08T09:15:10.725509,Hsp-aux-10405_c23.xml,"{""input"": ""tests/xcsp3/cop/UNKNOWN/Hsp-aux-10405_c23.xml"", ""solver"": ""xcsp:ACE@2.4"", ""output_dir"": ""results_comparison"", ""global_time_limit"": 600, ""max_tries"": 50, ""tuning_file"": ""tests/psa/ace.tuning.json"", ""hpo_strategy"": ""hamming"", ""global_time_strategy"": ""PERCENT"", ""percent"": 0.2, ""round_time_strategy"": ""STATIC"", ""time_evolution"": ""STATIC"", ""stop_strategy"": ""TIMEOUT""}",394,"{""varh"": ""FrbaOnDom"", ""valh"": ""Bivs3"", ""saf"": ""False"", ""pc1"": ""True"", ""bdc"": ""1"", ""toh"": ""False"", ""ng"": ""NO"", ""lc"": ""2"", ""negative"": ""V"", ""generic2"": ""True"", ""sb"": ""NO""}",1.1135222500015516,1.5638525829999708,210,ExitStatus.FEASIBLE,False,False,1.5638525829999708
2025-06-08T09:15:11.866249,Hsp-aux-10405_c23.xml,"{""input"": ""tests/xcsp3/cop/UNKNOWN/Hsp-aux-10405_c23.xml"", ""solver"": ""xcsp:ACE@2.4"", ""output_dir"": ""results_comparison"", ""global_time_limit"": 600, ""max_tries"": 50, ""tuning_file"": ""tests/psa/ace.tuning.json"", ""hpo_strategy"": ""hamming"", ""global_time_strategy"": ""PERCENT"", ""percent"": 0.2, ""round_time_strategy"": ""STATIC"", ""time_evolution"": ""STATIC"", ""stop_strategy"": ""TIMEOUT""}",395,"{""varh"": ""FrbaOnDom"", ""valh"": ""First"", ""saf"": ""False"", ""pc1"": ""True"", ""bdc"": ""1"", ""toh"": ""False"", ""ng"": ""NO"", ""lc"": ""2"", ""negative"": ""VA"", ""generic2"": ""True"", ""sb"": ""NO""}",1.1135222500015516,1.039383583003655,198,ExitStatus.OPTIMAL,False,False,1.039383583003655
2025-06-08T09:15:12.911682,Hsp-aux-10405_c23.xml,"{""input"": ""tests/xcsp3/cop/UNKNOWN/Hsp-aux-10405_c23.xml"", ""solver"": ""xcsp:ACE@2.4"", ""output_dir"": ""results_comparison"", ""global_time_limit"": 600, ""max_tries"": 50, ""tuning_file"": ""tests/psa/ace.tuning.json"", ""hpo_strategy"": ""hamming"", ""global_time_strategy"": ""PERCENT"", ""percent"": 0.2, ""round_time_strategy"": ""STATIC"", ""time_evolution"": ""STATIC"", ""stop_strategy"": ""TIMEOUT""}",396,"{""varh"": ""WdegOnDom"", ""valh"": ""First"", ""saf"": ""False"", ""pc1"": ""True"", ""bdc"": ""1"", ""toh"": ""False"", ""ng"": ""NO"", ""lc"": ""10"", ""negative"": ""V"", ""generic2"": ""True"", ""sb"": ""NO""}",1.1135222500015516,0.9167721249978058,198,ExitStatus.OPTIMAL,False,False,0.9167721249978058
2025-06-08T09:15:13.979279,Hsp-aux-10405_c23.xml,"{""input"": ""tests/xcsp3/cop/UNKNOWN/Hsp-aux-10405_c23.xml"", ""solver"": ""xcsp:ACE@2.4"", ""output_dir"": ""results_comparison"", ""global_time_limit"": 600, ""max_tries"": 50, ""tuning_file"": ""tests/psa/ace.tuning.json"", ""hpo_strategy"": ""hamming"", ""global_time_strategy"": ""PERCENT"", ""percent"": 0.2, ""round_time_strategy"": ""STATIC"", ""time_evolution"": ""STATIC"", ""stop_strategy"": ""TIMEOUT""}",397,"{""varh"": ""Wdeg"", ""valh"": ""First"", ""saf"": ""False"", ""pc1"": ""True"", ""bdc"": ""1"", ""toh"": ""False"", ""ng"": ""NO"", ""lc"": ""0"", ""negative"": ""STR2N"", ""generic2"": ""True"", ""sb"": ""NO""}",1.1135222500015516,0.9681652500003111,198,ExitStatus.OPTIMAL,False,False,0.9681652500003111
2025-06-08T09:15:15.018872,Hsp-aux-10405_c23.xml,"{""input"": ""tests/xcsp3/cop/UNKNOWN/Hsp-aux-10405_c23.xml"", ""solver"": ""xcsp:ACE@2.4"", ""output_dir"": ""results_comparison"", ""global_time_limit"": 600, ""max_tries"": 50, ""tuning_file"": ""tests/psa/ace.tuning.json"", ""hpo_strategy"": ""hamming"", ""global_time_strategy"": ""PERCENT"", ""percent"": 0.2, ""round_time_strategy"": ""STATIC"", ""time_evolution"": ""STATIC"", ""stop_strategy"": ""TIMEOUT""}",398,"{""varh"": ""PickOnDom"", ""valh"": ""Bivs3"", ""saf"": ""False"", ""pc1"": ""True"", ""bdc"": ""1"", ""toh"": ""False"", ""ng"": ""NO"", ""lc"": ""2"", ""negative"": ""V"", ""generic2"": ""True"", ""sb"": ""NO""}",1.1135222500015516,0.9409688750165515,198,ExitStatus.OPTIMAL,False,False,0.9409688750165515
2025-06-08T09:15:15.987165,Hsp-aux-10405_c23.xml,"{""input"": ""tests/xcsp3/cop/UNKNOWN/Hsp-aux-10405_c23.xml"", ""solver"": ""xcsp:ACE@2.4"", ""output_dir"": ""results_comparison"", ""global_time_limit"": 600, ""max_tries"": 50, ""tuning_file"": ""tests/psa/ace.tuning.json"", ""hpo_strategy"": ""hamming"", ""global_time_strategy"": ""PERCENT"", ""percent"": 0.2, ""round_time_strategy"": ""STATIC"", ""time_evolution"": ""STATIC"", ""stop_strategy"": ""TIMEOUT""}",399,"{""varh"": ""Wdeg"", ""valh"": ""Vals"", ""saf"": ""False"", ""pc1"": ""True"", ""bdc"": ""1000"", ""toh"": ""False"", ""ng"": ""NO"", ""lc"": ""2"", ""negative"": ""V"", ""generic2"": ""True"", ""sb"": ""NO""}",1.1135222500015516,0.8681327500089537,,ExitStatus.UNKNOWN,False,False,0.8681327500089537
2025-06-08T09:15:17.141729,Hsp-aux-10405_c23.xml,"{""input"": ""tests/xcsp3/cop/UNKNOWN/Hsp-aux-10405_c23.xml"", ""solver"": ""xcsp:ACE@2.4"", ""output_dir"": ""results_comparison"", ""global_time_limit"": 600, ""max_tries"": 50, ""tuning_file"": ""tests/psa/ace.tuning.json"", ""hpo_strategy"": ""hamming"", ""global_time_strategy"": ""PERCENT"", ""percent"": 0.2, ""round_time_strategy"": ""STATIC"", ""time_evolution"": ""STATIC"", ""stop_strategy"": ""TIMEOUT""}",400,"{""varh"": ""Wdeg"", ""valh"": ""RunRobin"", ""saf"": ""False"", ""pc1"": ""True"", ""bdc"": ""1"", ""toh"": ""False"", ""ng"": ""NO"", ""lc"": ""0"", ""negative"": ""V"", ""generic2"": ""True"", ""sb"": ""NO""}",1.1135222500015516,1.0529857079964131,198,ExitStatus.OPTIMAL,False,False,1.0529857079964131
2025-06-08T09:15:18.825692,Hsp-aux-10405_c23.xml,"{""input"": ""tests/xcsp3/cop/UNKNOWN/Hsp-aux-10405_c23.xml"", ""solver"": ""xcsp:ACE@2.4"", ""output_dir"": ""results_comparison"", ""global_time_limit"": 600, ""max_tries"": 50, ""tuning_file"": ""tests/psa/ace.tuning.json"", ""hpo_strategy"": ""hamming"", ""global_time_strategy"": ""PERCENT"", ""percent"": 0.2, ""round_time_strategy"": ""STATIC"", ""time_evolution"": ""STATIC"", ""stop_strategy"": ""TIMEOUT""}",401,"{""varh"": ""Rand"", ""valh"": ""Bivs3"", ""saf"": ""False"", ""pc1"": ""True"", ""bdc"": ""1"", ""toh"": ""False"", ""ng"": ""NO"", ""lc"": ""2"", ""negative"": ""V"", ""generic2"": ""True"", ""sb"": ""NO""}",1.1135222500015516,1.5609079160203692,294,ExitStatus.FEASIBLE,False,False,1.5609079160203692
2025-06-08T09:15:19.995247,Hsp-aux-10405_c23.xml,"{""input"": ""tests/xcsp3/cop/UNKNOWN/Hsp-aux-10405_c23.xml"", ""solver"": ""xcsp:ACE@2.4"", ""output_dir"": ""results_comparison"", ""global_time_limit"": 600, ""max_tries"": 50, ""tuning_file"": ""tests/psa/ace.tuning.json"", ""hpo_strategy"": ""hamming"", ""global_time_strategy"": ""PERCENT"", ""percent"": 0.2, ""round_time_strategy"": ""STATIC"", ""time_evolution"": ""STATIC"", ""stop_strategy"": ""TIMEOUT""}",402,"{""varh"": ""Memory"", ""valh"": ""Last"", ""saf"": ""False"", ""pc1"": ""True"", ""bdc"": ""1"", ""toh"": ""False"", ""ng"": ""NO"", ""lc"": ""2"", ""negative"": ""V"", ""generic2"": ""True"", ""sb"": ""NO""}",1.1135222500015516,1.070451832987601,198,ExitStatus.OPTIMAL,False,False,1.070451832987601
2025-06-08T09:15:20.967284,Hsp-aux-10405_c23.xml,"{""input"": ""tests/xcsp3/cop/UNKNOWN/Hsp-aux-10405_c23.xml"", ""solver"": ""xcsp:ACE@2.4"", ""output_dir"": ""results_comparison"", ""global_time_limit"": 600, ""max_tries"": 50, ""tuning_file"": ""tests/psa/ace.tuning.json"", ""hpo_strategy"": ""hamming"", ""global_time_strategy"": ""PERCENT"", ""percent"": 0.2, ""round_time_strategy"": ""STATIC"", ""time_evolution"": ""STATIC"", ""stop_strategy"": ""TIMEOUT""}",403,"{""varh"": ""Wdeg"", ""valh"": ""First"", ""saf"": ""True"", ""pc1"": ""True"", ""bdc"": ""100"", ""toh"": ""False"", ""ng"": ""NO"", ""lc"": ""2"", ""negative"": ""V"", ""generic2"": ""True"", ""sb"": ""NO""}",1.1135222500015516,0.8709210420201998,,ExitStatus.UNKNOWN,False,False,0.8709210420201998
2025-06-08T09:15:22.026058,Hsp-aux-10405_c23.xml,"{""input"": ""tests/xcsp3/cop/UNKNOWN/Hsp-aux-10405_c23.xml"", ""solver"": ""xcsp:ACE@2.4"", ""output_dir"": ""results_comparison"", ""global_time_limit"": 600, ""max_tries"": 50, ""tuning_file"": ""tests/psa/ace.tuning.json"", ""hpo_strategy"": ""hamming"", ""global_time_strategy"": ""PERCENT"", ""percent"": 0.2, ""round_time_strategy"": ""STATIC"", ""time_evolution"": ""STATIC"", ""stop_strategy"": ""TIMEOUT""}",404,"{""varh"": ""RunRobin"", ""valh"": ""First"", ""saf"": ""False"", ""pc1"": ""True"", ""bdc"": ""1"", ""toh"": ""False"", ""ng"": ""NO"", ""lc"": ""2"", ""negative"": ""V"", ""generic2"": ""False"", ""sb"": ""NO""}",1.1135222500015516,0.9584533330053091,198,ExitStatus.OPTIMAL,False,False,0.9584533330053091
2025-06-08T09:15:23.685828,Hsp-aux-10405_c23.xml,"{""input"": ""tests/xcsp3/cop/UNKNOWN/Hsp-aux-10405_c23.xml"", ""solver"": ""xcsp:ACE@2.4"", ""output_dir"": ""results_comparison"", ""global_time_limit"": 600, ""max_tries"": 50, ""tuning_file"": ""tests/psa/ace.tuning.json"", ""hpo_strategy"": ""hamming"", ""global_time_strategy"": ""PERCENT"", ""percent"": 0.2, ""round_time_strategy"": ""STATIC"", ""time_evolution"": ""STATIC"", ""stop_strategy"": ""TIMEOUT""}",405,"{""varh"": ""Impact"", ""valh"": ""First"", ""saf"": ""False"", ""pc1"": ""True"", ""bdc"": ""1"", ""toh"": ""False"", ""ng"": ""NO"", ""lc"": ""2"", ""negative"": ""STR1"", ""generic2"": ""True"", ""sb"": ""NO""}",1.1135222500015516,1.560250874987105,,ExitStatus.UNKNOWN,False,False,1.560250874987105
2025-06-08T09:15:24.738987,Hsp-aux-10405_c23.xml,"{""input"": ""tests/xcsp3/cop/UNKNOWN/Hsp-aux-10405_c23.xml"", ""solver"": ""xcsp:ACE@2.4"", ""output_dir"": ""results_comparison"", ""global_time_limit"": 600, ""max_tries"": 50, ""tuning_file"": ""tests/psa/ace.tuning.json"", ""hpo_strategy"": ""hamming"", ""global_time_strategy"": ""PERCENT"", ""percent"": 0.2, ""round_time_strategy"": ""STATIC"", ""time_evolution"": ""STATIC"", ""stop_strategy"": ""TIMEOUT""}",406,"{""varh"": ""Wdeg"", ""valh"": ""Rand"", ""saf"": ""False"", ""pc1"": ""True"", ""bdc"": ""1"", ""toh"": ""False"", ""ng"": ""NO"", ""lc"": ""2"", ""negative"": ""STR3"", ""generic2"": ""True"", ""sb"": ""NO""}",1.1135222500015516,0.9545727919903584,198,ExitStatus.OPTIMAL,False,False,0.9545727919903584
2025-06-08T09:15:25.763611,Hsp-aux-10405_c23.xml,"{""input"": ""tests/xcsp3/cop/UNKNOWN/Hsp-aux-10405_c23.xml"", ""solver"": ""xcsp:ACE@2.4"", ""output_dir"": ""results_comparison"", ""global_time_limit"": 600, ""max_tries"": 50, ""tuning_file"": ""tests/psa/ace.tuning.json"", ""hpo_strategy"": ""hamming"", ""global_time_strategy"": ""PERCENT"", ""percent"": 0.2, ""round_time_strategy"": ""STATIC"", ""time_evolution"": ""STATIC"", ""stop_strategy"": ""TIMEOUT""}",407,"{""varh"": ""PickOnDom"", ""valh"": ""FlrsE"", ""saf"": ""False"", ""pc1"": ""True"", ""bdc"": ""1"", ""toh"": ""False"", ""ng"": ""NO"", ""lc"": ""2"", ""negative"": ""V"", ""generic2"": ""True"", ""sb"": ""NO""}",1.1135222500015516,0.9241121250088327,198,ExitStatus.OPTIMAL,False,False,0.9241121250088327
2025-06-08T09:15:26.823882,Hsp-aux-10405_c23.xml,"{""input"": ""tests/xcsp3/cop/UNKNOWN/Hsp-aux-10405_c23.xml"", ""solver"": ""xcsp:ACE@2.4"", ""output_dir"": ""results_comparison"", ""global_time_limit"": 600, ""max_tries"": 50, ""tuning_file"": ""tests/psa/ace.tuning.json"", ""hpo_strategy"": ""hamming"", ""global_time_strategy"": ""PERCENT"", ""percent"": 0.2, ""round_time_strategy"": ""STATIC"", ""time_evolution"": ""STATIC"", ""stop_strategy"": ""TIMEOUT""}",408,"{""varh"": ""Wdeg"", ""valh"": ""FlrsE"", ""saf"": ""False"", ""pc1"": ""True"", ""bdc"": ""1"", ""toh"": ""False"", ""ng"": ""NO"", ""lc"": ""2"", ""negative"": ""STR2N"", ""generic2"": ""True"", ""sb"": ""NO""}",1.1135222500015516,0.961106499977177,198,ExitStatus.OPTIMAL,False,False,0.961106499977177
2025-06-08T09:15:28.516762,Hsp-aux-10405_c23.xml,"{""input"": ""tests/xcsp3/cop/UNKNOWN/Hsp-aux-10405_c23.xml"", ""solver"": ""xcsp:ACE@2.4"", ""output_dir"": ""results_comparison"", ""global_time_limit"": 600, ""max_tries"": 50, ""tuning_file"": ""tests/psa/ace.tuning.json"", ""hpo_strategy"": ""hamming"", ""global_time_strategy"": ""PERCENT"", ""percent"": 0.2, ""round_time_strategy"": ""STATIC"", ""time_evolution"": ""STATIC"", ""stop_strategy"": ""TIMEOUT""}",409,"{""varh"": ""Activity"", ""valh"": ""First"", ""saf"": ""False"", ""pc1"": ""True"", ""bdc"": ""1"", ""toh"": ""False"", ""ng"": ""NO"", ""lc"": ""2"", ""negative"": ""STR1"", ""generic2"": ""True"", ""sb"": ""NO""}",1.1135222500015516,1.5653237079968676,270,ExitStatus.FEASIBLE,False,False,1.5653237079968676
2025-06-08T09:15:29.565305,Hsp-aux-10405_c23.xml,"{""input"": ""tests/xcsp3/cop/UNKNOWN/Hsp-aux-10405_c23.xml"", ""solver"": ""xcsp:ACE@2.4"", ""output_dir"": ""results_comparison"", ""global_time_limit"": 600, ""max_tries"": 50, ""tuning_file"": ""tests/psa/ace.tuning.json"", ""hpo_strategy"": ""hamming"", ""global_time_strategy"": ""PERCENT"", ""percent"": 0.2, ""round_time_strategy"": ""STATIC"", ""time_evolution"": ""STATIC"", ""stop_strategy"": ""TIMEOUT""}",410,"{""varh"": ""Wdeg"", ""valh"": ""FlrsE"", ""saf"": ""False"", ""pc1"": ""False"", ""bdc"": ""1"", ""toh"": ""False"", ""ng"": ""NO"", ""lc"": ""2"", ""negative"": ""V"", ""generic2"": ""True"", ""sb"": ""NO""}",1.1135222500015516,0.9431979159999173,198,ExitStatus.OPTIMAL,False,False,0.9431979159999173
2025-06-08T09:15:32.280096,Hsp-aux-10405_c23.xml,"{""input"": ""tests/xcsp3/cop/UNKNOWN/Hsp-aux-10405_c23.xml"", ""solver"": ""xcsp:ACE@2.4"", ""output_dir"": ""results_comparison"", ""global_time_limit"": 600, ""max_tries"": 50, ""tuning_file"": ""tests/psa/ace.tuning.json"", ""hpo_strategy"": ""hamming"", ""global_time_strategy"": ""PERCENT"", ""percent"": 0.2, ""round_time_strategy"": ""STATIC"", ""time_evolution"": ""STATIC"", ""stop_strategy"": ""TIMEOUT""}",411,"{""varh"": ""Wdeg"", ""valh"": ""Conflicts"", ""saf"": ""False"", ""pc1"": ""True"", ""bdc"": ""1"", ""toh"": ""False"", ""ng"": ""NO"", ""lc"": ""2"", ""negative"": ""STR1N"", ""generic2"": ""True"", ""sb"": ""NO""}",1.1135222500015516,2.6154780829965603,,ExitStatus.UNKNOWN,False,False,2.6154780829965603
2025-06-08T09:15:33.268728,Hsp-aux-10405_c23.xml,"{""input"": ""tests/xcsp3/cop/UNKNOWN/Hsp-aux-10405_c23.xml"", ""solver"": ""xcsp:ACE@2.4"", ""output_dir"": ""results_comparison"", ""global_time_limit"": 600, ""max_tries"": 50, ""tuning_file"": ""tests/psa/ace.tuning.json"", ""hpo_strategy"": ""hamming"", ""global_time_strategy"": ""PERCENT"", ""percent"": 0.2, ""round_time_strategy"": ""STATIC"", ""time_evolution"": ""STATIC"", ""stop_strategy"": ""TIMEOUT""}",412,"{""varh"": ""Wdeg"", ""valh"": ""First"", ""saf"": ""False"", ""pc1"": ""True"", ""bdc"": ""100"", ""toh"": ""False"", ""ng"": ""NO"", ""lc"": ""0"", ""negative"": ""V"", ""generic2"": ""True"", ""sb"": ""NO""}",1.1135222500015516,0.8898125829873607,,ExitStatus.UNKNOWN,False,False,0.8898125829873607
2025-06-08T09:15:34.303475,Hsp-aux-10405_c23.xml,"{""input"": ""tests/xcsp3/cop/UNKNOWN/Hsp-aux-10405_c23.xml"", ""solver"": ""xcsp:ACE@2.4"", ""output_dir"": ""results_comparison"", ""global_time_limit"": 600, ""max_tries"": 50, ""tuning_file"": ""tests/psa/ace.tuning.json"", ""hpo_strategy"": ""hamming"", ""global_time_strategy"": ""PERCENT"", ""percent"": 0.2, ""round_time_strategy"": ""STATIC"", ""time_evolution"": ""STATIC"", ""stop_strategy"": ""TIMEOUT""}",413,"{""varh"": ""Wdeg"", ""valh"": ""FlrsE"", ""saf"": ""False"", ""pc1"": ""True"", ""bdc"": ""1"", ""toh"": ""True"", ""ng"": ""NO"", ""lc"": ""2"", ""negative"": ""V"", ""generic2"": ""True"", ""sb"": ""NO""}",1.1135222500015516,0.9146404580096714,198,ExitStatus.OPTIMAL,False,False,0.9146404580096714
2025-06-08T09:15:35.557061,Hsp-aux-10405_c23.xml,"{""input"": ""tests/xcsp3/cop/UNKNOWN/Hsp-aux-10405_c23.xml"", ""solver"": ""xcsp:ACE@2.4"", ""output_dir"": ""results_comparison"", ""global_time_limit"": 600, ""max_tries"": 50, ""tuning_file"": ""tests/psa/ace.tuning.json"", ""hpo_strategy"": ""hamming"", ""global_time_strategy"": ""PERCENT"", ""percent"": 0.2, ""round_time_strategy"": ""STATIC"", ""time_evolution"": ""STATIC"", ""stop_strategy"": ""TIMEOUT""}",414,"{""varh"": ""Wdeg"", ""valh"": ""Median"", ""saf"": ""False"", ""pc1"": ""True"", ""bdc"": ""1"", ""toh"": ""False"", ""ng"": ""NO"", ""lc"": ""2"", ""negative"": ""STR0"", ""generic2"": ""True"", ""sb"": ""NO""}",1.1135222500015516,1.155352750007296,198,ExitStatus.OPTIMAL,False,False,1.155352750007296
2025-06-08T09:15:36.620847,Hsp-aux-10405_c23.xml,"{""input"": ""tests/xcsp3/cop/UNKNOWN/Hsp-aux-10405_c23.xml"", ""solver"": ""xcsp:ACE@2.4"", ""output_dir"": ""results_comparison"", ""global_time_limit"": 600, ""max_tries"": 50, ""tuning_file"": ""tests/psa/ace.tuning.json"", ""hpo_strategy"": ""hamming"", ""global_time_strategy"": ""PERCENT"", ""percent"": 0.2, ""round_time_strategy"": ""STATIC"", ""time_evolution"": ""STATIC"", ""stop_strategy"": ""TIMEOUT""}",415,"{""varh"": ""Wdeg"", ""valh"": ""First"", ""saf"": ""False"", ""pc1"": ""True"", ""bdc"": ""1"", ""toh"": ""False"", ""ng"": ""NO"", ""lc"": ""0"", ""negative"": ""STR1N"", ""generic2"": ""True"", ""sb"": ""NO""}",1.1135222500015516,0.9637036659987643,198,ExitStatus.OPTIMAL,False,False,0.9637036659987643
2025-06-08T09:15:37.631114,Hsp-aux-10405_c23.xml,"{""input"": ""tests/xcsp3/cop/UNKNOWN/Hsp-aux-10405_c23.xml"", ""solver"": ""xcsp:ACE@2.4"", ""output_dir"": ""results_comparison"", ""global_time_limit"": 600, ""max_tries"": 50, ""tuning_file"": ""tests/psa/ace.tuning.json"", ""hpo_strategy"": ""hamming"", ""global_time_strategy"": ""PERCENT"", ""percent"": 0.2, ""round_time_strategy"": ""STATIC"", ""time_evolution"": ""STATIC"", ""stop_strategy"": ""TIMEOUT""}",416,"{""varh"": ""Wdeg"", ""valh"": ""Bivs3"", ""saf"": ""False"", ""pc1"": ""True"", ""bdc"": ""1"", ""toh"": ""False"", ""ng"": ""NO"", ""lc"": ""10"", ""negative"": ""V"", ""generic2"": ""True"", ""sb"": ""NO""}",1.1135222500015516,0.9123795830237214,198,ExitStatus.OPTIMAL,False,False,0.9123795830237214
2025-06-08T09:15:40.358399,Hsp-aux-10405_c23.xml,"{""input"": ""tests/xcsp3/cop/UNKNOWN/Hsp-aux-10405_c23.xml"", ""solver"": ""xcsp:ACE@2.4"", ""output_dir"": ""results_comparison"", ""global_time_limit"": 600, ""max_tries"": 50, ""tuning_file"": ""tests/psa/ace.tuning.json"", ""hpo_strategy"": ""hamming"", ""global_time_strategy"": ""PERCENT"", ""percent"": 0.2, ""round_time_strategy"": ""STATIC"", ""time_evolution"": ""STATIC"", ""stop_strategy"": ""TIMEOUT""}",417,"{""varh"": ""Wdeg"", ""valh"": ""Conflicts"", ""saf"": ""False"", ""pc1"": ""True"", ""bdc"": ""1"", ""toh"": ""False"", ""ng"": ""NO"", ""lc"": ""5"", ""negative"": ""V"", ""generic2"": ""True"", ""sb"": ""NO""}",1.1135222500015516,2.628085333999479,,ExitStatus.UNKNOWN,False,False,2.628085333999479
2025-06-08T09:15:42.008015,Hsp-aux-10405_c23.xml,"{""input"": ""tests/xcsp3/cop/UNKNOWN/Hsp-aux-10405_c23.xml"", ""solver"": ""xcsp:ACE@2.4"", ""output_dir"": ""results_comparison"", ""global_time_limit"": 600, ""max_tries"": 50, ""tuning_file"": ""tests/psa/ace.tuning.json"", ""hpo_strategy"": ""hamming"", ""global_time_strategy"": ""PERCENT"", ""percent"": 0.2, ""round_time_strategy"": ""STATIC"", ""time_evolution"": ""STATIC"", ""stop_strategy"": ""TIMEOUT""}",418,"{""varh"": ""Impact"", ""valh"": ""First"", ""saf"": ""False"", ""pc1"": ""True"", ""bdc"": ""1"", ""toh"": ""False"", ""ng"": ""NO"", ""lc"": ""10"", ""negative"": ""V"", ""generic2"": ""True"", ""sb"": ""NO""}",1.1135222500015516,1.5524772079952527,,ExitStatus.UNKNOWN,False,False,1.5524772079952527
2025-06-08T09:15:43.665653,Hsp-aux-10405_c23.xml,"{""input"": ""tests/xcsp3/cop/UNKNOWN/Hsp-aux-10405_c23.xml"", ""solver"": ""xcsp:ACE@2.4"", ""output_dir"": ""results_comparison"", ""global_time_limit"": 600, ""max_tries"": 50, ""tuning_file"": ""tests/psa/ace.tuning.json"", ""hpo_strategy"": ""hamming"", ""global_time_strategy"": ""PERCENT"", ""percent"": 0.2, ""round_time_strategy"": ""STATIC"", ""time_evolution"": ""STATIC"", ""stop_strategy"": ""TIMEOUT""}",419,"{""varh"": ""Rand"", ""valh"": ""First"", ""saf"": ""False"", ""pc1"": ""True"", ""bdc"": ""1"", ""toh"": ""False"", ""ng"": ""NO"", ""lc"": ""10"", ""negative"": ""V"", ""generic2"": ""True"", ""sb"": ""NO""}",1.1135222500015516,1.5561321249988396,208,ExitStatus.FEASIBLE,False,False,1.5561321249988396
2025-06-08T09:15:45.306712,Hsp-aux-10405_c23.xml,"{""input"": ""tests/xcsp3/cop/UNKNOWN/Hsp-aux-10405_c23.xml"", ""solver"": ""xcsp:ACE@2.4"", ""output_dir"": ""results_comparison"", ""global_time_limit"": 600, ""max_tries"": 50, ""tuning_file"": ""tests/psa/ace.tuning.json"", ""hpo_strategy"": ""hamming"", ""global_time_strategy"": ""PERCENT"", ""percent"": 0.2, ""round_time_strategy"": ""STATIC"", ""time_evolution"": ""STATIC"", ""stop_strategy"": ""TIMEOUT""}",420,"{""varh"": ""Rand"", ""valh"": ""First"", ""saf"": ""False"", ""pc1"": ""True"", ""bdc"": ""1"", ""toh"": ""False"", ""ng"": ""NO"", ""lc"": ""0"", ""negative"": ""V"", ""generic2"": ""True"", ""sb"": ""NO""}",1.1135222500015516,1.543157791980775,248,ExitStatus.FEASIBLE,False,False,1.543157791980775
2025-06-08T09:15:46.364403,Hsp-aux-10405_c23.xml,"{""input"": ""tests/xcsp3/cop/UNKNOWN/Hsp-aux-10405_c23.xml"", ""solver"": ""xcsp:ACE@2.4"", ""output_dir"": ""results_comparison"", ""global_time_limit"": 600, ""max_tries"": 50, ""tuning_file"": ""tests/psa/ace.tuning.json"", ""hpo_strategy"": ""hamming"", ""global_time_strategy"": ""PERCENT"", ""percent"": 0.2, ""round_time_strategy"": ""STATIC"", ""time_evolution"": ""STATIC"", ""stop_strategy"": ""TIMEOUT""}",421,"{""varh"": ""Wdeg"", ""valh"": ""Vals"", ""saf"": ""False"", ""pc1"": ""True"", ""bdc"": ""1"", ""toh"": ""False"", ""ng"": ""NO"", ""lc"": ""2"", ""negative"": ""STR2"", ""generic2"": ""True"", ""sb"": ""NO""}",1.1135222500015516,0.9531103750050534,198,ExitStatus.OPTIMAL,False,False,0.9531103750050534
2025-06-08T09:15:47.335809,Hsp-aux-10405_c23.xml,"{""input"": ""tests/xcsp3/cop/UNKNOWN/Hsp-aux-10405_c23.xml"", ""solver"": ""xcsp:ACE@2.4"", ""output_dir"": ""results_comparison"", ""global_time_limit"": 600, ""max_tries"": 50, ""tuning_file"": ""tests/psa/ace.tuning.json"", ""hpo_strategy"": ""hamming"", ""global_time_strategy"": ""PERCENT"", ""percent"": 0.2, ""round_time_strategy"": ""STATIC"", ""time_evolution"": ""STATIC"", ""stop_strategy"": ""TIMEOUT""}",422,"{""varh"": ""Wdeg"", ""valh"": ""First"", ""saf"": ""False"", ""pc1"": ""True"", ""bdc"": ""1000"", ""toh"": ""False"", ""ng"": ""NO"", ""lc"": ""2"", ""negative"": ""CT"", ""generic2"": ""True"", ""sb"": ""NO""}",1.1135222500015516,0.8742343749909196,,ExitStatus.UNKNOWN,False,False,0.8742343749909196
2025-06-08T09:15:48.338205,Hsp-aux-10405_c23.xml,"{""input"": ""tests/xcsp3/cop/UNKNOWN/Hsp-aux-10405_c23.xml"", ""solver"": ""xcsp:ACE@2.4"", ""output_dir"": ""results_comparison"", ""global_time_limit"": 600, ""max_tries"": 50, ""tuning_file"": ""tests/psa/ace.tuning.json"", ""hpo_strategy"": ""hamming"", ""global_time_strategy"": ""PERCENT"", ""percent"": 0.2, ""round_time_strategy"": ""STATIC"", ""time_evolution"": ""STATIC"", ""stop_strategy"": ""TIMEOUT""}",423,"{""varh"": ""Wdeg"", ""valh"": ""Bivs3"", ""saf"": ""False"", ""pc1"": ""True"", ""bdc"": ""1"", ""toh"": ""False"", ""ng"": ""NO"", ""lc"": ""2"", ""negative"": ""STR1N"", ""generic2"": ""True"", ""sb"": ""NO""}",1.1135222500015516,0.902982500003418,198,ExitStatus.OPTIMAL,False,False,0.902982500003418
2025-06-08T09:15:49.306031,Hsp-aux-10405_c23.xml,"{""input"": ""tests/xcsp3/cop/UNKNOWN/Hsp-aux-10405_c23.xml"", ""solver"": ""xcsp:ACE@2.4"", ""output_dir"": ""results_comparison"", ""global_time_limit"": 600, ""max_tries"": 50, ""tuning_file"": ""tests/psa/ace.tuning.json"", ""hpo_strategy"": ""hamming"", ""global_time_strategy"": ""PERCENT"", ""percent"": 0.2, ""round_time_strategy"": ""STATIC"", ""time_evolution"": ""STATIC"", ""stop_strategy"": ""TIMEOUT""}",424,"{""varh"": ""Wdeg"", ""valh"": ""OccsR"", ""saf"": ""False"", ""pc1"": ""True"", ""bdc"": ""1000"", ""toh"": ""False"", ""ng"": ""NO"", ""lc"": ""2"", ""negative"": ""V"", ""generic2"": ""True"", ""sb"": ""NO""}",1.1135222500015516,0.87010258299415,,ExitStatus.UNKNOWN,False,False,0.87010258299415
2025-06-08T09:15:50.383875,Hsp-aux-10405_c23.xml,"{""input"": ""tests/xcsp3/cop/UNKNOWN/Hsp-aux-10405_c23.xml"", ""solver"": ""xcsp:ACE@2.4"", ""output_dir"": ""results_comparison"", ""global_time_limit"": 600, ""max_tries"": 50, ""tuning_file"": ""tests/psa/ace.tuning.json"", ""hpo_strategy"": ""hamming"", ""global_time_strategy"": ""PERCENT"", ""percent"": 0.2, ""round_time_strategy"": ""STATIC"", ""time_evolution"": ""STATIC"", ""stop_strategy"": ""TIMEOUT""}",425,"{""varh"": ""Wdeg"", ""valh"": ""First"", ""saf"": ""False"", ""pc1"": ""True"", ""bdc"": ""1"", ""toh"": ""False"", ""ng"": ""NO"", ""lc"": ""10"", ""negative"": ""STR0"", ""generic2"": ""True"", ""sb"": ""NO""}",1.1135222500015516,0.9743882500042673,198,ExitStatus.OPTIMAL,False,False,0.9743882500042673
2025-06-08T09:15:51.623828,Hsp-aux-10405_c23.xml,"{""input"": ""tests/xcsp3/cop/UNKNOWN/Hsp-aux-10405_c23.xml"", ""solver"": ""xcsp:ACE@2.4"", ""output_dir"": ""results_comparison"", ""global_time_limit"": 600, ""max_tries"": 50, ""tuning_file"": ""tests/psa/ace.tuning.json"", ""hpo_strategy"": ""hamming"", ""global_time_strategy"": ""PERCENT"", ""percent"": 0.2, ""round_time_strategy"": ""STATIC"", ""time_evolution"": ""STATIC"", ""stop_strategy"": ""TIMEOUT""}",426,"{""varh"": ""PickOnDom"", ""valh"": ""Median"", ""saf"": ""False"", ""pc1"": ""True"", ""bdc"": ""1"", ""toh"": ""False"", ""ng"": ""NO"", ""lc"": ""2"", ""negative"": ""V"", ""generic2"": ""True"", ""sb"": ""NO""}",1.1135222500015516,1.1138845839886926,198,ExitStatus.OPTIMAL,False,False,1.1138845839886926
2025-06-08T09:15:52.664231,Hsp-aux-10405_c23.xml,"{""input"": ""tests/xcsp3/cop/UNKNOWN/Hsp-aux-10405_c23.xml"", ""solver"": ""xcsp:ACE@2.4"", ""output_dir"": ""results_comparison"", ""global_time_limit"": 600, ""max_tries"": 50, ""tuning_file"": ""tests/psa/ace.tuning.json"", ""hpo_strategy"": ""hamming"", ""global_time_strategy"": ""PERCENT"", ""percent"": 0.2, ""round_time_strategy"": ""STATIC"", ""time_evolution"": ""STATIC"", ""stop_strategy"": ""TIMEOUT""}",427,"{""varh"": ""Wdeg"", ""valh"": ""Vals"", ""saf"": ""False"", ""pc1"": ""True"", ""bdc"": ""1"", ""toh"": ""False"", ""ng"": ""NO"", ""lc"": ""2"", ""negative"": ""CT"", ""generic2"": ""True"", ""sb"": ""NO""}",1.1135222500015516,0.9378482079773676,198,ExitStatus.OPTIMAL,False,False,0.9378482079773676
2025-06-08T09:15:53.665625,Hsp-aux-10405_c23.xml,"{""input"": ""tests/xcsp3/cop/UNKNOWN/Hsp-aux-10405_c23.xml"", ""solver"": ""xcsp:ACE@2.4"", ""output_dir"": ""results_comparison"", ""global_time_limit"": 600, ""max_tries"": 50, ""tuning_file"": ""tests/psa/ace.tuning.json"", ""hpo_strategy"": ""hamming"", ""global_time_strategy"": ""PERCENT"", ""percent"": 0.2, ""round_time_strategy"": ""STATIC"", ""time_evolution"": ""STATIC"", ""stop_strategy"": ""TIMEOUT""}",428,"{""varh"": ""Wdeg"", ""valh"": ""First"", ""saf"": ""False"", ""pc1"": ""True"", ""bdc"": ""10"", ""toh"": ""False"", ""ng"": ""NO"", ""lc"": ""0"", ""negative"": ""V"", ""generic2"": ""True"", ""sb"": ""NO""}",1.1135222500015516,0.9032247500144877,198,ExitStatus.OPTIMAL,False,False,0.9032247500144877
2025-06-08T09:15:54.706138,Hsp-aux-10405_c23.xml,"{""input"": ""tests/xcsp3/cop/UNKNOWN/Hsp-aux-10405_c23.xml"", ""solver"": ""xcsp:ACE@2.4"", ""output_dir"": ""results_comparison"", ""global_time_limit"": 600, ""max_tries"": 50, ""tuning_file"": ""tests/psa/ace.tuning.json"", ""hpo_strategy"": ""hamming"", ""global_time_strategy"": ""PERCENT"", ""percent"": 0.2, ""round_time_strategy"": ""STATIC"", ""time_evolution"": ""STATIC"", ""stop_strategy"": ""TIMEOUT""}",429,"{""varh"": ""RunRobin"", ""valh"": ""FlrsE"", ""saf"": ""False"", ""pc1"": ""True"", ""bdc"": ""1"", ""toh"": ""False"", ""ng"": ""NO"", ""lc"": ""2"", ""negative"": ""V"", ""generic2"": ""True"", ""sb"": ""NO""}",1.1135222500015516,0.94093025001348,198,ExitStatus.OPTIMAL,False,False,0.94093025001348
2025-06-08T09:15:55.710129,Hsp-aux-10405_c23.xml,"{""input"": ""tests/xcsp3/cop/UNKNOWN/Hsp-aux-10405_c23.xml"", ""solver"": ""xcsp:ACE@2.4"", ""output_dir"": ""results_comparison"", ""global_time_limit"": 600, ""max_tries"": 50, ""tuning_file"": ""tests/psa/ace.tuning.json"", ""hpo_strategy"": ""hamming"", ""global_time_strategy"": ""PERCENT"", ""percent"": 0.2, ""round_time_strategy"": ""STATIC"", ""time_evolution"": ""STATIC"", ""stop_strategy"": ""TIMEOUT""}",430,"{""varh"": ""Wdeg"", ""valh"": ""FlrsE"", ""saf"": ""False"", ""pc1"": ""True"", ""bdc"": ""1"", ""toh"": ""False"", ""ng"": ""NO"", ""lc"": ""2"", ""negative"": ""STR3"", ""generic2"": ""True"", ""sb"": ""NO""}",1.1135222500015516,0.9059175409784075,198,ExitStatus.OPTIMAL,False,False,0.9059175409784075
2025-06-08T09:15:57.348919,Hsp-aux-10405_c23.xml,"{""input"": ""tests/xcsp3/cop/UNKNOWN/Hsp-aux-10405_c23.xml"", ""solver"": ""xcsp:ACE@2.4"", ""output_dir"": ""results_comparison"", ""global_time_limit"": 600, ""max_tries"": 50, ""tuning_file"": ""tests/psa/ace.tuning.json"", ""hpo_strategy"": ""hamming"", ""global_time_strategy"": ""PERCENT"", ""percent"": 0.2, ""round_time_strategy"": ""STATIC"", ""time_evolution"": ""STATIC"", ""stop_strategy"": ""TIMEOUT""}",431,"{""varh"": ""Impact"", ""valh"": ""First"", ""saf"": ""False"", ""pc1"": ""True"", ""bdc"": ""1"", ""toh"": ""False"", ""ng"": ""NO"", ""lc"": ""2"", ""negative"": ""V"", ""generic2"": ""False"", ""sb"": ""NO""}",1.1135222500015516,1.5392327090085018,,ExitStatus.UNKNOWN,False,False,1.5392327090085018
2025-06-08T09:15:58.353952,Hsp-aux-10405_c23.xml,"{""input"": ""tests/xcsp3/cop/UNKNOWN/Hsp-aux-10405_c23.xml"", ""solver"": ""xcsp:ACE@2.4"", ""output_dir"": ""results_comparison"", ""global_time_limit"": 600, ""max_tries"": 50, ""tuning_file"": ""tests/psa/ace.tuning.json"", ""hpo_strategy"": ""hamming"", ""global_time_strategy"": ""PERCENT"", ""percent"": 0.2, ""round_time_strategy"": ""STATIC"", ""time_evolution"": ""STATIC"", ""stop_strategy"": ""TIMEOUT""}",432,"{""varh"": ""Wdeg"", ""valh"": ""FlrsE"", ""saf"": ""False"", ""pc1"": ""True"", ""bdc"": ""10"", ""toh"": ""False"", ""ng"": ""NO"", ""lc"": ""2"", ""negative"": ""V"", ""generic2"": ""True"", ""sb"": ""NO""}",1.1135222500015516,0.8981567499868106,198,ExitStatus.OPTIMAL,True,False,0.8981567499868106
2025-06-08T09:15:59.648653,Hsp-aux-10405_c23.xml,"{""input"": ""tests/xcsp3/cop/UNKNOWN/Hsp-aux-10405_c23.xml"", ""solver"": ""xcsp:ACE@2.4"", ""output_dir"": ""results_comparison"", ""global_time_limit"": 600, ""max_tries"": 50, ""tuning_file"": ""tests/psa/ace.tuning.json"", ""hpo_strategy"": ""hamming"", ""global_time_strategy"": ""PERCENT"", ""percent"": 0.2, ""round_time_strategy"": ""STATIC"", ""time_evolution"": ""STATIC"", ""stop_strategy"": ""TIMEOUT""}",433,"{""varh"": ""Wdeg"", ""valh"": ""Median"", ""saf"": ""False"", ""pc1"": ""True"", ""bdc"": ""100"", ""toh"": ""False"", ""ng"": ""NO"", ""lc"": ""2"", ""negative"": ""V"", ""generic2"": ""True"", ""sb"": ""NO""}",1.1135222500015516,1.1940947079856414,280,ExitStatus.OPTIMAL,False,False,1.1940947079856414
2025-06-08T09:16:00.658017,Hsp-aux-10405_c23.xml,"{""input"": ""tests/xcsp3/cop/UNKNOWN/Hsp-aux-10405_c23.xml"", ""solver"": ""xcsp:ACE@2.4"", ""output_dir"": ""results_comparison"", ""global_time_limit"": 600, ""max_tries"": 50, ""tuning_file"": ""tests/psa/ace.tuning.json"", ""hpo_strategy"": ""hamming"", ""global_time_strategy"": ""PERCENT"", ""percent"": 0.2, ""round_time_strategy"": ""STATIC"", ""time_evolution"": ""STATIC"", ""stop_strategy"": ""TIMEOUT""}",434,"{""varh"": ""Wdeg"", ""valh"": ""First"", ""saf"": ""False"", ""pc1"": ""True"", ""bdc"": ""10"", ""toh"": ""False"", ""ng"": ""NO"", ""lc"": ""2"", ""negative"": ""STR1"", ""generic2"": ""True"", ""sb"": ""NO""}",1.1135222500015516,0.9119877089979127,198,ExitStatus.OPTIMAL,False,False,0.9119877089979127
2025-06-08T09:16:01.907508,Hsp-aux-10405_c23.xml,"{""input"": ""tests/xcsp3/cop/UNKNOWN/Hsp-aux-10405_c23.xml"", ""solver"": ""xcsp:ACE@2.4"", ""output_dir"": ""results_comparison"", ""global_time_limit"": 600, ""max_tries"": 50, ""tuning_file"": ""tests/psa/ace.tuning.json"", ""hpo_strategy"": ""hamming"", ""global_time_strategy"": ""PERCENT"", ""percent"": 0.2, ""round_time_strategy"": ""STATIC"", ""time_evolution"": ""STATIC"", ""stop_strategy"": ""TIMEOUT""}",435,"{""varh"": ""Wdeg"", ""valh"": ""Median"", ""saf"": ""False"", ""pc1"": ""True"", ""bdc"": ""1"", ""toh"": ""False"", ""ng"": ""NO"", ""lc"": ""2"", ""negative"": ""CT"", ""generic2"": ""True"", ""sb"": ""NO""}",1.1135222500015516,1.1494154579995666,198,ExitStatus.OPTIMAL,False,False,1.1494154579995666
2025-06-08T09:16:03.000038,Hsp-aux-10405_c23.xml,"{""input"": ""tests/xcsp3/cop/UNKNOWN/Hsp-aux-10405_c23.xml"", ""solver"": ""xcsp:ACE@2.4"", ""output_dir"": ""results_comparison"", ""global_time_limit"": 600, ""max_tries"": 50, ""tuning_file"": ""tests/psa/ace.tuning.json"", ""hpo_strategy"": ""hamming"", ""global_time_strategy"": ""PERCENT"", ""percent"": 0.2, ""round_time_strategy"": ""STATIC"", ""time_evolution"": ""STATIC"", ""stop_strategy"": ""TIMEOUT""}",436,"{""varh"": ""FrbaOnDom"", ""valh"": ""OccsR"", ""saf"": ""False"", ""pc1"": ""True"", ""bdc"": ""1"", ""toh"": ""False"", ""ng"": ""NO"", ""lc"": ""2"", ""negative"": ""V"", ""generic2"": ""True"", ""sb"": ""NO""}",1.1135222500015516,0.9945257920189761,198,ExitStatus.OPTIMAL,False,False,0.9945257920189761
2025-06-08T09:16:04.030993,Hsp-aux-10405_c23.xml,"{""input"": ""tests/xcsp3/cop/UNKNOWN/Hsp-aux-10405_c23.xml"", ""solver"": ""xcsp:ACE@2.4"", ""output_dir"": ""results_comparison"", ""global_time_limit"": 600, ""max_tries"": 50, ""tuning_file"": ""tests/psa/ace.tuning.json"", ""hpo_strategy"": ""hamming"", ""global_time_strategy"": ""PERCENT"", ""percent"": 0.2, ""round_time_strategy"": ""STATIC"", ""time_evolution"": ""STATIC"", ""stop_strategy"": ""TIMEOUT""}",437,"{""varh"": ""PickOnDom"", ""valh"": ""First"", ""saf"": ""False"", ""pc1"": ""True"", ""bdc"": ""1"", ""toh"": ""False"", ""ng"": ""NO"", ""lc"": ""2"", ""negative"": ""STR2"", ""generic2"": ""True"", ""sb"": ""NO""}",1.1135222500015516,0.9314497500017751,198,ExitStatus.OPTIMAL,False,False,0.9314497500017751
2025-06-08T09:16:05.039531,Hsp-aux-10405_c23.xml,"{""input"": ""tests/xcsp3/cop/UNKNOWN/Hsp-aux-10405_c23.xml"", ""solver"": ""xcsp:ACE@2.4"", ""output_dir"": ""results_comparison"", ""global_time_limit"": 600, ""max_tries"": 50, ""tuning_file"": ""tests/psa/ace.tuning.json"", ""hpo_strategy"": ""hamming"", ""global_time_strategy"": ""PERCENT"", ""percent"": 0.2, ""round_time_strategy"": ""STATIC"", ""time_evolution"": ""STATIC"", ""stop_strategy"": ""TIMEOUT""}",438,"{""varh"": ""Wdeg"", ""valh"": ""First"", ""saf"": ""False"", ""pc1"": ""True"", ""bdc"": ""1"", ""toh"": ""False"", ""ng"": ""NO"", ""lc"": ""5"", ""negative"": ""STR2N"", ""generic2"": ""True"", ""sb"": ""NO""}",1.1135222500015516,0.9102571659896057,198,ExitStatus.OPTIMAL,False,False,0.9102571659896057
2025-06-08T09:16:06.053411,Hsp-aux-10405_c23.xml,"{""input"": ""tests/xcsp3/cop/UNKNOWN/Hsp-aux-10405_c23.xml"", ""solver"": ""xcsp:ACE@2.4"", ""output_dir"": ""results_comparison"", ""global_time_limit"": 600, ""max_tries"": 50, ""tuning_file"": ""tests/psa/ace.tuning.json"", ""hpo_strategy"": ""hamming"", ""global_time_strategy"": ""PERCENT"", ""percent"": 0.2, ""round_time_strategy"": ""STATIC"", ""time_evolution"": ""STATIC"", ""stop_strategy"": ""TIMEOUT""}",439,"{""varh"": ""Wdeg"", ""valh"": ""First"", ""saf"": ""False"", ""pc1"": ""True"", ""bdc"": ""1"", ""toh"": ""False"", ""ng"": ""NO"", ""lc"": ""5"", ""negative"": ""STR0"", ""generic2"": ""True"", ""sb"": ""NO""}",1.1135222500015516,0.9140806669893209,198,ExitStatus.OPTIMAL,False,False,0.9140806669893209
2025-06-08T09:16:07.201959,Hsp-aux-10405_c23.xml,"{""input"": ""tests/xcsp3/cop/UNKNOWN/Hsp-aux-10405_c23.xml"", ""solver"": ""xcsp:ACE@2.4"", ""output_dir"": ""results_comparison"", ""global_time_limit"": 600, ""max_tries"": 50, ""tuning_file"": ""tests/psa/ace.tuning.json"", ""hpo_strategy"": ""hamming"", ""global_time_strategy"": ""PERCENT"", ""percent"": 0.2, ""round_time_strategy"": ""STATIC"", ""time_evolution"": ""STATIC"", ""stop_strategy"": ""TIMEOUT""}",440,"{""varh"": ""Wdeg"", ""valh"": ""First"", ""saf"": ""True"", ""pc1"": ""False"", ""bdc"": ""1"", ""toh"": ""False"", ""ng"": ""NO"", ""lc"": ""2"", ""negative"": ""V"", ""generic2"": ""True"", ""sb"": ""NO""}",1.1135222500015516,1.048129417002201,198,ExitStatus.OPTIMAL,False,False,1.048129417002201
2025-06-08T09:16:08.243249,Hsp-aux-10405_c23.xml,"{""input"": ""tests/xcsp3/cop/UNKNOWN/Hsp-aux-10405_c23.xml"", ""solver"": ""xcsp:ACE@2.4"", ""output_dir"": ""results_comparison"", ""global_time_limit"": 600, ""max_tries"": 50, ""tuning_file"": ""tests/psa/ace.tuning.json"", ""hpo_strategy"": ""hamming"", ""global_time_strategy"": ""PERCENT"", ""percent"": 0.2, ""round_time_strategy"": ""STATIC"", ""time_evolution"": ""STATIC"", ""stop_strategy"": ""TIMEOUT""}",441,"{""varh"": ""Wdeg"", ""valh"": ""First"", ""saf"": ""False"", ""pc1"": ""True"", ""bdc"": ""1"", ""toh"": ""False"", ""ng"": ""NO"", ""lc"": ""2"", ""negative"": ""VA"", ""generic2"": ""False"", ""sb"": ""NO""}",1.1135222500015516,0.917471958004171,198,ExitStatus.OPTIMAL,False,False,0.917471958004171
2025-06-08T09:16:09.382225,Hsp-aux-10405_c23.xml,"{""input"": ""tests/xcsp3/cop/UNKNOWN/Hsp-aux-10405_c23.xml"", ""solver"": ""xcsp:ACE@2.4"", ""output_dir"": ""results_comparison"", ""global_time_limit"": 600, ""max_tries"": 50, ""tuning_file"": ""tests/psa/ace.tuning.json"", ""hpo_strategy"": ""hamming"", ""global_time_strategy"": ""PERCENT"", ""percent"": 0.2, ""round_time_strategy"": ""STATIC"", ""time_evolution"": ""STATIC"", ""stop_strategy"": ""TIMEOUT""}",442,"{""varh"": ""WdegOnDom"", ""valh"": ""Median"", ""saf"": ""False"", ""pc1"": ""True"", ""bdc"": ""1"", ""toh"": ""False"", ""ng"": ""NO"", ""lc"": ""2"", ""negative"": ""V"", ""generic2"": ""True"", ""sb"": ""NO""}",1.1135222500015516,1.0404101249878295,198,ExitStatus.OPTIMAL,False,False,1.0404101249878295
2025-06-08T09:16:10.441341,Hsp-aux-10405_c23.xml,"{""input"": ""tests/xcsp3/cop/UNKNOWN/Hsp-aux-10405_c23.xml"", ""solver"": ""xcsp:ACE@2.4"", ""output_dir"": ""results_comparison"", ""global_time_limit"": 600, ""max_tries"": 50, ""tuning_file"": ""tests/psa/ace.tuning.json"", ""hpo_strategy"": ""hamming"", ""global_time_strategy"": ""PERCENT"", ""percent"": 0.2, ""round_time_strategy"": ""STATIC"", ""time_evolution"": ""STATIC"", ""stop_strategy"": ""TIMEOUT""}",443,"{""varh"": ""RunRobin"", ""valh"": ""Rand"", ""saf"": ""False"", ""pc1"": ""True"", ""bdc"": ""1"", ""toh"": ""False"", ""ng"": ""NO"", ""lc"": ""2"", ""negative"": ""V"", ""generic2"": ""True"", ""sb"": ""NO""}",1.1135222500015516,0.9597864169918466,198,ExitStatus.OPTIMAL,False,False,0.9597864169918466
2025-06-08T09:16:12.097135,Hsp-aux-10405_c23.xml,"{""input"": ""tests/xcsp3/cop/UNKNOWN/Hsp-aux-10405_c23.xml"", ""solver"": ""xcsp:ACE@2.4"", ""output_dir"": ""results_comparison"", ""global_time_limit"": 600, ""max_tries"": 50, ""tuning_file"": ""tests/psa/ace.tuning.json"", ""hpo_strategy"": ""hamming"", ""global_time_strategy"": ""PERCENT"", ""percent"": 0.2, ""round_time_strategy"": ""STATIC"", ""time_evolution"": ""STATIC"", ""stop_strategy"": ""TIMEOUT""}",444,"{""varh"": ""Activity"", ""valh"": ""Rand"", ""saf"": ""False"", ""pc1"": ""True"", ""bdc"": ""1"", ""toh"": ""False"", ""ng"": ""NO"", ""lc"": ""2"", ""negative"": ""V"", ""generic2"": ""True"", ""sb"": ""NO""}",1.1135222500015516,1.556822500017006,,ExitStatus.UNKNOWN,False,False,1.556822500017006
2025-06-08T09:16:13.742773,Hsp-aux-10405_c23.xml,"{""input"": ""tests/xcsp3/cop/UNKNOWN/Hsp-aux-10405_c23.xml"", ""solver"": ""xcsp:ACE@2.4"", ""output_dir"": ""results_comparison"", ""global_time_limit"": 600, ""max_tries"": 50, ""tuning_file"": ""tests/psa/ace.tuning.json"", ""hpo_strategy"": ""hamming"", ""global_time_strategy"": ""PERCENT"", ""percent"": 0.2, ""round_time_strategy"": ""STATIC"", ""time_evolution"": ""STATIC"", ""stop_strategy"": ""TIMEOUT""}",445,"{""varh"": ""Impact"", ""valh"": ""Median"", ""saf"": ""False"", ""pc1"": ""True"", ""bdc"": ""1"", ""toh"": ""False"", ""ng"": ""NO"", ""lc"": ""2"", ""negative"": ""V"", ""generic2"": ""True"", ""sb"": ""NO""}",1.1135222500015516,1.5475771659985185,309,ExitStatus.FEASIBLE,False,False,1.5475771659985185
2025-06-08T09:16:14.789267,Hsp-aux-10405_c23.xml,"{""input"": ""tests/xcsp3/cop/UNKNOWN/Hsp-aux-10405_c23.xml"", ""solver"": ""xcsp:ACE@2.4"", ""output_dir"": ""results_comparison"", ""global_time_limit"": 600, ""max_tries"": 50, ""tuning_file"": ""tests/psa/ace.tuning.json"", ""hpo_strategy"": ""hamming"", ""global_time_strategy"": ""PERCENT"", ""percent"": 0.2, ""round_time_strategy"": ""STATIC"", ""time_evolution"": ""STATIC"", ""stop_strategy"": ""TIMEOUT""}",446,"{""varh"": ""FrbaOnDom"", ""valh"": ""First"", ""saf"": ""False"", ""pc1"": ""True"", ""bdc"": ""1"", ""toh"": ""False"", ""ng"": ""NO"", ""lc"": ""2"", ""negative"": ""STR1"", ""generic2"": ""True"", ""sb"": ""NO""}",1.1135222500015516,0.9472080419945996,198,ExitStatus.OPTIMAL,False,False,0.9472080419945996
2025-06-08T09:16:15.808850,Hsp-aux-10405_c23.xml,"{""input"": ""tests/xcsp3/cop/UNKNOWN/Hsp-aux-10405_c23.xml"", ""solver"": ""xcsp:ACE@2.4"", ""output_dir"": ""results_comparison"", ""global_time_limit"": 600, ""max_tries"": 50, ""tuning_file"": ""tests/psa/ace.tuning.json"", ""hpo_strategy"": ""hamming"", ""global_time_strategy"": ""PERCENT"", ""percent"": 0.2, ""round_time_strategy"": ""STATIC"", ""time_evolution"": ""STATIC"", ""stop_strategy"": ""TIMEOUT""}",447,"{""varh"": ""Wdeg"", ""valh"": ""First"", ""saf"": ""False"", ""pc1"": ""True"", ""bdc"": ""10"", ""toh"": ""False"", ""ng"": ""NO"", ""lc"": ""1"", ""negative"": ""V"", ""generic2"": ""True"", ""sb"": ""NO""}",1.1135222500015516,0.9201843329938129,198,ExitStatus.OPTIMAL,False,False,0.9201843329938129
2025-06-08T09:16:16.827508,Hsp-aux-10405_c23.xml,"{""input"": ""tests/xcsp3/cop/UNKNOWN/Hsp-aux-10405_c23.xml"", ""solver"": ""xcsp:ACE@2.4"", ""output_dir"": ""results_comparison"", ""global_time_limit"": 600, ""max_tries"": 50, ""tuning_file"": ""tests/psa/ace.tuning.json"", ""hpo_strategy"": ""hamming"", ""global_time_strategy"": ""PERCENT"", ""percent"": 0.2, ""round_time_strategy"": ""STATIC"", ""time_evolution"": ""STATIC"", ""stop_strategy"": ""TIMEOUT""}",448,"{""varh"": ""Wdeg"", ""valh"": ""Bivs3"", ""saf"": ""False"", ""pc1"": ""True"", ""bdc"": ""1"", ""toh"": ""False"", ""ng"": ""NO"", ""lc"": ""2"", ""negative"": ""STR0"", ""generic2"": ""True"", ""sb"": ""NO""}",1.1135222500015516,0.9201928330003284,198,ExitStatus.OPTIMAL,False,False,0.9201928330003284
2025-06-08T09:16:18.485327,Hsp-aux-10405_c23.xml,"{""input"": ""tests/xcsp3/cop/UNKNOWN/Hsp-aux-10405_c23.xml"", ""solver"": ""xcsp:ACE@2.4"", ""output_dir"": ""results_comparison"", ""global_time_limit"": 600, ""max_tries"": 50, ""tuning_file"": ""tests/psa/ace.tuning.json"", ""hpo_strategy"": ""hamming"", ""global_time_strategy"": ""PERCENT"", ""percent"": 0.2, ""round_time_strategy"": ""STATIC"", ""time_evolution"": ""STATIC"", ""stop_strategy"": ""TIMEOUT""}",449,"{""varh"": ""Rand"", ""valh"": ""First"", ""saf"": ""False"", ""pc1"": ""True"", ""bdc"": ""1"", ""toh"": ""False"", ""ng"": ""NO"", ""lc"": ""2"", ""negative"": ""CT"", ""generic2"": ""True"", ""sb"": ""NO""}",1.1135222500015516,1.5583319169818424,208,ExitStatus.FEASIBLE,False,False,1.5583319169818424
2025-06-08T09:16:19.718893,Hsp-aux-10405_c23.xml,"{""input"": ""tests/xcsp3/cop/UNKNOWN/Hsp-aux-10405_c23.xml"", ""solver"": ""xcsp:ACE@2.4"", ""output_dir"": ""results_comparison"", ""global_time_limit"": 600, ""max_tries"": 50, ""tuning_file"": ""tests/psa/ace.tuning.json"", ""hpo_strategy"": ""hamming"", ""global_time_strategy"": ""PERCENT"", ""percent"": 0.2, ""round_time_strategy"": ""STATIC"", ""time_evolution"": ""STATIC"", ""stop_strategy"": ""TIMEOUT""}",450,"{""varh"": ""RunRobin"", ""valh"": ""Median"", ""saf"": ""False"", ""pc1"": ""True"", ""bdc"": ""1"", ""toh"": ""False"", ""ng"": ""NO"", ""lc"": ""2"", ""negative"": ""V"", ""generic2"": ""True"", ""sb"": ""NO""}",1.1135222500015516,1.133909208001569,198,ExitStatus.OPTIMAL,False,False,1.133909208001569
2025-06-08T09:16:20.856382,Hsp-aux-10405_c23.xml,"{""input"": ""tests/xcsp3/cop/UNKNOWN/Hsp-aux-10405_c23.xml"", ""solver"": ""xcsp:ACE@2.4"", ""output_dir"": ""results_comparison"", ""global_time_limit"": 600, ""max_tries"": 50, ""tuning_file"": ""tests/psa/ace.tuning.json"", ""hpo_strategy"": ""hamming"", ""global_time_strategy"": ""PERCENT"", ""percent"": 0.2, ""round_time_strategy"": ""STATIC"", ""time_evolution"": ""STATIC"", ""stop_strategy"": ""TIMEOUT""}",451,"{""varh"": ""Wdeg"", ""valh"": ""Rand"", ""saf"": ""False"", ""pc1"": ""True"", ""bdc"": ""10"", ""toh"": ""False"", ""ng"": ""NO"", ""lc"": ""2"", ""negative"": ""V"", ""generic2"": ""True"", ""sb"": ""NO""}",1.1135222500015516,1.0386033749964554,204,ExitStatus.OPTIMAL,False,False,1.0386033749964554
2025-06-08T09:16:22.498247,Hsp-aux-10405_c23.xml,"{""input"": ""tests/xcsp3/cop/UNKNOWN/Hsp-aux-10405_c23.xml"", ""solver"": ""xcsp:ACE@2.4"", ""output_dir"": ""results_comparison"", ""global_time_limit"": 600, ""max_tries"": 50, ""tuning_file"": ""tests/psa/ace.tuning.json"", ""hpo_strategy"": ""hamming"", ""global_time_strategy"": ""PERCENT"", ""percent"": 0.2, ""round_time_strategy"": ""STATIC"", ""time_evolution"": ""STATIC"", ""stop_strategy"": ""TIMEOUT""}",452,"{""varh"": ""Lexico"", ""valh"": ""First"", ""saf"": ""False"", ""pc1"": ""True"", ""bdc"": ""100"", ""toh"": ""False"", ""ng"": ""NO"", ""lc"": ""2"", ""negative"": ""V"", ""generic2"": ""True"", ""sb"": ""NO""}",1.1135222500015516,1.5425797079806216,,ExitStatus.UNKNOWN,False,False,1.5425797079806216
2025-06-08T09:16:23.465333,Hsp-aux-10405_c23.xml,"{""input"": ""tests/xcsp3/cop/UNKNOWN/Hsp-aux-10405_c23.xml"", ""solver"": ""xcsp:ACE@2.4"", ""output_dir"": ""results_comparison"", ""global_time_limit"": 600, ""max_tries"": 50, ""tuning_file"": ""tests/psa/ace.tuning.json"", ""hpo_strategy"": ""hamming"", ""global_time_strategy"": ""PERCENT"", ""percent"": 0.2, ""round_time_strategy"": ""STATIC"", ""time_evolution"": ""STATIC"", ""stop_strategy"": ""TIMEOUT""}",453,"{""varh"": ""Wdeg"", ""valh"": ""OccsR"", ""saf"": ""False"", ""pc1"": ""True"", ""bdc"": ""100"", ""toh"": ""False"", ""ng"": ""NO"", ""lc"": ""2"", ""negative"": ""V"", ""generic2"": ""True"", ""sb"": ""NO""}",1.1135222500015516,0.868343999987701,,ExitStatus.UNKNOWN,False,False,0.868343999987701
2025-06-08T09:16:24.513599,Hsp-aux-10405_c23.xml,"{""input"": ""tests/xcsp3/cop/UNKNOWN/Hsp-aux-10405_c23.xml"", ""solver"": ""xcsp:ACE@2.4"", ""output_dir"": ""results_comparison"", ""global_time_limit"": 600, ""max_tries"": 50, ""tuning_file"": ""tests/psa/ace.tuning.json"", ""hpo_strategy"": ""hamming"", ""global_time_strategy"": ""PERCENT"", ""percent"": 0.2, ""round_time_strategy"": ""STATIC"", ""time_evolution"": ""STATIC"", ""stop_strategy"": ""TIMEOUT""}",454,"{""varh"": ""FrbaOnDom"", ""valh"": ""First"", ""saf"": ""False"", ""pc1"": ""True"", ""bdc"": ""1"", ""toh"": ""False"", ""ng"": ""NO"", ""lc"": ""2"", ""negative"": ""STR1N"", ""generic2"": ""True"", ""sb"": ""NO""}",1.1135222500015516,0.9492476249870379,198,ExitStatus.OPTIMAL,False,False,0.9492476249870379
2025-06-08T09:16:25.682765,Hsp-aux-10405_c23.xml,"{""input"": ""tests/xcsp3/cop/UNKNOWN/Hsp-aux-10405_c23.xml"", ""solver"": ""xcsp:ACE@2.4"", ""output_dir"": ""results_comparison"", ""global_time_limit"": 600, ""max_tries"": 50, ""tuning_file"": ""tests/psa/ace.tuning.json"", ""hpo_strategy"": ""hamming"", ""global_time_strategy"": ""PERCENT"", ""percent"": 0.2, ""round_time_strategy"": ""STATIC"", ""time_evolution"": ""STATIC"", ""stop_strategy"": ""TIMEOUT""}",455,"{""varh"": ""RunRobin"", ""valh"": ""First"", ""saf"": ""False"", ""pc1"": ""True"", ""bdc"": ""1"", ""toh"": ""False"", ""ng"": ""NO"", ""lc"": ""2"", ""negative"": ""STR1N"", ""generic2"": ""True"", ""sb"": ""NO""}",1.1135222500015516,1.0690552919986658,198,ExitStatus.OPTIMAL,False,False,1.0690552919986658
2025-06-08T09:16:26.719622,Hsp-aux-10405_c23.xml,"{""input"": ""tests/xcsp3/cop/UNKNOWN/Hsp-aux-10405_c23.xml"", ""solver"": ""xcsp:ACE@2.4"", ""output_dir"": ""results_comparison"", ""global_time_limit"": 600, ""max_tries"": 50, ""tuning_file"": ""tests/psa/ace.tuning.json"", ""hpo_strategy"": ""hamming"", ""global_time_strategy"": ""PERCENT"", ""percent"": 0.2, ""round_time_strategy"": ""STATIC"", ""time_evolution"": ""STATIC"", ""stop_strategy"": ""TIMEOUT""}",456,"{""varh"": ""Wdeg"", ""valh"": ""First"", ""saf"": ""False"", ""pc1"": ""True"", ""bdc"": ""1"", ""toh"": ""True"", ""ng"": ""NO"", ""lc"": ""2"", ""negative"": ""STR1"", ""generic2"": ""True"", ""sb"": ""NO""}",1.1135222500015516,0.9150222080061212,198,ExitStatus.OPTIMAL,False,False,0.9150222080061212
2025-06-08T09:16:27.726227,Hsp-aux-10405_c23.xml,"{""input"": ""tests/xcsp3/cop/UNKNOWN/Hsp-aux-10405_c23.xml"", ""solver"": ""xcsp:ACE@2.4"", ""output_dir"": ""results_comparison"", ""global_time_limit"": 600, ""max_tries"": 50, ""tuning_file"": ""tests/psa/ace.tuning.json"", ""hpo_strategy"": ""hamming"", ""global_time_strategy"": ""PERCENT"", ""percent"": 0.2, ""round_time_strategy"": ""STATIC"", ""time_evolution"": ""STATIC"", ""stop_strategy"": ""TIMEOUT""}",457,"{""varh"": ""Wdeg"", ""valh"": ""First"", ""saf"": ""False"", ""pc1"": ""True"", ""bdc"": ""10"", ""toh"": ""False"", ""ng"": ""NO"", ""lc"": ""2"", ""negative"": ""CT"", ""generic2"": ""True"", ""sb"": ""NO""}",1.1135222500015516,0.9073980409884825,198,ExitStatus.OPTIMAL,False,False,0.9073980409884825
2025-06-08T09:16:28.744586,Hsp-aux-10405_c23.xml,"{""input"": ""tests/xcsp3/cop/UNKNOWN/Hsp-aux-10405_c23.xml"", ""solver"": ""xcsp:ACE@2.4"", ""output_dir"": ""results_comparison"", ""global_time_limit"": 600, ""max_tries"": 50, ""tuning_file"": ""tests/psa/ace.tuning.json"", ""hpo_strategy"": ""hamming"", ""global_time_strategy"": ""PERCENT"", ""percent"": 0.2, ""round_time_strategy"": ""STATIC"", ""time_evolution"": ""STATIC"", ""stop_strategy"": ""TIMEOUT""}",458,"{""varh"": ""Wdeg"", ""valh"": ""OccsR"", ""saf"": ""False"", ""pc1"": ""True"", ""bdc"": ""1"", ""toh"": ""False"", ""ng"": ""NO"", ""lc"": ""2"", ""negative"": ""STR2N"", ""generic2"": ""True"", ""sb"": ""NO""}",1.1135222500015516,0.9200126249925233,198,ExitStatus.OPTIMAL,False,False,0.9200126249925233
2025-06-08T09:16:29.769469,Hsp-aux-10405_c23.xml,"{""input"": ""tests/xcsp3/cop/UNKNOWN/Hsp-aux-10405_c23.xml"", ""solver"": ""xcsp:ACE@2.4"", ""output_dir"": ""results_comparison"", ""global_time_limit"": 600, ""max_tries"": 50, ""tuning_file"": ""tests/psa/ace.tuning.json"", ""hpo_strategy"": ""hamming"", ""global_time_strategy"": ""PERCENT"", ""percent"": 0.2, ""round_time_strategy"": ""STATIC"", ""time_evolution"": ""STATIC"", ""stop_strategy"": ""TIMEOUT""}",459,"{""varh"": ""PickOnDom"", ""valh"": ""First"", ""saf"": ""False"", ""pc1"": ""True"", ""bdc"": ""1"", ""toh"": ""False"", ""ng"": ""NO"", ""lc"": ""2"", ""negative"": ""STR3"", ""generic2"": ""True"", ""sb"": ""NO""}",1.1135222500015516,0.9261137499997858,198,ExitStatus.OPTIMAL,False,False,0.9261137499997858
2025-06-08T09:16:30.771575,Hsp-aux-10405_c23.xml,"{""input"": ""tests/xcsp3/cop/UNKNOWN/Hsp-aux-10405_c23.xml"", ""solver"": ""xcsp:ACE@2.4"", ""output_dir"": ""results_comparison"", ""global_time_limit"": 600, ""max_tries"": 50, ""tuning_file"": ""tests/psa/ace.tuning.json"", ""hpo_strategy"": ""hamming"", ""global_time_strategy"": ""PERCENT"", ""percent"": 0.2, ""round_time_strategy"": ""STATIC"", ""time_evolution"": ""STATIC"", ""stop_strategy"": ""TIMEOUT""}",460,"{""varh"": ""Wdeg"", ""valh"": ""First"", ""saf"": ""False"", ""pc1"": ""True"", ""bdc"": ""1000"", ""toh"": ""False"", ""ng"": ""NO"", ""lc"": ""2"", ""negative"": ""STR2N"", ""generic2"": ""True"", ""sb"": ""NO""}",1.1135222500015516,0.9027648750052322,,ExitStatus.UNKNOWN,False,False,0.9027648750052322
2025-06-08T09:16:31.852940,Hsp-aux-10405_c23.xml,"{""input"": ""tests/xcsp3/cop/UNKNOWN/Hsp-aux-10405_c23.xml"", ""solver"": ""xcsp:ACE@2.4"", ""output_dir"": ""results_comparison"", ""global_time_limit"": 600, ""max_tries"": 50, ""tuning_file"": ""tests/psa/ace.tuning.json"", ""hpo_strategy"": ""hamming"", ""global_time_strategy"": ""PERCENT"", ""percent"": 0.2, ""round_time_strategy"": ""STATIC"", ""time_evolution"": ""STATIC"", ""stop_strategy"": ""TIMEOUT""}",461,"{""varh"": ""FrbaOnDom"", ""valh"": ""First"", ""saf"": ""True"", ""pc1"": ""True"", ""bdc"": ""1"", ""toh"": ""False"", ""ng"": ""NO"", ""lc"": ""2"", ""negative"": ""V"", ""generic2"": ""True"", ""sb"": ""NO""}",1.1135222500015516,0.9623865000030492,198,ExitStatus.OPTIMAL,False,False,0.9623865000030492
2025-06-08T09:16:32.889738,Hsp-aux-10405_c23.xml,"{""input"": ""tests/xcsp3/cop/UNKNOWN/Hsp-aux-10405_c23.xml"", ""solver"": ""xcsp:ACE@2.4"", ""output_dir"": ""results_comparison"", ""global_time_limit"": 600, ""max_tries"": 50, ""tuning_file"": ""tests/psa/ace.tuning.json"", ""hpo_strategy"": ""hamming"", ""global_time_strategy"": ""PERCENT"", ""percent"": 0.2, ""round_time_strategy"": ""STATIC"", ""time_evolution"": ""STATIC"", ""stop_strategy"": ""TIMEOUT""}",462,"{""varh"": ""Memory"", ""valh"": ""Rand"", ""saf"": ""False"", ""pc1"": ""True"", ""bdc"": ""1"", ""toh"": ""False"", ""ng"": ""NO"", ""lc"": ""2"", ""negative"": ""V"", ""generic2"": ""True"", ""sb"": ""NO""}",1.1135222500015516,0.9372188329871278,198,ExitStatus.OPTIMAL,False,False,0.9372188329871278
2025-06-08T09:16:34.533029,Hsp-aux-10405_c23.xml,"{""input"": ""tests/xcsp3/cop/UNKNOWN/Hsp-aux-10405_c23.xml"", ""solver"": ""xcsp:ACE@2.4"", ""output_dir"": ""results_comparison"", ""global_time_limit"": 600, ""max_tries"": 50, ""tuning_file"": ""tests/psa/ace.tuning.json"", ""hpo_strategy"": ""hamming"", ""global_time_strategy"": ""PERCENT"", ""percent"": 0.2, ""round_time_strategy"": ""STATIC"", ""time_evolution"": ""STATIC"", ""stop_strategy"": ""TIMEOUT""}",463,"{""varh"": ""Impact"", ""valh"": ""First"", ""saf"": ""False"", ""pc1"": ""True"", ""bdc"": ""1"", ""toh"": ""False"", ""ng"": ""NO"", ""lc"": ""2"", ""negative"": ""STR2"", ""generic2"": ""True"", ""sb"": ""NO""}",1.1135222500015516,1.544324833987048,,ExitStatus.UNKNOWN,False,False,1.544324833987048
2025-06-08T09:16:35.545408,Hsp-aux-10405_c23.xml,"{""input"": ""tests/xcsp3/cop/UNKNOWN/Hsp-aux-10405_c23.xml"", ""solver"": ""xcsp:ACE@2.4"", ""output_dir"": ""results_comparison"", ""global_time_limit"": 600, ""max_tries"": 50, ""tuning_file"": ""tests/psa/ace.tuning.json"", ""hpo_strategy"": ""hamming"", ""global_time_strategy"": ""PERCENT"", ""percent"": 0.2, ""round_time_strategy"": ""STATIC"", ""time_evolution"": ""STATIC"", ""stop_strategy"": ""TIMEOUT""}",464,"{""varh"": ""Memory"", ""valh"": ""First"", ""saf"": ""False"", ""pc1"": ""True"", ""bdc"": ""1"", ""toh"": ""True"", ""ng"": ""NO"", ""lc"": ""2"", ""negative"": ""V"", ""generic2"": ""True"", ""sb"": ""NO""}",1.1135222500015516,0.914282917015953,198,ExitStatus.OPTIMAL,False,False,0.914282917015953
2025-06-08T09:16:37.187584,Hsp-aux-10405_c23.xml,"{""input"": ""tests/xcsp3/cop/UNKNOWN/Hsp-aux-10405_c23.xml"", ""solver"": ""xcsp:ACE@2.4"", ""output_dir"": ""results_comparison"", ""global_time_limit"": 600, ""max_tries"": 50, ""tuning_file"": ""tests/psa/ace.tuning.json"", ""hpo_strategy"": ""hamming"", ""global_time_strategy"": ""PERCENT"", ""percent"": 0.2, ""round_time_strategy"": ""STATIC"", ""time_evolution"": ""STATIC"", ""stop_strategy"": ""TIMEOUT""}",465,"{""varh"": ""Impact"", ""valh"": ""First"", ""saf"": ""False"", ""pc1"": ""True"", ""bdc"": ""1"", ""toh"": ""True"", ""ng"": ""NO"", ""lc"": ""2"", ""negative"": ""V"", ""generic2"": ""True"", ""sb"": ""NO""}",1.1135222500015516,1.5425080000131857,,ExitStatus.UNKNOWN,False,False,1.5425080000131857
2025-06-08T09:16:38.158361,Hsp-aux-10405_c23.xml,"{""input"": ""tests/xcsp3/cop/UNKNOWN/Hsp-aux-10405_c23.xml"", ""solver"": ""xcsp:ACE@2.4"", ""output_dir"": ""results_comparison"", ""global_time_limit"": 600, ""max_tries"": 50, ""tuning_file"": ""tests/psa/ace.tuning.json"", ""hpo_strategy"": ""hamming"", ""global_time_strategy"": ""PERCENT"", ""percent"": 0.2, ""round_time_strategy"": ""STATIC"", ""time_evolution"": ""STATIC"", ""stop_strategy"": ""TIMEOUT""}",466,"{""varh"": ""Wdeg"", ""valh"": ""First"", ""saf"": ""False"", ""pc1"": ""True"", ""bdc"": ""1000"", ""toh"": ""False"", ""ng"": ""NO"", ""lc"": ""2"", ""negative"": ""V"", ""generic2"": ""False"", ""sb"": ""NO""}",1.1135222500015516,0.8731731250009034,,ExitStatus.UNKNOWN,False,False,0.8731731250009034
2025-06-08T09:16:39.822874,Hsp-aux-10405_c23.xml,"{""input"": ""tests/xcsp3/cop/UNKNOWN/Hsp-aux-10405_c23.xml"", ""solver"": ""xcsp:ACE@2.4"", ""output_dir"": ""results_comparison"", ""global_time_limit"": 600, ""max_tries"": 50, ""tuning_file"": ""tests/psa/ace.tuning.json"", ""hpo_strategy"": ""hamming"", ""global_time_strategy"": ""PERCENT"", ""percent"": 0.2, ""round_time_strategy"": ""STATIC"", ""time_evolution"": ""STATIC"", ""stop_strategy"": ""TIMEOUT""}",467,"{""varh"": ""Activity"", ""valh"": ""First"", ""saf"": ""False"", ""pc1"": ""True"", ""bdc"": ""100"", ""toh"": ""False"", ""ng"": ""NO"", ""lc"": ""2"", ""negative"": ""V"", ""generic2"": ""True"", ""sb"": ""NO""}",1.1135222500015516,1.5633566250035074,270,ExitStatus.FEASIBLE,False,False,1.5633566250035074
2025-06-08T09:16:40.871404,Hsp-aux-10405_c23.xml,"{""input"": ""tests/xcsp3/cop/UNKNOWN/Hsp-aux-10405_c23.xml"", ""solver"": ""xcsp:ACE@2.4"", ""output_dir"": ""results_comparison"", ""global_time_limit"": 600, ""max_tries"": 50, ""tuning_file"": ""tests/psa/ace.tuning.json"", ""hpo_strategy"": ""hamming"", ""global_time_strategy"": ""PERCENT"", ""percent"": 0.2, ""round_time_strategy"": ""STATIC"", ""time_evolution"": ""STATIC"", ""stop_strategy"": ""TIMEOUT""}",468,"{""varh"": ""Wdeg"", ""valh"": ""Rand"", ""saf"": ""False"", ""pc1"": ""True"", ""bdc"": ""1"", ""toh"": ""False"", ""ng"": ""NO"", ""lc"": ""1"", ""negative"": ""V"", ""generic2"": ""True"", ""sb"": ""NO""}",1.1135222500015516,0.9351965419773478,198,ExitStatus.OPTIMAL,False,False,0.9351965419773478
2025-06-08T09:16:41.883599,Hsp-aux-10405_c23.xml,"{""input"": ""tests/xcsp3/cop/UNKNOWN/Hsp-aux-10405_c23.xml"", ""solver"": ""xcsp:ACE@2.4"", ""output_dir"": ""results_comparison"", ""global_time_limit"": 600, ""max_tries"": 50, ""tuning_file"": ""tests/psa/ace.tuning.json"", ""hpo_strategy"": ""hamming"", ""global_time_strategy"": ""PERCENT"", ""percent"": 0.2, ""round_time_strategy"": ""STATIC"", ""time_evolution"": ""STATIC"", ""stop_strategy"": ""TIMEOUT""}",469,"{""varh"": ""Wdeg"", ""valh"": ""RunRobin"", ""saf"": ""False"", ""pc1"": ""True"", ""bdc"": ""10"", ""toh"": ""False"", ""ng"": ""NO"", ""lc"": ""2"", ""negative"": ""V"", ""generic2"": ""True"", ""sb"": ""NO""}",1.1135222500015516,0.9115251670009457,198,ExitStatus.OPTIMAL,False,False,0.9115251670009457
2025-06-08T09:16:42.948288,Hsp-aux-10405_c23.xml,"{""input"": ""tests/xcsp3/cop/UNKNOWN/Hsp-aux-10405_c23.xml"", ""solver"": ""xcsp:ACE@2.4"", ""output_dir"": ""results_comparison"", ""global_time_limit"": 600, ""max_tries"": 50, ""tuning_file"": ""tests/psa/ace.tuning.json"", ""hpo_strategy"": ""hamming"", ""global_time_strategy"": ""PERCENT"", ""percent"": 0.2, ""round_time_strategy"": ""STATIC"", ""time_evolution"": ""STATIC"", ""stop_strategy"": ""TIMEOUT""}",470,"{""varh"": ""FrbaOnDom"", ""valh"": ""First"", ""saf"": ""False"", ""pc1"": ""True"", ""bdc"": ""1"", ""toh"": ""False"", ""ng"": ""NO"", ""lc"": ""5"", ""negative"": ""V"", ""generic2"": ""True"", ""sb"": ""NO""}",1.1135222500015516,0.9667903340014163,198,ExitStatus.OPTIMAL,False,False,0.9667903340014163
2025-06-08T09:16:43.967932,Hsp-aux-10405_c23.xml,"{""input"": ""tests/xcsp3/cop/UNKNOWN/Hsp-aux-10405_c23.xml"", ""solver"": ""xcsp:ACE@2.4"", ""output_dir"": ""results_comparison"", ""global_time_limit"": 600, ""max_tries"": 50, ""tuning_file"": ""tests/psa/ace.tuning.json"", ""hpo_strategy"": ""hamming"", ""global_time_strategy"": ""PERCENT"", ""percent"": 0.2, ""round_time_strategy"": ""STATIC"", ""time_evolution"": ""STATIC"", ""stop_strategy"": ""TIMEOUT""}",471,"{""varh"": ""Wdeg"", ""valh"": ""First"", ""saf"": ""True"", ""pc1"": ""True"", ""bdc"": ""1"", ""toh"": ""False"", ""ng"": ""NO"", ""lc"": ""2"", ""negative"": ""STR2"", ""generic2"": ""True"", ""sb"": ""NO""}",1.1135222500015516,0.9194549170206301,198,ExitStatus.OPTIMAL,False,False,0.9194549170206301
2025-06-08T09:16:45.504323,Hsp-aux-10405_c23.xml,"{""input"": ""tests/xcsp3/cop/UNKNOWN/Hsp-aux-10405_c23.xml"", ""solver"": ""xcsp:ACE@2.4"", ""output_dir"": ""results_comparison"", ""global_time_limit"": 600, ""max_tries"": 50, ""tuning_file"": ""tests/psa/ace.tuning.json"", ""hpo_strategy"": ""hamming"", ""global_time_strategy"": ""PERCENT"", ""percent"": 0.2, ""round_time_strategy"": ""STATIC"", ""time_evolution"": ""STATIC"", ""stop_strategy"": ""TIMEOUT""}",472,"{""varh"": ""Wdeg"", ""valh"": ""Last"", ""saf"": ""False"", ""pc1"": ""True"", ""bdc"": ""1"", ""toh"": ""False"", ""ng"": ""NO"", ""lc"": ""2"", ""negative"": ""STR2"", ""generic2"": ""True"", ""sb"": ""NO""}",1.1135222500015516,1.4376993339974433,198,ExitStatus.OPTIMAL,False,False,1.4376993339974433
2025-06-08T09:16:46.539322,Hsp-aux-10405_c23.xml,"{""input"": ""tests/xcsp3/cop/UNKNOWN/Hsp-aux-10405_c23.xml"", ""solver"": ""xcsp:ACE@2.4"", ""output_dir"": ""results_comparison"", ""global_time_limit"": 600, ""max_tries"": 50, ""tuning_file"": ""tests/psa/ace.tuning.json"", ""hpo_strategy"": ""hamming"", ""global_time_strategy"": ""PERCENT"", ""percent"": 0.2, ""round_time_strategy"": ""STATIC"", ""time_evolution"": ""STATIC"", ""stop_strategy"": ""TIMEOUT""}",473,"{""varh"": ""Wdeg"", ""valh"": ""First"", ""saf"": ""True"", ""pc1"": ""True"", ""bdc"": ""1"", ""toh"": ""True"", ""ng"": ""NO"", ""lc"": ""2"", ""negative"": ""V"", ""generic2"": ""True"", ""sb"": ""NO""}",1.1135222500015516,0.9221784160181414,198,ExitStatus.OPTIMAL,False,False,0.9221784160181414
2025-06-09T12:07:22.582036,Hsp-aux-10405_c23.xml,"{""input"": ""tests/xcsp3/cop/UNKNOWN/Hsp-aux-10405_c23.xml"", ""solver"": ""xcsp:ACE@2.4"", ""output_dir"": ""results_comparison"", ""global_time_limit"": 600, ""max_tries"": 50, ""tuning_file"": ""tests/psa/ace.tuning.json"", ""hpo_strategy"": ""hamming"", ""global_time_strategy"": ""PERCENT"", ""percent"": 0.2, ""round_time_strategy"": ""STATIC"", ""time_evolution"": ""STATIC"", ""stop_strategy"": ""TIMEOUT""}",0,"{""varh"": ""Wdeg"", ""valh"": ""First"", ""saf"": ""False"", ""pc1"": ""True"", ""bdc"": ""1"", ""toh"": ""False"", ""ng"": ""NO"", ""lc"": ""2"", ""negative"": ""V"", ""generic2"": ""True"", ""sb"": ""NO""}",0.9452432920224965,0.9452432920224965,198,ExitStatus.OPTIMAL,True,True,0.9452432920224965
2025-06-09T12:07:24.380016,Hsp-aux-10405_c23.xml,"{""input"": ""tests/xcsp3/cop/UNKNOWN/Hsp-aux-10405_c23.xml"", ""solver"": ""xcsp:ACE@2.4"", ""output_dir"": ""results_comparison"", ""global_time_limit"": 600, ""max_tries"": 50, ""tuning_file"": ""tests/psa/ace.tuning.json"", ""hpo_strategy"": ""hamming"", ""global_time_strategy"": ""PERCENT"", ""percent"": 0.2, ""round_time_strategy"": ""STATIC"", ""time_evolution"": ""STATIC"", ""stop_strategy"": ""TIMEOUT""}",1,"{""varh"": ""Impact"", ""valh"": ""First"", ""saf"": ""False"", ""pc1"": ""True"", ""bdc"": ""1"", ""toh"": ""False"", ""ng"": ""NO"", ""lc"": ""2"", ""negative"": ""V"", ""generic2"": ""True"", ""sb"": ""NO""}",0.9452432920224965,1.6605219169869088,,ExitStatus.UNKNOWN,False,False,1.6605219169869088
2025-06-09T12:07:25.720905,Hsp-aux-10405_c23.xml,"{""input"": ""tests/xcsp3/cop/UNKNOWN/Hsp-aux-10405_c23.xml"", ""solver"": ""xcsp:ACE@2.4"", ""output_dir"": ""results_comparison"", ""global_time_limit"": 600, ""max_tries"": 50, ""tuning_file"": ""tests/psa/ace.tuning.json"", ""hpo_strategy"": ""hamming"", ""global_time_strategy"": ""PERCENT"", ""percent"": 0.2, ""round_time_strategy"": ""STATIC"", ""time_evolution"": ""STATIC"", ""stop_strategy"": ""TIMEOUT""}",2,"{""varh"": ""Wdeg"", ""valh"": ""First"", ""saf"": ""False"", ""pc1"": ""True"", ""bdc"": ""1"", ""toh"": ""False"", ""ng"": ""NO"", ""lc"": ""2"", ""negative"": ""V"", ""generic2"": ""False"", ""sb"": ""NO""}",0.9452432920224965,1.212008083006367,198,ExitStatus.OPTIMAL,False,False,1.212008083006367
2025-06-09T12:07:27.492547,Hsp-aux-10405_c23.xml,"{""input"": ""tests/xcsp3/cop/UNKNOWN/Hsp-aux-10405_c23.xml"", ""solver"": ""xcsp:ACE@2.4"", ""output_dir"": ""results_comparison"", ""global_time_limit"": 600, ""max_tries"": 50, ""tuning_file"": ""tests/psa/ace.tuning.json"", ""hpo_strategy"": ""hamming"", ""global_time_strategy"": ""PERCENT"", ""percent"": 0.2, ""round_time_strategy"": ""STATIC"", ""time_evolution"": ""STATIC"", ""stop_strategy"": ""TIMEOUT""}",3,"{""varh"": ""Activity"", ""valh"": ""First"", ""saf"": ""False"", ""pc1"": ""True"", ""bdc"": ""1"", ""toh"": ""False"", ""ng"": ""NO"", ""lc"": ""2"", ""negative"": ""V"", ""generic2"": ""True"", ""sb"": ""NO""}",0.9452432920224965,1.621359416982159,270,ExitStatus.FEASIBLE,False,False,1.621359416982159
2025-06-09T12:07:28.775349,Hsp-aux-10405_c23.xml,"{""input"": ""tests/xcsp3/cop/UNKNOWN/Hsp-aux-10405_c23.xml"", ""solver"": ""xcsp:ACE@2.4"", ""output_dir"": ""results_comparison"", ""global_time_limit"": 600, ""max_tries"": 50, ""tuning_file"": ""tests/psa/ace.tuning.json"", ""hpo_strategy"": ""hamming"", ""global_time_strategy"": ""PERCENT"", ""percent"": 0.2, ""round_time_strategy"": ""STATIC"", ""time_evolution"": ""STATIC"", ""stop_strategy"": ""TIMEOUT""}",4,"{""varh"": ""Wdeg"", ""valh"": ""First"", ""saf"": ""False"", ""pc1"": ""True"", ""bdc"": ""1"", ""toh"": ""False"", ""ng"": ""NO"", ""lc"": ""2"", ""negative"": ""STR0"", ""generic2"": ""True"", ""sb"": ""NO""}",0.9452432920224965,1.1490243750158697,198,ExitStatus.OPTIMAL,False,False,1.1490243750158697
2025-06-09T12:07:30.115818,Hsp-aux-10405_c23.xml,"{""input"": ""tests/xcsp3/cop/UNKNOWN/Hsp-aux-10405_c23.xml"", ""solver"": ""xcsp:ACE@2.4"", ""output_dir"": ""results_comparison"", ""global_time_limit"": 600, ""max_tries"": 50, ""tuning_file"": ""tests/psa/ace.tuning.json"", ""hpo_strategy"": ""hamming"", ""global_time_strategy"": ""PERCENT"", ""percent"": 0.2, ""round_time_strategy"": ""STATIC"", ""time_evolution"": ""STATIC"", ""stop_strategy"": ""TIMEOUT""}",5,"{""varh"": ""Wdeg"", ""valh"": ""Vals"", ""saf"": ""False"", ""pc1"": ""True"", ""bdc"": ""1"", ""toh"": ""False"", ""ng"": ""NO"", ""lc"": ""2"", ""negative"": ""V"", ""generic2"": ""True"", ""sb"": ""NO""}",0.9452432920224965,1.1958847920177504,198,ExitStatus.OPTIMAL,False,False,1.1958847920177504
2025-06-09T12:07:31.200668,Hsp-aux-10405_c23.xml,"{""input"": ""tests/xcsp3/cop/UNKNOWN/Hsp-aux-10405_c23.xml"", ""solver"": ""xcsp:ACE@2.4"", ""output_dir"": ""results_comparison"", ""global_time_limit"": 600, ""max_tries"": 50, ""tuning_file"": ""tests/psa/ace.tuning.json"", ""hpo_strategy"": ""hamming"", ""global_time_strategy"": ""PERCENT"", ""percent"": 0.2, ""round_time_strategy"": ""STATIC"", ""time_evolution"": ""STATIC"", ""stop_strategy"": ""TIMEOUT""}",6,"{""varh"": ""Wdeg"", ""valh"": ""FlrsE"", ""saf"": ""False"", ""pc1"": ""True"", ""bdc"": ""1"", ""toh"": ""False"", ""ng"": ""NO"", ""lc"": ""2"", ""negative"": ""V"", ""generic2"": ""True"", ""sb"": ""NO""}",0.9452432920224965,0.9589204170042649,198,ExitStatus.OPTIMAL,False,False,0.9589204170042649
2025-06-09T12:07:32.222498,Hsp-aux-10405_c23.xml,"{""input"": ""tests/xcsp3/cop/UNKNOWN/Hsp-aux-10405_c23.xml"", ""solver"": ""xcsp:ACE@2.4"", ""output_dir"": ""results_comparison"", ""global_time_limit"": 600, ""max_tries"": 50, ""tuning_file"": ""tests/psa/ace.tuning.json"", ""hpo_strategy"": ""hamming"", ""global_time_strategy"": ""PERCENT"", ""percent"": 0.2, ""round_time_strategy"": ""STATIC"", ""time_evolution"": ""STATIC"", ""stop_strategy"": ""TIMEOUT""}",7,"{""varh"": ""Wdeg"", ""valh"": ""First"", ""saf"": ""False"", ""pc1"": ""True"", ""bdc"": ""1000"", ""toh"": ""False"", ""ng"": ""NO"", ""lc"": ""2"", ""negative"": ""V"", ""generic2"": ""True"", ""sb"": ""NO""}",0.9452432920224965,0.8796454169787467,,ExitStatus.UNKNOWN,False,False,0.8796454169787467
2025-06-09T12:07:33.236221,Hsp-aux-10405_c23.xml,"{""input"": ""tests/xcsp3/cop/UNKNOWN/Hsp-aux-10405_c23.xml"", ""solver"": ""xcsp:ACE@2.4"", ""output_dir"": ""results_comparison"", ""global_time_limit"": 600, ""max_tries"": 50, ""tuning_file"": ""tests/psa/ace.tuning.json"", ""hpo_strategy"": ""hamming"", ""global_time_strategy"": ""PERCENT"", ""percent"": 0.2, ""round_time_strategy"": ""STATIC"", ""time_evolution"": ""STATIC"", ""stop_strategy"": ""TIMEOUT""}",8,"{""varh"": ""Wdeg"", ""valh"": ""First"", ""saf"": ""True"", ""pc1"": ""True"", ""bdc"": ""1"", ""toh"": ""False"", ""ng"": ""NO"", ""lc"": ""2"", ""negative"": ""V"", ""generic2"": ""True"", ""sb"": ""NO""}",0.9114224579534493,0.9114224579534493,198,ExitStatus.OPTIMAL,True,True,0.9114224579534493
2025-06-09T12:07:34.382054,Hsp-aux-10405_c23.xml,"{""input"": ""tests/xcsp3/cop/UNKNOWN/Hsp-aux-10405_c23.xml"", ""solver"": ""xcsp:ACE@2.4"", ""output_dir"": ""results_comparison"", ""global_time_limit"": 600, ""max_tries"": 50, ""tuning_file"": ""tests/psa/ace.tuning.json"", ""hpo_strategy"": ""hamming"", ""global_time_strategy"": ""PERCENT"", ""percent"": 0.2, ""round_time_strategy"": ""STATIC"", ""time_evolution"": ""STATIC"", ""stop_strategy"": ""TIMEOUT""}",9,"{""varh"": ""Wdeg"", ""valh"": ""Vals"", ""saf"": ""True"", ""pc1"": ""True"", ""bdc"": ""1"", ""toh"": ""False"", ""ng"": ""NO"", ""lc"": ""2"", ""negative"": ""V"", ""generic2"": ""True"", ""sb"": ""NO""}",0.9114224579534493,1.0323143749847077,198,ExitStatus.OPTIMAL,False,False,1.0323143749847077
2025-06-09T12:07:35.459145,Hsp-aux-10405_c23.xml,"{""input"": ""tests/xcsp3/cop/UNKNOWN/Hsp-aux-10405_c23.xml"", ""solver"": ""xcsp:ACE@2.4"", ""output_dir"": ""results_comparison"", ""global_time_limit"": 600, ""max_tries"": 50, ""tuning_file"": ""tests/psa/ace.tuning.json"", ""hpo_strategy"": ""hamming"", ""global_time_strategy"": ""PERCENT"", ""percent"": 0.2, ""round_time_strategy"": ""STATIC"", ""time_evolution"": ""STATIC"", ""stop_strategy"": ""TIMEOUT""}",10,"{""varh"": ""Wdeg"", ""valh"": ""FlrsE"", ""saf"": ""True"", ""pc1"": ""True"", ""bdc"": ""1"", ""toh"": ""False"", ""ng"": ""NO"", ""lc"": ""2"", ""negative"": ""V"", ""generic2"": ""True"", ""sb"": ""NO""}",0.9114224579534493,0.9730862920405343,198,ExitStatus.OPTIMAL,False,False,0.9730862920405343
2025-06-09T12:07:36.543993,Hsp-aux-10405_c23.xml,"{""input"": ""tests/xcsp3/cop/UNKNOWN/Hsp-aux-10405_c23.xml"", ""solver"": ""xcsp:ACE@2.4"", ""output_dir"": ""results_comparison"", ""global_time_limit"": 600, ""max_tries"": 50, ""tuning_file"": ""tests/psa/ace.tuning.json"", ""hpo_strategy"": ""hamming"", ""global_time_strategy"": ""PERCENT"", ""percent"": 0.2, ""round_time_strategy"": ""STATIC"", ""time_evolution"": ""STATIC"", ""stop_strategy"": ""TIMEOUT""}",11,"{""varh"": ""Memory"", ""valh"": ""First"", ""saf"": ""True"", ""pc1"": ""True"", ""bdc"": ""1"", ""toh"": ""False"", ""ng"": ""NO"", ""lc"": ""2"", ""negative"": ""V"", ""generic2"": ""True"", ""sb"": ""NO""}",0.9114224579534493,0.9456874169991352,198,ExitStatus.OPTIMAL,False,False,0.9456874169991352
2025-06-09T12:07:37.555260,Hsp-aux-10405_c23.xml,"{""input"": ""tests/xcsp3/cop/UNKNOWN/Hsp-aux-10405_c23.xml"", ""solver"": ""xcsp:ACE@2.4"", ""output_dir"": ""results_comparison"", ""global_time_limit"": 600, ""max_tries"": 50, ""tuning_file"": ""tests/psa/ace.tuning.json"", ""hpo_strategy"": ""hamming"", ""global_time_strategy"": ""PERCENT"", ""percent"": 0.2, ""round_time_strategy"": ""STATIC"", ""time_evolution"": ""STATIC"", ""stop_strategy"": ""TIMEOUT""}",12,"{""varh"": ""Wdeg"", ""valh"": ""First"", ""saf"": ""True"", ""pc1"": ""True"", ""bdc"": ""1"", ""toh"": ""False"", ""ng"": ""NO"", ""lc"": ""2"", ""negative"": ""STR3"", ""generic2"": ""True"", ""sb"": ""NO""}",0.9052145410096273,0.9052145410096273,198,ExitStatus.OPTIMAL,True,True,0.9052145410096273
2025-06-09T12:07:38.773214,Hsp-aux-10405_c23.xml,"{""input"": ""tests/xcsp3/cop/UNKNOWN/Hsp-aux-10405_c23.xml"", ""solver"": ""xcsp:ACE@2.4"", ""output_dir"": ""results_comparison"", ""global_time_limit"": 600, ""max_tries"": 50, ""tuning_file"": ""tests/psa/ace.tuning.json"", ""hpo_strategy"": ""hamming"", ""global_time_strategy"": ""PERCENT"", ""percent"": 0.2, ""round_time_strategy"": ""STATIC"", ""time_evolution"": ""STATIC"", ""stop_strategy"": ""TIMEOUT""}",13,"{""varh"": ""FrbaOnDom"", ""valh"": ""First"", ""saf"": ""True"", ""pc1"": ""True"", ""bdc"": ""1"", ""toh"": ""False"", ""ng"": ""NO"", ""lc"": ""2"", ""negative"": ""STR3"", ""generic2"": ""True"", ""sb"": ""NO""}",0.9052145410096273,1.1106145000085235,198,ExitStatus.OPTIMAL,False,False,1.1106145000085235
2025-06-09T12:07:39.908689,Hsp-aux-10405_c23.xml,"{""input"": ""tests/xcsp3/cop/UNKNOWN/Hsp-aux-10405_c23.xml"", ""solver"": ""xcsp:ACE@2.4"", ""output_dir"": ""results_comparison"", ""global_time_limit"": 600, ""max_tries"": 50, ""tuning_file"": ""tests/psa/ace.tuning.json"", ""hpo_strategy"": ""hamming"", ""global_time_strategy"": ""PERCENT"", ""percent"": 0.2, ""round_time_strategy"": ""STATIC"", ""time_evolution"": ""STATIC"", ""stop_strategy"": ""TIMEOUT""}",14,"{""varh"": ""Wdeg"", ""valh"": ""First"", ""saf"": ""True"", ""pc1"": ""True"", ""bdc"": ""1"", ""toh"": ""True"", ""ng"": ""NO"", ""lc"": ""2"", ""negative"": ""STR3"", ""generic2"": ""True"", ""sb"": ""NO""}",0.9052145410096273,0.9729572090436704,198,ExitStatus.OPTIMAL,False,False,0.9729572090436704
2025-06-09T12:07:41.019106,Hsp-aux-10405_c23.xml,"{""input"": ""tests/xcsp3/cop/UNKNOWN/Hsp-aux-10405_c23.xml"", ""solver"": ""xcsp:ACE@2.4"", ""output_dir"": ""results_comparison"", ""global_time_limit"": 600, ""max_tries"": 50, ""tuning_file"": ""tests/psa/ace.tuning.json"", ""hpo_strategy"": ""hamming"", ""global_time_strategy"": ""PERCENT"", ""percent"": 0.2, ""round_time_strategy"": ""STATIC"", ""time_evolution"": ""STATIC"", ""stop_strategy"": ""TIMEOUT""}",15,"{""varh"": ""Wdeg"", ""valh"": ""First"", ""saf"": ""True"", ""pc1"": ""True"", ""bdc"": ""1"", ""toh"": ""False"", ""ng"": ""NO"", ""lc"": ""5"", ""negative"": ""STR3"", ""generic2"": ""True"", ""sb"": ""NO""}",0.9052145410096273,0.9338059999863617,198,ExitStatus.OPTIMAL,False,False,0.9338059999863617
2025-06-09T12:07:42.156984,Hsp-aux-10405_c23.xml,"{""input"": ""tests/xcsp3/cop/UNKNOWN/Hsp-aux-10405_c23.xml"", ""solver"": ""xcsp:ACE@2.4"", ""output_dir"": ""results_comparison"", ""global_time_limit"": 600, ""max_tries"": 50, ""tuning_file"": ""tests/psa/ace.tuning.json"", ""hpo_strategy"": ""hamming"", ""global_time_strategy"": ""PERCENT"", ""percent"": 0.2, ""round_time_strategy"": ""STATIC"", ""time_evolution"": ""STATIC"", ""stop_strategy"": ""TIMEOUT""}",16,"{""varh"": ""Wdeg"", ""valh"": ""First"", ""saf"": ""True"", ""pc1"": ""True"", ""bdc"": ""1"", ""toh"": ""False"", ""ng"": ""NO"", ""lc"": ""0"", ""negative"": ""STR3"", ""generic2"": ""True"", ""sb"": ""NO""}",0.9052145410096273,1.0216860829968937,198,ExitStatus.OPTIMAL,False,False,1.0216860829968937
2025-06-09T12:07:43.270088,Hsp-aux-10405_c23.xml,"{""input"": ""tests/xcsp3/cop/UNKNOWN/Hsp-aux-10405_c23.xml"", ""solver"": ""xcsp:ACE@2.4"", ""output_dir"": ""results_comparison"", ""global_time_limit"": 600, ""max_tries"": 50, ""tuning_file"": ""tests/psa/ace.tuning.json"", ""hpo_strategy"": ""hamming"", ""global_time_strategy"": ""PERCENT"", ""percent"": 0.2, ""round_time_strategy"": ""STATIC"", ""time_evolution"": ""STATIC"", ""stop_strategy"": ""TIMEOUT""}",17,"{""varh"": ""Wdeg"", ""valh"": ""First"", ""saf"": ""True"", ""pc1"": ""True"", ""bdc"": ""1"", ""toh"": ""False"", ""ng"": ""NO"", ""lc"": ""10"", ""negative"": ""STR3"", ""generic2"": ""True"", ""sb"": ""NO""}",0.9052145410096273,0.9462721669697203,198,ExitStatus.OPTIMAL,False,False,0.9462721669697203
2025-06-09T12:07:44.245530,Hsp-aux-10405_c23.xml,"{""input"": ""tests/xcsp3/cop/UNKNOWN/Hsp-aux-10405_c23.xml"", ""solver"": ""xcsp:ACE@2.4"", ""output_dir"": ""results_comparison"", ""global_time_limit"": 600, ""max_tries"": 50, ""tuning_file"": ""tests/psa/ace.tuning.json"", ""hpo_strategy"": ""hamming"", ""global_time_strategy"": ""PERCENT"", ""percent"": 0.2, ""round_time_strategy"": ""STATIC"", ""time_evolution"": ""STATIC"", ""stop_strategy"": ""TIMEOUT""}",18,"{""varh"": ""Wdeg"", ""valh"": ""First"", ""saf"": ""True"", ""pc1"": ""True"", ""bdc"": ""1000"", ""toh"": ""False"", ""ng"": ""NO"", ""lc"": ""2"", ""negative"": ""STR3"", ""generic2"": ""True"", ""sb"": ""NO""}",0.9052145410096273,0.8604707919876091,,ExitStatus.UNKNOWN,False,False,0.8604707919876091
2025-06-09T12:07:45.310417,Hsp-aux-10405_c23.xml,"{""input"": ""tests/xcsp3/cop/UNKNOWN/Hsp-aux-10405_c23.xml"", ""solver"": ""xcsp:ACE@2.4"", ""output_dir"": ""results_comparison"", ""global_time_limit"": 600, ""max_tries"": 50, ""tuning_file"": ""tests/psa/ace.tuning.json"", ""hpo_strategy"": ""hamming"", ""global_time_strategy"": ""PERCENT"", ""percent"": 0.2, ""round_time_strategy"": ""STATIC"", ""time_evolution"": ""STATIC"", ""stop_strategy"": ""TIMEOUT""}",19,"{""varh"": ""Wdeg"", ""valh"": ""First"", ""saf"": ""True"", ""pc1"": ""True"", ""bdc"": ""1"", ""toh"": ""False"", ""ng"": ""NO"", ""lc"": ""2"", ""negative"": ""STR0"", ""generic2"": ""True"", ""sb"": ""NO""}",0.9052145410096273,0.9621405840152875,198,ExitStatus.OPTIMAL,False,False,0.9621405840152875
2025-06-09T12:07:47.028859,Hsp-aux-10405_c23.xml,"{""input"": ""tests/xcsp3/cop/UNKNOWN/Hsp-aux-10405_c23.xml"", ""solver"": ""xcsp:ACE@2.4"", ""output_dir"": ""results_comparison"", ""global_time_limit"": 600, ""max_tries"": 50, ""tuning_file"": ""tests/psa/ace.tuning.json"", ""hpo_strategy"": ""hamming"", ""global_time_strategy"": ""PERCENT"", ""percent"": 0.2, ""round_time_strategy"": ""STATIC"", ""time_evolution"": ""STATIC"", ""stop_strategy"": ""TIMEOUT""}",20,"{""varh"": ""Activity"", ""valh"": ""First"", ""saf"": ""True"", ""pc1"": ""True"", ""bdc"": ""1"", ""toh"": ""False"", ""ng"": ""NO"", ""lc"": ""2"", ""negative"": ""STR3"", ""generic2"": ""True"", ""sb"": ""NO""}",0.9052145410096273,1.6039183750399388,270,ExitStatus.FEASIBLE,False,False,1.6039183750399388
2025-06-09T12:07:48.061056,Hsp-aux-10405_c23.xml,"{""input"": ""tests/xcsp3/cop/UNKNOWN/Hsp-aux-10405_c23.xml"", ""solver"": ""xcsp:ACE@2.4"", ""output_dir"": ""results_comparison"", ""global_time_limit"": 600, ""max_tries"": 50, ""tuning_file"": ""tests/psa/ace.tuning.json"", ""hpo_strategy"": ""hamming"", ""global_time_strategy"": ""PERCENT"", ""percent"": 0.2, ""round_time_strategy"": ""STATIC"", ""time_evolution"": ""STATIC"", ""stop_strategy"": ""TIMEOUT""}",21,"{""varh"": ""Wdeg"", ""valh"": ""Bivs3"", ""saf"": ""True"", ""pc1"": ""True"", ""bdc"": ""1"", ""toh"": ""False"", ""ng"": ""NO"", ""lc"": ""2"", ""negative"": ""STR3"", ""generic2"": ""True"", ""sb"": ""NO""}",0.9052145410096273,0.9143837919691578,198,ExitStatus.OPTIMAL,False,False,0.9143837919691578
2025-06-09T12:07:49.128988,Hsp-aux-10405_c23.xml,"{""input"": ""tests/xcsp3/cop/UNKNOWN/Hsp-aux-10405_c23.xml"", ""solver"": ""xcsp:ACE@2.4"", ""output_dir"": ""results_comparison"", ""global_time_limit"": 600, ""max_tries"": 50, ""tuning_file"": ""tests/psa/ace.tuning.json"", ""hpo_strategy"": ""hamming"", ""global_time_strategy"": ""PERCENT"", ""percent"": 0.2, ""round_time_strategy"": ""STATIC"", ""time_evolution"": ""STATIC"", ""stop_strategy"": ""TIMEOUT""}",22,"{""varh"": ""Wdeg"", ""valh"": ""Vals"", ""saf"": ""True"", ""pc1"": ""True"", ""bdc"": ""1"", ""toh"": ""False"", ""ng"": ""NO"", ""lc"": ""2"", ""negative"": ""STR3"", ""generic2"": ""True"", ""sb"": ""NO""}",0.9052145410096273,0.9608109169639647,198,ExitStatus.OPTIMAL,False,False,0.9608109169639647
2025-06-09T12:07:50.159231,Hsp-aux-10405_c23.xml,"{""input"": ""tests/xcsp3/cop/UNKNOWN/Hsp-aux-10405_c23.xml"", ""solver"": ""xcsp:ACE@2.4"", ""output_dir"": ""results_comparison"", ""global_time_limit"": 600, ""max_tries"": 50, ""tuning_file"": ""tests/psa/ace.tuning.json"", ""hpo_strategy"": ""hamming"", ""global_time_strategy"": ""PERCENT"", ""percent"": 0.2, ""round_time_strategy"": ""STATIC"", ""time_evolution"": ""STATIC"", ""stop_strategy"": ""TIMEOUT""}",23,"{""varh"": ""Wdeg"", ""valh"": ""First"", ""saf"": ""True"", ""pc1"": ""True"", ""bdc"": ""1"", ""toh"": ""False"", ""ng"": ""NO"", ""lc"": ""2"", ""negative"": ""STR1"", ""generic2"": ""True"", ""sb"": ""NO""}",0.9052145410096273,0.9232654999941587,198,ExitStatus.OPTIMAL,False,False,0.9232654999941587
2025-06-09T12:07:51.226032,Hsp-aux-10405_c23.xml,"{""input"": ""tests/xcsp3/cop/UNKNOWN/Hsp-aux-10405_c23.xml"", ""solver"": ""xcsp:ACE@2.4"", ""output_dir"": ""results_comparison"", ""global_time_limit"": 600, ""max_tries"": 50, ""tuning_file"": ""tests/psa/ace.tuning.json"", ""hpo_strategy"": ""hamming"", ""global_time_strategy"": ""PERCENT"", ""percent"": 0.2, ""round_time_strategy"": ""STATIC"", ""time_evolution"": ""STATIC"", ""stop_strategy"": ""TIMEOUT""}",24,"{""varh"": ""WdegOnDom"", ""valh"": ""First"", ""saf"": ""True"", ""pc1"": ""True"", ""bdc"": ""1"", ""toh"": ""False"", ""ng"": ""NO"", ""lc"": ""2"", ""negative"": ""STR3"", ""generic2"": ""True"", ""sb"": ""NO""}",0.9052145410096273,0.9608503340277821,198,ExitStatus.OPTIMAL,False,False,0.9608503340277821
2025-06-09T12:07:52.905924,Hsp-aux-10405_c23.xml,"{""input"": ""tests/xcsp3/cop/UNKNOWN/Hsp-aux-10405_c23.xml"", ""solver"": ""xcsp:ACE@2.4"", ""output_dir"": ""results_comparison"", ""global_time_limit"": 600, ""max_tries"": 50, ""tuning_file"": ""tests/psa/ace.tuning.json"", ""hpo_strategy"": ""hamming"", ""global_time_strategy"": ""PERCENT"", ""percent"": 0.2, ""round_time_strategy"": ""STATIC"", ""time_evolution"": ""STATIC"", ""stop_strategy"": ""TIMEOUT""}",25,"{""varh"": ""Rand"", ""valh"": ""First"", ""saf"": ""True"", ""pc1"": ""True"", ""bdc"": ""1"", ""toh"": ""False"", ""ng"": ""NO"", ""lc"": ""2"", ""negative"": ""STR3"", ""generic2"": ""True"", ""sb"": ""NO""}",0.9052145410096273,1.5659135829773732,248,ExitStatus.FEASIBLE,False,False,1.5659135829773732
2025-06-09T12:07:53.938127,Hsp-aux-10405_c23.xml,"{""input"": ""tests/xcsp3/cop/UNKNOWN/Hsp-aux-10405_c23.xml"", ""solver"": ""xcsp:ACE@2.4"", ""output_dir"": ""results_comparison"", ""global_time_limit"": 600, ""max_tries"": 50, ""tuning_file"": ""tests/psa/ace.tuning.json"", ""hpo_strategy"": ""hamming"", ""global_time_strategy"": ""PERCENT"", ""percent"": 0.2, ""round_time_strategy"": ""STATIC"", ""time_evolution"": ""STATIC"", ""stop_strategy"": ""TIMEOUT""}",26,"{""varh"": ""Wdeg"", ""valh"": ""First"", ""saf"": ""True"", ""pc1"": ""True"", ""bdc"": ""1"", ""toh"": ""False"", ""ng"": ""NO"", ""lc"": ""2"", ""negative"": ""STR2"", ""generic2"": ""True"", ""sb"": ""NO""}",0.9052145410096273,0.9233360000071116,198,ExitStatus.OPTIMAL,False,False,0.9233360000071116
2025-06-09T12:07:54.994455,Hsp-aux-10405_c23.xml,"{""input"": ""tests/xcsp3/cop/UNKNOWN/Hsp-aux-10405_c23.xml"", ""solver"": ""xcsp:ACE@2.4"", ""output_dir"": ""results_comparison"", ""global_time_limit"": 600, ""max_tries"": 50, ""tuning_file"": ""tests/psa/ace.tuning.json"", ""hpo_strategy"": ""hamming"", ""global_time_strategy"": ""PERCENT"", ""percent"": 0.2, ""round_time_strategy"": ""STATIC"", ""time_evolution"": ""STATIC"", ""stop_strategy"": ""TIMEOUT""}",27,"{""varh"": ""RunRobin"", ""valh"": ""First"", ""saf"": ""True"", ""pc1"": ""True"", ""bdc"": ""1"", ""toh"": ""False"", ""ng"": ""NO"", ""lc"": ""2"", ""negative"": ""STR3"", ""generic2"": ""True"", ""sb"": ""NO""}",0.9052145410096273,0.9457748749991879,198,ExitStatus.OPTIMAL,False,False,0.9457748749991879
2025-06-09T12:07:55.977375,Hsp-aux-10405_c23.xml,"{""input"": ""tests/xcsp3/cop/UNKNOWN/Hsp-aux-10405_c23.xml"", ""solver"": ""xcsp:ACE@2.4"", ""output_dir"": ""results_comparison"", ""global_time_limit"": 600, ""max_tries"": 50, ""tuning_file"": ""tests/psa/ace.tuning.json"", ""hpo_strategy"": ""hamming"", ""global_time_strategy"": ""PERCENT"", ""percent"": 0.2, ""round_time_strategy"": ""STATIC"", ""time_evolution"": ""STATIC"", ""stop_strategy"": ""TIMEOUT""}",28,"{""varh"": ""Wdeg"", ""valh"": ""First"", ""saf"": ""True"", ""pc1"": ""True"", ""bdc"": ""100"", ""toh"": ""False"", ""ng"": ""NO"", ""lc"": ""2"", ""negative"": ""STR3"", ""generic2"": ""True"", ""sb"": ""NO""}",0.9052145410096273,0.8727311249822378,,ExitStatus.UNKNOWN,False,False,0.8727311249822378
2025-06-09T12:07:57.014637,Hsp-aux-10405_c23.xml,"{""input"": ""tests/xcsp3/cop/UNKNOWN/Hsp-aux-10405_c23.xml"", ""solver"": ""xcsp:ACE@2.4"", ""output_dir"": ""results_comparison"", ""global_time_limit"": 600, ""max_tries"": 50, ""tuning_file"": ""tests/psa/ace.tuning.json"", ""hpo_strategy"": ""hamming"", ""global_time_strategy"": ""PERCENT"", ""percent"": 0.2, ""round_time_strategy"": ""STATIC"", ""time_evolution"": ""STATIC"", ""stop_strategy"": ""TIMEOUT""}",29,"{""varh"": ""Wdeg"", ""valh"": ""First"", ""saf"": ""True"", ""pc1"": ""True"", ""bdc"": ""1"", ""toh"": ""False"", ""ng"": ""NO"", ""lc"": ""2"", ""negative"": ""VA"", ""generic2"": ""True"", ""sb"": ""NO""}",0.9052145410096273,0.9259817080455832,198,ExitStatus.OPTIMAL,False,False,0.9259817080455832
2025-06-09T12:07:58.075224,Hsp-aux-10405_c23.xml,"{""input"": ""tests/xcsp3/cop/UNKNOWN/Hsp-aux-10405_c23.xml"", ""solver"": ""xcsp:ACE@2.4"", ""output_dir"": ""results_comparison"", ""global_time_limit"": 600, ""max_tries"": 50, ""tuning_file"": ""tests/psa/ace.tuning.json"", ""hpo_strategy"": ""hamming"", ""global_time_strategy"": ""PERCENT"", ""percent"": 0.2, ""round_time_strategy"": ""STATIC"", ""time_evolution"": ""STATIC"", ""stop_strategy"": ""TIMEOUT""}",30,"{""varh"": ""PickOnDom"", ""valh"": ""First"", ""saf"": ""True"", ""pc1"": ""True"", ""bdc"": ""1"", ""toh"": ""False"", ""ng"": ""NO"", ""lc"": ""2"", ""negative"": ""STR3"", ""generic2"": ""True"", ""sb"": ""NO""}",0.9052145410096273,0.9502992499619722,198,ExitStatus.OPTIMAL,False,False,0.9502992499619722
2025-06-09T12:07:59.105264,Hsp-aux-10405_c23.xml,"{""input"": ""tests/xcsp3/cop/UNKNOWN/Hsp-aux-10405_c23.xml"", ""solver"": ""xcsp:ACE@2.4"", ""output_dir"": ""results_comparison"", ""global_time_limit"": 600, ""max_tries"": 50, ""tuning_file"": ""tests/psa/ace.tuning.json"", ""hpo_strategy"": ""hamming"", ""global_time_strategy"": ""PERCENT"", ""percent"": 0.2, ""round_time_strategy"": ""STATIC"", ""time_evolution"": ""STATIC"", ""stop_strategy"": ""TIMEOUT""}",31,"{""varh"": ""Wdeg"", ""valh"": ""First"", ""saf"": ""True"", ""pc1"": ""True"", ""bdc"": ""1"", ""toh"": ""False"", ""ng"": ""NO"", ""lc"": ""2"", ""negative"": ""STR3"", ""generic2"": ""False"", ""sb"": ""NO""}",0.9052145410096273,0.9186788750230335,198,ExitStatus.OPTIMAL,False,False,0.9186788750230335
2025-06-09T12:08:00.120854,Hsp-aux-10405_c23.xml,"{""input"": ""tests/xcsp3/cop/UNKNOWN/Hsp-aux-10405_c23.xml"", ""solver"": ""xcsp:ACE@2.4"", ""output_dir"": ""results_comparison"", ""global_time_limit"": 600, ""max_tries"": 50, ""tuning_file"": ""tests/psa/ace.tuning.json"", ""hpo_strategy"": ""hamming"", ""global_time_strategy"": ""PERCENT"", ""percent"": 0.2, ""round_time_strategy"": ""STATIC"", ""time_evolution"": ""STATIC"", ""stop_strategy"": ""TIMEOUT""}",32,"{""varh"": ""Wdeg"", ""valh"": ""First"", ""saf"": ""True"", ""pc1"": ""True"", ""bdc"": ""1"", ""toh"": ""False"", ""ng"": ""NO"", ""lc"": ""1"", ""negative"": ""STR3"", ""generic2"": ""True"", ""sb"": ""NO""}",0.9035434999968857,0.9035434999968857,198,ExitStatus.OPTIMAL,True,True,0.9035434999968857
2025-06-09T12:08:01.154186,Hsp-aux-10405_c23.xml,"{""input"": ""tests/xcsp3/cop/UNKNOWN/Hsp-aux-10405_c23.xml"", ""solver"": ""xcsp:ACE@2.4"", ""output_dir"": ""results_comparison"", ""global_time_limit"": 600, ""max_tries"": 50, ""tuning_file"": ""tests/psa/ace.tuning.json"", ""hpo_strategy"": ""hamming"", ""global_time_strategy"": ""PERCENT"", ""percent"": 0.2, ""round_time_strategy"": ""STATIC"", ""time_evolution"": ""STATIC"", ""stop_strategy"": ""TIMEOUT""}",33,"{""varh"": ""Wdeg"", ""valh"": ""First"", ""saf"": ""True"", ""pc1"": ""True"", ""bdc"": ""1"", ""toh"": ""False"", ""ng"": ""NO"", ""lc"": ""1"", ""negative"": ""STR1"", ""generic2"": ""True"", ""sb"": ""NO""}",0.9035434999968857,0.9295162920025177,198,ExitStatus.OPTIMAL,False,False,0.9295162920025177
2025-06-09T12:08:02.293362,Hsp-aux-10405_c23.xml,"{""input"": ""tests/xcsp3/cop/UNKNOWN/Hsp-aux-10405_c23.xml"", ""solver"": ""xcsp:ACE@2.4"", ""output_dir"": ""results_comparison"", ""global_time_limit"": 600, ""max_tries"": 50, ""tuning_file"": ""tests/psa/ace.tuning.json"", ""hpo_strategy"": ""hamming"", ""global_time_strategy"": ""PERCENT"", ""percent"": 0.2, ""round_time_strategy"": ""STATIC"", ""time_evolution"": ""STATIC"", ""stop_strategy"": ""TIMEOUT""}",34,"{""varh"": ""FrbaOnDom"", ""valh"": ""First"", ""saf"": ""True"", ""pc1"": ""True"", ""bdc"": ""1"", ""toh"": ""False"", ""ng"": ""NO"", ""lc"": ""1"", ""negative"": ""STR3"", ""generic2"": ""True"", ""sb"": ""NO""}",0.9035434999968857,1.038933541974984,198,ExitStatus.OPTIMAL,False,False,1.038933541974984
2025-06-09T12:08:03.556760,Hsp-aux-10405_c23.xml,"{""input"": ""tests/xcsp3/cop/UNKNOWN/Hsp-aux-10405_c23.xml"", ""solver"": ""xcsp:ACE@2.4"", ""output_dir"": ""results_comparison"", ""global_time_limit"": 600, ""max_tries"": 50, ""tuning_file"": ""tests/psa/ace.tuning.json"", ""hpo_strategy"": ""hamming"", ""global_time_strategy"": ""PERCENT"", ""percent"": 0.2, ""round_time_strategy"": ""STATIC"", ""time_evolution"": ""STATIC"", ""stop_strategy"": ""TIMEOUT""}",35,"{""varh"": ""Wdeg"", ""valh"": ""Median"", ""saf"": ""True"", ""pc1"": ""True"", ""bdc"": ""1"", ""toh"": ""False"", ""ng"": ""NO"", ""lc"": ""1"", ""negative"": ""STR3"", ""generic2"": ""True"", ""sb"": ""NO""}",0.9035434999968857,1.1610253329854459,198,ExitStatus.OPTIMAL,False,False,1.1610253329854459
2025-06-09T12:08:04.638901,Hsp-aux-10405_c23.xml,"{""input"": ""tests/xcsp3/cop/UNKNOWN/Hsp-aux-10405_c23.xml"", ""solver"": ""xcsp:ACE@2.4"", ""output_dir"": ""results_comparison"", ""global_time_limit"": 600, ""max_tries"": 50, ""tuning_file"": ""tests/psa/ace.tuning.json"", ""hpo_strategy"": ""hamming"", ""global_time_strategy"": ""PERCENT"", ""percent"": 0.2, ""round_time_strategy"": ""STATIC"", ""time_evolution"": ""STATIC"", ""stop_strategy"": ""TIMEOUT""}",36,"{""varh"": ""Wdeg"", ""valh"": ""First"", ""saf"": ""True"", ""pc1"": ""False"", ""bdc"": ""1"", ""toh"": ""False"", ""ng"": ""NO"", ""lc"": ""1"", ""negative"": ""STR3"", ""generic2"": ""True"", ""sb"": ""NO""}",0.9035434999968857,0.9812530420022085,198,ExitStatus.OPTIMAL,False,False,0.9812530420022085
2025-06-09T12:08:05.377732,Hsp-aux-10405_c23.xml,"{""input"": ""tests/xcsp3/cop/UNKNOWN/Hsp-aux-10405_c23.xml"", ""solver"": ""xcsp:ACE@2.4"", ""output_dir"": ""results_comparison"", ""global_time_limit"": 600, ""max_tries"": 50, ""tuning_file"": ""tests/psa/ace.tuning.json"", ""hpo_strategy"": ""hamming"", ""global_time_strategy"": ""PERCENT"", ""percent"": 0.2, ""round_time_strategy"": ""STATIC"", ""time_evolution"": ""STATIC"", ""stop_strategy"": ""TIMEOUT""}",37,"{""varh"": ""Wdeg"", ""valh"": ""First"", ""saf"": ""True"", ""pc1"": ""True"", ""bdc"": ""1"", ""toh"": ""False"", ""ng"": ""NO"", ""lc"": ""1"", ""negative"": ""STR2"", ""generic2"": ""True"", ""sb"": ""NO""}",0.6396461660042405,0.6396461660042405,198,ExitStatus.OPTIMAL,True,True,0.6396461660042405
2025-06-09T12:08:06.103982,Hsp-aux-10405_c23.xml,"{""input"": ""tests/xcsp3/cop/UNKNOWN/Hsp-aux-10405_c23.xml"", ""solver"": ""xcsp:ACE@2.4"", ""output_dir"": ""results_comparison"", ""global_time_limit"": 600, ""max_tries"": 50, ""tuning_file"": ""tests/psa/ace.tuning.json"", ""hpo_strategy"": ""hamming"", ""global_time_strategy"": ""PERCENT"", ""percent"": 0.2, ""round_time_strategy"": ""STATIC"", ""time_evolution"": ""STATIC"", ""stop_strategy"": ""TIMEOUT""}",38,"{""varh"": ""Wdeg"", ""valh"": ""First"", ""saf"": ""True"", ""pc1"": ""True"", ""bdc"": ""1"", ""toh"": ""False"", ""ng"": ""NO"", ""lc"": ""0"", ""negative"": ""STR2"", ""generic2"": ""True"", ""sb"": ""NO""}",0.6396461660042405,0.6487243750016205,198,ExitStatus.OPTIMAL,False,False,0.6487243750016205
2025-06-09T12:08:06.788443,Hsp-aux-10405_c23.xml,"{""input"": ""tests/xcsp3/cop/UNKNOWN/Hsp-aux-10405_c23.xml"", ""solver"": ""xcsp:ACE@2.4"", ""output_dir"": ""results_comparison"", ""global_time_limit"": 600, ""max_tries"": 50, ""tuning_file"": ""tests/psa/ace.tuning.json"", ""hpo_strategy"": ""hamming"", ""global_time_strategy"": ""PERCENT"", ""percent"": 0.2, ""round_time_strategy"": ""STATIC"", ""time_evolution"": ""STATIC"", ""stop_strategy"": ""TIMEOUT""}",39,"{""varh"": ""Wdeg"", ""valh"": ""First"", ""saf"": ""True"", ""pc1"": ""True"", ""bdc"": ""1"", ""toh"": ""True"", ""ng"": ""NO"", ""lc"": ""1"", ""negative"": ""STR2"", ""generic2"": ""True"", ""sb"": ""NO""}",0.6050853329943493,0.6050853329943493,198,ExitStatus.OPTIMAL,True,True,0.6050853329943493
2025-06-09T12:08:07.508685,Hsp-aux-10405_c23.xml,"{""input"": ""tests/xcsp3/cop/UNKNOWN/Hsp-aux-10405_c23.xml"", ""solver"": ""xcsp:ACE@2.4"", ""output_dir"": ""results_comparison"", ""global_time_limit"": 600, ""max_tries"": 50, ""tuning_file"": ""tests/psa/ace.tuning.json"", ""hpo_strategy"": ""hamming"", ""global_time_strategy"": ""PERCENT"", ""percent"": 0.2, ""round_time_strategy"": ""STATIC"", ""time_evolution"": ""STATIC"", ""stop_strategy"": ""TIMEOUT""}",40,"{""varh"": ""Wdeg"", ""valh"": ""FlrsE"", ""saf"": ""True"", ""pc1"": ""True"", ""bdc"": ""1"", ""toh"": ""True"", ""ng"": ""NO"", ""lc"": ""1"", ""negative"": ""STR2"", ""generic2"": ""True"", ""sb"": ""NO""}",0.6050853329943493,0.6424401669646613,198,ExitStatus.OPTIMAL,False,False,0.6424401669646613
2025-06-09T12:08:08.146771,Hsp-aux-10405_c23.xml,"{""input"": ""tests/xcsp3/cop/UNKNOWN/Hsp-aux-10405_c23.xml"", ""solver"": ""xcsp:ACE@2.4"", ""output_dir"": ""results_comparison"", ""global_time_limit"": 600, ""max_tries"": 50, ""tuning_file"": ""tests/psa/ace.tuning.json"", ""hpo_strategy"": ""hamming"", ""global_time_strategy"": ""PERCENT"", ""percent"": 0.2, ""round_time_strategy"": ""STATIC"", ""time_evolution"": ""STATIC"", ""stop_strategy"": ""TIMEOUT""}",41,"{""varh"": ""Wdeg"", ""valh"": ""First"", ""saf"": ""True"", ""pc1"": ""True"", ""bdc"": ""1000"", ""toh"": ""True"", ""ng"": ""NO"", ""lc"": ""1"", ""negative"": ""STR2"", ""generic2"": ""True"", ""sb"": ""NO""}",0.6050853329943493,0.5584045419818722,,ExitStatus.UNKNOWN,False,False,0.5584045419818722
2025-06-09T12:08:08.809457,Hsp-aux-10405_c23.xml,"{""input"": ""tests/xcsp3/cop/UNKNOWN/Hsp-aux-10405_c23.xml"", ""solver"": ""xcsp:ACE@2.4"", ""output_dir"": ""results_comparison"", ""global_time_limit"": 600, ""max_tries"": 50, ""tuning_file"": ""tests/psa/ace.tuning.json"", ""hpo_strategy"": ""hamming"", ""global_time_strategy"": ""PERCENT"", ""percent"": 0.2, ""round_time_strategy"": ""STATIC"", ""time_evolution"": ""STATIC"", ""stop_strategy"": ""TIMEOUT""}",42,"{""varh"": ""Wdeg"", ""valh"": ""First"", ""saf"": ""True"", ""pc1"": ""True"", ""bdc"": ""1"", ""toh"": ""True"", ""ng"": ""NO"", ""lc"": ""5"", ""negative"": ""STR2"", ""generic2"": ""True"", ""sb"": ""NO""}",0.5843181670061313,0.5843181670061313,198,ExitStatus.OPTIMAL,True,True,0.5843181670061313
2025-06-09T12:08:09.577548,Hsp-aux-10405_c23.xml,"{""input"": ""tests/xcsp3/cop/UNKNOWN/Hsp-aux-10405_c23.xml"", ""solver"": ""xcsp:ACE@2.4"", ""output_dir"": ""results_comparison"", ""global_time_limit"": 600, ""max_tries"": 50, ""tuning_file"": ""tests/psa/ace.tuning.json"", ""hpo_strategy"": ""hamming"", ""global_time_strategy"": ""PERCENT"", ""percent"": 0.2, ""round_time_strategy"": ""STATIC"", ""time_evolution"": ""STATIC"", ""stop_strategy"": ""TIMEOUT""}",43,"{""varh"": ""WdegOnDom"", ""valh"": ""First"", ""saf"": ""True"", ""pc1"": ""True"", ""bdc"": ""1"", ""toh"": ""True"", ""ng"": ""NO"", ""lc"": ""5"", ""negative"": ""STR2"", ""generic2"": ""True"", ""sb"": ""NO""}",0.5843181670061313,0.6898510419996455,198,ExitStatus.OPTIMAL,False,False,0.6898510419996455
2025-06-09T12:08:10.282524,Hsp-aux-10405_c23.xml,"{""input"": ""tests/xcsp3/cop/UNKNOWN/Hsp-aux-10405_c23.xml"", ""solver"": ""xcsp:ACE@2.4"", ""output_dir"": ""results_comparison"", ""global_time_limit"": 600, ""max_tries"": 50, ""tuning_file"": ""tests/psa/ace.tuning.json"", ""hpo_strategy"": ""hamming"", ""global_time_strategy"": ""PERCENT"", ""percent"": 0.2, ""round_time_strategy"": ""STATIC"", ""time_evolution"": ""STATIC"", ""stop_strategy"": ""TIMEOUT""}",44,"{""varh"": ""Wdeg"", ""valh"": ""FlrsE"", ""saf"": ""True"", ""pc1"": ""True"", ""bdc"": ""1"", ""toh"": ""True"", ""ng"": ""NO"", ""lc"": ""5"", ""negative"": ""STR2"", ""generic2"": ""True"", ""sb"": ""NO""}",0.5843181670061313,0.6262956670252606,198,ExitStatus.OPTIMAL,False,False,0.6262956670252606
2025-06-09T12:08:11.749574,Hsp-aux-10405_c23.xml,"{""input"": ""tests/xcsp3/cop/UNKNOWN/Hsp-aux-10405_c23.xml"", ""solver"": ""xcsp:ACE@2.4"", ""output_dir"": ""results_comparison"", ""global_time_limit"": 600, ""max_tries"": 50, ""tuning_file"": ""tests/psa/ace.tuning.json"", ""hpo_strategy"": ""hamming"", ""global_time_strategy"": ""PERCENT"", ""percent"": 0.2, ""round_time_strategy"": ""STATIC"", ""time_evolution"": ""STATIC"", ""stop_strategy"": ""TIMEOUT""}",45,"{""varh"": ""Activity"", ""valh"": ""First"", ""saf"": ""True"", ""pc1"": ""True"", ""bdc"": ""1"", ""toh"": ""True"", ""ng"": ""NO"", ""lc"": ""5"", ""negative"": ""STR2"", ""generic2"": ""True"", ""sb"": ""NO""}",0.5843181670061313,1.3870142920059152,270,ExitStatus.FEASIBLE,False,False,1.3870142920059152
2025-06-09T12:08:12.495716,Hsp-aux-10405_c23.xml,"{""input"": ""tests/xcsp3/cop/UNKNOWN/Hsp-aux-10405_c23.xml"", ""solver"": ""xcsp:ACE@2.4"", ""output_dir"": ""results_comparison"", ""global_time_limit"": 600, ""max_tries"": 50, ""tuning_file"": ""tests/psa/ace.tuning.json"", ""hpo_strategy"": ""hamming"", ""global_time_strategy"": ""PERCENT"", ""percent"": 0.2, ""round_time_strategy"": ""STATIC"", ""time_evolution"": ""STATIC"", ""stop_strategy"": ""TIMEOUT""}",46,"{""varh"": ""Wdeg"", ""valh"": ""First"", ""saf"": ""True"", ""pc1"": ""True"", ""bdc"": ""1"", ""toh"": ""True"", ""ng"": ""NO"", ""lc"": ""5"", ""negative"": ""VA"", ""generic2"": ""True"", ""sb"": ""NO""}",0.5843181670061313,0.6596913750399835,198,ExitStatus.OPTIMAL,False,False,0.6596913750399835
2025-06-09T12:08:13.259247,Hsp-aux-10405_c23.xml,"{""input"": ""tests/xcsp3/cop/UNKNOWN/Hsp-aux-10405_c23.xml"", ""solver"": ""xcsp:ACE@2.4"", ""output_dir"": ""results_comparison"", ""global_time_limit"": 600, ""max_tries"": 50, ""tuning_file"": ""tests/psa/ace.tuning.json"", ""hpo_strategy"": ""hamming"", ""global_time_strategy"": ""PERCENT"", ""percent"": 0.2, ""round_time_strategy"": ""STATIC"", ""time_evolution"": ""STATIC"", ""stop_strategy"": ""TIMEOUT""}",47,"{""varh"": ""Wdeg"", ""valh"": ""Vals"", ""saf"": ""True"", ""pc1"": ""True"", ""bdc"": ""1"", ""toh"": ""True"", ""ng"": ""NO"", ""lc"": ""5"", ""negative"": ""STR2"", ""generic2"": ""True"", ""sb"": ""NO""}",0.5843181670061313,0.6787363329785876,198,ExitStatus.OPTIMAL,False,False,0.6787363329785876
2025-06-09T12:08:13.963653,Hsp-aux-10405_c23.xml,"{""input"": ""tests/xcsp3/cop/UNKNOWN/Hsp-aux-10405_c23.xml"", ""solver"": ""xcsp:ACE@2.4"", ""output_dir"": ""results_comparison"", ""global_time_limit"": 600, ""max_tries"": 50, ""tuning_file"": ""tests/psa/ace.tuning.json"", ""hpo_strategy"": ""hamming"", ""global_time_strategy"": ""PERCENT"", ""percent"": 0.2, ""round_time_strategy"": ""STATIC"", ""time_evolution"": ""STATIC"", ""stop_strategy"": ""TIMEOUT""}",48,"{""varh"": ""Wdeg"", ""valh"": ""First"", ""saf"": ""True"", ""pc1"": ""True"", ""bdc"": ""1"", ""toh"": ""True"", ""ng"": ""NO"", ""lc"": ""5"", ""negative"": ""STR1"", ""generic2"": ""True"", ""sb"": ""NO""}",0.5843181670061313,0.6213672089506872,198,ExitStatus.OPTIMAL,False,False,0.6213672089506872
2025-06-09T12:08:14.706782,Hsp-aux-10405_c23.xml,"{""input"": ""tests/xcsp3/cop/UNKNOWN/Hsp-aux-10405_c23.xml"", ""solver"": ""xcsp:ACE@2.4"", ""output_dir"": ""results_comparison"", ""global_time_limit"": 600, ""max_tries"": 50, ""tuning_file"": ""tests/psa/ace.tuning.json"", ""hpo_strategy"": ""hamming"", ""global_time_strategy"": ""PERCENT"", ""percent"": 0.2, ""round_time_strategy"": ""STATIC"", ""time_evolution"": ""STATIC"", ""stop_strategy"": ""TIMEOUT""}",49,"{""varh"": ""Wdeg"", ""valh"": ""Rand"", ""saf"": ""True"", ""pc1"": ""True"", ""bdc"": ""1"", ""toh"": ""True"", ""ng"": ""NO"", ""lc"": ""5"", ""negative"": ""STR2"", ""generic2"": ""True"", ""sb"": ""NO""}",0.5843181670061313,0.6568311660084873,198,ExitStatus.OPTIMAL,False,False,0.6568311660084873
2025-06-09T12:08:15.525301,Hsp-aux-10405_c23.xml,"{""input"": ""tests/xcsp3/cop/UNKNOWN/Hsp-aux-10405_c23.xml"", ""solver"": ""xcsp:ACE@2.4"", ""output_dir"": ""results_comparison"", ""global_time_limit"": 600, ""max_tries"": 50, ""tuning_file"": ""tests/psa/ace.tuning.json"", ""hpo_strategy"": ""hamming"", ""global_time_strategy"": ""PERCENT"", ""percent"": 0.2, ""round_time_strategy"": ""STATIC"", ""time_evolution"": ""STATIC"", ""stop_strategy"": ""TIMEOUT""}",50,"{""varh"": ""FrbaOnDom"", ""valh"": ""First"", ""saf"": ""True"", ""pc1"": ""True"", ""bdc"": ""1"", ""toh"": ""True"", ""ng"": ""NO"", ""lc"": ""5"", ""negative"": ""STR2"", ""generic2"": ""True"", ""sb"": ""NO""}",0.5843181670061313,0.732628250028938,198,ExitStatus.OPTIMAL,False,False,0.732628250028938
2025-06-09T12:08:16.242561,Hsp-aux-10405_c23.xml,"{""input"": ""tests/xcsp3/cop/UNKNOWN/Hsp-aux-10405_c23.xml"", ""solver"": ""xcsp:ACE@2.4"", ""output_dir"": ""results_comparison"", ""global_time_limit"": 600, ""max_tries"": 50, ""tuning_file"": ""tests/psa/ace.tuning.json"", ""hpo_strategy"": ""hamming"", ""global_time_strategy"": ""PERCENT"", ""percent"": 0.2, ""round_time_strategy"": ""STATIC"", ""time_evolution"": ""STATIC"", ""stop_strategy"": ""TIMEOUT""}",51,"{""varh"": ""Wdeg"", ""valh"": ""Bivs3"", ""saf"": ""True"", ""pc1"": ""True"", ""bdc"": ""1"", ""toh"": ""True"", ""ng"": ""NO"", ""lc"": ""5"", ""negative"": ""STR2"", ""generic2"": ""True"", ""sb"": ""NO""}",0.5843181670061313,0.6311858330154791,198,ExitStatus.OPTIMAL,False,False,0.6311858330154791
2025-06-09T12:08:16.977626,Hsp-aux-10405_c23.xml,"{""input"": ""tests/xcsp3/cop/UNKNOWN/Hsp-aux-10405_c23.xml"", ""solver"": ""xcsp:ACE@2.4"", ""output_dir"": ""results_comparison"", ""global_time_limit"": 600, ""max_tries"": 50, ""tuning_file"": ""tests/psa/ace.tuning.json"", ""hpo_strategy"": ""hamming"", ""global_time_strategy"": ""PERCENT"", ""percent"": 0.2, ""round_time_strategy"": ""STATIC"", ""time_evolution"": ""STATIC"", ""stop_strategy"": ""TIMEOUT""}",52,"{""varh"": ""Wdeg"", ""valh"": ""First"", ""saf"": ""True"", ""pc1"": ""True"", ""bdc"": ""1"", ""toh"": ""True"", ""ng"": ""NO"", ""lc"": ""5"", ""negative"": ""STR1N"", ""generic2"": ""True"", ""sb"": ""NO""}",0.5843181670061313,0.6485312919830903,198,ExitStatus.OPTIMAL,False,False,0.6485312919830903
2025-06-09T12:08:17.703547,Hsp-aux-10405_c23.xml,"{""input"": ""tests/xcsp3/cop/UNKNOWN/Hsp-aux-10405_c23.xml"", ""solver"": ""xcsp:ACE@2.4"", ""output_dir"": ""results_comparison"", ""global_time_limit"": 600, ""max_tries"": 50, ""tuning_file"": ""tests/psa/ace.tuning.json"", ""hpo_strategy"": ""hamming"", ""global_time_strategy"": ""PERCENT"", ""percent"": 0.2, ""round_time_strategy"": ""STATIC"", ""time_evolution"": ""STATIC"", ""stop_strategy"": ""TIMEOUT""}",53,"{""varh"": ""Wdeg"", ""valh"": ""First"", ""saf"": ""True"", ""pc1"": ""True"", ""bdc"": ""10"", ""toh"": ""True"", ""ng"": ""NO"", ""lc"": ""5"", ""negative"": ""STR2"", ""generic2"": ""True"", ""sb"": ""NO""}",0.5843181670061313,0.6406628749682568,198,ExitStatus.OPTIMAL,False,False,0.6406628749682568
2025-06-09T12:08:18.734386,Hsp-aux-10405_c23.xml,"{""input"": ""tests/xcsp3/cop/UNKNOWN/Hsp-aux-10405_c23.xml"", ""solver"": ""xcsp:ACE@2.4"", ""output_dir"": ""results_comparison"", ""global_time_limit"": 600, ""max_tries"": 50, ""tuning_file"": ""tests/psa/ace.tuning.json"", ""hpo_strategy"": ""hamming"", ""global_time_strategy"": ""PERCENT"", ""percent"": 0.2, ""round_time_strategy"": ""STATIC"", ""time_evolution"": ""STATIC"", ""stop_strategy"": ""TIMEOUT""}",54,"{""varh"": ""Wdeg"", ""valh"": ""Median"", ""saf"": ""True"", ""pc1"": ""True"", ""bdc"": ""1"", ""toh"": ""True"", ""ng"": ""NO"", ""lc"": ""5"", ""negative"": ""STR2"", ""generic2"": ""True"", ""sb"": ""NO""}",0.5843181670061313,0.9450700000161305,198,ExitStatus.OPTIMAL,False,False,0.9450700000161305
2025-06-09T12:08:20.186776,Hsp-aux-10405_c23.xml,"{""input"": ""tests/xcsp3/cop/UNKNOWN/Hsp-aux-10405_c23.xml"", ""solver"": ""xcsp:ACE@2.4"", ""output_dir"": ""results_comparison"", ""global_time_limit"": 600, ""max_tries"": 50, ""tuning_file"": ""tests/psa/ace.tuning.json"", ""hpo_strategy"": ""hamming"", ""global_time_strategy"": ""PERCENT"", ""percent"": 0.2, ""round_time_strategy"": ""STATIC"", ""time_evolution"": ""STATIC"", ""stop_strategy"": ""TIMEOUT""}",55,"{""varh"": ""Lexico"", ""valh"": ""First"", ""saf"": ""True"", ""pc1"": ""True"", ""bdc"": ""1"", ""toh"": ""True"", ""ng"": ""NO"", ""lc"": ""5"", ""negative"": ""STR2"", ""generic2"": ""True"", ""sb"": ""NO""}",0.5843181670061313,1.3723767919582315,,ExitStatus.UNKNOWN,False,False,1.3723767919582315
2025-06-09T12:08:20.849355,Hsp-aux-10405_c23.xml,"{""input"": ""tests/xcsp3/cop/UNKNOWN/Hsp-aux-10405_c23.xml"", ""solver"": ""xcsp:ACE@2.4"", ""output_dir"": ""results_comparison"", ""global_time_limit"": 600, ""max_tries"": 50, ""tuning_file"": ""tests/psa/ace.tuning.json"", ""hpo_strategy"": ""hamming"", ""global_time_strategy"": ""PERCENT"", ""percent"": 0.2, ""round_time_strategy"": ""STATIC"", ""time_evolution"": ""STATIC"", ""stop_strategy"": ""TIMEOUT""}",56,"{""varh"": ""Wdeg"", ""valh"": ""First"", ""saf"": ""True"", ""pc1"": ""True"", ""bdc"": ""100"", ""toh"": ""True"", ""ng"": ""NO"", ""lc"": ""5"", ""negative"": ""STR2"", ""generic2"": ""True"", ""sb"": ""NO""}",0.5843181670061313,0.5820105830207467,,ExitStatus.UNKNOWN,False,False,0.5820105830207467
2025-06-09T12:08:21.586644,Hsp-aux-10405_c23.xml,"{""input"": ""tests/xcsp3/cop/UNKNOWN/Hsp-aux-10405_c23.xml"", ""solver"": ""xcsp:ACE@2.4"", ""output_dir"": ""results_comparison"", ""global_time_limit"": 600, ""max_tries"": 50, ""tuning_file"": ""tests/psa/ace.tuning.json"", ""hpo_strategy"": ""hamming"", ""global_time_strategy"": ""PERCENT"", ""percent"": 0.2, ""round_time_strategy"": ""STATIC"", ""time_evolution"": ""STATIC"", ""stop_strategy"": ""TIMEOUT""}",57,"{""varh"": ""Wdeg"", ""valh"": ""First"", ""saf"": ""True"", ""pc1"": ""True"", ""bdc"": ""1"", ""toh"": ""True"", ""ng"": ""NO"", ""lc"": ""0"", ""negative"": ""STR2"", ""generic2"": ""True"", ""sb"": ""NO""}",0.5843181670061313,0.6618626670097001,198,ExitStatus.OPTIMAL,False,False,0.6618626670097001
2025-06-09T12:08:22.302980,Hsp-aux-10405_c23.xml,"{""input"": ""tests/xcsp3/cop/UNKNOWN/Hsp-aux-10405_c23.xml"", ""solver"": ""xcsp:ACE@2.4"", ""output_dir"": ""results_comparison"", ""global_time_limit"": 600, ""max_tries"": 50, ""tuning_file"": ""tests/psa/ace.tuning.json"", ""hpo_strategy"": ""hamming"", ""global_time_strategy"": ""PERCENT"", ""percent"": 0.2, ""round_time_strategy"": ""STATIC"", ""time_evolution"": ""STATIC"", ""stop_strategy"": ""TIMEOUT""}",58,"{""varh"": ""Wdeg"", ""valh"": ""First"", ""saf"": ""True"", ""pc1"": ""False"", ""bdc"": ""1"", ""toh"": ""True"", ""ng"": ""NO"", ""lc"": ""5"", ""negative"": ""STR2"", ""generic2"": ""True"", ""sb"": ""NO""}",0.5843181670061313,0.6397593339788727,198,ExitStatus.OPTIMAL,False,False,0.6397593339788727
2025-06-09T12:08:22.973700,Hsp-aux-10405_c23.xml,"{""input"": ""tests/xcsp3/cop/UNKNOWN/Hsp-aux-10405_c23.xml"", ""solver"": ""xcsp:ACE@2.4"", ""output_dir"": ""results_comparison"", ""global_time_limit"": 600, ""max_tries"": 50, ""tuning_file"": ""tests/psa/ace.tuning.json"", ""hpo_strategy"": ""hamming"", ""global_time_strategy"": ""PERCENT"", ""percent"": 0.2, ""round_time_strategy"": ""STATIC"", ""time_evolution"": ""STATIC"", ""stop_strategy"": ""TIMEOUT""}",59,"{""varh"": ""Wdeg"", ""valh"": ""First"", ""saf"": ""True"", ""pc1"": ""True"", ""bdc"": ""1"", ""toh"": ""True"", ""ng"": ""NO"", ""lc"": ""5"", ""negative"": ""STR2"", ""generic2"": ""False"", ""sb"": ""NO""}",0.5843181670061313,0.5942271249950863,198,ExitStatus.OPTIMAL,False,False,0.5942271249950863
2025-06-09T12:08:23.722332,Hsp-aux-10405_c23.xml,"{""input"": ""tests/xcsp3/cop/UNKNOWN/Hsp-aux-10405_c23.xml"", ""solver"": ""xcsp:ACE@2.4"", ""output_dir"": ""results_comparison"", ""global_time_limit"": 600, ""max_tries"": 50, ""tuning_file"": ""tests/psa/ace.tuning.json"", ""hpo_strategy"": ""hamming"", ""global_time_strategy"": ""PERCENT"", ""percent"": 0.2, ""round_time_strategy"": ""STATIC"", ""time_evolution"": ""STATIC"", ""stop_strategy"": ""TIMEOUT""}",60,"{""varh"": ""RunRobin"", ""valh"": ""First"", ""saf"": ""True"", ""pc1"": ""True"", ""bdc"": ""1"", ""toh"": ""True"", ""ng"": ""NO"", ""lc"": ""5"", ""negative"": ""STR2"", ""generic2"": ""True"", ""sb"": ""NO""}",0.5843181670061313,0.6698908749967813,198,ExitStatus.OPTIMAL,False,False,0.6698908749967813
2025-06-09T12:08:24.411878,Hsp-aux-10405_c23.xml,"{""input"": ""tests/xcsp3/cop/UNKNOWN/Hsp-aux-10405_c23.xml"", ""solver"": ""xcsp:ACE@2.4"", ""output_dir"": ""results_comparison"", ""global_time_limit"": 600, ""max_tries"": 50, ""tuning_file"": ""tests/psa/ace.tuning.json"", ""hpo_strategy"": ""hamming"", ""global_time_strategy"": ""PERCENT"", ""percent"": 0.2, ""round_time_strategy"": ""STATIC"", ""time_evolution"": ""STATIC"", ""stop_strategy"": ""TIMEOUT""}",61,"{""varh"": ""Memory"", ""valh"": ""First"", ""saf"": ""True"", ""pc1"": ""True"", ""bdc"": ""1"", ""toh"": ""True"", ""ng"": ""NO"", ""lc"": ""5"", ""negative"": ""STR2"", ""generic2"": ""True"", ""sb"": ""NO""}",0.5843181670061313,0.6106892500538379,198,ExitStatus.OPTIMAL,False,False,0.6106892500538379
2025-06-09T12:08:25.119997,Hsp-aux-10405_c23.xml,"{""input"": ""tests/xcsp3/cop/UNKNOWN/Hsp-aux-10405_c23.xml"", ""solver"": ""xcsp:ACE@2.4"", ""output_dir"": ""results_comparison"", ""global_time_limit"": 600, ""max_tries"": 50, ""tuning_file"": ""tests/psa/ace.tuning.json"", ""hpo_strategy"": ""hamming"", ""global_time_strategy"": ""PERCENT"", ""percent"": 0.2, ""round_time_strategy"": ""STATIC"", ""time_evolution"": ""STATIC"", ""stop_strategy"": ""TIMEOUT""}",62,"{""varh"": ""Wdeg"", ""valh"": ""First"", ""saf"": ""True"", ""pc1"": ""True"", ""bdc"": ""1"", ""toh"": ""True"", ""ng"": ""NO"", ""lc"": ""5"", ""negative"": ""V"", ""generic2"": ""True"", ""sb"": ""NO""}",0.5843181670061313,0.626837458985392,198,ExitStatus.OPTIMAL,False,False,0.626837458985392
2025-06-09T12:08:25.810257,Hsp-aux-10405_c23.xml,"{""input"": ""tests/xcsp3/cop/UNKNOWN/Hsp-aux-10405_c23.xml"", ""solver"": ""xcsp:ACE@2.4"", ""output_dir"": ""results_comparison"", ""global_time_limit"": 600, ""max_tries"": 50, ""tuning_file"": ""tests/psa/ace.tuning.json"", ""hpo_strategy"": ""hamming"", ""global_time_strategy"": ""PERCENT"", ""percent"": 0.2, ""round_time_strategy"": ""STATIC"", ""time_evolution"": ""STATIC"", ""stop_strategy"": ""TIMEOUT""}",63,"{""varh"": ""Wdeg"", ""valh"": ""First"", ""saf"": ""True"", ""pc1"": ""True"", ""bdc"": ""1"", ""toh"": ""True"", ""ng"": ""NO"", ""lc"": ""5"", ""negative"": ""STR0"", ""generic2"": ""True"", ""sb"": ""NO""}",0.5843181670061313,0.6125604590051807,198,ExitStatus.OPTIMAL,False,False,0.6125604590051807
2025-06-09T12:08:26.501076,Hsp-aux-10405_c23.xml,"{""input"": ""tests/xcsp3/cop/UNKNOWN/Hsp-aux-10405_c23.xml"", ""solver"": ""xcsp:ACE@2.4"", ""output_dir"": ""results_comparison"", ""global_time_limit"": 600, ""max_tries"": 50, ""tuning_file"": ""tests/psa/ace.tuning.json"", ""hpo_strategy"": ""hamming"", ""global_time_strategy"": ""PERCENT"", ""percent"": 0.2, ""round_time_strategy"": ""STATIC"", ""time_evolution"": ""STATIC"", ""stop_strategy"": ""TIMEOUT""}",64,"{""varh"": ""Wdeg"", ""valh"": ""First"", ""saf"": ""True"", ""pc1"": ""True"", ""bdc"": ""1"", ""toh"": ""True"", ""ng"": ""NO"", ""lc"": ""10"", ""negative"": ""STR2"", ""generic2"": ""True"", ""sb"": ""NO""}",0.5843181670061313,0.6132164589944296,198,ExitStatus.OPTIMAL,False,False,0.6132164589944296
2025-06-09T12:08:27.207635,Hsp-aux-10405_c23.xml,"{""input"": ""tests/xcsp3/cop/UNKNOWN/Hsp-aux-10405_c23.xml"", ""solver"": ""xcsp:ACE@2.4"", ""output_dir"": ""results_comparison"", ""global_time_limit"": 600, ""max_tries"": 50, ""tuning_file"": ""tests/psa/ace.tuning.json"", ""hpo_strategy"": ""hamming"", ""global_time_strategy"": ""PERCENT"", ""percent"": 0.2, ""round_time_strategy"": ""STATIC"", ""time_evolution"": ""STATIC"", ""stop_strategy"": ""TIMEOUT""}",65,"{""varh"": ""Wdeg"", ""valh"": ""First"", ""saf"": ""True"", ""pc1"": ""True"", ""bdc"": ""1"", ""toh"": ""True"", ""ng"": ""NO"", ""lc"": ""5"", ""negative"": ""STR2N"", ""generic2"": ""True"", ""sb"": ""NO""}",0.5843181670061313,0.6276992090279236,198,ExitStatus.OPTIMAL,False,False,0.6276992090279236
2025-06-09T12:08:27.909512,Hsp-aux-10405_c23.xml,"{""input"": ""tests/xcsp3/cop/UNKNOWN/Hsp-aux-10405_c23.xml"", ""solver"": ""xcsp:ACE@2.4"", ""output_dir"": ""results_comparison"", ""global_time_limit"": 600, ""max_tries"": 50, ""tuning_file"": ""tests/psa/ace.tuning.json"", ""hpo_strategy"": ""hamming"", ""global_time_strategy"": ""PERCENT"", ""percent"": 0.2, ""round_time_strategy"": ""STATIC"", ""time_evolution"": ""STATIC"", ""stop_strategy"": ""TIMEOUT""}",66,"{""varh"": ""Wdeg"", ""valh"": ""First"", ""saf"": ""False"", ""pc1"": ""True"", ""bdc"": ""1"", ""toh"": ""True"", ""ng"": ""NO"", ""lc"": ""5"", ""negative"": ""STR2"", ""generic2"": ""True"", ""sb"": ""NO""}",0.5843181670061313,0.6224397500045598,198,ExitStatus.OPTIMAL,False,False,0.6224397500045598
2025-06-09T12:08:29.701905,Hsp-aux-10405_c23.xml,"{""input"": ""tests/xcsp3/cop/UNKNOWN/Hsp-aux-10405_c23.xml"", ""solver"": ""xcsp:ACE@2.4"", ""output_dir"": ""results_comparison"", ""global_time_limit"": 600, ""max_tries"": 50, ""tuning_file"": ""tests/psa/ace.tuning.json"", ""hpo_strategy"": ""hamming"", ""global_time_strategy"": ""PERCENT"", ""percent"": 0.2, ""round_time_strategy"": ""STATIC"", ""time_evolution"": ""STATIC"", ""stop_strategy"": ""TIMEOUT""}",67,"{""varh"": ""Wdeg"", ""valh"": ""Conflicts"", ""saf"": ""True"", ""pc1"": ""True"", ""bdc"": ""1"", ""toh"": ""True"", ""ng"": ""NO"", ""lc"": ""5"", ""negative"": ""STR2"", ""generic2"": ""True"", ""sb"": ""NO""}",0.5843181670061313,1.711963084002491,,ExitStatus.UNKNOWN,False,False,1.711963084002491
2025-06-09T12:08:30.343255,Hsp-aux-10405_c23.xml,"{""input"": ""tests/xcsp3/cop/UNKNOWN/Hsp-aux-10405_c23.xml"", ""solver"": ""xcsp:ACE@2.4"", ""output_dir"": ""results_comparison"", ""global_time_limit"": 600, ""max_tries"": 50, ""tuning_file"": ""tests/psa/ace.tuning.json"", ""hpo_strategy"": ""hamming"", ""global_time_strategy"": ""PERCENT"", ""percent"": 0.2, ""round_time_strategy"": ""STATIC"", ""time_evolution"": ""STATIC"", ""stop_strategy"": ""TIMEOUT""}",68,"{""varh"": ""Wdeg"", ""valh"": ""First"", ""saf"": ""True"", ""pc1"": ""True"", ""bdc"": ""1000"", ""toh"": ""True"", ""ng"": ""NO"", ""lc"": ""5"", ""negative"": ""STR2"", ""generic2"": ""True"", ""sb"": ""NO""}",0.5843181670061313,0.5639162079896778,,ExitStatus.UNKNOWN,False,False,0.5639162079896778
2025-06-09T12:08:31.042870,Hsp-aux-10405_c23.xml,"{""input"": ""tests/xcsp3/cop/UNKNOWN/Hsp-aux-10405_c23.xml"", ""solver"": ""xcsp:ACE@2.4"", ""output_dir"": ""results_comparison"", ""global_time_limit"": 600, ""max_tries"": 50, ""tuning_file"": ""tests/psa/ace.tuning.json"", ""hpo_strategy"": ""hamming"", ""global_time_strategy"": ""PERCENT"", ""percent"": 0.2, ""round_time_strategy"": ""STATIC"", ""time_evolution"": ""STATIC"", ""stop_strategy"": ""TIMEOUT""}",69,"{""varh"": ""Wdeg"", ""valh"": ""First"", ""saf"": ""True"", ""pc1"": ""True"", ""bdc"": ""1"", ""toh"": ""True"", ""ng"": ""NO"", ""lc"": ""2"", ""negative"": ""STR2"", ""generic2"": ""True"", ""sb"": ""NO""}",0.5843181670061313,0.6208659160183743,198,ExitStatus.OPTIMAL,False,False,0.6208659160183743
2025-06-09T12:08:31.731557,Hsp-aux-10405_c23.xml,"{""input"": ""tests/xcsp3/cop/UNKNOWN/Hsp-aux-10405_c23.xml"", ""solver"": ""xcsp:ACE@2.4"", ""output_dir"": ""results_comparison"", ""global_time_limit"": 600, ""max_tries"": 50, ""tuning_file"": ""tests/psa/ace.tuning.json"", ""hpo_strategy"": ""hamming"", ""global_time_strategy"": ""PERCENT"", ""percent"": 0.2, ""round_time_strategy"": ""STATIC"", ""time_evolution"": ""STATIC"", ""stop_strategy"": ""TIMEOUT""}",70,"{""varh"": ""Wdeg"", ""valh"": ""OccsR"", ""saf"": ""True"", ""pc1"": ""True"", ""bdc"": ""1"", ""toh"": ""True"", ""ng"": ""NO"", ""lc"": ""5"", ""negative"": ""STR2"", ""generic2"": ""True"", ""sb"": ""NO""}",0.5843181670061313,0.610881624976173,198,ExitStatus.OPTIMAL,False,False,0.610881624976173
2025-06-09T12:08:32.404382,Hsp-aux-10405_c23.xml,"{""input"": ""tests/xcsp3/cop/UNKNOWN/Hsp-aux-10405_c23.xml"", ""solver"": ""xcsp:ACE@2.4"", ""output_dir"": ""results_comparison"", ""global_time_limit"": 600, ""max_tries"": 50, ""tuning_file"": ""tests/psa/ace.tuning.json"", ""hpo_strategy"": ""hamming"", ""global_time_strategy"": ""PERCENT"", ""percent"": 0.2, ""round_time_strategy"": ""STATIC"", ""time_evolution"": ""STATIC"", ""stop_strategy"": ""TIMEOUT""}",71,"{""varh"": ""Wdeg"", ""valh"": ""First"", ""saf"": ""True"", ""pc1"": ""True"", ""bdc"": ""1"", ""toh"": ""True"", ""ng"": ""NO"", ""lc"": ""5"", ""negative"": ""STR3"", ""generic2"": ""True"", ""sb"": ""NO""}",0.5843181670061313,0.5970932500204071,198,ExitStatus.OPTIMAL,False,False,0.5970932500204071
2025-06-09T12:08:33.854494,Hsp-aux-10405_c23.xml,"{""input"": ""tests/xcsp3/cop/UNKNOWN/Hsp-aux-10405_c23.xml"", ""solver"": ""xcsp:ACE@2.4"", ""output_dir"": ""results_comparison"", ""global_time_limit"": 600, ""max_tries"": 50, ""tuning_file"": ""tests/psa/ace.tuning.json"", ""hpo_strategy"": ""hamming"", ""global_time_strategy"": ""PERCENT"", ""percent"": 0.2, ""round_time_strategy"": ""STATIC"", ""time_evolution"": ""STATIC"", ""stop_strategy"": ""TIMEOUT""}",72,"{""varh"": ""Impact"", ""valh"": ""First"", ""saf"": ""True"", ""pc1"": ""True"", ""bdc"": ""1"", ""toh"": ""True"", ""ng"": ""NO"", ""lc"": ""5"", ""negative"": ""STR2"", ""generic2"": ""True"", ""sb"": ""NO""}",0.5843181670061313,1.370979500003159,,ExitStatus.UNKNOWN,False,False,1.370979500003159
2025-06-09T12:08:34.556219,Hsp-aux-10405_c23.xml,"{""input"": ""tests/xcsp3/cop/UNKNOWN/Hsp-aux-10405_c23.xml"", ""solver"": ""xcsp:ACE@2.4"", ""output_dir"": ""results_comparison"", ""global_time_limit"": 600, ""max_tries"": 50, ""tuning_file"": ""tests/psa/ace.tuning.json"", ""hpo_strategy"": ""hamming"", ""global_time_strategy"": ""PERCENT"", ""percent"": 0.2, ""round_time_strategy"": ""STATIC"", ""time_evolution"": ""STATIC"", ""stop_strategy"": ""TIMEOUT""}",73,"{""varh"": ""Wdeg"", ""valh"": ""RunRobin"", ""saf"": ""True"", ""pc1"": ""True"", ""bdc"": ""1"", ""toh"": ""True"", ""ng"": ""NO"", ""lc"": ""5"", ""negative"": ""STR2"", ""generic2"": ""True"", ""sb"": ""NO""}",0.5843181670061313,0.6238719170214608,198,ExitStatus.OPTIMAL,False,False,0.6238719170214608
2025-06-09T12:08:36.005818,Hsp-aux-10405_c23.xml,"{""input"": ""tests/xcsp3/cop/UNKNOWN/Hsp-aux-10405_c23.xml"", ""solver"": ""xcsp:ACE@2.4"", ""output_dir"": ""results_comparison"", ""global_time_limit"": 600, ""max_tries"": 50, ""tuning_file"": ""tests/psa/ace.tuning.json"", ""hpo_strategy"": ""hamming"", ""global_time_strategy"": ""PERCENT"", ""percent"": 0.2, ""round_time_strategy"": ""STATIC"", ""time_evolution"": ""STATIC"", ""stop_strategy"": ""TIMEOUT""}",74,"{""varh"": ""Rand"", ""valh"": ""First"", ""saf"": ""True"", ""pc1"": ""True"", ""bdc"": ""1"", ""toh"": ""True"", ""ng"": ""NO"", ""lc"": ""5"", ""negative"": ""STR2"", ""generic2"": ""True"", ""sb"": ""NO""}",0.5843181670061313,1.3678437499911524,198,ExitStatus.FEASIBLE,False,False,1.3678437499911524
2025-06-09T12:08:36.814321,Hsp-aux-10405_c23.xml,"{""input"": ""tests/xcsp3/cop/UNKNOWN/Hsp-aux-10405_c23.xml"", ""solver"": ""xcsp:ACE@2.4"", ""output_dir"": ""results_comparison"", ""global_time_limit"": 600, ""max_tries"": 50, ""tuning_file"": ""tests/psa/ace.tuning.json"", ""hpo_strategy"": ""hamming"", ""global_time_strategy"": ""PERCENT"", ""percent"": 0.2, ""round_time_strategy"": ""STATIC"", ""time_evolution"": ""STATIC"", ""stop_strategy"": ""TIMEOUT""}",75,"{""varh"": ""Wdeg"", ""valh"": ""First"", ""saf"": ""True"", ""pc1"": ""True"", ""bdc"": ""1"", ""toh"": ""True"", ""ng"": ""NO"", ""lc"": ""5"", ""negative"": ""CT"", ""generic2"": ""True"", ""sb"": ""NO""}",0.5843181670061313,0.7185592910391279,198,ExitStatus.OPTIMAL,False,False,0.7185592910391279
2025-06-09T12:08:37.675791,Hsp-aux-10405_c23.xml,"{""input"": ""tests/xcsp3/cop/UNKNOWN/Hsp-aux-10405_c23.xml"", ""solver"": ""xcsp:ACE@2.4"", ""output_dir"": ""results_comparison"", ""global_time_limit"": 600, ""max_tries"": 50, ""tuning_file"": ""tests/psa/ace.tuning.json"", ""hpo_strategy"": ""hamming"", ""global_time_strategy"": ""PERCENT"", ""percent"": 0.2, ""round_time_strategy"": ""STATIC"", ""time_evolution"": ""STATIC"", ""stop_strategy"": ""TIMEOUT""}",76,"{""varh"": ""PickOnDom"", ""valh"": ""First"", ""saf"": ""True"", ""pc1"": ""True"", ""bdc"": ""1"", ""toh"": ""True"", ""ng"": ""NO"", ""lc"": ""5"", ""negative"": ""STR2"", ""generic2"": ""True"", ""sb"": ""NO""}",0.5843181670061313,0.7796464589773677,198,ExitStatus.OPTIMAL,False,False,0.7796464589773677
2025-06-09T12:08:38.401718,Hsp-aux-10405_c23.xml,"{""input"": ""tests/xcsp3/cop/UNKNOWN/Hsp-aux-10405_c23.xml"", ""solver"": ""xcsp:ACE@2.4"", ""output_dir"": ""results_comparison"", ""global_time_limit"": 600, ""max_tries"": 50, ""tuning_file"": ""tests/psa/ace.tuning.json"", ""hpo_strategy"": ""hamming"", ""global_time_strategy"": ""PERCENT"", ""percent"": 0.2, ""round_time_strategy"": ""STATIC"", ""time_evolution"": ""STATIC"", ""stop_strategy"": ""TIMEOUT""}",77,"{""varh"": ""Wdeg"", ""valh"": ""First"", ""saf"": ""True"", ""pc1"": ""True"", ""bdc"": ""1"", ""toh"": ""False"", ""ng"": ""NO"", ""lc"": ""5"", ""negative"": ""STR2"", ""generic2"": ""True"", ""sb"": ""NO""}",0.5843181670061313,0.6438590409816243,198,ExitStatus.OPTIMAL,False,False,0.6438590409816243
2025-06-09T12:08:39.300715,Hsp-aux-10405_c23.xml,"{""input"": ""tests/xcsp3/cop/UNKNOWN/Hsp-aux-10405_c23.xml"", ""solver"": ""xcsp:ACE@2.4"", ""output_dir"": ""results_comparison"", ""global_time_limit"": 600, ""max_tries"": 50, ""tuning_file"": ""tests/psa/ace.tuning.json"", ""hpo_strategy"": ""hamming"", ""global_time_strategy"": ""PERCENT"", ""percent"": 0.2, ""round_time_strategy"": ""STATIC"", ""time_evolution"": ""STATIC"", ""stop_strategy"": ""TIMEOUT""}",78,"{""varh"": ""Wdeg"", ""valh"": ""Last"", ""saf"": ""True"", ""pc1"": ""True"", ""bdc"": ""1"", ""toh"": ""True"", ""ng"": ""NO"", ""lc"": ""5"", ""negative"": ""STR2"", ""generic2"": ""True"", ""sb"": ""NO""}",0.5843181670061313,0.8203902080422267,198,ExitStatus.OPTIMAL,False,False,0.8203902080422267
2025-06-09T12:08:40.017316,Hsp-aux-10405_c23.xml,"{""input"": ""tests/xcsp3/cop/UNKNOWN/Hsp-aux-10405_c23.xml"", ""solver"": ""xcsp:ACE@2.4"", ""output_dir"": ""results_comparison"", ""global_time_limit"": 600, ""max_tries"": 50, ""tuning_file"": ""tests/psa/ace.tuning.json"", ""hpo_strategy"": ""hamming"", ""global_time_strategy"": ""PERCENT"", ""percent"": 0.2, ""round_time_strategy"": ""STATIC"", ""time_evolution"": ""STATIC"", ""stop_strategy"": ""TIMEOUT""}",79,"{""varh"": ""PickOnDom"", ""valh"": ""First"", ""saf"": ""True"", ""pc1"": ""True"", ""bdc"": ""1"", ""toh"": ""True"", ""ng"": ""NO"", ""lc"": ""5"", ""negative"": ""VA"", ""generic2"": ""True"", ""sb"": ""NO""}",0.5843181670061313,0.6355494579765946,198,ExitStatus.OPTIMAL,False,False,0.6355494579765946
2025-06-09T12:08:40.682048,Hsp-aux-10405_c23.xml,"{""input"": ""tests/xcsp3/cop/UNKNOWN/Hsp-aux-10405_c23.xml"", ""solver"": ""xcsp:ACE@2.4"", ""output_dir"": ""results_comparison"", ""global_time_limit"": 600, ""max_tries"": 50, ""tuning_file"": ""tests/psa/ace.tuning.json"", ""hpo_strategy"": ""hamming"", ""global_time_strategy"": ""PERCENT"", ""percent"": 0.2, ""round_time_strategy"": ""STATIC"", ""time_evolution"": ""STATIC"", ""stop_strategy"": ""TIMEOUT""}",80,"{""varh"": ""Wdeg"", ""valh"": ""RunRobin"", ""saf"": ""True"", ""pc1"": ""True"", ""bdc"": ""1000"", ""toh"": ""True"", ""ng"": ""NO"", ""lc"": ""5"", ""negative"": ""STR2"", ""generic2"": ""True"", ""sb"": ""NO""}",0.5843181670061313,0.5836660420172848,,ExitStatus.UNKNOWN,False,False,0.5836660420172848
2025-06-09T12:08:42.154803,Hsp-aux-10405_c23.xml,"{""input"": ""tests/xcsp3/cop/UNKNOWN/Hsp-aux-10405_c23.xml"", ""solver"": ""xcsp:ACE@2.4"", ""output_dir"": ""results_comparison"", ""global_time_limit"": 600, ""max_tries"": 50, ""tuning_file"": ""tests/psa/ace.tuning.json"", ""hpo_strategy"": ""hamming"", ""global_time_strategy"": ""PERCENT"", ""percent"": 0.2, ""round_time_strategy"": ""STATIC"", ""time_evolution"": ""STATIC"", ""stop_strategy"": ""TIMEOUT""}",81,"{""varh"": ""Rand"", ""valh"": ""First"", ""saf"": ""True"", ""pc1"": ""True"", ""bdc"": ""1"", ""toh"": ""True"", ""ng"": ""NO"", ""lc"": ""5"", ""negative"": ""STR0"", ""generic2"": ""True"", ""sb"": ""NO""}",0.5843181670061313,1.3900273750186898,198,ExitStatus.FEASIBLE,False,False,1.3900273750186898
2025-06-09T12:08:42.850652,Hsp-aux-10405_c23.xml,"{""input"": ""tests/xcsp3/cop/UNKNOWN/Hsp-aux-10405_c23.xml"", ""solver"": ""xcsp:ACE@2.4"", ""output_dir"": ""results_comparison"", ""global_time_limit"": 600, ""max_tries"": 50, ""tuning_file"": ""tests/psa/ace.tuning.json"", ""hpo_strategy"": ""hamming"", ""global_time_strategy"": ""PERCENT"", ""percent"": 0.2, ""round_time_strategy"": ""STATIC"", ""time_evolution"": ""STATIC"", ""stop_strategy"": ""TIMEOUT""}",82,"{""varh"": ""PickOnDom"", ""valh"": ""First"", ""saf"": ""True"", ""pc1"": ""True"", ""bdc"": ""1000"", ""toh"": ""True"", ""ng"": ""NO"", ""lc"": ""5"", ""negative"": ""STR2"", ""generic2"": ""True"", ""sb"": ""NO""}",0.5843181670061313,0.610884208988864,,ExitStatus.UNKNOWN,False,False,0.610884208988864
2025-06-09T12:08:43.536239,Hsp-aux-10405_c23.xml,"{""input"": ""tests/xcsp3/cop/UNKNOWN/Hsp-aux-10405_c23.xml"", ""solver"": ""xcsp:ACE@2.4"", ""output_dir"": ""results_comparison"", ""global_time_limit"": 600, ""max_tries"": 50, ""tuning_file"": ""tests/psa/ace.tuning.json"", ""hpo_strategy"": ""hamming"", ""global_time_strategy"": ""PERCENT"", ""percent"": 0.2, ""round_time_strategy"": ""STATIC"", ""time_evolution"": ""STATIC"", ""stop_strategy"": ""TIMEOUT""}",83,"{""varh"": ""Wdeg"", ""valh"": ""First"", ""saf"": ""True"", ""pc1"": ""True"", ""bdc"": ""1000"", ""toh"": ""True"", ""ng"": ""NO"", ""lc"": ""5"", ""negative"": ""VA"", ""generic2"": ""True"", ""sb"": ""NO""}",0.5843181670061313,0.6008904170012102,,ExitStatus.UNKNOWN,False,False,0.6008904170012102
2025-06-09T12:08:44.468851,Hsp-aux-10405_c23.xml,"{""input"": ""tests/xcsp3/cop/UNKNOWN/Hsp-aux-10405_c23.xml"", ""solver"": ""xcsp:ACE@2.4"", ""output_dir"": ""results_comparison"", ""global_time_limit"": 600, ""max_tries"": 50, ""tuning_file"": ""tests/psa/ace.tuning.json"", ""hpo_strategy"": ""hamming"", ""global_time_strategy"": ""PERCENT"", ""percent"": 0.2, ""round_time_strategy"": ""STATIC"", ""time_evolution"": ""STATIC"", ""stop_strategy"": ""TIMEOUT""}",84,"{""varh"": ""Wdeg"", ""valh"": ""Last"", ""saf"": ""True"", ""pc1"": ""True"", ""bdc"": ""1"", ""toh"": ""True"", ""ng"": ""NO"", ""lc"": ""5"", ""negative"": ""VA"", ""generic2"": ""True"", ""sb"": ""NO""}",0.5843181670061313,0.8469803330372088,198,ExitStatus.OPTIMAL,False,False,0.8469803330372088
2025-06-09T12:08:45.289536,Hsp-aux-10405_c23.xml,"{""input"": ""tests/xcsp3/cop/UNKNOWN/Hsp-aux-10405_c23.xml"", ""solver"": ""xcsp:ACE@2.4"", ""output_dir"": ""results_comparison"", ""global_time_limit"": 600, ""max_tries"": 50, ""tuning_file"": ""tests/psa/ace.tuning.json"", ""hpo_strategy"": ""hamming"", ""global_time_strategy"": ""PERCENT"", ""percent"": 0.2, ""round_time_strategy"": ""STATIC"", ""time_evolution"": ""STATIC"", ""stop_strategy"": ""TIMEOUT""}",85,"{""varh"": ""Wdeg"", ""valh"": ""First"", ""saf"": ""True"", ""pc1"": ""True"", ""bdc"": ""1"", ""toh"": ""True"", ""ng"": ""NO"", ""lc"": ""2"", ""negative"": ""STR1N"", ""generic2"": ""True"", ""sb"": ""NO""}",0.5843181670061313,0.7318377089686692,198,ExitStatus.OPTIMAL,False,False,0.7318377089686692
2025-06-09T12:08:46.000731,Hsp-aux-10405_c23.xml,"{""input"": ""tests/xcsp3/cop/UNKNOWN/Hsp-aux-10405_c23.xml"", ""solver"": ""xcsp:ACE@2.4"", ""output_dir"": ""results_comparison"", ""global_time_limit"": 600, ""max_tries"": 50, ""tuning_file"": ""tests/psa/ace.tuning.json"", ""hpo_strategy"": ""hamming"", ""global_time_strategy"": ""PERCENT"", ""percent"": 0.2, ""round_time_strategy"": ""STATIC"", ""time_evolution"": ""STATIC"", ""stop_strategy"": ""TIMEOUT""}",86,"{""varh"": ""Wdeg"", ""valh"": ""First"", ""saf"": ""True"", ""pc1"": ""True"", ""bdc"": ""1"", ""toh"": ""True"", ""ng"": ""NO"", ""lc"": ""2"", ""negative"": ""STR0"", ""generic2"": ""True"", ""sb"": ""NO""}",0.5843181670061313,0.6292823330149986,198,ExitStatus.OPTIMAL,False,False,0.6292823330149986
2025-06-09T12:08:46.738120,Hsp-aux-10405_c23.xml,"{""input"": ""tests/xcsp3/cop/UNKNOWN/Hsp-aux-10405_c23.xml"", ""solver"": ""xcsp:ACE@2.4"", ""output_dir"": ""results_comparison"", ""global_time_limit"": 600, ""max_tries"": 50, ""tuning_file"": ""tests/psa/ace.tuning.json"", ""hpo_strategy"": ""hamming"", ""global_time_strategy"": ""PERCENT"", ""percent"": 0.2, ""round_time_strategy"": ""STATIC"", ""time_evolution"": ""STATIC"", ""stop_strategy"": ""TIMEOUT""}",87,"{""varh"": ""PickOnDom"", ""valh"": ""First"", ""saf"": ""True"", ""pc1"": ""True"", ""bdc"": ""1"", ""toh"": ""True"", ""ng"": ""NO"", ""lc"": ""5"", ""negative"": ""STR2N"", ""generic2"": ""True"", ""sb"": ""NO""}",0.5843181670061313,0.656712541996967,198,ExitStatus.OPTIMAL,False,False,0.656712541996967
2025-06-09T12:08:48.520438,Hsp-aux-10405_c23.xml,"{""input"": ""tests/xcsp3/cop/UNKNOWN/Hsp-aux-10405_c23.xml"", ""solver"": ""xcsp:ACE@2.4"", ""output_dir"": ""results_comparison"", ""global_time_limit"": 600, ""max_tries"": 50, ""tuning_file"": ""tests/psa/ace.tuning.json"", ""hpo_strategy"": ""hamming"", ""global_time_strategy"": ""PERCENT"", ""percent"": 0.2, ""round_time_strategy"": ""STATIC"", ""time_evolution"": ""STATIC"", ""stop_strategy"": ""TIMEOUT""}",88,"{""varh"": ""WdegOnDom"", ""valh"": ""Conflicts"", ""saf"": ""True"", ""pc1"": ""True"", ""bdc"": ""1"", ""toh"": ""True"", ""ng"": ""NO"", ""lc"": ""5"", ""negative"": ""STR2"", ""generic2"": ""True"", ""sb"": ""NO""}",0.5843181670061313,1.7009855840005912,,ExitStatus.UNKNOWN,False,False,1.7009855840005912
2025-06-09T12:08:49.199123,Hsp-aux-10405_c23.xml,"{""input"": ""tests/xcsp3/cop/UNKNOWN/Hsp-aux-10405_c23.xml"", ""solver"": ""xcsp:ACE@2.4"", ""output_dir"": ""results_comparison"", ""global_time_limit"": 600, ""max_tries"": 50, ""tuning_file"": ""tests/psa/ace.tuning.json"", ""hpo_strategy"": ""hamming"", ""global_time_strategy"": ""PERCENT"", ""percent"": 0.2, ""round_time_strategy"": ""STATIC"", ""time_evolution"": ""STATIC"", ""stop_strategy"": ""TIMEOUT""}",89,"{""varh"": ""WdegOnDom"", ""valh"": ""First"", ""saf"": ""True"", ""pc1"": ""True"", ""bdc"": ""1"", ""toh"": ""True"", ""ng"": ""NO"", ""lc"": ""5"", ""negative"": ""STR3"", ""generic2"": ""True"", ""sb"": ""NO""}",0.5843181670061313,0.5998624589992687,198,ExitStatus.OPTIMAL,False,False,0.5998624589992687
2025-06-09T12:08:51.009476,Hsp-aux-10405_c23.xml,"{""input"": ""tests/xcsp3/cop/UNKNOWN/Hsp-aux-10405_c23.xml"", ""solver"": ""xcsp:ACE@2.4"", ""output_dir"": ""results_comparison"", ""global_time_limit"": 600, ""max_tries"": 50, ""tuning_file"": ""tests/psa/ace.tuning.json"", ""hpo_strategy"": ""hamming"", ""global_time_strategy"": ""PERCENT"", ""percent"": 0.2, ""round_time_strategy"": ""STATIC"", ""time_evolution"": ""STATIC"", ""stop_strategy"": ""TIMEOUT""}",90,"{""varh"": ""Memory"", ""valh"": ""Conflicts"", ""saf"": ""True"", ""pc1"": ""True"", ""bdc"": ""1"", ""toh"": ""True"", ""ng"": ""NO"", ""lc"": ""5"", ""negative"": ""STR2"", ""generic2"": ""True"", ""sb"": ""NO""}",0.5843181670061313,1.7326986250118352,,ExitStatus.UNKNOWN,False,False,1.7326986250118352
2025-06-09T12:08:51.709210,Hsp-aux-10405_c23.xml,"{""input"": ""tests/xcsp3/cop/UNKNOWN/Hsp-aux-10405_c23.xml"", ""solver"": ""xcsp:ACE@2.4"", ""output_dir"": ""results_comparison"", ""global_time_limit"": 600, ""max_tries"": 50, ""tuning_file"": ""tests/psa/ace.tuning.json"", ""hpo_strategy"": ""hamming"", ""global_time_strategy"": ""PERCENT"", ""percent"": 0.2, ""round_time_strategy"": ""STATIC"", ""time_evolution"": ""STATIC"", ""stop_strategy"": ""TIMEOUT""}",91,"{""varh"": ""Wdeg"", ""valh"": ""First"", ""saf"": ""True"", ""pc1"": ""True"", ""bdc"": ""1"", ""toh"": ""True"", ""ng"": ""NO"", ""lc"": ""10"", ""negative"": ""STR2"", ""generic2"": ""False"", ""sb"": ""NO""}",0.5843181670061313,0.6200354580068961,198,ExitStatus.OPTIMAL,False,False,0.6200354580068961
2025-06-09T12:08:53.166727,Hsp-aux-10405_c23.xml,"{""input"": ""tests/xcsp3/cop/UNKNOWN/Hsp-aux-10405_c23.xml"", ""solver"": ""xcsp:ACE@2.4"", ""output_dir"": ""results_comparison"", ""global_time_limit"": 600, ""max_tries"": 50, ""tuning_file"": ""tests/psa/ace.tuning.json"", ""hpo_strategy"": ""hamming"", ""global_time_strategy"": ""PERCENT"", ""percent"": 0.2, ""round_time_strategy"": ""STATIC"", ""time_evolution"": ""STATIC"", ""stop_strategy"": ""TIMEOUT""}",92,"{""varh"": ""Impact"", ""valh"": ""Bivs3"", ""saf"": ""True"", ""pc1"": ""True"", ""bdc"": ""1"", ""toh"": ""True"", ""ng"": ""NO"", ""lc"": ""5"", ""negative"": ""STR2"", ""generic2"": ""True"", ""sb"": ""NO""}",0.5843181670061313,1.3775442499900237,,ExitStatus.UNKNOWN,False,False,1.3775442499900237
2025-06-09T12:08:53.851856,Hsp-aux-10405_c23.xml,"{""input"": ""tests/xcsp3/cop/UNKNOWN/Hsp-aux-10405_c23.xml"", ""solver"": ""xcsp:ACE@2.4"", ""output_dir"": ""results_comparison"", ""global_time_limit"": 600, ""max_tries"": 50, ""tuning_file"": ""tests/psa/ace.tuning.json"", ""hpo_strategy"": ""hamming"", ""global_time_strategy"": ""PERCENT"", ""percent"": 0.2, ""round_time_strategy"": ""STATIC"", ""time_evolution"": ""STATIC"", ""stop_strategy"": ""TIMEOUT""}",93,"{""varh"": ""Wdeg"", ""valh"": ""FlrsE"", ""saf"": ""True"", ""pc1"": ""True"", ""bdc"": ""1"", ""toh"": ""True"", ""ng"": ""NO"", ""lc"": ""5"", ""negative"": ""STR3"", ""generic2"": ""True"", ""sb"": ""NO""}",0.5843181670061313,0.6067736250115559,198,ExitStatus.OPTIMAL,False,False,0.6067736250115559
2025-06-09T12:08:54.545222,Hsp-aux-10405_c23.xml,"{""input"": ""tests/xcsp3/cop/UNKNOWN/Hsp-aux-10405_c23.xml"", ""solver"": ""xcsp:ACE@2.4"", ""output_dir"": ""results_comparison"", ""global_time_limit"": 600, ""max_tries"": 50, ""tuning_file"": ""tests/psa/ace.tuning.json"", ""hpo_strategy"": ""hamming"", ""global_time_strategy"": ""PERCENT"", ""percent"": 0.2, ""round_time_strategy"": ""STATIC"", ""time_evolution"": ""STATIC"", ""stop_strategy"": ""TIMEOUT""}",94,"{""varh"": ""Memory"", ""valh"": ""First"", ""saf"": ""True"", ""pc1"": ""True"", ""bdc"": ""1"", ""toh"": ""True"", ""ng"": ""NO"", ""lc"": ""10"", ""negative"": ""STR2"", ""generic2"": ""True"", ""sb"": ""NO""}",0.5843181670061313,0.6150122079998255,198,ExitStatus.OPTIMAL,False,False,0.6150122079998255
2025-06-09T12:08:56.005057,Hsp-aux-10405_c23.xml,"{""input"": ""tests/xcsp3/cop/UNKNOWN/Hsp-aux-10405_c23.xml"", ""solver"": ""xcsp:ACE@2.4"", ""output_dir"": ""results_comparison"", ""global_time_limit"": 600, ""max_tries"": 50, ""tuning_file"": ""tests/psa/ace.tuning.json"", ""hpo_strategy"": ""hamming"", ""global_time_strategy"": ""PERCENT"", ""percent"": 0.2, ""round_time_strategy"": ""STATIC"", ""time_evolution"": ""STATIC"", ""stop_strategy"": ""TIMEOUT""}",95,"{""varh"": ""Lexico"", ""valh"": ""First"", ""saf"": ""True"", ""pc1"": ""True"", ""bdc"": ""1"", ""toh"": ""True"", ""ng"": ""NO"", ""lc"": ""5"", ""negative"": ""STR2N"", ""generic2"": ""True"", ""sb"": ""NO""}",0.5843181670061313,1.3786166670033708,,ExitStatus.UNKNOWN,False,False,1.3786166670033708
2025-06-09T12:08:56.790223,Hsp-aux-10405_c23.xml,"{""input"": ""tests/xcsp3/cop/UNKNOWN/Hsp-aux-10405_c23.xml"", ""solver"": ""xcsp:ACE@2.4"", ""output_dir"": ""results_comparison"", ""global_time_limit"": 600, ""max_tries"": 50, ""tuning_file"": ""tests/psa/ace.tuning.json"", ""hpo_strategy"": ""hamming"", ""global_time_strategy"": ""PERCENT"", ""percent"": 0.2, ""round_time_strategy"": ""STATIC"", ""time_evolution"": ""STATIC"", ""stop_strategy"": ""TIMEOUT""}",96,"{""varh"": ""Wdeg"", ""valh"": ""Vals"", ""saf"": ""True"", ""pc1"": ""True"", ""bdc"": ""1"", ""toh"": ""True"", ""ng"": ""NO"", ""lc"": ""0"", ""negative"": ""STR2"", ""generic2"": ""True"", ""sb"": ""NO""}",0.5843181670061313,0.6992841669707559,198,ExitStatus.OPTIMAL,False,False,0.6992841669707559
2025-06-09T12:08:58.590902,Hsp-aux-10405_c23.xml,"{""input"": ""tests/xcsp3/cop/UNKNOWN/Hsp-aux-10405_c23.xml"", ""solver"": ""xcsp:ACE@2.4"", ""output_dir"": ""results_comparison"", ""global_time_limit"": 600, ""max_tries"": 50, ""tuning_file"": ""tests/psa/ace.tuning.json"", ""hpo_strategy"": ""hamming"", ""global_time_strategy"": ""PERCENT"", ""percent"": 0.2, ""round_time_strategy"": ""STATIC"", ""time_evolution"": ""STATIC"", ""stop_strategy"": ""TIMEOUT""}",97,"{""varh"": ""Wdeg"", ""valh"": ""Conflicts"", ""saf"": ""True"", ""pc1"": ""True"", ""bdc"": ""1"", ""toh"": ""True"", ""ng"": ""NO"", ""lc"": ""5"", ""negative"": ""STR2N"", ""generic2"": ""True"", ""sb"": ""NO""}",0.5843181670061313,1.7192222500452772,,ExitStatus.UNKNOWN,False,False,1.7192222500452772
2025-06-09T12:08:59.295069,Hsp-aux-10405_c23.xml,"{""input"": ""tests/xcsp3/cop/UNKNOWN/Hsp-aux-10405_c23.xml"", ""solver"": ""xcsp:ACE@2.4"", ""output_dir"": ""results_comparison"", ""global_time_limit"": 600, ""max_tries"": 50, ""tuning_file"": ""tests/psa/ace.tuning.json"", ""hpo_strategy"": ""hamming"", ""global_time_strategy"": ""PERCENT"", ""percent"": 0.2, ""round_time_strategy"": ""STATIC"", ""time_evolution"": ""STATIC"", ""stop_strategy"": ""TIMEOUT""}",98,"{""varh"": ""Wdeg"", ""valh"": ""Bivs3"", ""saf"": ""True"", ""pc1"": ""True"", ""bdc"": ""1"", ""toh"": ""True"", ""ng"": ""NO"", ""lc"": ""5"", ""negative"": ""STR2"", ""generic2"": ""False"", ""sb"": ""NO""}",0.5843181670061313,0.6223935409798287,198,ExitStatus.OPTIMAL,False,False,0.6223935409798287
2025-06-09T12:09:00.003121,Hsp-aux-10405_c23.xml,"{""input"": ""tests/xcsp3/cop/UNKNOWN/Hsp-aux-10405_c23.xml"", ""solver"": ""xcsp:ACE@2.4"", ""output_dir"": ""results_comparison"", ""global_time_limit"": 600, ""max_tries"": 50, ""tuning_file"": ""tests/psa/ace.tuning.json"", ""hpo_strategy"": ""hamming"", ""global_time_strategy"": ""PERCENT"", ""percent"": 0.2, ""round_time_strategy"": ""STATIC"", ""time_evolution"": ""STATIC"", ""stop_strategy"": ""TIMEOUT""}",99,"{""varh"": ""FrbaOnDom"", ""valh"": ""First"", ""saf"": ""True"", ""pc1"": ""True"", ""bdc"": ""100"", ""toh"": ""True"", ""ng"": ""NO"", ""lc"": ""5"", ""negative"": ""STR2"", ""generic2"": ""True"", ""sb"": ""NO""}",0.5843181670061313,0.6255141249857843,294,ExitStatus.OPTIMAL,False,False,0.6255141249857843
2025-06-09T12:09:01.444191,Hsp-aux-10405_c23.xml,"{""input"": ""tests/xcsp3/cop/UNKNOWN/Hsp-aux-10405_c23.xml"", ""solver"": ""xcsp:ACE@2.4"", ""output_dir"": ""results_comparison"", ""global_time_limit"": 600, ""max_tries"": 50, ""tuning_file"": ""tests/psa/ace.tuning.json"", ""hpo_strategy"": ""hamming"", ""global_time_strategy"": ""PERCENT"", ""percent"": 0.2, ""round_time_strategy"": ""STATIC"", ""time_evolution"": ""STATIC"", ""stop_strategy"": ""TIMEOUT""}",100,"{""varh"": ""Rand"", ""valh"": ""First"", ""saf"": ""True"", ""pc1"": ""False"", ""bdc"": ""1"", ""toh"": ""True"", ""ng"": ""NO"", ""lc"": ""5"", ""negative"": ""STR2"", ""generic2"": ""True"", ""sb"": ""NO""}",0.5843181670061313,1.3596456249943003,198,ExitStatus.FEASIBLE,False,False,1.3596456249943003
2025-06-09T12:09:02.189303,Hsp-aux-10405_c23.xml,"{""input"": ""tests/xcsp3/cop/UNKNOWN/Hsp-aux-10405_c23.xml"", ""solver"": ""xcsp:ACE@2.4"", ""output_dir"": ""results_comparison"", ""global_time_limit"": 600, ""max_tries"": 50, ""tuning_file"": ""tests/psa/ace.tuning.json"", ""hpo_strategy"": ""hamming"", ""global_time_strategy"": ""PERCENT"", ""percent"": 0.2, ""round_time_strategy"": ""STATIC"", ""time_evolution"": ""STATIC"", ""stop_strategy"": ""TIMEOUT""}",101,"{""varh"": ""RunRobin"", ""valh"": ""First"", ""saf"": ""True"", ""pc1"": ""True"", ""bdc"": ""1"", ""toh"": ""True"", ""ng"": ""NO"", ""lc"": ""5"", ""negative"": ""STR0"", ""generic2"": ""True"", ""sb"": ""NO""}",0.5843181670061313,0.6641156660043634,198,ExitStatus.OPTIMAL,False,False,0.6641156660043634
2025-06-09T12:09:02.886426,Hsp-aux-10405_c23.xml,"{""input"": ""tests/xcsp3/cop/UNKNOWN/Hsp-aux-10405_c23.xml"", ""solver"": ""xcsp:ACE@2.4"", ""output_dir"": ""results_comparison"", ""global_time_limit"": 600, ""max_tries"": 50, ""tuning_file"": ""tests/psa/ace.tuning.json"", ""hpo_strategy"": ""hamming"", ""global_time_strategy"": ""PERCENT"", ""percent"": 0.2, ""round_time_strategy"": ""STATIC"", ""time_evolution"": ""STATIC"", ""stop_strategy"": ""TIMEOUT""}",102,"{""varh"": ""WdegOnDom"", ""valh"": ""First"", ""saf"": ""True"", ""pc1"": ""False"", ""bdc"": ""1"", ""toh"": ""True"", ""ng"": ""NO"", ""lc"": ""5"", ""negative"": ""STR2"", ""generic2"": ""True"", ""sb"": ""NO""}",0.5843181670061313,0.6176482090377249,198,ExitStatus.OPTIMAL,False,False,0.6176482090377249
2025-06-09T12:09:03.563375,Hsp-aux-10405_c23.xml,"{""input"": ""tests/xcsp3/cop/UNKNOWN/Hsp-aux-10405_c23.xml"", ""solver"": ""xcsp:ACE@2.4"", ""output_dir"": ""results_comparison"", ""global_time_limit"": 600, ""max_tries"": 50, ""tuning_file"": ""tests/psa/ace.tuning.json"", ""hpo_strategy"": ""hamming"", ""global_time_strategy"": ""PERCENT"", ""percent"": 0.2, ""round_time_strategy"": ""STATIC"", ""time_evolution"": ""STATIC"", ""stop_strategy"": ""TIMEOUT""}",103,"{""varh"": ""PickOnDom"", ""valh"": ""First"", ""saf"": ""True"", ""pc1"": ""True"", ""bdc"": ""10"", ""toh"": ""True"", ""ng"": ""NO"", ""lc"": ""5"", ""negative"": ""STR2"", ""generic2"": ""True"", ""sb"": ""NO""}",0.5843181670061313,0.5995820419630036,198,ExitStatus.OPTIMAL,False,False,0.5995820419630036
2025-06-09T12:09:04.281939,Hsp-aux-10405_c23.xml,"{""input"": ""tests/xcsp3/cop/UNKNOWN/Hsp-aux-10405_c23.xml"", ""solver"": ""xcsp:ACE@2.4"", ""output_dir"": ""results_comparison"", ""global_time_limit"": 600, ""max_tries"": 50, ""tuning_file"": ""tests/psa/ace.tuning.json"", ""hpo_strategy"": ""hamming"", ""global_time_strategy"": ""PERCENT"", ""percent"": 0.2, ""round_time_strategy"": ""STATIC"", ""time_evolution"": ""STATIC"", ""stop_strategy"": ""TIMEOUT""}",104,"{""varh"": ""RunRobin"", ""valh"": ""First"", ""saf"": ""True"", ""pc1"": ""True"", ""bdc"": ""1"", ""toh"": ""True"", ""ng"": ""NO"", ""lc"": ""0"", ""negative"": ""STR2"", ""generic2"": ""True"", ""sb"": ""NO""}",0.5843181670061313,0.6419401669991203,198,ExitStatus.OPTIMAL,False,False,0.6419401669991203
2025-06-09T12:09:05.736027,Hsp-aux-10405_c23.xml,"{""input"": ""tests/xcsp3/cop/UNKNOWN/Hsp-aux-10405_c23.xml"", ""solver"": ""xcsp:ACE@2.4"", ""output_dir"": ""results_comparison"", ""global_time_limit"": 600, ""max_tries"": 50, ""tuning_file"": ""tests/psa/ace.tuning.json"", ""hpo_strategy"": ""hamming"", ""global_time_strategy"": ""PERCENT"", ""percent"": 0.2, ""round_time_strategy"": ""STATIC"", ""time_evolution"": ""STATIC"", ""stop_strategy"": ""TIMEOUT""}",105,"{""varh"": ""Lexico"", ""valh"": ""Median"", ""saf"": ""True"", ""pc1"": ""True"", ""bdc"": ""1"", ""toh"": ""True"", ""ng"": ""NO"", ""lc"": ""5"", ""negative"": ""STR2"", ""generic2"": ""True"", ""sb"": ""NO""}",0.5843181670061313,1.3720943750231527,309,ExitStatus.FEASIBLE,False,False,1.3720943750231527
2025-06-09T12:09:06.463101,Hsp-aux-10405_c23.xml,"{""input"": ""tests/xcsp3/cop/UNKNOWN/Hsp-aux-10405_c23.xml"", ""solver"": ""xcsp:ACE@2.4"", ""output_dir"": ""results_comparison"", ""global_time_limit"": 600, ""max_tries"": 50, ""tuning_file"": ""tests/psa/ace.tuning.json"", ""hpo_strategy"": ""hamming"", ""global_time_strategy"": ""PERCENT"", ""percent"": 0.2, ""round_time_strategy"": ""STATIC"", ""time_evolution"": ""STATIC"", ""stop_strategy"": ""TIMEOUT""}",106,"{""varh"": ""Wdeg"", ""valh"": ""First"", ""saf"": ""True"", ""pc1"": ""True"", ""bdc"": ""1"", ""toh"": ""True"", ""ng"": ""NO"", ""lc"": ""5"", ""negative"": ""STR2N"", ""generic2"": ""False"", ""sb"": ""NO""}",0.5843181670061313,0.6456665410078131,198,ExitStatus.OPTIMAL,False,False,0.6456665410078131
2025-06-09T12:09:08.260680,Hsp-aux-10405_c23.xml,"{""input"": ""tests/xcsp3/cop/UNKNOWN/Hsp-aux-10405_c23.xml"", ""solver"": ""xcsp:ACE@2.4"", ""output_dir"": ""results_comparison"", ""global_time_limit"": 600, ""max_tries"": 50, ""tuning_file"": ""tests/psa/ace.tuning.json"", ""hpo_strategy"": ""hamming"", ""global_time_strategy"": ""PERCENT"", ""percent"": 0.2, ""round_time_strategy"": ""STATIC"", ""time_evolution"": ""STATIC"", ""stop_strategy"": ""TIMEOUT""}",107,"{""varh"": ""Wdeg"", ""valh"": ""Conflicts"", ""saf"": ""True"", ""pc1"": ""True"", ""bdc"": ""1"", ""toh"": ""True"", ""ng"": ""NO"", ""lc"": ""5"", ""negative"": ""STR2"", ""generic2"": ""False"", ""sb"": ""NO""}",0.5843181670061313,1.7043932920205407,,ExitStatus.UNKNOWN,False,False,1.7043932920205407
2025-06-09T12:09:08.999460,Hsp-aux-10405_c23.xml,"{""input"": ""tests/xcsp3/cop/UNKNOWN/Hsp-aux-10405_c23.xml"", ""solver"": ""xcsp:ACE@2.4"", ""output_dir"": ""results_comparison"", ""global_time_limit"": 600, ""max_tries"": 50, ""tuning_file"": ""tests/psa/ace.tuning.json"", ""hpo_strategy"": ""hamming"", ""global_time_strategy"": ""PERCENT"", ""percent"": 0.2, ""round_time_strategy"": ""STATIC"", ""time_evolution"": ""STATIC"", ""stop_strategy"": ""TIMEOUT""}",108,"{""varh"": ""Wdeg"", ""valh"": ""Median"", ""saf"": ""True"", ""pc1"": ""True"", ""bdc"": ""1000"", ""toh"": ""True"", ""ng"": ""NO"", ""lc"": ""5"", ""negative"": ""STR2"", ""generic2"": ""True"", ""sb"": ""NO""}",0.5843181670061313,0.6494454169878736,,ExitStatus.UNKNOWN,False,False,0.6494454169878736
2025-06-09T12:09:09.963901,Hsp-aux-10405_c23.xml,"{""input"": ""tests/xcsp3/cop/UNKNOWN/Hsp-aux-10405_c23.xml"", ""solver"": ""xcsp:ACE@2.4"", ""output_dir"": ""results_comparison"", ""global_time_limit"": 600, ""max_tries"": 50, ""tuning_file"": ""tests/psa/ace.tuning.json"", ""hpo_strategy"": ""hamming"", ""global_time_strategy"": ""PERCENT"", ""percent"": 0.2, ""round_time_strategy"": ""STATIC"", ""time_evolution"": ""STATIC"", ""stop_strategy"": ""TIMEOUT""}",109,"{""varh"": ""Wdeg"", ""valh"": ""Last"", ""saf"": ""False"", ""pc1"": ""True"", ""bdc"": ""1"", ""toh"": ""True"", ""ng"": ""NO"", ""lc"": ""5"", ""negative"": ""STR2"", ""generic2"": ""True"", ""sb"": ""NO""}",0.5843181670061313,0.8760773340472952,198,ExitStatus.OPTIMAL,False,False,0.8760773340472952
2025-06-09T12:09:10.621006,Hsp-aux-10405_c23.xml,"{""input"": ""tests/xcsp3/cop/UNKNOWN/Hsp-aux-10405_c23.xml"", ""solver"": ""xcsp:ACE@2.4"", ""output_dir"": ""results_comparison"", ""global_time_limit"": 600, ""max_tries"": 50, ""tuning_file"": ""tests/psa/ace.tuning.json"", ""hpo_strategy"": ""hamming"", ""global_time_strategy"": ""PERCENT"", ""percent"": 0.2, ""round_time_strategy"": ""STATIC"", ""time_evolution"": ""STATIC"", ""stop_strategy"": ""TIMEOUT""}",110,"{""varh"": ""Wdeg"", ""valh"": ""First"", ""saf"": ""True"", ""pc1"": ""True"", ""bdc"": ""100"", ""toh"": ""True"", ""ng"": ""NO"", ""lc"": ""10"", ""negative"": ""STR2"", ""generic2"": ""True"", ""sb"": ""NO""}",0.5843181670061313,0.5731717090238817,,ExitStatus.UNKNOWN,False,False,0.5731717090238817
2025-06-09T12:09:12.447839,Hsp-aux-10405_c23.xml,"{""input"": ""tests/xcsp3/cop/UNKNOWN/Hsp-aux-10405_c23.xml"", ""solver"": ""xcsp:ACE@2.4"", ""output_dir"": ""results_comparison"", ""global_time_limit"": 600, ""max_tries"": 50, ""tuning_file"": ""tests/psa/ace.tuning.json"", ""hpo_strategy"": ""hamming"", ""global_time_strategy"": ""PERCENT"", ""percent"": 0.2, ""round_time_strategy"": ""STATIC"", ""time_evolution"": ""STATIC"", ""stop_strategy"": ""TIMEOUT""}",111,"{""varh"": ""Wdeg"", ""valh"": ""Conflicts"", ""saf"": ""True"", ""pc1"": ""True"", ""bdc"": ""1"", ""toh"": ""True"", ""ng"": ""NO"", ""lc"": ""5"", ""negative"": ""STR1"", ""generic2"": ""True"", ""sb"": ""NO""}",0.5843181670061313,1.7454448330099694,,ExitStatus.UNKNOWN,False,False,1.7454448330099694
2025-06-09T12:09:13.335242,Hsp-aux-10405_c23.xml,"{""input"": ""tests/xcsp3/cop/UNKNOWN/Hsp-aux-10405_c23.xml"", ""solver"": ""xcsp:ACE@2.4"", ""output_dir"": ""results_comparison"", ""global_time_limit"": 600, ""max_tries"": 50, ""tuning_file"": ""tests/psa/ace.tuning.json"", ""hpo_strategy"": ""hamming"", ""global_time_strategy"": ""PERCENT"", ""percent"": 0.2, ""round_time_strategy"": ""STATIC"", ""time_evolution"": ""STATIC"", ""stop_strategy"": ""TIMEOUT""}",112,"{""varh"": ""Wdeg"", ""valh"": ""Median"", ""saf"": ""True"", ""pc1"": ""True"", ""bdc"": ""1"", ""toh"": ""True"", ""ng"": ""NO"", ""lc"": ""10"", ""negative"": ""STR2"", ""generic2"": ""True"", ""sb"": ""NO""}",0.5843181670061313,0.8038442080141976,198,ExitStatus.OPTIMAL,False,False,0.8038442080141976
2025-06-09T12:09:13.993945,Hsp-aux-10405_c23.xml,"{""input"": ""tests/xcsp3/cop/UNKNOWN/Hsp-aux-10405_c23.xml"", ""solver"": ""xcsp:ACE@2.4"", ""output_dir"": ""results_comparison"", ""global_time_limit"": 600, ""max_tries"": 50, ""tuning_file"": ""tests/psa/ace.tuning.json"", ""hpo_strategy"": ""hamming"", ""global_time_strategy"": ""PERCENT"", ""percent"": 0.2, ""round_time_strategy"": ""STATIC"", ""time_evolution"": ""STATIC"", ""stop_strategy"": ""TIMEOUT""}",113,"{""varh"": ""Activity"", ""valh"": ""First"", ""saf"": ""True"", ""pc1"": ""True"", ""bdc"": ""1000"", ""toh"": ""True"", ""ng"": ""NO"", ""lc"": ""5"", ""negative"": ""STR2"", ""generic2"": ""True"", ""sb"": ""NO""}",0.5843181670061313,0.571791915979702,,ExitStatus.UNKNOWN,False,False,0.571791915979702
2025-06-09T12:09:14.704716,Hsp-aux-10405_c23.xml,"{""input"": ""tests/xcsp3/cop/UNKNOWN/Hsp-aux-10405_c23.xml"", ""solver"": ""xcsp:ACE@2.4"", ""output_dir"": ""results_comparison"", ""global_time_limit"": 600, ""max_tries"": 50, ""tuning_file"": ""tests/psa/ace.tuning.json"", ""hpo_strategy"": ""hamming"", ""global_time_strategy"": ""PERCENT"", ""percent"": 0.2, ""round_time_strategy"": ""STATIC"", ""time_evolution"": ""STATIC"", ""stop_strategy"": ""TIMEOUT""}",114,"{""varh"": ""Wdeg"", ""valh"": ""First"", ""saf"": ""True"", ""pc1"": ""True"", ""bdc"": ""1"", ""toh"": ""True"", ""ng"": ""NO"", ""lc"": ""10"", ""negative"": ""STR2N"", ""generic2"": ""True"", ""sb"": ""NO""}",0.5843181670061313,0.6269774580141529,198,ExitStatus.OPTIMAL,False,False,0.6269774580141529
2025-06-09T12:09:15.661624,Hsp-aux-10405_c23.xml,"{""input"": ""tests/xcsp3/cop/UNKNOWN/Hsp-aux-10405_c23.xml"", ""solver"": ""xcsp:ACE@2.4"", ""output_dir"": ""results_comparison"", ""global_time_limit"": 600, ""max_tries"": 50, ""tuning_file"": ""tests/psa/ace.tuning.json"", ""hpo_strategy"": ""hamming"", ""global_time_strategy"": ""PERCENT"", ""percent"": 0.2, ""round_time_strategy"": ""STATIC"", ""time_evolution"": ""STATIC"", ""stop_strategy"": ""TIMEOUT""}",115,"{""varh"": ""Wdeg"", ""valh"": ""Median"", ""saf"": ""True"", ""pc1"": ""True"", ""bdc"": ""100"", ""toh"": ""True"", ""ng"": ""NO"", ""lc"": ""5"", ""negative"": ""STR2"", ""generic2"": ""True"", ""sb"": ""NO""}",0.5843181670061313,0.8702979999943636,280,ExitStatus.OPTIMAL,False,False,0.8702979999943636
2025-06-09T12:09:16.356143,Hsp-aux-10405_c23.xml,"{""input"": ""tests/xcsp3/cop/UNKNOWN/Hsp-aux-10405_c23.xml"", ""solver"": ""xcsp:ACE@2.4"", ""output_dir"": ""results_comparison"", ""global_time_limit"": 600, ""max_tries"": 50, ""tuning_file"": ""tests/psa/ace.tuning.json"", ""hpo_strategy"": ""hamming"", ""global_time_strategy"": ""PERCENT"", ""percent"": 0.2, ""round_time_strategy"": ""STATIC"", ""time_evolution"": ""STATIC"", ""stop_strategy"": ""TIMEOUT""}",116,"{""varh"": ""Wdeg"", ""valh"": ""First"", ""saf"": ""True"", ""pc1"": ""False"", ""bdc"": ""1"", ""toh"": ""True"", ""ng"": ""NO"", ""lc"": ""2"", ""negative"": ""STR2"", ""generic2"": ""True"", ""sb"": ""NO""}",0.5843181670061313,0.6156365830102004,198,ExitStatus.OPTIMAL,False,False,0.6156365830102004
2025-06-09T12:09:17.032865,Hsp-aux-10405_c23.xml,"{""input"": ""tests/xcsp3/cop/UNKNOWN/Hsp-aux-10405_c23.xml"", ""solver"": ""xcsp:ACE@2.4"", ""output_dir"": ""results_comparison"", ""global_time_limit"": 600, ""max_tries"": 50, ""tuning_file"": ""tests/psa/ace.tuning.json"", ""hpo_strategy"": ""hamming"", ""global_time_strategy"": ""PERCENT"", ""percent"": 0.2, ""round_time_strategy"": ""STATIC"", ""time_evolution"": ""STATIC"", ""stop_strategy"": ""TIMEOUT""}",117,"{""varh"": ""Wdeg"", ""valh"": ""OccsR"", ""saf"": ""True"", ""pc1"": ""True"", ""bdc"": ""1"", ""toh"": ""True"", ""ng"": ""NO"", ""lc"": ""5"", ""negative"": ""V"", ""generic2"": ""True"", ""sb"": ""NO""}",0.5843181670061313,0.5958728750119917,198,ExitStatus.OPTIMAL,False,False,0.5958728750119917
2025-06-09T12:09:17.694151,Hsp-aux-10405_c23.xml,"{""input"": ""tests/xcsp3/cop/UNKNOWN/Hsp-aux-10405_c23.xml"", ""solver"": ""xcsp:ACE@2.4"", ""output_dir"": ""results_comparison"", ""global_time_limit"": 600, ""max_tries"": 50, ""tuning_file"": ""tests/psa/ace.tuning.json"", ""hpo_strategy"": ""hamming"", ""global_time_strategy"": ""PERCENT"", ""percent"": 0.2, ""round_time_strategy"": ""STATIC"", ""time_evolution"": ""STATIC"", ""stop_strategy"": ""TIMEOUT""}",118,"{""varh"": ""Wdeg"", ""valh"": ""First"", ""saf"": ""True"", ""pc1"": ""True"", ""bdc"": ""1000"", ""toh"": ""True"", ""ng"": ""NO"", ""lc"": ""2"", ""negative"": ""STR2"", ""generic2"": ""True"", ""sb"": ""NO""}",0.5843181670061313,0.5760145410313271,,ExitStatus.UNKNOWN,False,False,0.5760145410313271
2025-06-09T12:09:18.366625,Hsp-aux-10405_c23.xml,"{""input"": ""tests/xcsp3/cop/UNKNOWN/Hsp-aux-10405_c23.xml"", ""solver"": ""xcsp:ACE@2.4"", ""output_dir"": ""results_comparison"", ""global_time_limit"": 600, ""max_tries"": 50, ""tuning_file"": ""tests/psa/ace.tuning.json"", ""hpo_strategy"": ""hamming"", ""global_time_strategy"": ""PERCENT"", ""percent"": 0.2, ""round_time_strategy"": ""STATIC"", ""time_evolution"": ""STATIC"", ""stop_strategy"": ""TIMEOUT""}",119,"{""varh"": ""Wdeg"", ""valh"": ""First"", ""saf"": ""True"", ""pc1"": ""True"", ""bdc"": ""1000"", ""toh"": ""True"", ""ng"": ""NO"", ""lc"": ""5"", ""negative"": ""STR1"", ""generic2"": ""True"", ""sb"": ""NO""}",0.5843181670061313,0.591350540984422,,ExitStatus.UNKNOWN,False,False,0.591350540984422
2025-06-09T12:09:19.147521,Hsp-aux-10405_c23.xml,"{""input"": ""tests/xcsp3/cop/UNKNOWN/Hsp-aux-10405_c23.xml"", ""solver"": ""xcsp:ACE@2.4"", ""output_dir"": ""results_comparison"", ""global_time_limit"": 600, ""max_tries"": 50, ""tuning_file"": ""tests/psa/ace.tuning.json"", ""hpo_strategy"": ""hamming"", ""global_time_strategy"": ""PERCENT"", ""percent"": 0.2, ""round_time_strategy"": ""STATIC"", ""time_evolution"": ""STATIC"", ""stop_strategy"": ""TIMEOUT""}",120,"{""varh"": ""Wdeg"", ""valh"": ""First"", ""saf"": ""True"", ""pc1"": ""True"", ""bdc"": ""1"", ""toh"": ""True"", ""ng"": ""NO"", ""lc"": ""0"", ""negative"": ""STR1"", ""generic2"": ""True"", ""sb"": ""NO""}",0.5843181670061313,0.6989320410066284,198,ExitStatus.OPTIMAL,False,False,0.6989320410066284
2025-06-09T12:09:19.853522,Hsp-aux-10405_c23.xml,"{""input"": ""tests/xcsp3/cop/UNKNOWN/Hsp-aux-10405_c23.xml"", ""solver"": ""xcsp:ACE@2.4"", ""output_dir"": ""results_comparison"", ""global_time_limit"": 600, ""max_tries"": 50, ""tuning_file"": ""tests/psa/ace.tuning.json"", ""hpo_strategy"": ""hamming"", ""global_time_strategy"": ""PERCENT"", ""percent"": 0.2, ""round_time_strategy"": ""STATIC"", ""time_evolution"": ""STATIC"", ""stop_strategy"": ""TIMEOUT""}",121,"{""varh"": ""Wdeg"", ""valh"": ""First"", ""saf"": ""True"", ""pc1"": ""True"", ""bdc"": ""1"", ""toh"": ""False"", ""ng"": ""NO"", ""lc"": ""5"", ""negative"": ""STR1N"", ""generic2"": ""True"", ""sb"": ""NO""}",0.5843181670061313,0.6225454160012305,198,ExitStatus.OPTIMAL,False,False,0.6225454160012305
2025-06-09T12:09:21.290848,Hsp-aux-10405_c23.xml,"{""input"": ""tests/xcsp3/cop/UNKNOWN/Hsp-aux-10405_c23.xml"", ""solver"": ""xcsp:ACE@2.4"", ""output_dir"": ""results_comparison"", ""global_time_limit"": 600, ""max_tries"": 50, ""tuning_file"": ""tests/psa/ace.tuning.json"", ""hpo_strategy"": ""hamming"", ""global_time_strategy"": ""PERCENT"", ""percent"": 0.2, ""round_time_strategy"": ""STATIC"", ""time_evolution"": ""STATIC"", ""stop_strategy"": ""TIMEOUT""}",122,"{""varh"": ""Activity"", ""valh"": ""Rand"", ""saf"": ""True"", ""pc1"": ""True"", ""bdc"": ""1"", ""toh"": ""True"", ""ng"": ""NO"", ""lc"": ""5"", ""negative"": ""STR2"", ""generic2"": ""True"", ""sb"": ""NO""}",0.5843181670061313,1.3538843340356834,,ExitStatus.UNKNOWN,False,False,1.3538843340356834
2025-06-09T12:09:22.761735,Hsp-aux-10405_c23.xml,"{""input"": ""tests/xcsp3/cop/UNKNOWN/Hsp-aux-10405_c23.xml"", ""solver"": ""xcsp:ACE@2.4"", ""output_dir"": ""results_comparison"", ""global_time_limit"": 600, ""max_tries"": 50, ""tuning_file"": ""tests/psa/ace.tuning.json"", ""hpo_strategy"": ""hamming"", ""global_time_strategy"": ""PERCENT"", ""percent"": 0.2, ""round_time_strategy"": ""STATIC"", ""time_evolution"": ""STATIC"", ""stop_strategy"": ""TIMEOUT""}",123,"{""varh"": ""Rand"", ""valh"": ""First"", ""saf"": ""True"", ""pc1"": ""True"", ""bdc"": ""1"", ""toh"": ""True"", ""ng"": ""NO"", ""lc"": ""5"", ""negative"": ""VA"", ""generic2"": ""True"", ""sb"": ""NO""}",0.5843181670061313,1.3897374999942258,198,ExitStatus.FEASIBLE,False,False,1.3897374999942258
2025-06-09T12:09:23.504843,Hsp-aux-10405_c23.xml,"{""input"": ""tests/xcsp3/cop/UNKNOWN/Hsp-aux-10405_c23.xml"", ""solver"": ""xcsp:ACE@2.4"", ""output_dir"": ""results_comparison"", ""global_time_limit"": 600, ""max_tries"": 50, ""tuning_file"": ""tests/psa/ace.tuning.json"", ""hpo_strategy"": ""hamming"", ""global_time_strategy"": ""PERCENT"", ""percent"": 0.2, ""round_time_strategy"": ""STATIC"", ""time_evolution"": ""STATIC"", ""stop_strategy"": ""TIMEOUT""}",124,"{""varh"": ""Memory"", ""valh"": ""FlrsE"", ""saf"": ""True"", ""pc1"": ""True"", ""bdc"": ""1"", ""toh"": ""True"", ""ng"": ""NO"", ""lc"": ""5"", ""negative"": ""STR2"", ""generic2"": ""True"", ""sb"": ""NO""}",0.5843181670061313,0.6548312089871615,198,ExitStatus.OPTIMAL,False,False,0.6548312089871615
2025-06-09T12:09:24.430471,Hsp-aux-10405_c23.xml,"{""input"": ""tests/xcsp3/cop/UNKNOWN/Hsp-aux-10405_c23.xml"", ""solver"": ""xcsp:ACE@2.4"", ""output_dir"": ""results_comparison"", ""global_time_limit"": 600, ""max_tries"": 50, ""tuning_file"": ""tests/psa/ace.tuning.json"", ""hpo_strategy"": ""hamming"", ""global_time_strategy"": ""PERCENT"", ""percent"": 0.2, ""round_time_strategy"": ""STATIC"", ""time_evolution"": ""STATIC"", ""stop_strategy"": ""TIMEOUT""}",125,"{""varh"": ""Wdeg"", ""valh"": ""Last"", ""saf"": ""True"", ""pc1"": ""True"", ""bdc"": ""1"", ""toh"": ""True"", ""ng"": ""NO"", ""lc"": ""5"", ""negative"": ""STR2"", ""generic2"": ""False"", ""sb"": ""NO""}",0.5843181670061313,0.8439863749663346,198,ExitStatus.OPTIMAL,False,False,0.8439863749663346
2025-06-09T12:09:25.257763,Hsp-aux-10405_c23.xml,"{""input"": ""tests/xcsp3/cop/UNKNOWN/Hsp-aux-10405_c23.xml"", ""solver"": ""xcsp:ACE@2.4"", ""output_dir"": ""results_comparison"", ""global_time_limit"": 600, ""max_tries"": 50, ""tuning_file"": ""tests/psa/ace.tuning.json"", ""hpo_strategy"": ""hamming"", ""global_time_strategy"": ""PERCENT"", ""percent"": 0.2, ""round_time_strategy"": ""STATIC"", ""time_evolution"": ""STATIC"", ""stop_strategy"": ""TIMEOUT""}",126,"{""varh"": ""WdegOnDom"", ""valh"": ""First"", ""saf"": ""True"", ""pc1"": ""True"", ""bdc"": ""1"", ""toh"": ""True"", ""ng"": ""NO"", ""lc"": ""5"", ""negative"": ""VA"", ""generic2"": ""True"", ""sb"": ""NO""}",0.5843181670061313,0.7403414170257747,198,ExitStatus.OPTIMAL,False,False,0.7403414170257747
2025-06-09T12:09:25.999211,Hsp-aux-10405_c23.xml,"{""input"": ""tests/xcsp3/cop/UNKNOWN/Hsp-aux-10405_c23.xml"", ""solver"": ""xcsp:ACE@2.4"", ""output_dir"": ""results_comparison"", ""global_time_limit"": 600, ""max_tries"": 50, ""tuning_file"": ""tests/psa/ace.tuning.json"", ""hpo_strategy"": ""hamming"", ""global_time_strategy"": ""PERCENT"", ""percent"": 0.2, ""round_time_strategy"": ""STATIC"", ""time_evolution"": ""STATIC"", ""stop_strategy"": ""TIMEOUT""}",127,"{""varh"": ""Wdeg"", ""valh"": ""RunRobin"", ""saf"": ""True"", ""pc1"": ""True"", ""bdc"": ""1"", ""toh"": ""True"", ""ng"": ""NO"", ""lc"": ""5"", ""negative"": ""STR3"", ""generic2"": ""True"", ""sb"": ""NO""}",0.5843181670061313,0.6533986669965088,198,ExitStatus.OPTIMAL,False,False,0.6533986669965088
2025-06-09T12:09:27.460115,Hsp-aux-10405_c23.xml,"{""input"": ""tests/xcsp3/cop/UNKNOWN/Hsp-aux-10405_c23.xml"", ""solver"": ""xcsp:ACE@2.4"", ""output_dir"": ""results_comparison"", ""global_time_limit"": 600, ""max_tries"": 50, ""tuning_file"": ""tests/psa/ace.tuning.json"", ""hpo_strategy"": ""hamming"", ""global_time_strategy"": ""PERCENT"", ""percent"": 0.2, ""round_time_strategy"": ""STATIC"", ""time_evolution"": ""STATIC"", ""stop_strategy"": ""TIMEOUT""}",128,"{""varh"": ""Activity"", ""valh"": ""Last"", ""saf"": ""True"", ""pc1"": ""True"", ""bdc"": ""1"", ""toh"": ""True"", ""ng"": ""NO"", ""lc"": ""5"", ""negative"": ""STR2"", ""generic2"": ""True"", ""sb"": ""NO""}",0.5843181670061313,1.3757271250360645,,ExitStatus.UNKNOWN,False,False,1.3757271250360645
2025-06-09T12:09:28.165962,Hsp-aux-10405_c23.xml,"{""input"": ""tests/xcsp3/cop/UNKNOWN/Hsp-aux-10405_c23.xml"", ""solver"": ""xcsp:ACE@2.4"", ""output_dir"": ""results_comparison"", ""global_time_limit"": 600, ""max_tries"": 50, ""tuning_file"": ""tests/psa/ace.tuning.json"", ""hpo_strategy"": ""hamming"", ""global_time_strategy"": ""PERCENT"", ""percent"": 0.2, ""round_time_strategy"": ""STATIC"", ""time_evolution"": ""STATIC"", ""stop_strategy"": ""TIMEOUT""}",129,"{""varh"": ""Wdeg"", ""valh"": ""First"", ""saf"": ""True"", ""pc1"": ""True"", ""bdc"": ""10"", ""toh"": ""True"", ""ng"": ""NO"", ""lc"": ""5"", ""negative"": ""STR2"", ""generic2"": ""False"", ""sb"": ""NO""}",0.5843181670061313,0.626125208043959,198,ExitStatus.OPTIMAL,False,False,0.626125208043959
2025-06-09T12:09:28.890761,Hsp-aux-10405_c23.xml,"{""input"": ""tests/xcsp3/cop/UNKNOWN/Hsp-aux-10405_c23.xml"", ""solver"": ""xcsp:ACE@2.4"", ""output_dir"": ""results_comparison"", ""global_time_limit"": 600, ""max_tries"": 50, ""tuning_file"": ""tests/psa/ace.tuning.json"", ""hpo_strategy"": ""hamming"", ""global_time_strategy"": ""PERCENT"", ""percent"": 0.2, ""round_time_strategy"": ""STATIC"", ""time_evolution"": ""STATIC"", ""stop_strategy"": ""TIMEOUT""}",130,"{""varh"": ""Wdeg"", ""valh"": ""RunRobin"", ""saf"": ""True"", ""pc1"": ""True"", ""bdc"": ""1"", ""toh"": ""True"", ""ng"": ""NO"", ""lc"": ""10"", ""negative"": ""STR2"", ""generic2"": ""True"", ""sb"": ""NO""}",0.5843181670061313,0.6422777920379303,198,ExitStatus.OPTIMAL,False,False,0.6422777920379303
2025-06-09T12:09:29.639039,Hsp-aux-10405_c23.xml,"{""input"": ""tests/xcsp3/cop/UNKNOWN/Hsp-aux-10405_c23.xml"", ""solver"": ""xcsp:ACE@2.4"", ""output_dir"": ""results_comparison"", ""global_time_limit"": 600, ""max_tries"": 50, ""tuning_file"": ""tests/psa/ace.tuning.json"", ""hpo_strategy"": ""hamming"", ""global_time_strategy"": ""PERCENT"", ""percent"": 0.2, ""round_time_strategy"": ""STATIC"", ""time_evolution"": ""STATIC"", ""stop_strategy"": ""TIMEOUT""}",131,"{""varh"": ""Wdeg"", ""valh"": ""First"", ""saf"": ""True"", ""pc1"": ""True"", ""bdc"": ""10"", ""toh"": ""True"", ""ng"": ""NO"", ""lc"": ""1"", ""negative"": ""STR2"", ""generic2"": ""True"", ""sb"": ""NO""}",0.5843181670061313,0.6531951249926351,198,ExitStatus.OPTIMAL,False,False,0.6531951249926351
2025-06-09T12:09:31.123584,Hsp-aux-10405_c23.xml,"{""input"": ""tests/xcsp3/cop/UNKNOWN/Hsp-aux-10405_c23.xml"", ""solver"": ""xcsp:ACE@2.4"", ""output_dir"": ""results_comparison"", ""global_time_limit"": 600, ""max_tries"": 50, ""tuning_file"": ""tests/psa/ace.tuning.json"", ""hpo_strategy"": ""hamming"", ""global_time_strategy"": ""PERCENT"", ""percent"": 0.2, ""round_time_strategy"": ""STATIC"", ""time_evolution"": ""STATIC"", ""stop_strategy"": ""TIMEOUT""}",132,"{""varh"": ""Activity"", ""valh"": ""First"", ""saf"": ""True"", ""pc1"": ""False"", ""bdc"": ""1"", ""toh"": ""True"", ""ng"": ""NO"", ""lc"": ""5"", ""negative"": ""STR2"", ""generic2"": ""True"", ""sb"": ""NO""}",0.5843181670061313,1.3954941669944674,270,ExitStatus.FEASIBLE,False,False,1.3954941669944674
2025-06-09T12:09:31.838938,Hsp-aux-10405_c23.xml,"{""input"": ""tests/xcsp3/cop/UNKNOWN/Hsp-aux-10405_c23.xml"", ""solver"": ""xcsp:ACE@2.4"", ""output_dir"": ""results_comparison"", ""global_time_limit"": 600, ""max_tries"": 50, ""tuning_file"": ""tests/psa/ace.tuning.json"", ""hpo_strategy"": ""hamming"", ""global_time_strategy"": ""PERCENT"", ""percent"": 0.2, ""round_time_strategy"": ""STATIC"", ""time_evolution"": ""STATIC"", ""stop_strategy"": ""TIMEOUT""}",133,"{""varh"": ""Wdeg"", ""valh"": ""First"", ""saf"": ""True"", ""pc1"": ""True"", ""bdc"": ""1"", ""toh"": ""True"", ""ng"": ""NO"", ""lc"": ""5"", ""negative"": ""STR1N"", ""generic2"": ""False"", ""sb"": ""NO""}",0.5843181670061313,0.6285701669985428,198,ExitStatus.OPTIMAL,False,False,0.6285701669985428
2025-06-09T12:09:32.560994,Hsp-aux-10405_c23.xml,"{""input"": ""tests/xcsp3/cop/UNKNOWN/Hsp-aux-10405_c23.xml"", ""solver"": ""xcsp:ACE@2.4"", ""output_dir"": ""results_comparison"", ""global_time_limit"": 600, ""max_tries"": 50, ""tuning_file"": ""tests/psa/ace.tuning.json"", ""hpo_strategy"": ""hamming"", ""global_time_strategy"": ""PERCENT"", ""percent"": 0.2, ""round_time_strategy"": ""STATIC"", ""time_evolution"": ""STATIC"", ""stop_strategy"": ""TIMEOUT""}",134,"{""varh"": ""WdegOnDom"", ""valh"": ""First"", ""saf"": ""False"", ""pc1"": ""True"", ""bdc"": ""1"", ""toh"": ""True"", ""ng"": ""NO"", ""lc"": ""5"", ""negative"": ""STR2"", ""generic2"": ""True"", ""sb"": ""NO""}",0.5843181670061313,0.6380393749568611,198,ExitStatus.OPTIMAL,False,False,0.6380393749568611
2025-06-09T12:09:33.234423,Hsp-aux-10405_c23.xml,"{""input"": ""tests/xcsp3/cop/UNKNOWN/Hsp-aux-10405_c23.xml"", ""solver"": ""xcsp:ACE@2.4"", ""output_dir"": ""results_comparison"", ""global_time_limit"": 600, ""max_tries"": 50, ""tuning_file"": ""tests/psa/ace.tuning.json"", ""hpo_strategy"": ""hamming"", ""global_time_strategy"": ""PERCENT"", ""percent"": 0.2, ""round_time_strategy"": ""STATIC"", ""time_evolution"": ""STATIC"", ""stop_strategy"": ""TIMEOUT""}",135,"{""varh"": ""Wdeg"", ""valh"": ""First"", ""saf"": ""True"", ""pc1"": ""True"", ""bdc"": ""1000"", ""toh"": ""True"", ""ng"": ""NO"", ""lc"": ""5"", ""negative"": ""V"", ""generic2"": ""True"", ""sb"": ""NO""}",0.5843181670061313,0.5930043749976903,,ExitStatus.UNKNOWN,False,False,0.5930043749976903
2025-06-09T12:09:33.967139,Hsp-aux-10405_c23.xml,"{""input"": ""tests/xcsp3/cop/UNKNOWN/Hsp-aux-10405_c23.xml"", ""solver"": ""xcsp:ACE@2.4"", ""output_dir"": ""results_comparison"", ""global_time_limit"": 600, ""max_tries"": 50, ""tuning_file"": ""tests/psa/ace.tuning.json"", ""hpo_strategy"": ""hamming"", ""global_time_strategy"": ""PERCENT"", ""percent"": 0.2, ""round_time_strategy"": ""STATIC"", ""time_evolution"": ""STATIC"", ""stop_strategy"": ""TIMEOUT""}",136,"{""varh"": ""Wdeg"", ""valh"": ""First"", ""saf"": ""True"", ""pc1"": ""False"", ""bdc"": ""1"", ""toh"": ""True"", ""ng"": ""NO"", ""lc"": ""5"", ""negative"": ""STR1"", ""generic2"": ""True"", ""sb"": ""NO""}",0.5843181670061313,0.6535352090140805,198,ExitStatus.OPTIMAL,False,False,0.6535352090140805
2025-06-09T12:09:34.683506,Hsp-aux-10405_c23.xml,"{""input"": ""tests/xcsp3/cop/UNKNOWN/Hsp-aux-10405_c23.xml"", ""solver"": ""xcsp:ACE@2.4"", ""output_dir"": ""results_comparison"", ""global_time_limit"": 600, ""max_tries"": 50, ""tuning_file"": ""tests/psa/ace.tuning.json"", ""hpo_strategy"": ""hamming"", ""global_time_strategy"": ""PERCENT"", ""percent"": 0.2, ""round_time_strategy"": ""STATIC"", ""time_evolution"": ""STATIC"", ""stop_strategy"": ""TIMEOUT""}",137,"{""varh"": ""Wdeg"", ""valh"": ""First"", ""saf"": ""True"", ""pc1"": ""False"", ""bdc"": ""1"", ""toh"": ""True"", ""ng"": ""NO"", ""lc"": ""1"", ""negative"": ""STR2"", ""generic2"": ""True"", ""sb"": ""NO""}",0.5843181670061313,0.6353603749885224,198,ExitStatus.OPTIMAL,False,False,0.6353603749885224
2025-06-09T12:09:35.407168,Hsp-aux-10405_c23.xml,"{""input"": ""tests/xcsp3/cop/UNKNOWN/Hsp-aux-10405_c23.xml"", ""solver"": ""xcsp:ACE@2.4"", ""output_dir"": ""results_comparison"", ""global_time_limit"": 600, ""max_tries"": 50, ""tuning_file"": ""tests/psa/ace.tuning.json"", ""hpo_strategy"": ""hamming"", ""global_time_strategy"": ""PERCENT"", ""percent"": 0.2, ""round_time_strategy"": ""STATIC"", ""time_evolution"": ""STATIC"", ""stop_strategy"": ""TIMEOUT""}",138,"{""varh"": ""Wdeg"", ""valh"": ""First"", ""saf"": ""True"", ""pc1"": ""True"", ""bdc"": ""1"", ""toh"": ""True"", ""ng"": ""NO"", ""lc"": ""0"", ""negative"": ""V"", ""generic2"": ""True"", ""sb"": ""NO""}",0.5843181670061313,0.6426675840048119,198,ExitStatus.OPTIMAL,False,False,0.6426675840048119
2025-06-09T12:09:36.855531,Hsp-aux-10405_c23.xml,"{""input"": ""tests/xcsp3/cop/UNKNOWN/Hsp-aux-10405_c23.xml"", ""solver"": ""xcsp:ACE@2.4"", ""output_dir"": ""results_comparison"", ""global_time_limit"": 600, ""max_tries"": 50, ""tuning_file"": ""tests/psa/ace.tuning.json"", ""hpo_strategy"": ""hamming"", ""global_time_strategy"": ""PERCENT"", ""percent"": 0.2, ""round_time_strategy"": ""STATIC"", ""time_evolution"": ""STATIC"", ""stop_strategy"": ""TIMEOUT""}",139,"{""varh"": ""Impact"", ""valh"": ""First"", ""saf"": ""True"", ""pc1"": ""True"", ""bdc"": ""1"", ""toh"": ""True"", ""ng"": ""NO"", ""lc"": ""5"", ""negative"": ""STR2N"", ""generic2"": ""True"", ""sb"": ""NO""}",0.5843181670061313,1.3678437499911524,,ExitStatus.UNKNOWN,False,False,1.3678437499911524
2025-06-09T12:09:38.293156,Hsp-aux-10405_c23.xml,"{""input"": ""tests/xcsp3/cop/UNKNOWN/Hsp-aux-10405_c23.xml"", ""solver"": ""xcsp:ACE@2.4"", ""output_dir"": ""results_comparison"", ""global_time_limit"": 600, ""max_tries"": 50, ""tuning_file"": ""tests/psa/ace.tuning.json"", ""hpo_strategy"": ""hamming"", ""global_time_strategy"": ""PERCENT"", ""percent"": 0.2, ""round_time_strategy"": ""STATIC"", ""time_evolution"": ""STATIC"", ""stop_strategy"": ""TIMEOUT""}",140,"{""varh"": ""Activity"", ""valh"": ""RunRobin"", ""saf"": ""True"", ""pc1"": ""True"", ""bdc"": ""1"", ""toh"": ""True"", ""ng"": ""NO"", ""lc"": ""5"", ""negative"": ""STR2"", ""generic2"": ""True"", ""sb"": ""NO""}",0.5843181670061313,1.358005374961067,218,ExitStatus.FEASIBLE,False,False,1.358005374961067
2025-06-09T12:09:40.060109,Hsp-aux-10405_c23.xml,"{""input"": ""tests/xcsp3/cop/UNKNOWN/Hsp-aux-10405_c23.xml"", ""solver"": ""xcsp:ACE@2.4"", ""output_dir"": ""results_comparison"", ""global_time_limit"": 600, ""max_tries"": 50, ""tuning_file"": ""tests/psa/ace.tuning.json"", ""hpo_strategy"": ""hamming"", ""global_time_strategy"": ""PERCENT"", ""percent"": 0.2, ""round_time_strategy"": ""STATIC"", ""time_evolution"": ""STATIC"", ""stop_strategy"": ""TIMEOUT""}",141,"{""varh"": ""PickOnDom"", ""valh"": ""Conflicts"", ""saf"": ""True"", ""pc1"": ""True"", ""bdc"": ""1"", ""toh"": ""True"", ""ng"": ""NO"", ""lc"": ""5"", ""negative"": ""STR2"", ""generic2"": ""True"", ""sb"": ""NO""}",0.5843181670061313,1.6857392090023495,,ExitStatus.UNKNOWN,False,False,1.6857392090023495
2025-06-09T12:09:40.773902,Hsp-aux-10405_c23.xml,"{""input"": ""tests/xcsp3/cop/UNKNOWN/Hsp-aux-10405_c23.xml"", ""solver"": ""xcsp:ACE@2.4"", ""output_dir"": ""results_comparison"", ""global_time_limit"": 600, ""max_tries"": 50, ""tuning_file"": ""tests/psa/ace.tuning.json"", ""hpo_strategy"": ""hamming"", ""global_time_strategy"": ""PERCENT"", ""percent"": 0.2, ""round_time_strategy"": ""STATIC"", ""time_evolution"": ""STATIC"", ""stop_strategy"": ""TIMEOUT""}",142,"{""varh"": ""Wdeg"", ""valh"": ""First"", ""saf"": ""True"", ""pc1"": ""True"", ""bdc"": ""1"", ""toh"": ""False"", ""ng"": ""NO"", ""lc"": ""5"", ""negative"": ""VA"", ""generic2"": ""True"", ""sb"": ""NO""}",0.5843181670061313,0.6323047920013778,198,ExitStatus.OPTIMAL,False,False,0.6323047920013778
2025-06-09T12:09:41.626530,Hsp-aux-10405_c23.xml,"{""input"": ""tests/xcsp3/cop/UNKNOWN/Hsp-aux-10405_c23.xml"", ""solver"": ""xcsp:ACE@2.4"", ""output_dir"": ""results_comparison"", ""global_time_limit"": 600, ""max_tries"": 50, ""tuning_file"": ""tests/psa/ace.tuning.json"", ""hpo_strategy"": ""hamming"", ""global_time_strategy"": ""PERCENT"", ""percent"": 0.2, ""round_time_strategy"": ""STATIC"", ""time_evolution"": ""STATIC"", ""stop_strategy"": ""TIMEOUT""}",143,"{""varh"": ""Wdeg"", ""valh"": ""Last"", ""saf"": ""True"", ""pc1"": ""True"", ""bdc"": ""10"", ""toh"": ""True"", ""ng"": ""NO"", ""lc"": ""5"", ""negative"": ""STR2"", ""generic2"": ""True"", ""sb"": ""NO""}",0.5843181670061313,0.7728340410394594,203,ExitStatus.OPTIMAL,False,False,0.7728340410394594
2025-06-09T12:09:42.334884,Hsp-aux-10405_c23.xml,"{""input"": ""tests/xcsp3/cop/UNKNOWN/Hsp-aux-10405_c23.xml"", ""solver"": ""xcsp:ACE@2.4"", ""output_dir"": ""results_comparison"", ""global_time_limit"": 600, ""max_tries"": 50, ""tuning_file"": ""tests/psa/ace.tuning.json"", ""hpo_strategy"": ""hamming"", ""global_time_strategy"": ""PERCENT"", ""percent"": 0.2, ""round_time_strategy"": ""STATIC"", ""time_evolution"": ""STATIC"", ""stop_strategy"": ""TIMEOUT""}",144,"{""varh"": ""PickOnDom"", ""valh"": ""Bivs3"", ""saf"": ""True"", ""pc1"": ""True"", ""bdc"": ""1"", ""toh"": ""True"", ""ng"": ""NO"", ""lc"": ""5"", ""negative"": ""STR2"", ""generic2"": ""True"", ""sb"": ""NO""}",0.5843181670061313,0.6258612080127932,198,ExitStatus.OPTIMAL,False,False,0.6258612080127932
2025-06-09T12:09:43.045096,Hsp-aux-10405_c23.xml,"{""input"": ""tests/xcsp3/cop/UNKNOWN/Hsp-aux-10405_c23.xml"", ""solver"": ""xcsp:ACE@2.4"", ""output_dir"": ""results_comparison"", ""global_time_limit"": 600, ""max_tries"": 50, ""tuning_file"": ""tests/psa/ace.tuning.json"", ""hpo_strategy"": ""hamming"", ""global_time_strategy"": ""PERCENT"", ""percent"": 0.2, ""round_time_strategy"": ""STATIC"", ""time_evolution"": ""STATIC"", ""stop_strategy"": ""TIMEOUT""}",145,"{""varh"": ""Wdeg"", ""valh"": ""First"", ""saf"": ""True"", ""pc1"": ""True"", ""bdc"": ""10"", ""toh"": ""True"", ""ng"": ""NO"", ""lc"": ""10"", ""negative"": ""STR2"", ""generic2"": ""True"", ""sb"": ""NO""}",0.5843181670061313,0.6314534580451436,198,ExitStatus.OPTIMAL,False,False,0.6314534580451436
2025-06-09T12:09:43.755621,Hsp-aux-10405_c23.xml,"{""input"": ""tests/xcsp3/cop/UNKNOWN/Hsp-aux-10405_c23.xml"", ""solver"": ""xcsp:ACE@2.4"", ""output_dir"": ""results_comparison"", ""global_time_limit"": 600, ""max_tries"": 50, ""tuning_file"": ""tests/psa/ace.tuning.json"", ""hpo_strategy"": ""hamming"", ""global_time_strategy"": ""PERCENT"", ""percent"": 0.2, ""round_time_strategy"": ""STATIC"", ""time_evolution"": ""STATIC"", ""stop_strategy"": ""TIMEOUT""}",146,"{""varh"": ""Wdeg"", ""valh"": ""Vals"", ""saf"": ""False"", ""pc1"": ""True"", ""bdc"": ""1"", ""toh"": ""True"", ""ng"": ""NO"", ""lc"": ""5"", ""negative"": ""STR2"", ""generic2"": ""True"", ""sb"": ""NO""}",0.5843181670061313,0.6280207090312615,198,ExitStatus.OPTIMAL,False,False,0.6280207090312615
2025-06-09T12:09:49.841663,Hsp-aux-10405_c23.xml,"{""input"": ""tests/xcsp3/cop/UNKNOWN/Hsp-aux-10405_c23.xml"", ""solver"": ""xcsp:ACE@2.4"", ""output_dir"": ""results_comparison"", ""global_time_limit"": 600, ""max_tries"": 50, ""tuning_file"": ""tests/psa/ace.tuning.json"", ""hpo_strategy"": ""hamming"", ""global_time_strategy"": ""PERCENT"", ""percent"": 0.2, ""round_time_strategy"": ""STATIC"", ""time_evolution"": ""STATIC"", ""stop_strategy"": ""TIMEOUT""}",147,"{""varh"": ""FrbaOnDom"", ""valh"": ""Conflicts"", ""saf"": ""True"", ""pc1"": ""True"", ""bdc"": ""1"", ""toh"": ""True"", ""ng"": ""NO"", ""lc"": ""5"", ""negative"": ""STR2"", ""generic2"": ""True"", ""sb"": ""NO""}",0.5843181670061313,1,,ExitStatus.UNKNOWN,False,False,1
2025-06-09T12:09:51.294924,Hsp-aux-10405_c23.xml,"{""input"": ""tests/xcsp3/cop/UNKNOWN/Hsp-aux-10405_c23.xml"", ""solver"": ""xcsp:ACE@2.4"", ""output_dir"": ""results_comparison"", ""global_time_limit"": 600, ""max_tries"": 50, ""tuning_file"": ""tests/psa/ace.tuning.json"", ""hpo_strategy"": ""hamming"", ""global_time_strategy"": ""PERCENT"", ""percent"": 0.2, ""round_time_strategy"": ""STATIC"", ""time_evolution"": ""STATIC"", ""stop_strategy"": ""TIMEOUT""}",148,"{""varh"": ""Impact"", ""valh"": ""First"", ""saf"": ""True"", ""pc1"": ""True"", ""bdc"": ""1"", ""toh"": ""True"", ""ng"": ""NO"", ""lc"": ""5"", ""negative"": ""VA"", ""generic2"": ""True"", ""sb"": ""NO""}",0.5843181670061313,1.372368332988117,,ExitStatus.UNKNOWN,False,False,1.372368332988117
2025-06-09T12:09:52.016701,Hsp-aux-10405_c23.xml,"{""input"": ""tests/xcsp3/cop/UNKNOWN/Hsp-aux-10405_c23.xml"", ""solver"": ""xcsp:ACE@2.4"", ""output_dir"": ""results_comparison"", ""global_time_limit"": 600, ""max_tries"": 50, ""tuning_file"": ""tests/psa/ace.tuning.json"", ""hpo_strategy"": ""hamming"", ""global_time_strategy"": ""PERCENT"", ""percent"": 0.2, ""round_time_strategy"": ""STATIC"", ""time_evolution"": ""STATIC"", ""stop_strategy"": ""TIMEOUT""}",149,"{""varh"": ""Wdeg"", ""valh"": ""First"", ""saf"": ""True"", ""pc1"": ""True"", ""bdc"": ""10"", ""toh"": ""True"", ""ng"": ""NO"", ""lc"": ""0"", ""negative"": ""STR2"", ""generic2"": ""True"", ""sb"": ""NO""}",0.5843181670061313,0.6424324580002576,198,ExitStatus.OPTIMAL,False,False,0.6424324580002576
2025-06-09T12:09:52.957209,Hsp-aux-10405_c23.xml,"{""input"": ""tests/xcsp3/cop/UNKNOWN/Hsp-aux-10405_c23.xml"", ""solver"": ""xcsp:ACE@2.4"", ""output_dir"": ""results_comparison"", ""global_time_limit"": 600, ""max_tries"": 50, ""tuning_file"": ""tests/psa/ace.tuning.json"", ""hpo_strategy"": ""hamming"", ""global_time_strategy"": ""PERCENT"", ""percent"": 0.2, ""round_time_strategy"": ""STATIC"", ""time_evolution"": ""STATIC"", ""stop_strategy"": ""TIMEOUT""}",150,"{""varh"": ""Wdeg"", ""valh"": ""Last"", ""saf"": ""True"", ""pc1"": ""True"", ""bdc"": ""1"", ""toh"": ""True"", ""ng"": ""NO"", ""lc"": ""5"", ""negative"": ""STR3"", ""generic2"": ""True"", ""sb"": ""NO""}",0.5843181670061313,0.8560527499648742,198,ExitStatus.OPTIMAL,False,False,0.8560527499648742
2025-06-09T12:09:53.698304,Hsp-aux-10405_c23.xml,"{""input"": ""tests/xcsp3/cop/UNKNOWN/Hsp-aux-10405_c23.xml"", ""solver"": ""xcsp:ACE@2.4"", ""output_dir"": ""results_comparison"", ""global_time_limit"": 600, ""max_tries"": 50, ""tuning_file"": ""tests/psa/ace.tuning.json"", ""hpo_strategy"": ""hamming"", ""global_time_strategy"": ""PERCENT"", ""percent"": 0.2, ""round_time_strategy"": ""STATIC"", ""time_evolution"": ""STATIC"", ""stop_strategy"": ""TIMEOUT""}",151,"{""varh"": ""WdegOnDom"", ""valh"": ""First"", ""saf"": ""True"", ""pc1"": ""True"", ""bdc"": ""1"", ""toh"": ""False"", ""ng"": ""NO"", ""lc"": ""5"", ""negative"": ""STR2"", ""generic2"": ""True"", ""sb"": ""NO""}",0.5843181670061313,0.6577190410462208,198,ExitStatus.OPTIMAL,False,False,0.6577190410462208
2025-06-09T12:09:54.425688,Hsp-aux-10405_c23.xml,"{""input"": ""tests/xcsp3/cop/UNKNOWN/Hsp-aux-10405_c23.xml"", ""solver"": ""xcsp:ACE@2.4"", ""output_dir"": ""results_comparison"", ""global_time_limit"": 600, ""max_tries"": 50, ""tuning_file"": ""tests/psa/ace.tuning.json"", ""hpo_strategy"": ""hamming"", ""global_time_strategy"": ""PERCENT"", ""percent"": 0.2, ""round_time_strategy"": ""STATIC"", ""time_evolution"": ""STATIC"", ""stop_strategy"": ""TIMEOUT""}",152,"{""varh"": ""Wdeg"", ""valh"": ""Rand"", ""saf"": ""True"", ""pc1"": ""True"", ""bdc"": ""1"", ""toh"": ""True"", ""ng"": ""NO"", ""lc"": ""5"", ""negative"": ""STR1"", ""generic2"": ""True"", ""sb"": ""NO""}",0.5843181670061313,0.6433226669905707,198,ExitStatus.OPTIMAL,False,False,0.6433226669905707
2025-06-09T12:09:55.879660,Hsp-aux-10405_c23.xml,"{""input"": ""tests/xcsp3/cop/UNKNOWN/Hsp-aux-10405_c23.xml"", ""solver"": ""xcsp:ACE@2.4"", ""output_dir"": ""results_comparison"", ""global_time_limit"": 600, ""max_tries"": 50, ""tuning_file"": ""tests/psa/ace.tuning.json"", ""hpo_strategy"": ""hamming"", ""global_time_strategy"": ""PERCENT"", ""percent"": 0.2, ""round_time_strategy"": ""STATIC"", ""time_evolution"": ""STATIC"", ""stop_strategy"": ""TIMEOUT""}",153,"{""varh"": ""Impact"", ""valh"": ""FlrsE"", ""saf"": ""True"", ""pc1"": ""True"", ""bdc"": ""1"", ""toh"": ""True"", ""ng"": ""NO"", ""lc"": ""5"", ""negative"": ""STR2"", ""generic2"": ""True"", ""sb"": ""NO""}",0.5843181670061313,1.3715651250095107,,ExitStatus.UNKNOWN,False,False,1.3715651250095107
2025-06-09T12:09:56.688389,Hsp-aux-10405_c23.xml,"{""input"": ""tests/xcsp3/cop/UNKNOWN/Hsp-aux-10405_c23.xml"", ""solver"": ""xcsp:ACE@2.4"", ""output_dir"": ""results_comparison"", ""global_time_limit"": 600, ""max_tries"": 50, ""tuning_file"": ""tests/psa/ace.tuning.json"", ""hpo_strategy"": ""hamming"", ""global_time_strategy"": ""PERCENT"", ""percent"": 0.2, ""round_time_strategy"": ""STATIC"", ""time_evolution"": ""STATIC"", ""stop_strategy"": ""TIMEOUT""}",154,"{""varh"": ""Wdeg"", ""valh"": ""OccsR"", ""saf"": ""True"", ""pc1"": ""True"", ""bdc"": ""1"", ""toh"": ""True"", ""ng"": ""NO"", ""lc"": ""5"", ""negative"": ""VA"", ""generic2"": ""True"", ""sb"": ""NO""}",0.5843181670061313,0.7064329590066336,198,ExitStatus.OPTIMAL,False,False,0.7064329590066336
2025-06-09T12:09:57.481811,Hsp-aux-10405_c23.xml,"{""input"": ""tests/xcsp3/cop/UNKNOWN/Hsp-aux-10405_c23.xml"", ""solver"": ""xcsp:ACE@2.4"", ""output_dir"": ""results_comparison"", ""global_time_limit"": 600, ""max_tries"": 50, ""tuning_file"": ""tests/psa/ace.tuning.json"", ""hpo_strategy"": ""hamming"", ""global_time_strategy"": ""PERCENT"", ""percent"": 0.2, ""round_time_strategy"": ""STATIC"", ""time_evolution"": ""STATIC"", ""stop_strategy"": ""TIMEOUT""}",155,"{""varh"": ""Wdeg"", ""valh"": ""First"", ""saf"": ""True"", ""pc1"": ""False"", ""bdc"": ""1"", ""toh"": ""True"", ""ng"": ""NO"", ""lc"": ""5"", ""negative"": ""STR2"", ""generic2"": ""False"", ""sb"": ""NO""}",0.5843181670061313,0.6986260419944301,198,ExitStatus.OPTIMAL,False,False,0.6986260419944301
2025-06-09T12:09:58.365980,Hsp-aux-10405_c23.xml,"{""input"": ""tests/xcsp3/cop/UNKNOWN/Hsp-aux-10405_c23.xml"", ""solver"": ""xcsp:ACE@2.4"", ""output_dir"": ""results_comparison"", ""global_time_limit"": 600, ""max_tries"": 50, ""tuning_file"": ""tests/psa/ace.tuning.json"", ""hpo_strategy"": ""hamming"", ""global_time_strategy"": ""PERCENT"", ""percent"": 0.2, ""round_time_strategy"": ""STATIC"", ""time_evolution"": ""STATIC"", ""stop_strategy"": ""TIMEOUT""}",156,"{""varh"": ""Wdeg"", ""valh"": ""Last"", ""saf"": ""True"", ""pc1"": ""True"", ""bdc"": ""1"", ""toh"": ""True"", ""ng"": ""NO"", ""lc"": ""1"", ""negative"": ""STR2"", ""generic2"": ""True"", ""sb"": ""NO""}",0.5843181670061313,0.7897027499857359,198,ExitStatus.OPTIMAL,False,False,0.7897027499857359
2025-06-09T12:09:59.072231,Hsp-aux-10405_c23.xml,"{""input"": ""tests/xcsp3/cop/UNKNOWN/Hsp-aux-10405_c23.xml"", ""solver"": ""xcsp:ACE@2.4"", ""output_dir"": ""results_comparison"", ""global_time_limit"": 600, ""max_tries"": 50, ""tuning_file"": ""tests/psa/ace.tuning.json"", ""hpo_strategy"": ""hamming"", ""global_time_strategy"": ""PERCENT"", ""percent"": 0.2, ""round_time_strategy"": ""STATIC"", ""time_evolution"": ""STATIC"", ""stop_strategy"": ""TIMEOUT""}",157,"{""varh"": ""Wdeg"", ""valh"": ""Bivs3"", ""saf"": ""True"", ""pc1"": ""True"", ""bdc"": ""1"", ""toh"": ""True"", ""ng"": ""NO"", ""lc"": ""5"", ""negative"": ""V"", ""generic2"": ""True"", ""sb"": ""NO""}",0.5843181670061313,0.6291991669568233,198,ExitStatus.OPTIMAL,False,False,0.6291991669568233
2025-06-09T12:09:59.773854,Hsp-aux-10405_c23.xml,"{""input"": ""tests/xcsp3/cop/UNKNOWN/Hsp-aux-10405_c23.xml"", ""solver"": ""xcsp:ACE@2.4"", ""output_dir"": ""results_comparison"", ""global_time_limit"": 600, ""max_tries"": 50, ""tuning_file"": ""tests/psa/ace.tuning.json"", ""hpo_strategy"": ""hamming"", ""global_time_strategy"": ""PERCENT"", ""percent"": 0.2, ""round_time_strategy"": ""STATIC"", ""time_evolution"": ""STATIC"", ""stop_strategy"": ""TIMEOUT""}",158,"{""varh"": ""Wdeg"", ""valh"": ""First"", ""saf"": ""False"", ""pc1"": ""True"", ""bdc"": ""1"", ""toh"": ""True"", ""ng"": ""NO"", ""lc"": ""5"", ""negative"": ""STR3"", ""generic2"": ""True"", ""sb"": ""NO""}",0.5843181670061313,0.6204135839943774,198,ExitStatus.OPTIMAL,False,False,0.6204135839943774
2025-06-09T12:10:01.207630,Hsp-aux-10405_c23.xml,"{""input"": ""tests/xcsp3/cop/UNKNOWN/Hsp-aux-10405_c23.xml"", ""solver"": ""xcsp:ACE@2.4"", ""output_dir"": ""results_comparison"", ""global_time_limit"": 600, ""max_tries"": 50, ""tuning_file"": ""tests/psa/ace.tuning.json"", ""hpo_strategy"": ""hamming"", ""global_time_strategy"": ""PERCENT"", ""percent"": 0.2, ""round_time_strategy"": ""STATIC"", ""time_evolution"": ""STATIC"", ""stop_strategy"": ""TIMEOUT""}",159,"{""varh"": ""Impact"", ""valh"": ""First"", ""saf"": ""True"", ""pc1"": ""True"", ""bdc"": ""10"", ""toh"": ""True"", ""ng"": ""NO"", ""lc"": ""5"", ""negative"": ""STR2"", ""generic2"": ""True"", ""sb"": ""NO""}",0.5843181670061313,1.3573736669495702,,ExitStatus.UNKNOWN,False,False,1.3573736669495702
2025-06-09T12:10:01.940096,Hsp-aux-10405_c23.xml,"{""input"": ""tests/xcsp3/cop/UNKNOWN/Hsp-aux-10405_c23.xml"", ""solver"": ""xcsp:ACE@2.4"", ""output_dir"": ""results_comparison"", ""global_time_limit"": 600, ""max_tries"": 50, ""tuning_file"": ""tests/psa/ace.tuning.json"", ""hpo_strategy"": ""hamming"", ""global_time_strategy"": ""PERCENT"", ""percent"": 0.2, ""round_time_strategy"": ""STATIC"", ""time_evolution"": ""STATIC"", ""stop_strategy"": ""TIMEOUT""}",160,"{""varh"": ""Wdeg"", ""valh"": ""Rand"", ""saf"": ""True"", ""pc1"": ""True"", ""bdc"": ""1"", ""toh"": ""True"", ""ng"": ""NO"", ""lc"": ""5"", ""negative"": ""STR3"", ""generic2"": ""True"", ""sb"": ""NO""}",0.5843181670061313,0.6547262499807402,198,ExitStatus.OPTIMAL,False,False,0.6547262499807402
2025-06-09T12:10:02.638583,Hsp-aux-10405_c23.xml,"{""input"": ""tests/xcsp3/cop/UNKNOWN/Hsp-aux-10405_c23.xml"", ""solver"": ""xcsp:ACE@2.4"", ""output_dir"": ""results_comparison"", ""global_time_limit"": 600, ""max_tries"": 50, ""tuning_file"": ""tests/psa/ace.tuning.json"", ""hpo_strategy"": ""hamming"", ""global_time_strategy"": ""PERCENT"", ""percent"": 0.2, ""round_time_strategy"": ""STATIC"", ""time_evolution"": ""STATIC"", ""stop_strategy"": ""TIMEOUT""}",161,"{""varh"": ""Wdeg"", ""valh"": ""Bivs3"", ""saf"": ""True"", ""pc1"": ""True"", ""bdc"": ""1"", ""toh"": ""True"", ""ng"": ""NO"", ""lc"": ""1"", ""negative"": ""STR2"", ""generic2"": ""True"", ""sb"": ""NO""}",0.5843181670061313,0.6209030409809202,198,ExitStatus.OPTIMAL,False,False,0.6209030409809202
2025-06-09T12:10:04.100499,Hsp-aux-10405_c23.xml,"{""input"": ""tests/xcsp3/cop/UNKNOWN/Hsp-aux-10405_c23.xml"", ""solver"": ""xcsp:ACE@2.4"", ""output_dir"": ""results_comparison"", ""global_time_limit"": 600, ""max_tries"": 50, ""tuning_file"": ""tests/psa/ace.tuning.json"", ""hpo_strategy"": ""hamming"", ""global_time_strategy"": ""PERCENT"", ""percent"": 0.2, ""round_time_strategy"": ""STATIC"", ""time_evolution"": ""STATIC"", ""stop_strategy"": ""TIMEOUT""}",162,"{""varh"": ""Impact"", ""valh"": ""First"", ""saf"": ""True"", ""pc1"": ""True"", ""bdc"": ""1000"", ""toh"": ""True"", ""ng"": ""NO"", ""lc"": ""5"", ""negative"": ""STR2"", ""generic2"": ""True"", ""sb"": ""NO""}",0.5843181670061313,1.3739614590303972,,ExitStatus.UNKNOWN,False,False,1.3739614590303972
2025-06-09T12:10:05.070767,Hsp-aux-10405_c23.xml,"{""input"": ""tests/xcsp3/cop/UNKNOWN/Hsp-aux-10405_c23.xml"", ""solver"": ""xcsp:ACE@2.4"", ""output_dir"": ""results_comparison"", ""global_time_limit"": 600, ""max_tries"": 50, ""tuning_file"": ""tests/psa/ace.tuning.json"", ""hpo_strategy"": ""hamming"", ""global_time_strategy"": ""PERCENT"", ""percent"": 0.2, ""round_time_strategy"": ""STATIC"", ""time_evolution"": ""STATIC"", ""stop_strategy"": ""TIMEOUT""}",163,"{""varh"": ""RunRobin"", ""valh"": ""Last"", ""saf"": ""True"", ""pc1"": ""True"", ""bdc"": ""1"", ""toh"": ""True"", ""ng"": ""NO"", ""lc"": ""5"", ""negative"": ""STR2"", ""generic2"": ""True"", ""sb"": ""NO""}",0.5843181670061313,0.8926659999997355,198,ExitStatus.OPTIMAL,False,False,0.8926659999997355
2025-06-09T12:10:05.733603,Hsp-aux-10405_c23.xml,"{""input"": ""tests/xcsp3/cop/UNKNOWN/Hsp-aux-10405_c23.xml"", ""solver"": ""xcsp:ACE@2.4"", ""output_dir"": ""results_comparison"", ""global_time_limit"": 600, ""max_tries"": 50, ""tuning_file"": ""tests/psa/ace.tuning.json"", ""hpo_strategy"": ""hamming"", ""global_time_strategy"": ""PERCENT"", ""percent"": 0.2, ""round_time_strategy"": ""STATIC"", ""time_evolution"": ""STATIC"", ""stop_strategy"": ""TIMEOUT""}",164,"{""varh"": ""Wdeg"", ""valh"": ""First"", ""saf"": ""True"", ""pc1"": ""True"", ""bdc"": ""1000"", ""toh"": ""True"", ""ng"": ""NO"", ""lc"": ""5"", ""negative"": ""CT"", ""generic2"": ""True"", ""sb"": ""NO""}",0.5843181670061313,0.5850031670415774,,ExitStatus.UNKNOWN,False,False,0.5850031670415774
2025-06-09T12:10:07.183475,Hsp-aux-10405_c23.xml,"{""input"": ""tests/xcsp3/cop/UNKNOWN/Hsp-aux-10405_c23.xml"", ""solver"": ""xcsp:ACE@2.4"", ""output_dir"": ""results_comparison"", ""global_time_limit"": 600, ""max_tries"": 50, ""tuning_file"": ""tests/psa/ace.tuning.json"", ""hpo_strategy"": ""hamming"", ""global_time_strategy"": ""PERCENT"", ""percent"": 0.2, ""round_time_strategy"": ""STATIC"", ""time_evolution"": ""STATIC"", ""stop_strategy"": ""TIMEOUT""}",165,"{""varh"": ""Activity"", ""valh"": ""First"", ""saf"": ""True"", ""pc1"": ""True"", ""bdc"": ""1"", ""toh"": ""True"", ""ng"": ""NO"", ""lc"": ""2"", ""negative"": ""STR2"", ""generic2"": ""True"", ""sb"": ""NO""}",0.5843181670061313,1.3701319170068018,270,ExitStatus.FEASIBLE,False,False,1.3701319170068018
2025-06-09T12:10:07.895735,Hsp-aux-10405_c23.xml,"{""input"": ""tests/xcsp3/cop/UNKNOWN/Hsp-aux-10405_c23.xml"", ""solver"": ""xcsp:ACE@2.4"", ""output_dir"": ""results_comparison"", ""global_time_limit"": 600, ""max_tries"": 50, ""tuning_file"": ""tests/psa/ace.tuning.json"", ""hpo_strategy"": ""hamming"", ""global_time_strategy"": ""PERCENT"", ""percent"": 0.2, ""round_time_strategy"": ""STATIC"", ""time_evolution"": ""STATIC"", ""stop_strategy"": ""TIMEOUT""}",166,"{""varh"": ""Memory"", ""valh"": ""First"", ""saf"": ""True"", ""pc1"": ""True"", ""bdc"": ""1"", ""toh"": ""True"", ""ng"": ""NO"", ""lc"": ""5"", ""negative"": ""VA"", ""generic2"": ""True"", ""sb"": ""NO""}",0.5843181670061313,0.6277972920215689,198,ExitStatus.OPTIMAL,False,False,0.6277972920215689
2025-06-09T12:10:08.618751,Hsp-aux-10405_c23.xml,"{""input"": ""tests/xcsp3/cop/UNKNOWN/Hsp-aux-10405_c23.xml"", ""solver"": ""xcsp:ACE@2.4"", ""output_dir"": ""results_comparison"", ""global_time_limit"": 600, ""max_tries"": 50, ""tuning_file"": ""tests/psa/ace.tuning.json"", ""hpo_strategy"": ""hamming"", ""global_time_strategy"": ""PERCENT"", ""percent"": 0.2, ""round_time_strategy"": ""STATIC"", ""time_evolution"": ""STATIC"", ""stop_strategy"": ""TIMEOUT""}",167,"{""varh"": ""Wdeg"", ""valh"": ""Bivs3"", ""saf"": ""True"", ""pc1"": ""True"", ""bdc"": ""1"", ""toh"": ""True"", ""ng"": ""NO"", ""lc"": ""5"", ""negative"": ""STR3"", ""generic2"": ""True"", ""sb"": ""NO""}",0.5843181670061313,0.6424158329609782,198,ExitStatus.OPTIMAL,False,False,0.6424158329609782
2025-06-09T12:10:10.066765,Hsp-aux-10405_c23.xml,"{""input"": ""tests/xcsp3/cop/UNKNOWN/Hsp-aux-10405_c23.xml"", ""solver"": ""xcsp:ACE@2.4"", ""output_dir"": ""results_comparison"", ""global_time_limit"": 600, ""max_tries"": 50, ""tuning_file"": ""tests/psa/ace.tuning.json"", ""hpo_strategy"": ""hamming"", ""global_time_strategy"": ""PERCENT"", ""percent"": 0.2, ""round_time_strategy"": ""STATIC"", ""time_evolution"": ""STATIC"", ""stop_strategy"": ""TIMEOUT""}",168,"{""varh"": ""Lexico"", ""valh"": ""OccsR"", ""saf"": ""True"", ""pc1"": ""True"", ""bdc"": ""1"", ""toh"": ""True"", ""ng"": ""NO"", ""lc"": ""5"", ""negative"": ""STR2"", ""generic2"": ""True"", ""sb"": ""NO""}",0.5843181670061313,1.3686979579506442,,ExitStatus.UNKNOWN,False,False,1.3686979579506442
2025-06-09T12:10:10.784385,Hsp-aux-10405_c23.xml,"{""input"": ""tests/xcsp3/cop/UNKNOWN/Hsp-aux-10405_c23.xml"", ""solver"": ""xcsp:ACE@2.4"", ""output_dir"": ""results_comparison"", ""global_time_limit"": 600, ""max_tries"": 50, ""tuning_file"": ""tests/psa/ace.tuning.json"", ""hpo_strategy"": ""hamming"", ""global_time_strategy"": ""PERCENT"", ""percent"": 0.2, ""round_time_strategy"": ""STATIC"", ""time_evolution"": ""STATIC"", ""stop_strategy"": ""TIMEOUT""}",169,"{""varh"": ""Wdeg"", ""valh"": ""Rand"", ""saf"": ""True"", ""pc1"": ""True"", ""bdc"": ""1"", ""toh"": ""True"", ""ng"": ""NO"", ""lc"": ""5"", ""negative"": ""STR2"", ""generic2"": ""False"", ""sb"": ""NO""}",0.5843181670061313,0.6389623339637183,198,ExitStatus.OPTIMAL,False,False,0.6389623339637183
2025-06-09T12:10:11.479021,Hsp-aux-10405_c23.xml,"{""input"": ""tests/xcsp3/cop/UNKNOWN/Hsp-aux-10405_c23.xml"", ""solver"": ""xcsp:ACE@2.4"", ""output_dir"": ""results_comparison"", ""global_time_limit"": 600, ""max_tries"": 50, ""tuning_file"": ""tests/psa/ace.tuning.json"", ""hpo_strategy"": ""hamming"", ""global_time_strategy"": ""PERCENT"", ""percent"": 0.2, ""round_time_strategy"": ""STATIC"", ""time_evolution"": ""STATIC"", ""stop_strategy"": ""TIMEOUT""}",170,"{""varh"": ""WdegOnDom"", ""valh"": ""FlrsE"", ""saf"": ""True"", ""pc1"": ""True"", ""bdc"": ""1"", ""toh"": ""True"", ""ng"": ""NO"", ""lc"": ""5"", ""negative"": ""STR2"", ""generic2"": ""True"", ""sb"": ""NO""}",0.5843181670061313,0.6123429579893127,198,ExitStatus.OPTIMAL,False,False,0.6123429579893127
2025-06-09T12:10:12.158753,Hsp-aux-10405_c23.xml,"{""input"": ""tests/xcsp3/cop/UNKNOWN/Hsp-aux-10405_c23.xml"", ""solver"": ""xcsp:ACE@2.4"", ""output_dir"": ""results_comparison"", ""global_time_limit"": 600, ""max_tries"": 50, ""tuning_file"": ""tests/psa/ace.tuning.json"", ""hpo_strategy"": ""hamming"", ""global_time_strategy"": ""PERCENT"", ""percent"": 0.2, ""round_time_strategy"": ""STATIC"", ""time_evolution"": ""STATIC"", ""stop_strategy"": ""TIMEOUT""}",171,"{""varh"": ""Wdeg"", ""valh"": ""First"", ""saf"": ""True"", ""pc1"": ""True"", ""bdc"": ""10"", ""toh"": ""True"", ""ng"": ""NO"", ""lc"": ""5"", ""negative"": ""STR1"", ""generic2"": ""True"", ""sb"": ""NO""}",0.5843181670061313,0.6035714160534553,198,ExitStatus.OPTIMAL,False,False,0.6035714160534553
2025-06-09T12:10:12.844966,Hsp-aux-10405_c23.xml,"{""input"": ""tests/xcsp3/cop/UNKNOWN/Hsp-aux-10405_c23.xml"", ""solver"": ""xcsp:ACE@2.4"", ""output_dir"": ""results_comparison"", ""global_time_limit"": 600, ""max_tries"": 50, ""tuning_file"": ""tests/psa/ace.tuning.json"", ""hpo_strategy"": ""hamming"", ""global_time_strategy"": ""PERCENT"", ""percent"": 0.2, ""round_time_strategy"": ""STATIC"", ""time_evolution"": ""STATIC"", ""stop_strategy"": ""TIMEOUT""}",172,"{""varh"": ""Wdeg"", ""valh"": ""RunRobin"", ""saf"": ""True"", ""pc1"": ""True"", ""bdc"": ""1"", ""toh"": ""True"", ""ng"": ""NO"", ""lc"": ""5"", ""negative"": ""STR2N"", ""generic2"": ""True"", ""sb"": ""NO""}",0.5843181670061313,0.6091823749593459,198,ExitStatus.OPTIMAL,False,False,0.6091823749593459
2025-06-09T12:10:14.331684,Hsp-aux-10405_c23.xml,"{""input"": ""tests/xcsp3/cop/UNKNOWN/Hsp-aux-10405_c23.xml"", ""solver"": ""xcsp:ACE@2.4"", ""output_dir"": ""results_comparison"", ""global_time_limit"": 600, ""max_tries"": 50, ""tuning_file"": ""tests/psa/ace.tuning.json"", ""hpo_strategy"": ""hamming"", ""global_time_strategy"": ""PERCENT"", ""percent"": 0.2, ""round_time_strategy"": ""STATIC"", ""time_evolution"": ""STATIC"", ""stop_strategy"": ""TIMEOUT""}",173,"{""varh"": ""Activity"", ""valh"": ""Vals"", ""saf"": ""True"", ""pc1"": ""True"", ""bdc"": ""1"", ""toh"": ""True"", ""ng"": ""NO"", ""lc"": ""5"", ""negative"": ""STR2"", ""generic2"": ""True"", ""sb"": ""NO""}",0.5843181670061313,1.410870541993063,232,ExitStatus.FEASIBLE,False,False,1.410870541993063
2025-06-09T12:10:15.771028,Hsp-aux-10405_c23.xml,"{""input"": ""tests/xcsp3/cop/UNKNOWN/Hsp-aux-10405_c23.xml"", ""solver"": ""xcsp:ACE@2.4"", ""output_dir"": ""results_comparison"", ""global_time_limit"": 600, ""max_tries"": 50, ""tuning_file"": ""tests/psa/ace.tuning.json"", ""hpo_strategy"": ""hamming"", ""global_time_strategy"": ""PERCENT"", ""percent"": 0.2, ""round_time_strategy"": ""STATIC"", ""time_evolution"": ""STATIC"", ""stop_strategy"": ""TIMEOUT""}",174,"{""varh"": ""Impact"", ""valh"": ""First"", ""saf"": ""False"", ""pc1"": ""True"", ""bdc"": ""1"", ""toh"": ""True"", ""ng"": ""NO"", ""lc"": ""5"", ""negative"": ""STR2"", ""generic2"": ""True"", ""sb"": ""NO""}",0.5843181670061313,1.363225125009194,,ExitStatus.UNKNOWN,False,False,1.363225125009194
2025-06-09T12:10:16.543991,Hsp-aux-10405_c23.xml,"{""input"": ""tests/xcsp3/cop/UNKNOWN/Hsp-aux-10405_c23.xml"", ""solver"": ""xcsp:ACE@2.4"", ""output_dir"": ""results_comparison"", ""global_time_limit"": 600, ""max_tries"": 50, ""tuning_file"": ""tests/psa/ace.tuning.json"", ""hpo_strategy"": ""hamming"", ""global_time_strategy"": ""PERCENT"", ""percent"": 0.2, ""round_time_strategy"": ""STATIC"", ""time_evolution"": ""STATIC"", ""stop_strategy"": ""TIMEOUT""}",175,"{""varh"": ""FrbaOnDom"", ""valh"": ""First"", ""saf"": ""True"", ""pc1"": ""True"", ""bdc"": ""1"", ""toh"": ""True"", ""ng"": ""NO"", ""lc"": ""5"", ""negative"": ""V"", ""generic2"": ""True"", ""sb"": ""NO""}",0.5843181670061313,0.6954071669606492,198,ExitStatus.OPTIMAL,False,False,0.6954071669606492
2025-06-09T12:10:17.312430,Hsp-aux-10405_c23.xml,"{""input"": ""tests/xcsp3/cop/UNKNOWN/Hsp-aux-10405_c23.xml"", ""solver"": ""xcsp:ACE@2.4"", ""output_dir"": ""results_comparison"", ""global_time_limit"": 600, ""max_tries"": 50, ""tuning_file"": ""tests/psa/ace.tuning.json"", ""hpo_strategy"": ""hamming"", ""global_time_strategy"": ""PERCENT"", ""percent"": 0.2, ""round_time_strategy"": ""STATIC"", ""time_evolution"": ""STATIC"", ""stop_strategy"": ""TIMEOUT""}",176,"{""varh"": ""Wdeg"", ""valh"": ""First"", ""saf"": ""True"", ""pc1"": ""True"", ""bdc"": ""1"", ""toh"": ""True"", ""ng"": ""NO"", ""lc"": ""1"", ""negative"": ""STR0"", ""generic2"": ""True"", ""sb"": ""NO""}",0.5843181670061313,0.6802940830239095,198,ExitStatus.OPTIMAL,False,False,0.6802940830239095
2025-06-09T12:10:18.792526,Hsp-aux-10405_c23.xml,"{""input"": ""tests/xcsp3/cop/UNKNOWN/Hsp-aux-10405_c23.xml"", ""solver"": ""xcsp:ACE@2.4"", ""output_dir"": ""results_comparison"", ""global_time_limit"": 600, ""max_tries"": 50, ""tuning_file"": ""tests/psa/ace.tuning.json"", ""hpo_strategy"": ""hamming"", ""global_time_strategy"": ""PERCENT"", ""percent"": 0.2, ""round_time_strategy"": ""STATIC"", ""time_evolution"": ""STATIC"", ""stop_strategy"": ""TIMEOUT""}",177,"{""varh"": ""Impact"", ""valh"": ""First"", ""saf"": ""True"", ""pc1"": ""True"", ""bdc"": ""1"", ""toh"": ""False"", ""ng"": ""NO"", ""lc"": ""5"", ""negative"": ""STR2"", ""generic2"": ""True"", ""sb"": ""NO""}",0.5843181670061313,1.3946354169747792,,ExitStatus.UNKNOWN,False,False,1.3946354169747792
2025-06-09T12:10:19.565068,Hsp-aux-10405_c23.xml,"{""input"": ""tests/xcsp3/cop/UNKNOWN/Hsp-aux-10405_c23.xml"", ""solver"": ""xcsp:ACE@2.4"", ""output_dir"": ""results_comparison"", ""global_time_limit"": 600, ""max_tries"": 50, ""tuning_file"": ""tests/psa/ace.tuning.json"", ""hpo_strategy"": ""hamming"", ""global_time_strategy"": ""PERCENT"", ""percent"": 0.2, ""round_time_strategy"": ""STATIC"", ""time_evolution"": ""STATIC"", ""stop_strategy"": ""TIMEOUT""}",178,"{""varh"": ""WdegOnDom"", ""valh"": ""OccsR"", ""saf"": ""True"", ""pc1"": ""True"", ""bdc"": ""1"", ""toh"": ""True"", ""ng"": ""NO"", ""lc"": ""5"", ""negative"": ""STR2"", ""generic2"": ""True"", ""sb"": ""NO""}",0.5843181670061313,0.6594077909830958,198,ExitStatus.OPTIMAL,False,False,0.6594077909830958
2025-06-09T12:10:20.293503,Hsp-aux-10405_c23.xml,"{""input"": ""tests/xcsp3/cop/UNKNOWN/Hsp-aux-10405_c23.xml"", ""solver"": ""xcsp:ACE@2.4"", ""output_dir"": ""results_comparison"", ""global_time_limit"": 600, ""max_tries"": 50, ""tuning_file"": ""tests/psa/ace.tuning.json"", ""hpo_strategy"": ""hamming"", ""global_time_strategy"": ""PERCENT"", ""percent"": 0.2, ""round_time_strategy"": ""STATIC"", ""time_evolution"": ""STATIC"", ""stop_strategy"": ""TIMEOUT""}",179,"{""varh"": ""Wdeg"", ""valh"": ""FlrsE"", ""saf"": ""True"", ""pc1"": ""True"", ""bdc"": ""1"", ""toh"": ""False"", ""ng"": ""NO"", ""lc"": ""5"", ""negative"": ""STR2"", ""generic2"": ""True"", ""sb"": ""NO""}",0.5843181670061313,0.6456077090115286,198,ExitStatus.OPTIMAL,False,False,0.6456077090115286
2025-06-09T12:10:20.976133,Hsp-aux-10405_c23.xml,"{""input"": ""tests/xcsp3/cop/UNKNOWN/Hsp-aux-10405_c23.xml"", ""solver"": ""xcsp:ACE@2.4"", ""output_dir"": ""results_comparison"", ""global_time_limit"": 600, ""max_tries"": 50, ""tuning_file"": ""tests/psa/ace.tuning.json"", ""hpo_strategy"": ""hamming"", ""global_time_strategy"": ""PERCENT"", ""percent"": 0.2, ""round_time_strategy"": ""STATIC"", ""time_evolution"": ""STATIC"", ""stop_strategy"": ""TIMEOUT""}",180,"{""varh"": ""Wdeg"", ""valh"": ""First"", ""saf"": ""True"", ""pc1"": ""False"", ""bdc"": ""1000"", ""toh"": ""True"", ""ng"": ""NO"", ""lc"": ""5"", ""negative"": ""STR2"", ""generic2"": ""True"", ""sb"": ""NO""}",0.5843181670061313,0.5985315419966355,,ExitStatus.UNKNOWN,False,False,0.5985315419966355
2025-06-09T12:10:22.442010,Hsp-aux-10405_c23.xml,"{""input"": ""tests/xcsp3/cop/UNKNOWN/Hsp-aux-10405_c23.xml"", ""solver"": ""xcsp:ACE@2.4"", ""output_dir"": ""results_comparison"", ""global_time_limit"": 600, ""max_tries"": 50, ""tuning_file"": ""tests/psa/ace.tuning.json"", ""hpo_strategy"": ""hamming"", ""global_time_strategy"": ""PERCENT"", ""percent"": 0.2, ""round_time_strategy"": ""STATIC"", ""time_evolution"": ""STATIC"", ""stop_strategy"": ""TIMEOUT""}",181,"{""varh"": ""Impact"", ""valh"": ""First"", ""saf"": ""True"", ""pc1"": ""True"", ""bdc"": ""1"", ""toh"": ""True"", ""ng"": ""NO"", ""lc"": ""5"", ""negative"": ""STR1N"", ""generic2"": ""True"", ""sb"": ""NO""}",0.5843181670061313,1.3818215840146877,,ExitStatus.UNKNOWN,False,False,1.3818215840146877
2025-06-09T12:10:23.234801,Hsp-aux-10405_c23.xml,"{""input"": ""tests/xcsp3/cop/UNKNOWN/Hsp-aux-10405_c23.xml"", ""solver"": ""xcsp:ACE@2.4"", ""output_dir"": ""results_comparison"", ""global_time_limit"": 600, ""max_tries"": 50, ""tuning_file"": ""tests/psa/ace.tuning.json"", ""hpo_strategy"": ""hamming"", ""global_time_strategy"": ""PERCENT"", ""percent"": 0.2, ""round_time_strategy"": ""STATIC"", ""time_evolution"": ""STATIC"", ""stop_strategy"": ""TIMEOUT""}",182,"{""varh"": ""Wdeg"", ""valh"": ""OccsR"", ""saf"": ""True"", ""pc1"": ""False"", ""bdc"": ""1"", ""toh"": ""True"", ""ng"": ""NO"", ""lc"": ""5"", ""negative"": ""STR2"", ""generic2"": ""True"", ""sb"": ""NO""}",0.5843181670061313,0.7043622079654597,198,ExitStatus.OPTIMAL,False,False,0.7043622079654597
2025-06-09T12:10:23.971180,Hsp-aux-10405_c23.xml,"{""input"": ""tests/xcsp3/cop/UNKNOWN/Hsp-aux-10405_c23.xml"", ""solver"": ""xcsp:ACE@2.4"", ""output_dir"": ""results_comparison"", ""global_time_limit"": 600, ""max_tries"": 50, ""tuning_file"": ""tests/psa/ace.tuning.json"", ""hpo_strategy"": ""hamming"", ""global_time_strategy"": ""PERCENT"", ""percent"": 0.2, ""round_time_strategy"": ""STATIC"", ""time_evolution"": ""STATIC"", ""stop_strategy"": ""TIMEOUT""}",183,"{""varh"": ""Memory"", ""valh"": ""First"", ""saf"": ""True"", ""pc1"": ""True"", ""bdc"": ""10"", ""toh"": ""True"", ""ng"": ""NO"", ""lc"": ""5"", ""negative"": ""STR2"", ""generic2"": ""True"", ""sb"": ""NO""}",0.5843181670061313,0.6471974159940146,198,ExitStatus.OPTIMAL,False,False,0.6471974159940146
2025-06-09T12:10:24.766560,Hsp-aux-10405_c23.xml,"{""input"": ""tests/xcsp3/cop/UNKNOWN/Hsp-aux-10405_c23.xml"", ""solver"": ""xcsp:ACE@2.4"", ""output_dir"": ""results_comparison"", ""global_time_limit"": 600, ""max_tries"": 50, ""tuning_file"": ""tests/psa/ace.tuning.json"", ""hpo_strategy"": ""hamming"", ""global_time_strategy"": ""PERCENT"", ""percent"": 0.2, ""round_time_strategy"": ""STATIC"", ""time_evolution"": ""STATIC"", ""stop_strategy"": ""TIMEOUT""}",184,"{""varh"": ""RunRobin"", ""valh"": ""First"", ""saf"": ""True"", ""pc1"": ""True"", ""bdc"": ""1"", ""toh"": ""True"", ""ng"": ""NO"", ""lc"": ""5"", ""negative"": ""STR1"", ""generic2"": ""True"", ""sb"": ""NO""}",0.5843181670061313,0.710367584018968,198,ExitStatus.OPTIMAL,False,False,0.710367584018968
2025-06-09T12:10:25.559696,Hsp-aux-10405_c23.xml,"{""input"": ""tests/xcsp3/cop/UNKNOWN/Hsp-aux-10405_c23.xml"", ""solver"": ""xcsp:ACE@2.4"", ""output_dir"": ""results_comparison"", ""global_time_limit"": 600, ""max_tries"": 50, ""tuning_file"": ""tests/psa/ace.tuning.json"", ""hpo_strategy"": ""hamming"", ""global_time_strategy"": ""PERCENT"", ""percent"": 0.2, ""round_time_strategy"": ""STATIC"", ""time_evolution"": ""STATIC"", ""stop_strategy"": ""TIMEOUT""}",185,"{""varh"": ""Wdeg"", ""valh"": ""First"", ""saf"": ""True"", ""pc1"": ""True"", ""bdc"": ""1"", ""toh"": ""True"", ""ng"": ""NO"", ""lc"": ""1"", ""negative"": ""STR1"", ""generic2"": ""True"", ""sb"": ""NO""}",0.5843181670061313,0.7126272090245038,198,ExitStatus.OPTIMAL,False,False,0.7126272090245038
2025-06-09T12:10:26.239967,Hsp-aux-10405_c23.xml,"{""input"": ""tests/xcsp3/cop/UNKNOWN/Hsp-aux-10405_c23.xml"", ""solver"": ""xcsp:ACE@2.4"", ""output_dir"": ""results_comparison"", ""global_time_limit"": 600, ""max_tries"": 50, ""tuning_file"": ""tests/psa/ace.tuning.json"", ""hpo_strategy"": ""hamming"", ""global_time_strategy"": ""PERCENT"", ""percent"": 0.2, ""round_time_strategy"": ""STATIC"", ""time_evolution"": ""STATIC"", ""stop_strategy"": ""TIMEOUT""}",186,"{""varh"": ""Wdeg"", ""valh"": ""First"", ""saf"": ""True"", ""pc1"": ""True"", ""bdc"": ""100"", ""toh"": ""True"", ""ng"": ""NO"", ""lc"": ""5"", ""negative"": ""STR1"", ""generic2"": ""True"", ""sb"": ""NO""}",0.5843181670061313,0.6011622499790974,,ExitStatus.UNKNOWN,False,False,0.6011622499790974
2025-06-09T12:10:27.009792,Hsp-aux-10405_c23.xml,"{""input"": ""tests/xcsp3/cop/UNKNOWN/Hsp-aux-10405_c23.xml"", ""solver"": ""xcsp:ACE@2.4"", ""output_dir"": ""results_comparison"", ""global_time_limit"": 600, ""max_tries"": 50, ""tuning_file"": ""tests/psa/ace.tuning.json"", ""hpo_strategy"": ""hamming"", ""global_time_strategy"": ""PERCENT"", ""percent"": 0.2, ""round_time_strategy"": ""STATIC"", ""time_evolution"": ""STATIC"", ""stop_strategy"": ""TIMEOUT""}",187,"{""varh"": ""Memory"", ""valh"": ""First"", ""saf"": ""True"", ""pc1"": ""True"", ""bdc"": ""1"", ""toh"": ""True"", ""ng"": ""NO"", ""lc"": ""5"", ""negative"": ""V"", ""generic2"": ""True"", ""sb"": ""NO""}",0.5843181670061313,0.6895556669915095,198,ExitStatus.OPTIMAL,False,False,0.6895556669915095
2025-06-09T12:10:28.487045,Hsp-aux-10405_c23.xml,"{""input"": ""tests/xcsp3/cop/UNKNOWN/Hsp-aux-10405_c23.xml"", ""solver"": ""xcsp:ACE@2.4"", ""output_dir"": ""results_comparison"", ""global_time_limit"": 600, ""max_tries"": 50, ""tuning_file"": ""tests/psa/ace.tuning.json"", ""hpo_strategy"": ""hamming"", ""global_time_strategy"": ""PERCENT"", ""percent"": 0.2, ""round_time_strategy"": ""STATIC"", ""time_evolution"": ""STATIC"", ""stop_strategy"": ""TIMEOUT""}",188,"{""varh"": ""Lexico"", ""valh"": ""RunRobin"", ""saf"": ""True"", ""pc1"": ""True"", ""bdc"": ""1"", ""toh"": ""True"", ""ng"": ""NO"", ""lc"": ""5"", ""negative"": ""STR2"", ""generic2"": ""True"", ""sb"": ""NO""}",0.5843181670061313,1.391636416024994,287,ExitStatus.FEASIBLE,False,False,1.391636416024994
2025-06-09T12:10:29.255683,Hsp-aux-10405_c23.xml,"{""input"": ""tests/xcsp3/cop/UNKNOWN/Hsp-aux-10405_c23.xml"", ""solver"": ""xcsp:ACE@2.4"", ""output_dir"": ""results_comparison"", ""global_time_limit"": 600, ""max_tries"": 50, ""tuning_file"": ""tests/psa/ace.tuning.json"", ""hpo_strategy"": ""hamming"", ""global_time_strategy"": ""PERCENT"", ""percent"": 0.2, ""round_time_strategy"": ""STATIC"", ""time_evolution"": ""STATIC"", ""stop_strategy"": ""TIMEOUT""}",189,"{""varh"": ""Wdeg"", ""valh"": ""First"", ""saf"": ""True"", ""pc1"": ""False"", ""bdc"": ""1"", ""toh"": ""True"", ""ng"": ""NO"", ""lc"": ""5"", ""negative"": ""STR2N"", ""generic2"": ""True"", ""sb"": ""NO""}",0.5843181670061313,0.6828110420028679,198,ExitStatus.OPTIMAL,False,False,0.6828110420028679
2025-06-09T12:10:30.005628,Hsp-aux-10405_c23.xml,"{""input"": ""tests/xcsp3/cop/UNKNOWN/Hsp-aux-10405_c23.xml"", ""solver"": ""xcsp:ACE@2.4"", ""output_dir"": ""results_comparison"", ""global_time_limit"": 600, ""max_tries"": 50, ""tuning_file"": ""tests/psa/ace.tuning.json"", ""hpo_strategy"": ""hamming"", ""global_time_strategy"": ""PERCENT"", ""percent"": 0.2, ""round_time_strategy"": ""STATIC"", ""time_evolution"": ""STATIC"", ""stop_strategy"": ""TIMEOUT""}",190,"{""varh"": ""Wdeg"", ""valh"": ""First"", ""saf"": ""True"", ""pc1"": ""True"", ""bdc"": ""1"", ""toh"": ""False"", ""ng"": ""NO"", ""lc"": ""5"", ""negative"": ""STR0"", ""generic2"": ""True"", ""sb"": ""NO""}",0.5843181670061313,0.6576792499981821,198,ExitStatus.OPTIMAL,False,False,0.6576792499981821
2025-06-09T12:10:30.841305,Hsp-aux-10405_c23.xml,"{""input"": ""tests/xcsp3/cop/UNKNOWN/Hsp-aux-10405_c23.xml"", ""solver"": ""xcsp:ACE@2.4"", ""output_dir"": ""results_comparison"", ""global_time_limit"": 600, ""max_tries"": 50, ""tuning_file"": ""tests/psa/ace.tuning.json"", ""hpo_strategy"": ""hamming"", ""global_time_strategy"": ""PERCENT"", ""percent"": 0.2, ""round_time_strategy"": ""STATIC"", ""time_evolution"": ""STATIC"", ""stop_strategy"": ""TIMEOUT""}",191,"{""varh"": ""Memory"", ""valh"": ""Bivs3"", ""saf"": ""True"", ""pc1"": ""True"", ""bdc"": ""1"", ""toh"": ""True"", ""ng"": ""NO"", ""lc"": ""5"", ""negative"": ""STR2"", ""generic2"": ""True"", ""sb"": ""NO""}",0.5843181670061313,0.7496121249860153,198,ExitStatus.OPTIMAL,False,False,0.7496121249860153
2025-06-09T12:10:31.573832,Hsp-aux-10405_c23.xml,"{""input"": ""tests/xcsp3/cop/UNKNOWN/Hsp-aux-10405_c23.xml"", ""solver"": ""xcsp:ACE@2.4"", ""output_dir"": ""results_comparison"", ""global_time_limit"": 600, ""max_tries"": 50, ""tuning_file"": ""tests/psa/ace.tuning.json"", ""hpo_strategy"": ""hamming"", ""global_time_strategy"": ""PERCENT"", ""percent"": 0.2, ""round_time_strategy"": ""STATIC"", ""time_evolution"": ""STATIC"", ""stop_strategy"": ""TIMEOUT""}",192,"{""varh"": ""Wdeg"", ""valh"": ""First"", ""saf"": ""True"", ""pc1"": ""True"", ""bdc"": ""10"", ""toh"": ""True"", ""ng"": ""NO"", ""lc"": ""5"", ""negative"": ""V"", ""generic2"": ""True"", ""sb"": ""NO""}",0.5843181670061313,0.64704133302439,198,ExitStatus.OPTIMAL,False,False,0.64704133302439
2025-06-09T12:10:32.528494,Hsp-aux-10405_c23.xml,"{""input"": ""tests/xcsp3/cop/UNKNOWN/Hsp-aux-10405_c23.xml"", ""solver"": ""xcsp:ACE@2.4"", ""output_dir"": ""results_comparison"", ""global_time_limit"": 600, ""max_tries"": 50, ""tuning_file"": ""tests/psa/ace.tuning.json"", ""hpo_strategy"": ""hamming"", ""global_time_strategy"": ""PERCENT"", ""percent"": 0.2, ""round_time_strategy"": ""STATIC"", ""time_evolution"": ""STATIC"", ""stop_strategy"": ""TIMEOUT""}",193,"{""varh"": ""Wdeg"", ""valh"": ""Median"", ""saf"": ""True"", ""pc1"": ""True"", ""bdc"": ""1"", ""toh"": ""True"", ""ng"": ""NO"", ""lc"": ""5"", ""negative"": ""STR1"", ""generic2"": ""True"", ""sb"": ""NO""}",0.5843181670061313,0.8693282500025816,198,ExitStatus.OPTIMAL,False,False,0.8693282500025816
2025-06-09T12:10:33.329677,Hsp-aux-10405_c23.xml,"{""input"": ""tests/xcsp3/cop/UNKNOWN/Hsp-aux-10405_c23.xml"", ""solver"": ""xcsp:ACE@2.4"", ""output_dir"": ""results_comparison"", ""global_time_limit"": 600, ""max_tries"": 50, ""tuning_file"": ""tests/psa/ace.tuning.json"", ""hpo_strategy"": ""hamming"", ""global_time_strategy"": ""PERCENT"", ""percent"": 0.2, ""round_time_strategy"": ""STATIC"", ""time_evolution"": ""STATIC"", ""stop_strategy"": ""TIMEOUT""}",194,"{""varh"": ""Wdeg"", ""valh"": ""FlrsE"", ""saf"": ""True"", ""pc1"": ""True"", ""bdc"": ""1"", ""toh"": ""True"", ""ng"": ""NO"", ""lc"": ""0"", ""negative"": ""STR2"", ""generic2"": ""True"", ""sb"": ""NO""}",0.5843181670061313,0.7094498749938793,198,ExitStatus.OPTIMAL,False,False,0.7094498749938793
2025-06-09T12:10:34.224313,Hsp-aux-10405_c23.xml,"{""input"": ""tests/xcsp3/cop/UNKNOWN/Hsp-aux-10405_c23.xml"", ""solver"": ""xcsp:ACE@2.4"", ""output_dir"": ""results_comparison"", ""global_time_limit"": 600, ""max_tries"": 50, ""tuning_file"": ""tests/psa/ace.tuning.json"", ""hpo_strategy"": ""hamming"", ""global_time_strategy"": ""PERCENT"", ""percent"": 0.2, ""round_time_strategy"": ""STATIC"", ""time_evolution"": ""STATIC"", ""stop_strategy"": ""TIMEOUT""}",195,"{""varh"": ""Wdeg"", ""valh"": ""Rand"", ""saf"": ""False"", ""pc1"": ""True"", ""bdc"": ""1"", ""toh"": ""True"", ""ng"": ""NO"", ""lc"": ""5"", ""negative"": ""STR2"", ""generic2"": ""True"", ""sb"": ""NO""}",0.5843181670061313,0.7960403329925612,198,ExitStatus.OPTIMAL,False,False,0.7960403329925612
2025-06-09T12:10:35.048925,Hsp-aux-10405_c23.xml,"{""input"": ""tests/xcsp3/cop/UNKNOWN/Hsp-aux-10405_c23.xml"", ""solver"": ""xcsp:ACE@2.4"", ""output_dir"": ""results_comparison"", ""global_time_limit"": 600, ""max_tries"": 50, ""tuning_file"": ""tests/psa/ace.tuning.json"", ""hpo_strategy"": ""hamming"", ""global_time_strategy"": ""PERCENT"", ""percent"": 0.2, ""round_time_strategy"": ""STATIC"", ""time_evolution"": ""STATIC"", ""stop_strategy"": ""TIMEOUT""}",196,"{""varh"": ""Wdeg"", ""valh"": ""RunRobin"", ""saf"": ""True"", ""pc1"": ""True"", ""bdc"": ""1"", ""toh"": ""True"", ""ng"": ""NO"", ""lc"": ""1"", ""negative"": ""STR2"", ""generic2"": ""True"", ""sb"": ""NO""}",0.5843181670061313,0.7219167499570176,198,ExitStatus.OPTIMAL,False,False,0.7219167499570176
2025-06-09T12:10:35.842717,Hsp-aux-10405_c23.xml,"{""input"": ""tests/xcsp3/cop/UNKNOWN/Hsp-aux-10405_c23.xml"", ""solver"": ""xcsp:ACE@2.4"", ""output_dir"": ""results_comparison"", ""global_time_limit"": 600, ""max_tries"": 50, ""tuning_file"": ""tests/psa/ace.tuning.json"", ""hpo_strategy"": ""hamming"", ""global_time_strategy"": ""PERCENT"", ""percent"": 0.2, ""round_time_strategy"": ""STATIC"", ""time_evolution"": ""STATIC"", ""stop_strategy"": ""TIMEOUT""}",197,"{""varh"": ""Wdeg"", ""valh"": ""First"", ""saf"": ""True"", ""pc1"": ""True"", ""bdc"": ""1"", ""toh"": ""True"", ""ng"": ""NO"", ""lc"": ""1"", ""negative"": ""STR3"", ""generic2"": ""True"", ""sb"": ""NO""}",0.5843181670061313,0.7106452910229564,198,ExitStatus.OPTIMAL,False,False,0.7106452910229564
2025-06-09T12:10:36.570060,Hsp-aux-10405_c23.xml,"{""input"": ""tests/xcsp3/cop/UNKNOWN/Hsp-aux-10405_c23.xml"", ""solver"": ""xcsp:ACE@2.4"", ""output_dir"": ""results_comparison"", ""global_time_limit"": 600, ""max_tries"": 50, ""tuning_file"": ""tests/psa/ace.tuning.json"", ""hpo_strategy"": ""hamming"", ""global_time_strategy"": ""PERCENT"", ""percent"": 0.2, ""round_time_strategy"": ""STATIC"", ""time_evolution"": ""STATIC"", ""stop_strategy"": ""TIMEOUT""}",198,"{""varh"": ""Memory"", ""valh"": ""First"", ""saf"": ""True"", ""pc1"": ""True"", ""bdc"": ""100"", ""toh"": ""True"", ""ng"": ""NO"", ""lc"": ""5"", ""negative"": ""STR2"", ""generic2"": ""True"", ""sb"": ""NO""}",0.5843181670061313,0.64241754100658,,ExitStatus.UNKNOWN,False,False,0.64241754100658
2025-06-09T12:10:37.422000,Hsp-aux-10405_c23.xml,"{""input"": ""tests/xcsp3/cop/UNKNOWN/Hsp-aux-10405_c23.xml"", ""solver"": ""xcsp:ACE@2.4"", ""output_dir"": ""results_comparison"", ""global_time_limit"": 600, ""max_tries"": 50, ""tuning_file"": ""tests/psa/ace.tuning.json"", ""hpo_strategy"": ""hamming"", ""global_time_strategy"": ""PERCENT"", ""percent"": 0.2, ""round_time_strategy"": ""STATIC"", ""time_evolution"": ""STATIC"", ""stop_strategy"": ""TIMEOUT""}",199,"{""varh"": ""RunRobin"", ""valh"": ""Vals"", ""saf"": ""True"", ""pc1"": ""True"", ""bdc"": ""1"", ""toh"": ""True"", ""ng"": ""NO"", ""lc"": ""5"", ""negative"": ""STR2"", ""generic2"": ""True"", ""sb"": ""NO""}",0.5843181670061313,0.7521448340266943,198,ExitStatus.OPTIMAL,False,False,0.7521448340266943
2025-06-09T12:10:38.222489,Hsp-aux-10405_c23.xml,"{""input"": ""tests/xcsp3/cop/UNKNOWN/Hsp-aux-10405_c23.xml"", ""solver"": ""xcsp:ACE@2.4"", ""output_dir"": ""results_comparison"", ""global_time_limit"": 600, ""max_tries"": 50, ""tuning_file"": ""tests/psa/ace.tuning.json"", ""hpo_strategy"": ""hamming"", ""global_time_strategy"": ""PERCENT"", ""percent"": 0.2, ""round_time_strategy"": ""STATIC"", ""time_evolution"": ""STATIC"", ""stop_strategy"": ""TIMEOUT""}",200,"{""varh"": ""Wdeg"", ""valh"": ""OccsR"", ""saf"": ""False"", ""pc1"": ""True"", ""bdc"": ""1"", ""toh"": ""True"", ""ng"": ""NO"", ""lc"": ""5"", ""negative"": ""STR2"", ""generic2"": ""True"", ""sb"": ""NO""}",0.5843181670061313,0.7036292919656262,198,ExitStatus.OPTIMAL,False,False,0.7036292919656262
2025-06-09T12:10:39.094806,Hsp-aux-10405_c23.xml,"{""input"": ""tests/xcsp3/cop/UNKNOWN/Hsp-aux-10405_c23.xml"", ""solver"": ""xcsp:ACE@2.4"", ""output_dir"": ""results_comparison"", ""global_time_limit"": 600, ""max_tries"": 50, ""tuning_file"": ""tests/psa/ace.tuning.json"", ""hpo_strategy"": ""hamming"", ""global_time_strategy"": ""PERCENT"", ""percent"": 0.2, ""round_time_strategy"": ""STATIC"", ""time_evolution"": ""STATIC"", ""stop_strategy"": ""TIMEOUT""}",201,"{""varh"": ""RunRobin"", ""valh"": ""First"", ""saf"": ""True"", ""pc1"": ""True"", ""bdc"": ""1"", ""toh"": ""True"", ""ng"": ""NO"", ""lc"": ""10"", ""negative"": ""STR2"", ""generic2"": ""True"", ""sb"": ""NO""}",0.5843181670061313,0.7910209589754231,198,ExitStatus.OPTIMAL,False,False,0.7910209589754231
2025-06-09T12:10:40.928294,Hsp-aux-10405_c23.xml,"{""input"": ""tests/xcsp3/cop/UNKNOWN/Hsp-aux-10405_c23.xml"", ""solver"": ""xcsp:ACE@2.4"", ""output_dir"": ""results_comparison"", ""global_time_limit"": 600, ""max_tries"": 50, ""tuning_file"": ""tests/psa/ace.tuning.json"", ""hpo_strategy"": ""hamming"", ""global_time_strategy"": ""PERCENT"", ""percent"": 0.2, ""round_time_strategy"": ""STATIC"", ""time_evolution"": ""STATIC"", ""stop_strategy"": ""TIMEOUT""}",202,"{""varh"": ""Wdeg"", ""valh"": ""Conflicts"", ""saf"": ""True"", ""pc1"": ""True"", ""bdc"": ""1"", ""toh"": ""True"", ""ng"": ""NO"", ""lc"": ""5"", ""negative"": ""VA"", ""generic2"": ""True"", ""sb"": ""NO""}",0.5843181670061313,1.7577724159928039,,ExitStatus.UNKNOWN,False,False,1.7577724159928039
2025-06-09T12:10:42.477212,Hsp-aux-10405_c23.xml,"{""input"": ""tests/xcsp3/cop/UNKNOWN/Hsp-aux-10405_c23.xml"", ""solver"": ""xcsp:ACE@2.4"", ""output_dir"": ""results_comparison"", ""global_time_limit"": 600, ""max_tries"": 50, ""tuning_file"": ""tests/psa/ace.tuning.json"", ""hpo_strategy"": ""hamming"", ""global_time_strategy"": ""PERCENT"", ""percent"": 0.2, ""round_time_strategy"": ""STATIC"", ""time_evolution"": ""STATIC"", ""stop_strategy"": ""TIMEOUT""}",203,"{""varh"": ""Rand"", ""valh"": ""First"", ""saf"": ""True"", ""pc1"": ""True"", ""bdc"": ""1"", ""toh"": ""True"", ""ng"": ""NO"", ""lc"": ""2"", ""negative"": ""STR2"", ""generic2"": ""True"", ""sb"": ""NO""}",0.5843181670061313,1.4696305830148049,198,ExitStatus.FEASIBLE,False,False,1.4696305830148049
2025-06-09T12:10:43.325350,Hsp-aux-10405_c23.xml,"{""input"": ""tests/xcsp3/cop/UNKNOWN/Hsp-aux-10405_c23.xml"", ""solver"": ""xcsp:ACE@2.4"", ""output_dir"": ""results_comparison"", ""global_time_limit"": 600, ""max_tries"": 50, ""tuning_file"": ""tests/psa/ace.tuning.json"", ""hpo_strategy"": ""hamming"", ""global_time_strategy"": ""PERCENT"", ""percent"": 0.2, ""round_time_strategy"": ""STATIC"", ""time_evolution"": ""STATIC"", ""stop_strategy"": ""TIMEOUT""}",204,"{""varh"": ""Wdeg"", ""valh"": ""Rand"", ""saf"": ""True"", ""pc1"": ""True"", ""bdc"": ""1"", ""toh"": ""True"", ""ng"": ""NO"", ""lc"": ""5"", ""negative"": ""STR2N"", ""generic2"": ""True"", ""sb"": ""NO""}",0.5843181670061313,0.774347041035071,198,ExitStatus.OPTIMAL,False,False,0.774347041035071
2025-06-09T12:10:44.093082,Hsp-aux-10405_c23.xml,"{""input"": ""tests/xcsp3/cop/UNKNOWN/Hsp-aux-10405_c23.xml"", ""solver"": ""xcsp:ACE@2.4"", ""output_dir"": ""results_comparison"", ""global_time_limit"": 600, ""max_tries"": 50, ""tuning_file"": ""tests/psa/ace.tuning.json"", ""hpo_strategy"": ""hamming"", ""global_time_strategy"": ""PERCENT"", ""percent"": 0.2, ""round_time_strategy"": ""STATIC"", ""time_evolution"": ""STATIC"", ""stop_strategy"": ""TIMEOUT""}",205,"{""varh"": ""Memory"", ""valh"": ""First"", ""saf"": ""True"", ""pc1"": ""True"", ""bdc"": ""1"", ""toh"": ""False"", ""ng"": ""NO"", ""lc"": ""5"", ""negative"": ""STR2"", ""generic2"": ""True"", ""sb"": ""NO""}",0.5843181670061313,0.6880269160028547,198,ExitStatus.OPTIMAL,False,False,0.6880269160028547
2025-06-09T12:10:45.194104,Hsp-aux-10405_c23.xml,"{""input"": ""tests/xcsp3/cop/UNKNOWN/Hsp-aux-10405_c23.xml"", ""solver"": ""xcsp:ACE@2.4"", ""output_dir"": ""results_comparison"", ""global_time_limit"": 600, ""max_tries"": 50, ""tuning_file"": ""tests/psa/ace.tuning.json"", ""hpo_strategy"": ""hamming"", ""global_time_strategy"": ""PERCENT"", ""percent"": 0.2, ""round_time_strategy"": ""STATIC"", ""time_evolution"": ""STATIC"", ""stop_strategy"": ""TIMEOUT""}",206,"{""varh"": ""Wdeg"", ""valh"": ""Vals"", ""saf"": ""True"", ""pc1"": ""True"", ""bdc"": ""1"", ""toh"": ""True"", ""ng"": ""NO"", ""lc"": ""5"", ""negative"": ""STR1N"", ""generic2"": ""True"", ""sb"": ""NO""}",0.5843181670061313,1.018759292026516,198,ExitStatus.OPTIMAL,False,False,1.018759292026516
2025-06-09T12:10:46.926493,Hsp-aux-10405_c23.xml,"{""input"": ""tests/xcsp3/cop/UNKNOWN/Hsp-aux-10405_c23.xml"", ""solver"": ""xcsp:ACE@2.4"", ""output_dir"": ""results_comparison"", ""global_time_limit"": 600, ""max_tries"": 50, ""tuning_file"": ""tests/psa/ace.tuning.json"", ""hpo_strategy"": ""hamming"", ""global_time_strategy"": ""PERCENT"", ""percent"": 0.2, ""round_time_strategy"": ""STATIC"", ""time_evolution"": ""STATIC"", ""stop_strategy"": ""TIMEOUT""}",207,"{""varh"": ""Lexico"", ""valh"": ""First"", ""saf"": ""True"", ""pc1"": ""True"", ""bdc"": ""1"", ""toh"": ""True"", ""ng"": ""NO"", ""lc"": ""1"", ""negative"": ""STR2"", ""generic2"": ""True"", ""sb"": ""NO""}",0.5843181670061313,1.6152186250546947,,ExitStatus.UNKNOWN,False,False,1.6152186250546947
2025-06-09T12:10:47.789103,Hsp-aux-10405_c23.xml,"{""input"": ""tests/xcsp3/cop/UNKNOWN/Hsp-aux-10405_c23.xml"", ""solver"": ""xcsp:ACE@2.4"", ""output_dir"": ""results_comparison"", ""global_time_limit"": 600, ""max_tries"": 50, ""tuning_file"": ""tests/psa/ace.tuning.json"", ""hpo_strategy"": ""hamming"", ""global_time_strategy"": ""PERCENT"", ""percent"": 0.2, ""round_time_strategy"": ""STATIC"", ""time_evolution"": ""STATIC"", ""stop_strategy"": ""TIMEOUT""}",208,"{""varh"": ""PickOnDom"", ""valh"": ""First"", ""saf"": ""True"", ""pc1"": ""True"", ""bdc"": ""1"", ""toh"": ""True"", ""ng"": ""NO"", ""lc"": ""10"", ""negative"": ""STR2"", ""generic2"": ""True"", ""sb"": ""NO""}",0.5843181670061313,0.7808901669923216,198,ExitStatus.OPTIMAL,False,False,0.7808901669923216
2025-06-09T12:10:48.593480,Hsp-aux-10405_c23.xml,"{""input"": ""tests/xcsp3/cop/UNKNOWN/Hsp-aux-10405_c23.xml"", ""solver"": ""xcsp:ACE@2.4"", ""output_dir"": ""results_comparison"", ""global_time_limit"": 600, ""max_tries"": 50, ""tuning_file"": ""tests/psa/ace.tuning.json"", ""hpo_strategy"": ""hamming"", ""global_time_strategy"": ""PERCENT"", ""percent"": 0.2, ""round_time_strategy"": ""STATIC"", ""time_evolution"": ""STATIC"", ""stop_strategy"": ""TIMEOUT""}",209,"{""varh"": ""Wdeg"", ""valh"": ""First"", ""saf"": ""True"", ""pc1"": ""True"", ""bdc"": ""1000"", ""toh"": ""True"", ""ng"": ""NO"", ""lc"": ""5"", ""negative"": ""STR0"", ""generic2"": ""True"", ""sb"": ""NO""}",0.5843181670061313,0.7024286669911817,,ExitStatus.UNKNOWN,False,False,0.7024286669911817
2025-06-09T12:10:49.406161,Hsp-aux-10405_c23.xml,"{""input"": ""tests/xcsp3/cop/UNKNOWN/Hsp-aux-10405_c23.xml"", ""solver"": ""xcsp:ACE@2.4"", ""output_dir"": ""results_comparison"", ""global_time_limit"": 600, ""max_tries"": 50, ""tuning_file"": ""tests/psa/ace.tuning.json"", ""hpo_strategy"": ""hamming"", ""global_time_strategy"": ""PERCENT"", ""percent"": 0.2, ""round_time_strategy"": ""STATIC"", ""time_evolution"": ""STATIC"", ""stop_strategy"": ""TIMEOUT""}",210,"{""varh"": ""Wdeg"", ""valh"": ""First"", ""saf"": ""True"", ""pc1"": ""True"", ""bdc"": ""10"", ""toh"": ""True"", ""ng"": ""NO"", ""lc"": ""5"", ""negative"": ""STR0"", ""generic2"": ""True"", ""sb"": ""NO""}",0.5843181670061313,0.7177546250168234,198,ExitStatus.OPTIMAL,False,False,0.7177546250168234
2025-06-09T12:10:50.241666,Hsp-aux-10405_c23.xml,"{""input"": ""tests/xcsp3/cop/UNKNOWN/Hsp-aux-10405_c23.xml"", ""solver"": ""xcsp:ACE@2.4"", ""output_dir"": ""results_comparison"", ""global_time_limit"": 600, ""max_tries"": 50, ""tuning_file"": ""tests/psa/ace.tuning.json"", ""hpo_strategy"": ""hamming"", ""global_time_strategy"": ""PERCENT"", ""percent"": 0.2, ""round_time_strategy"": ""STATIC"", ""time_evolution"": ""STATIC"", ""stop_strategy"": ""TIMEOUT""}",211,"{""varh"": ""Wdeg"", ""valh"": ""First"", ""saf"": ""True"", ""pc1"": ""True"", ""bdc"": ""1"", ""toh"": ""True"", ""ng"": ""NO"", ""lc"": ""0"", ""negative"": ""STR1N"", ""generic2"": ""True"", ""sb"": ""NO""}",0.5843181670061313,0.7476172920432873,198,ExitStatus.OPTIMAL,False,False,0.7476172920432873
2025-06-09T12:10:51.054123,Hsp-aux-10405_c23.xml,"{""input"": ""tests/xcsp3/cop/UNKNOWN/Hsp-aux-10405_c23.xml"", ""solver"": ""xcsp:ACE@2.4"", ""output_dir"": ""results_comparison"", ""global_time_limit"": 600, ""max_tries"": 50, ""tuning_file"": ""tests/psa/ace.tuning.json"", ""hpo_strategy"": ""hamming"", ""global_time_strategy"": ""PERCENT"", ""percent"": 0.2, ""round_time_strategy"": ""STATIC"", ""time_evolution"": ""STATIC"", ""stop_strategy"": ""TIMEOUT""}",212,"{""varh"": ""FrbaOnDom"", ""valh"": ""First"", ""saf"": ""True"", ""pc1"": ""True"", ""bdc"": ""1"", ""toh"": ""True"", ""ng"": ""NO"", ""lc"": ""5"", ""negative"": ""STR1"", ""generic2"": ""True"", ""sb"": ""NO""}",0.5843181670061313,0.7242373329936527,198,ExitStatus.OPTIMAL,False,False,0.7242373329936527
2025-06-09T12:10:51.770624,Hsp-aux-10405_c23.xml,"{""input"": ""tests/xcsp3/cop/UNKNOWN/Hsp-aux-10405_c23.xml"", ""solver"": ""xcsp:ACE@2.4"", ""output_dir"": ""results_comparison"", ""global_time_limit"": 600, ""max_tries"": 50, ""tuning_file"": ""tests/psa/ace.tuning.json"", ""hpo_strategy"": ""hamming"", ""global_time_strategy"": ""PERCENT"", ""percent"": 0.2, ""round_time_strategy"": ""STATIC"", ""time_evolution"": ""STATIC"", ""stop_strategy"": ""TIMEOUT""}",213,"{""varh"": ""Wdeg"", ""valh"": ""First"", ""saf"": ""True"", ""pc1"": ""True"", ""bdc"": ""100"", ""toh"": ""False"", ""ng"": ""NO"", ""lc"": ""5"", ""negative"": ""STR2"", ""generic2"": ""True"", ""sb"": ""NO""}",0.5843181670061313,0.6274285829858854,,ExitStatus.UNKNOWN,False,False,0.6274285829858854
2025-06-09T12:10:52.435750,Hsp-aux-10405_c23.xml,"{""input"": ""tests/xcsp3/cop/UNKNOWN/Hsp-aux-10405_c23.xml"", ""solver"": ""xcsp:ACE@2.4"", ""output_dir"": ""results_comparison"", ""global_time_limit"": 600, ""max_tries"": 50, ""tuning_file"": ""tests/psa/ace.tuning.json"", ""hpo_strategy"": ""hamming"", ""global_time_strategy"": ""PERCENT"", ""percent"": 0.2, ""round_time_strategy"": ""STATIC"", ""time_evolution"": ""STATIC"", ""stop_strategy"": ""TIMEOUT""}",214,"{""varh"": ""Wdeg"", ""valh"": ""First"", ""saf"": ""True"", ""pc1"": ""False"", ""bdc"": ""100"", ""toh"": ""True"", ""ng"": ""NO"", ""lc"": ""5"", ""negative"": ""STR2"", ""generic2"": ""True"", ""sb"": ""NO""}",0.5843181670061313,0.5825980000081472,,ExitStatus.UNKNOWN,False,False,0.5825980000081472
2025-06-09T12:10:53.889038,Hsp-aux-10405_c23.xml,"{""input"": ""tests/xcsp3/cop/UNKNOWN/Hsp-aux-10405_c23.xml"", ""solver"": ""xcsp:ACE@2.4"", ""output_dir"": ""results_comparison"", ""global_time_limit"": 600, ""max_tries"": 50, ""tuning_file"": ""tests/psa/ace.tuning.json"", ""hpo_strategy"": ""hamming"", ""global_time_strategy"": ""PERCENT"", ""percent"": 0.2, ""round_time_strategy"": ""STATIC"", ""time_evolution"": ""STATIC"", ""stop_strategy"": ""TIMEOUT""}",215,"{""varh"": ""Rand"", ""valh"": ""RunRobin"", ""saf"": ""True"", ""pc1"": ""True"", ""bdc"": ""1"", ""toh"": ""True"", ""ng"": ""NO"", ""lc"": ""5"", ""negative"": ""STR2"", ""generic2"": ""True"", ""sb"": ""NO""}",0.5843181670061313,1.3727334999712184,198,ExitStatus.FEASIBLE,False,False,1.3727334999712184
2025-06-09T12:10:55.345459,Hsp-aux-10405_c23.xml,"{""input"": ""tests/xcsp3/cop/UNKNOWN/Hsp-aux-10405_c23.xml"", ""solver"": ""xcsp:ACE@2.4"", ""output_dir"": ""results_comparison"", ""global_time_limit"": 600, ""max_tries"": 50, ""tuning_file"": ""tests/psa/ace.tuning.json"", ""hpo_strategy"": ""hamming"", ""global_time_strategy"": ""PERCENT"", ""percent"": 0.2, ""round_time_strategy"": ""STATIC"", ""time_evolution"": ""STATIC"", ""stop_strategy"": ""TIMEOUT""}",216,"{""varh"": ""Lexico"", ""valh"": ""First"", ""saf"": ""True"", ""pc1"": ""True"", ""bdc"": ""1"", ""toh"": ""True"", ""ng"": ""NO"", ""lc"": ""5"", ""negative"": ""CT"", ""generic2"": ""True"", ""sb"": ""NO""}",0.5843181670061313,1.374066667049192,,ExitStatus.UNKNOWN,False,False,1.374066667049192
2025-06-09T12:10:56.523678,Hsp-aux-10405_c23.xml,"{""input"": ""tests/xcsp3/cop/UNKNOWN/Hsp-aux-10405_c23.xml"", ""solver"": ""xcsp:ACE@2.4"", ""output_dir"": ""results_comparison"", ""global_time_limit"": 600, ""max_tries"": 50, ""tuning_file"": ""tests/psa/ace.tuning.json"", ""hpo_strategy"": ""hamming"", ""global_time_strategy"": ""PERCENT"", ""percent"": 0.2, ""round_time_strategy"": ""STATIC"", ""time_evolution"": ""STATIC"", ""stop_strategy"": ""TIMEOUT""}",217,"{""varh"": ""Wdeg"", ""valh"": ""Vals"", ""saf"": ""True"", ""pc1"": ""False"", ""bdc"": ""1"", ""toh"": ""True"", ""ng"": ""NO"", ""lc"": ""5"", ""negative"": ""STR2"", ""generic2"": ""True"", ""sb"": ""NO""}",0.5843181670061313,1.0938431660179049,198,ExitStatus.OPTIMAL,False,False,1.0938431660179049
2025-06-09T12:10:57.278085,Hsp-aux-10405_c23.xml,"{""input"": ""tests/xcsp3/cop/UNKNOWN/Hsp-aux-10405_c23.xml"", ""solver"": ""xcsp:ACE@2.4"", ""output_dir"": ""results_comparison"", ""global_time_limit"": 600, ""max_tries"": 50, ""tuning_file"": ""tests/psa/ace.tuning.json"", ""hpo_strategy"": ""hamming"", ""global_time_strategy"": ""PERCENT"", ""percent"": 0.2, ""round_time_strategy"": ""STATIC"", ""time_evolution"": ""STATIC"", ""stop_strategy"": ""TIMEOUT""}",218,"{""varh"": ""Wdeg"", ""valh"": ""OccsR"", ""saf"": ""True"", ""pc1"": ""True"", ""bdc"": ""1"", ""toh"": ""True"", ""ng"": ""NO"", ""lc"": ""0"", ""negative"": ""STR2"", ""generic2"": ""True"", ""sb"": ""NO""}",0.5843181670061313,0.6695201659458689,198,ExitStatus.OPTIMAL,False,False,0.6695201659458689
2025-06-09T12:10:59.188246,Hsp-aux-10405_c23.xml,"{""input"": ""tests/xcsp3/cop/UNKNOWN/Hsp-aux-10405_c23.xml"", ""solver"": ""xcsp:ACE@2.4"", ""output_dir"": ""results_comparison"", ""global_time_limit"": 600, ""max_tries"": 50, ""tuning_file"": ""tests/psa/ace.tuning.json"", ""hpo_strategy"": ""hamming"", ""global_time_strategy"": ""PERCENT"", ""percent"": 0.2, ""round_time_strategy"": ""STATIC"", ""time_evolution"": ""STATIC"", ""stop_strategy"": ""TIMEOUT""}",219,"{""varh"": ""RunRobin"", ""valh"": ""Conflicts"", ""saf"": ""True"", ""pc1"": ""True"", ""bdc"": ""1"", ""toh"": ""True"", ""ng"": ""NO"", ""lc"": ""5"", ""negative"": ""STR2"", ""generic2"": ""True"", ""sb"": ""NO""}",0.5843181670061313,1.8246107089798898,,ExitStatus.UNKNOWN,False,False,1.8246107089798898
2025-06-09T12:11:00.431139,Hsp-aux-10405_c23.xml,"{""input"": ""tests/xcsp3/cop/UNKNOWN/Hsp-aux-10405_c23.xml"", ""solver"": ""xcsp:ACE@2.4"", ""output_dir"": ""results_comparison"", ""global_time_limit"": 600, ""max_tries"": 50, ""tuning_file"": ""tests/psa/ace.tuning.json"", ""hpo_strategy"": ""hamming"", ""global_time_strategy"": ""PERCENT"", ""percent"": 0.2, ""round_time_strategy"": ""STATIC"", ""time_evolution"": ""STATIC"", ""stop_strategy"": ""TIMEOUT""}",220,"{""varh"": ""Wdeg"", ""valh"": ""Last"", ""saf"": ""True"", ""pc1"": ""True"", ""bdc"": ""1"", ""toh"": ""False"", ""ng"": ""NO"", ""lc"": ""5"", ""negative"": ""STR2"", ""generic2"": ""True"", ""sb"": ""NO""}",0.5843181670061313,1.0933118750108406,198,ExitStatus.OPTIMAL,False,False,1.0933118750108406
2025-06-09T12:11:01.183721,Hsp-aux-10405_c23.xml,"{""input"": ""tests/xcsp3/cop/UNKNOWN/Hsp-aux-10405_c23.xml"", ""solver"": ""xcsp:ACE@2.4"", ""output_dir"": ""results_comparison"", ""global_time_limit"": 600, ""max_tries"": 50, ""tuning_file"": ""tests/psa/ace.tuning.json"", ""hpo_strategy"": ""hamming"", ""global_time_strategy"": ""PERCENT"", ""percent"": 0.2, ""round_time_strategy"": ""STATIC"", ""time_evolution"": ""STATIC"", ""stop_strategy"": ""TIMEOUT""}",221,"{""varh"": ""FrbaOnDom"", ""valh"": ""First"", ""saf"": ""True"", ""pc1"": ""True"", ""bdc"": ""1"", ""toh"": ""True"", ""ng"": ""NO"", ""lc"": ""5"", ""negative"": ""STR3"", ""generic2"": ""True"", ""sb"": ""NO""}",0.5843181670061313,0.6660528340144083,198,ExitStatus.OPTIMAL,False,False,0.6660528340144083
2025-06-09T12:11:02.338249,Hsp-aux-10405_c23.xml,"{""input"": ""tests/xcsp3/cop/UNKNOWN/Hsp-aux-10405_c23.xml"", ""solver"": ""xcsp:ACE@2.4"", ""output_dir"": ""results_comparison"", ""global_time_limit"": 600, ""max_tries"": 50, ""tuning_file"": ""tests/psa/ace.tuning.json"", ""hpo_strategy"": ""hamming"", ""global_time_strategy"": ""PERCENT"", ""percent"": 0.2, ""round_time_strategy"": ""STATIC"", ""time_evolution"": ""STATIC"", ""stop_strategy"": ""TIMEOUT""}",222,"{""varh"": ""RunRobin"", ""valh"": ""Median"", ""saf"": ""True"", ""pc1"": ""True"", ""bdc"": ""1"", ""toh"": ""True"", ""ng"": ""NO"", ""lc"": ""5"", ""negative"": ""STR2"", ""generic2"": ""True"", ""sb"": ""NO""}",0.5843181670061313,1.0786629589856602,198,ExitStatus.OPTIMAL,False,False,1.0786629589856602
2025-06-09T12:11:03.067437,Hsp-aux-10405_c23.xml,"{""input"": ""tests/xcsp3/cop/UNKNOWN/Hsp-aux-10405_c23.xml"", ""solver"": ""xcsp:ACE@2.4"", ""output_dir"": ""results_comparison"", ""global_time_limit"": 600, ""max_tries"": 50, ""tuning_file"": ""tests/psa/ace.tuning.json"", ""hpo_strategy"": ""hamming"", ""global_time_strategy"": ""PERCENT"", ""percent"": 0.2, ""round_time_strategy"": ""STATIC"", ""time_evolution"": ""STATIC"", ""stop_strategy"": ""TIMEOUT""}",223,"{""varh"": ""Wdeg"", ""valh"": ""FlrsE"", ""saf"": ""True"", ""pc1"": ""True"", ""bdc"": ""1"", ""toh"": ""True"", ""ng"": ""NO"", ""lc"": ""5"", ""negative"": ""CT"", ""generic2"": ""True"", ""sb"": ""NO""}",0.5843181670061313,0.6482308330014348,198,ExitStatus.OPTIMAL,False,False,0.6482308330014348
2025-06-09T12:11:04.527079,Hsp-aux-10405_c23.xml,"{""input"": ""tests/xcsp3/cop/UNKNOWN/Hsp-aux-10405_c23.xml"", ""solver"": ""xcsp:ACE@2.4"", ""output_dir"": ""results_comparison"", ""global_time_limit"": 600, ""max_tries"": 50, ""tuning_file"": ""tests/psa/ace.tuning.json"", ""hpo_strategy"": ""hamming"", ""global_time_strategy"": ""PERCENT"", ""percent"": 0.2, ""round_time_strategy"": ""STATIC"", ""time_evolution"": ""STATIC"", ""stop_strategy"": ""TIMEOUT""}",224,"{""varh"": ""Activity"", ""valh"": ""First"", ""saf"": ""True"", ""pc1"": ""True"", ""bdc"": ""1"", ""toh"": ""True"", ""ng"": ""NO"", ""lc"": ""10"", ""negative"": ""STR2"", ""generic2"": ""True"", ""sb"": ""NO""}",0.5843181670061313,1.377679040946532,270,ExitStatus.FEASIBLE,False,False,1.377679040946532
2025-06-09T12:11:05.246029,Hsp-aux-10405_c23.xml,"{""input"": ""tests/xcsp3/cop/UNKNOWN/Hsp-aux-10405_c23.xml"", ""solver"": ""xcsp:ACE@2.4"", ""output_dir"": ""results_comparison"", ""global_time_limit"": 600, ""max_tries"": 50, ""tuning_file"": ""tests/psa/ace.tuning.json"", ""hpo_strategy"": ""hamming"", ""global_time_strategy"": ""PERCENT"", ""percent"": 0.2, ""round_time_strategy"": ""STATIC"", ""time_evolution"": ""STATIC"", ""stop_strategy"": ""TIMEOUT""}",225,"{""varh"": ""Wdeg"", ""valh"": ""FlrsE"", ""saf"": ""True"", ""pc1"": ""True"", ""bdc"": ""1"", ""toh"": ""True"", ""ng"": ""NO"", ""lc"": ""5"", ""negative"": ""VA"", ""generic2"": ""True"", ""sb"": ""NO""}",0.5843181670061313,0.6384269580012187,198,ExitStatus.OPTIMAL,False,False,0.6384269580012187
2025-06-09T12:11:05.936319,Hsp-aux-10405_c23.xml,"{""input"": ""tests/xcsp3/cop/UNKNOWN/Hsp-aux-10405_c23.xml"", ""solver"": ""xcsp:ACE@2.4"", ""output_dir"": ""results_comparison"", ""global_time_limit"": 600, ""max_tries"": 50, ""tuning_file"": ""tests/psa/ace.tuning.json"", ""hpo_strategy"": ""hamming"", ""global_time_strategy"": ""PERCENT"", ""percent"": 0.2, ""round_time_strategy"": ""STATIC"", ""time_evolution"": ""STATIC"", ""stop_strategy"": ""TIMEOUT""}",226,"{""varh"": ""Wdeg"", ""valh"": ""OccsR"", ""saf"": ""True"", ""pc1"": ""True"", ""bdc"": ""1"", ""toh"": ""True"", ""ng"": ""NO"", ""lc"": ""5"", ""negative"": ""CT"", ""generic2"": ""True"", ""sb"": ""NO""}",0.5843181670061313,0.6132745000068098,198,ExitStatus.OPTIMAL,False,False,0.6132745000068098
2025-06-09T12:11:06.626967,Hsp-aux-10405_c23.xml,"{""input"": ""tests/xcsp3/cop/UNKNOWN/Hsp-aux-10405_c23.xml"", ""solver"": ""xcsp:ACE@2.4"", ""output_dir"": ""results_comparison"", ""global_time_limit"": 600, ""max_tries"": 50, ""tuning_file"": ""tests/psa/ace.tuning.json"", ""hpo_strategy"": ""hamming"", ""global_time_strategy"": ""PERCENT"", ""percent"": 0.2, ""round_time_strategy"": ""STATIC"", ""time_evolution"": ""STATIC"", ""stop_strategy"": ""TIMEOUT""}",227,"{""varh"": ""Wdeg"", ""valh"": ""Vals"", ""saf"": ""True"", ""pc1"": ""True"", ""bdc"": ""1"", ""toh"": ""True"", ""ng"": ""NO"", ""lc"": ""5"", ""negative"": ""STR2N"", ""generic2"": ""True"", ""sb"": ""NO""}",0.5843181670061313,0.6132724590133876,198,ExitStatus.OPTIMAL,False,False,0.6132724590133876
2025-06-09T12:11:08.075193,Hsp-aux-10405_c23.xml,"{""input"": ""tests/xcsp3/cop/UNKNOWN/Hsp-aux-10405_c23.xml"", ""solver"": ""xcsp:ACE@2.4"", ""output_dir"": ""results_comparison"", ""global_time_limit"": 600, ""max_tries"": 50, ""tuning_file"": ""tests/psa/ace.tuning.json"", ""hpo_strategy"": ""hamming"", ""global_time_strategy"": ""PERCENT"", ""percent"": 0.2, ""round_time_strategy"": ""STATIC"", ""time_evolution"": ""STATIC"", ""stop_strategy"": ""TIMEOUT""}",228,"{""varh"": ""Impact"", ""valh"": ""RunRobin"", ""saf"": ""True"", ""pc1"": ""True"", ""bdc"": ""1"", ""toh"": ""True"", ""ng"": ""NO"", ""lc"": ""5"", ""negative"": ""STR2"", ""generic2"": ""True"", ""sb"": ""NO""}",0.5843181670061313,1.3709763329825364,279,ExitStatus.FEASIBLE,False,False,1.3709763329825364
2025-06-09T12:11:08.779453,Hsp-aux-10405_c23.xml,"{""input"": ""tests/xcsp3/cop/UNKNOWN/Hsp-aux-10405_c23.xml"", ""solver"": ""xcsp:ACE@2.4"", ""output_dir"": ""results_comparison"", ""global_time_limit"": 600, ""max_tries"": 50, ""tuning_file"": ""tests/psa/ace.tuning.json"", ""hpo_strategy"": ""hamming"", ""global_time_strategy"": ""PERCENT"", ""percent"": 0.2, ""round_time_strategy"": ""STATIC"", ""time_evolution"": ""STATIC"", ""stop_strategy"": ""TIMEOUT""}",229,"{""varh"": ""Wdeg"", ""valh"": ""First"", ""saf"": ""True"", ""pc1"": ""False"", ""bdc"": ""1"", ""toh"": ""True"", ""ng"": ""NO"", ""lc"": ""5"", ""negative"": ""V"", ""generic2"": ""True"", ""sb"": ""NO""}",0.5843181670061313,0.6262686250265688,198,ExitStatus.OPTIMAL,False,False,0.6262686250265688
2025-06-09T12:11:09.479259,Hsp-aux-10405_c23.xml,"{""input"": ""tests/xcsp3/cop/UNKNOWN/Hsp-aux-10405_c23.xml"", ""solver"": ""xcsp:ACE@2.4"", ""output_dir"": ""results_comparison"", ""global_time_limit"": 600, ""max_tries"": 50, ""tuning_file"": ""tests/psa/ace.tuning.json"", ""hpo_strategy"": ""hamming"", ""global_time_strategy"": ""PERCENT"", ""percent"": 0.2, ""round_time_strategy"": ""STATIC"", ""time_evolution"": ""STATIC"", ""stop_strategy"": ""TIMEOUT""}",230,"{""varh"": ""Wdeg"", ""valh"": ""First"", ""saf"": ""True"", ""pc1"": ""True"", ""bdc"": ""1"", ""toh"": ""False"", ""ng"": ""NO"", ""lc"": ""5"", ""negative"": ""STR2"", ""generic2"": ""False"", ""sb"": ""NO""}",0.5843181670061313,0.6226167079876177,198,ExitStatus.OPTIMAL,False,False,0.6226167079876177
2025-06-09T12:11:10.172533,Hsp-aux-10405_c23.xml,"{""input"": ""tests/xcsp3/cop/UNKNOWN/Hsp-aux-10405_c23.xml"", ""solver"": ""xcsp:ACE@2.4"", ""output_dir"": ""results_comparison"", ""global_time_limit"": 600, ""max_tries"": 50, ""tuning_file"": ""tests/psa/ace.tuning.json"", ""hpo_strategy"": ""hamming"", ""global_time_strategy"": ""PERCENT"", ""percent"": 0.2, ""round_time_strategy"": ""STATIC"", ""time_evolution"": ""STATIC"", ""stop_strategy"": ""TIMEOUT""}",231,"{""varh"": ""Wdeg"", ""valh"": ""RunRobin"", ""saf"": ""True"", ""pc1"": ""False"", ""bdc"": ""1"", ""toh"": ""True"", ""ng"": ""NO"", ""lc"": ""5"", ""negative"": ""STR2"", ""generic2"": ""True"", ""sb"": ""NO""}",0.5843181670061313,0.6164725000271574,198,ExitStatus.OPTIMAL,False,False,0.6164725000271574
2025-06-09T12:11:10.877274,Hsp-aux-10405_c23.xml,"{""input"": ""tests/xcsp3/cop/UNKNOWN/Hsp-aux-10405_c23.xml"", ""solver"": ""xcsp:ACE@2.4"", ""output_dir"": ""results_comparison"", ""global_time_limit"": 600, ""max_tries"": 50, ""tuning_file"": ""tests/psa/ace.tuning.json"", ""hpo_strategy"": ""hamming"", ""global_time_strategy"": ""PERCENT"", ""percent"": 0.2, ""round_time_strategy"": ""STATIC"", ""time_evolution"": ""STATIC"", ""stop_strategy"": ""TIMEOUT""}",232,"{""varh"": ""Wdeg"", ""valh"": ""Vals"", ""saf"": ""True"", ""pc1"": ""True"", ""bdc"": ""1"", ""toh"": ""True"", ""ng"": ""NO"", ""lc"": ""5"", ""negative"": ""STR1"", ""generic2"": ""True"", ""sb"": ""NO""}",0.5843181670061313,0.6279565829900093,198,ExitStatus.OPTIMAL,False,False,0.6279565829900093
2025-06-09T12:11:11.573674,Hsp-aux-10405_c23.xml,"{""input"": ""tests/xcsp3/cop/UNKNOWN/Hsp-aux-10405_c23.xml"", ""solver"": ""xcsp:ACE@2.4"", ""output_dir"": ""results_comparison"", ""global_time_limit"": 600, ""max_tries"": 50, ""tuning_file"": ""tests/psa/ace.tuning.json"", ""hpo_strategy"": ""hamming"", ""global_time_strategy"": ""PERCENT"", ""percent"": 0.2, ""round_time_strategy"": ""STATIC"", ""time_evolution"": ""STATIC"", ""stop_strategy"": ""TIMEOUT""}",233,"{""varh"": ""Wdeg"", ""valh"": ""First"", ""saf"": ""False"", ""pc1"": ""True"", ""bdc"": ""1"", ""toh"": ""True"", ""ng"": ""NO"", ""lc"": ""5"", ""negative"": ""CT"", ""generic2"": ""True"", ""sb"": ""NO""}",0.5843181670061313,0.6189499999745749,198,ExitStatus.OPTIMAL,False,False,0.6189499999745749
2025-06-09T12:11:12.308742,Hsp-aux-10405_c23.xml,"{""input"": ""tests/xcsp3/cop/UNKNOWN/Hsp-aux-10405_c23.xml"", ""solver"": ""xcsp:ACE@2.4"", ""output_dir"": ""results_comparison"", ""global_time_limit"": 600, ""max_tries"": 50, ""tuning_file"": ""tests/psa/ace.tuning.json"", ""hpo_strategy"": ""hamming"", ""global_time_strategy"": ""PERCENT"", ""percent"": 0.2, ""round_time_strategy"": ""STATIC"", ""time_evolution"": ""STATIC"", ""stop_strategy"": ""TIMEOUT""}",234,"{""varh"": ""RunRobin"", ""valh"": ""OccsR"", ""saf"": ""True"", ""pc1"": ""True"", ""bdc"": ""1"", ""toh"": ""True"", ""ng"": ""NO"", ""lc"": ""5"", ""negative"": ""STR2"", ""generic2"": ""True"", ""sb"": ""NO""}",0.5843181670061313,0.6582254999666475,198,ExitStatus.OPTIMAL,False,False,0.6582254999666475
2025-06-09T12:11:14.128143,Hsp-aux-10405_c23.xml,"{""input"": ""tests/xcsp3/cop/UNKNOWN/Hsp-aux-10405_c23.xml"", ""solver"": ""xcsp:ACE@2.4"", ""output_dir"": ""results_comparison"", ""global_time_limit"": 600, ""max_tries"": 50, ""tuning_file"": ""tests/psa/ace.tuning.json"", ""hpo_strategy"": ""hamming"", ""global_time_strategy"": ""PERCENT"", ""percent"": 0.2, ""round_time_strategy"": ""STATIC"", ""time_evolution"": ""STATIC"", ""stop_strategy"": ""TIMEOUT""}",235,"{""varh"": ""Impact"", ""valh"": ""Conflicts"", ""saf"": ""True"", ""pc1"": ""True"", ""bdc"": ""1"", ""toh"": ""True"", ""ng"": ""NO"", ""lc"": ""5"", ""negative"": ""STR2"", ""generic2"": ""True"", ""sb"": ""NO""}",0.5843181670061313,1.7413162080338225,,ExitStatus.UNKNOWN,False,False,1.7413162080338225
2025-06-09T12:11:15.064765,Hsp-aux-10405_c23.xml,"{""input"": ""tests/xcsp3/cop/UNKNOWN/Hsp-aux-10405_c23.xml"", ""solver"": ""xcsp:ACE@2.4"", ""output_dir"": ""results_comparison"", ""global_time_limit"": 600, ""max_tries"": 50, ""tuning_file"": ""tests/psa/ace.tuning.json"", ""hpo_strategy"": ""hamming"", ""global_time_strategy"": ""PERCENT"", ""percent"": 0.2, ""round_time_strategy"": ""STATIC"", ""time_evolution"": ""STATIC"", ""stop_strategy"": ""TIMEOUT""}",236,"{""varh"": ""Wdeg"", ""valh"": ""First"", ""saf"": ""True"", ""pc1"": ""True"", ""bdc"": ""1"", ""toh"": ""True"", ""ng"": ""NO"", ""lc"": ""0"", ""negative"": ""STR2N"", ""generic2"": ""True"", ""sb"": ""NO""}",0.5843181670061313,0.8335087499581277,198,ExitStatus.OPTIMAL,False,False,0.8335087499581277
2025-06-09T12:11:15.857923,Hsp-aux-10405_c23.xml,"{""input"": ""tests/xcsp3/cop/UNKNOWN/Hsp-aux-10405_c23.xml"", ""solver"": ""xcsp:ACE@2.4"", ""output_dir"": ""results_comparison"", ""global_time_limit"": 600, ""max_tries"": 50, ""tuning_file"": ""tests/psa/ace.tuning.json"", ""hpo_strategy"": ""hamming"", ""global_time_strategy"": ""PERCENT"", ""percent"": 0.2, ""round_time_strategy"": ""STATIC"", ""time_evolution"": ""STATIC"", ""stop_strategy"": ""TIMEOUT""}",237,"{""varh"": ""Wdeg"", ""valh"": ""First"", ""saf"": ""False"", ""pc1"": ""True"", ""bdc"": ""1"", ""toh"": ""True"", ""ng"": ""NO"", ""lc"": ""2"", ""negative"": ""STR2"", ""generic2"": ""True"", ""sb"": ""NO""}",0.5843181670061313,0.668420625035651,198,ExitStatus.OPTIMAL,False,False,0.668420625035651
2025-06-09T12:11:16.779625,Hsp-aux-10405_c23.xml,"{""input"": ""tests/xcsp3/cop/UNKNOWN/Hsp-aux-10405_c23.xml"", ""solver"": ""xcsp:ACE@2.4"", ""output_dir"": ""results_comparison"", ""global_time_limit"": 600, ""max_tries"": 50, ""tuning_file"": ""tests/psa/ace.tuning.json"", ""hpo_strategy"": ""hamming"", ""global_time_strategy"": ""PERCENT"", ""percent"": 0.2, ""round_time_strategy"": ""STATIC"", ""time_evolution"": ""STATIC"", ""stop_strategy"": ""TIMEOUT""}",238,"{""varh"": ""Wdeg"", ""valh"": ""Last"", ""saf"": ""True"", ""pc1"": ""True"", ""bdc"": ""1"", ""toh"": ""True"", ""ng"": ""NO"", ""lc"": ""2"", ""negative"": ""STR2"", ""generic2"": ""True"", ""sb"": ""NO""}",0.5843181670061313,0.8325468329712749,198,ExitStatus.OPTIMAL,False,False,0.8325468329712749
2025-06-09T12:11:17.649878,Hsp-aux-10405_c23.xml,"{""input"": ""tests/xcsp3/cop/UNKNOWN/Hsp-aux-10405_c23.xml"", ""solver"": ""xcsp:ACE@2.4"", ""output_dir"": ""results_comparison"", ""global_time_limit"": 600, ""max_tries"": 50, ""tuning_file"": ""tests/psa/ace.tuning.json"", ""hpo_strategy"": ""hamming"", ""global_time_strategy"": ""PERCENT"", ""percent"": 0.2, ""round_time_strategy"": ""STATIC"", ""time_evolution"": ""STATIC"", ""stop_strategy"": ""TIMEOUT""}",239,"{""varh"": ""Wdeg"", ""valh"": ""Median"", ""saf"": ""True"", ""pc1"": ""True"", ""bdc"": ""1"", ""toh"": ""True"", ""ng"": ""NO"", ""lc"": ""2"", ""negative"": ""STR2"", ""generic2"": ""True"", ""sb"": ""NO""}",0.5843181670061313,0.7927635000087321,198,ExitStatus.OPTIMAL,False,False,0.7927635000087321
2025-06-09T12:11:18.318778,Hsp-aux-10405_c23.xml,"{""input"": ""tests/xcsp3/cop/UNKNOWN/Hsp-aux-10405_c23.xml"", ""solver"": ""xcsp:ACE@2.4"", ""output_dir"": ""results_comparison"", ""global_time_limit"": 600, ""max_tries"": 50, ""tuning_file"": ""tests/psa/ace.tuning.json"", ""hpo_strategy"": ""hamming"", ""global_time_strategy"": ""PERCENT"", ""percent"": 0.2, ""round_time_strategy"": ""STATIC"", ""time_evolution"": ""STATIC"", ""stop_strategy"": ""TIMEOUT""}",240,"{""varh"": ""Wdeg"", ""valh"": ""First"", ""saf"": ""True"", ""pc1"": ""True"", ""bdc"": ""10"", ""toh"": ""False"", ""ng"": ""NO"", ""lc"": ""5"", ""negative"": ""STR2"", ""generic2"": ""True"", ""sb"": ""NO""}",0.5843181670061313,0.5913549580145627,198,ExitStatus.OPTIMAL,False,False,0.5913549580145627
2025-06-09T12:11:19.080243,Hsp-aux-10405_c23.xml,"{""input"": ""tests/xcsp3/cop/UNKNOWN/Hsp-aux-10405_c23.xml"", ""solver"": ""xcsp:ACE@2.4"", ""output_dir"": ""results_comparison"", ""global_time_limit"": 600, ""max_tries"": 50, ""tuning_file"": ""tests/psa/ace.tuning.json"", ""hpo_strategy"": ""hamming"", ""global_time_strategy"": ""PERCENT"", ""percent"": 0.2, ""round_time_strategy"": ""STATIC"", ""time_evolution"": ""STATIC"", ""stop_strategy"": ""TIMEOUT""}",241,"{""varh"": ""Wdeg"", ""valh"": ""First"", ""saf"": ""True"", ""pc1"": ""False"", ""bdc"": ""1"", ""toh"": ""True"", ""ng"": ""NO"", ""lc"": ""5"", ""negative"": ""STR0"", ""generic2"": ""True"", ""sb"": ""NO""}",0.5843181670061313,0.6414829579880461,198,ExitStatus.OPTIMAL,False,False,0.6414829579880461
2025-06-09T12:11:20.031285,Hsp-aux-10405_c23.xml,"{""input"": ""tests/xcsp3/cop/UNKNOWN/Hsp-aux-10405_c23.xml"", ""solver"": ""xcsp:ACE@2.4"", ""output_dir"": ""results_comparison"", ""global_time_limit"": 600, ""max_tries"": 50, ""tuning_file"": ""tests/psa/ace.tuning.json"", ""hpo_strategy"": ""hamming"", ""global_time_strategy"": ""PERCENT"", ""percent"": 0.2, ""round_time_strategy"": ""STATIC"", ""time_evolution"": ""STATIC"", ""stop_strategy"": ""TIMEOUT""}",242,"{""varh"": ""RunRobin"", ""valh"": ""First"", ""saf"": ""True"", ""pc1"": ""False"", ""bdc"": ""1"", ""toh"": ""True"", ""ng"": ""NO"", ""lc"": ""5"", ""negative"": ""STR2"", ""generic2"": ""True"", ""sb"": ""NO""}",0.5843181670061313,0.8558989170123823,198,ExitStatus.OPTIMAL,False,False,0.8558989170123823
2025-06-09T12:11:21.705125,Hsp-aux-10405_c23.xml,"{""input"": ""tests/xcsp3/cop/UNKNOWN/Hsp-aux-10405_c23.xml"", ""solver"": ""xcsp:ACE@2.4"", ""output_dir"": ""results_comparison"", ""global_time_limit"": 600, ""max_tries"": 50, ""tuning_file"": ""tests/psa/ace.tuning.json"", ""hpo_strategy"": ""hamming"", ""global_time_strategy"": ""PERCENT"", ""percent"": 0.2, ""round_time_strategy"": ""STATIC"", ""time_evolution"": ""STATIC"", ""stop_strategy"": ""TIMEOUT""}",243,"{""varh"": ""Rand"", ""valh"": ""First"", ""saf"": ""True"", ""pc1"": ""True"", ""bdc"": ""1"", ""toh"": ""True"", ""ng"": ""NO"", ""lc"": ""10"", ""negative"": ""STR2"", ""generic2"": ""True"", ""sb"": ""NO""}",0.5843181670061313,1.497428583970759,248,ExitStatus.FEASIBLE,False,False,1.497428583970759
2025-06-09T12:11:22.604422,Hsp-aux-10405_c23.xml,"{""input"": ""tests/xcsp3/cop/UNKNOWN/Hsp-aux-10405_c23.xml"", ""solver"": ""xcsp:ACE@2.4"", ""output_dir"": ""results_comparison"", ""global_time_limit"": 600, ""max_tries"": 50, ""tuning_file"": ""tests/psa/ace.tuning.json"", ""hpo_strategy"": ""hamming"", ""global_time_strategy"": ""PERCENT"", ""percent"": 0.2, ""round_time_strategy"": ""STATIC"", ""time_evolution"": ""STATIC"", ""stop_strategy"": ""TIMEOUT""}",244,"{""varh"": ""RunRobin"", ""valh"": ""Rand"", ""saf"": ""True"", ""pc1"": ""True"", ""bdc"": ""1"", ""toh"": ""True"", ""ng"": ""NO"", ""lc"": ""5"", ""negative"": ""STR2"", ""generic2"": ""True"", ""sb"": ""NO""}",0.5843181670061313,0.7619880419806577,198,ExitStatus.OPTIMAL,False,False,0.7619880419806577
2025-06-09T12:11:23.347439,Hsp-aux-10405_c23.xml,"{""input"": ""tests/xcsp3/cop/UNKNOWN/Hsp-aux-10405_c23.xml"", ""solver"": ""xcsp:ACE@2.4"", ""output_dir"": ""results_comparison"", ""global_time_limit"": 600, ""max_tries"": 50, ""tuning_file"": ""tests/psa/ace.tuning.json"", ""hpo_strategy"": ""hamming"", ""global_time_strategy"": ""PERCENT"", ""percent"": 0.2, ""round_time_strategy"": ""STATIC"", ""time_evolution"": ""STATIC"", ""stop_strategy"": ""TIMEOUT""}",245,"{""varh"": ""Wdeg"", ""valh"": ""First"", ""saf"": ""False"", ""pc1"": ""False"", ""bdc"": ""1"", ""toh"": ""True"", ""ng"": ""NO"", ""lc"": ""5"", ""negative"": ""STR2"", ""generic2"": ""True"", ""sb"": ""NO""}",0.5843181670061313,0.6460281669860706,198,ExitStatus.OPTIMAL,False,False,0.6460281669860706
2025-06-09T12:11:24.772710,Hsp-aux-10405_c23.xml,"{""input"": ""tests/xcsp3/cop/UNKNOWN/Hsp-aux-10405_c23.xml"", ""solver"": ""xcsp:ACE@2.4"", ""output_dir"": ""results_comparison"", ""global_time_limit"": 600, ""max_tries"": 50, ""tuning_file"": ""tests/psa/ace.tuning.json"", ""hpo_strategy"": ""hamming"", ""global_time_strategy"": ""PERCENT"", ""percent"": 0.2, ""round_time_strategy"": ""STATIC"", ""time_evolution"": ""STATIC"", ""stop_strategy"": ""TIMEOUT""}",246,"{""varh"": ""Lexico"", ""valh"": ""First"", ""saf"": ""True"", ""pc1"": ""True"", ""bdc"": ""1"", ""toh"": ""True"", ""ng"": ""NO"", ""lc"": ""5"", ""negative"": ""STR3"", ""generic2"": ""True"", ""sb"": ""NO""}",0.5843181670061313,1.3484928749967366,,ExitStatus.UNKNOWN,False,False,1.3484928749967366
2025-06-09T12:11:25.465108,Hsp-aux-10405_c23.xml,"{""input"": ""tests/xcsp3/cop/UNKNOWN/Hsp-aux-10405_c23.xml"", ""solver"": ""xcsp:ACE@2.4"", ""output_dir"": ""results_comparison"", ""global_time_limit"": 600, ""max_tries"": 50, ""tuning_file"": ""tests/psa/ace.tuning.json"", ""hpo_strategy"": ""hamming"", ""global_time_strategy"": ""PERCENT"", ""percent"": 0.2, ""round_time_strategy"": ""STATIC"", ""time_evolution"": ""STATIC"", ""stop_strategy"": ""TIMEOUT""}",247,"{""varh"": ""Wdeg"", ""valh"": ""OccsR"", ""saf"": ""True"", ""pc1"": ""True"", ""bdc"": ""1"", ""toh"": ""True"", ""ng"": ""NO"", ""lc"": ""1"", ""negative"": ""STR2"", ""generic2"": ""True"", ""sb"": ""NO""}",0.5843181670061313,0.614154749957379,198,ExitStatus.OPTIMAL,False,False,0.614154749957379
2025-06-09T12:11:26.151151,Hsp-aux-10405_c23.xml,"{""input"": ""tests/xcsp3/cop/UNKNOWN/Hsp-aux-10405_c23.xml"", ""solver"": ""xcsp:ACE@2.4"", ""output_dir"": ""results_comparison"", ""global_time_limit"": 600, ""max_tries"": 50, ""tuning_file"": ""tests/psa/ace.tuning.json"", ""hpo_strategy"": ""hamming"", ""global_time_strategy"": ""PERCENT"", ""percent"": 0.2, ""round_time_strategy"": ""STATIC"", ""time_evolution"": ""STATIC"", ""stop_strategy"": ""TIMEOUT""}",248,"{""varh"": ""Wdeg"", ""valh"": ""First"", ""saf"": ""True"", ""pc1"": ""False"", ""bdc"": ""1"", ""toh"": ""True"", ""ng"": ""NO"", ""lc"": ""5"", ""negative"": ""STR3"", ""generic2"": ""True"", ""sb"": ""NO""}",0.5843181670061313,0.6094352080253884,198,ExitStatus.OPTIMAL,False,False,0.6094352080253884
2025-06-09T12:11:26.863351,Hsp-aux-10405_c23.xml,"{""input"": ""tests/xcsp3/cop/UNKNOWN/Hsp-aux-10405_c23.xml"", ""solver"": ""xcsp:ACE@2.4"", ""output_dir"": ""results_comparison"", ""global_time_limit"": 600, ""max_tries"": 50, ""tuning_file"": ""tests/psa/ace.tuning.json"", ""hpo_strategy"": ""hamming"", ""global_time_strategy"": ""PERCENT"", ""percent"": 0.2, ""round_time_strategy"": ""STATIC"", ""time_evolution"": ""STATIC"", ""stop_strategy"": ""TIMEOUT""}",249,"{""varh"": ""FrbaOnDom"", ""valh"": ""First"", ""saf"": ""True"", ""pc1"": ""True"", ""bdc"": ""1"", ""toh"": ""True"", ""ng"": ""NO"", ""lc"": ""5"", ""negative"": ""STR0"", ""generic2"": ""True"", ""sb"": ""NO""}",0.5843181670061313,0.6355527499690652,198,ExitStatus.OPTIMAL,False,False,0.6355527499690652
2025-06-09T12:11:27.567524,Hsp-aux-10405_c23.xml,"{""input"": ""tests/xcsp3/cop/UNKNOWN/Hsp-aux-10405_c23.xml"", ""solver"": ""xcsp:ACE@2.4"", ""output_dir"": ""results_comparison"", ""global_time_limit"": 600, ""max_tries"": 50, ""tuning_file"": ""tests/psa/ace.tuning.json"", ""hpo_strategy"": ""hamming"", ""global_time_strategy"": ""PERCENT"", ""percent"": 0.2, ""round_time_strategy"": ""STATIC"", ""time_evolution"": ""STATIC"", ""stop_strategy"": ""TIMEOUT""}",250,"{""varh"": ""PickOnDom"", ""valh"": ""FlrsE"", ""saf"": ""True"", ""pc1"": ""True"", ""bdc"": ""1"", ""toh"": ""True"", ""ng"": ""NO"", ""lc"": ""5"", ""negative"": ""STR2"", ""generic2"": ""True"", ""sb"": ""NO""}",0.5843181670061313,0.6267950840410776,198,ExitStatus.OPTIMAL,False,False,0.6267950840410776
2025-06-09T12:11:29.012358,Hsp-aux-10405_c23.xml,"{""input"": ""tests/xcsp3/cop/UNKNOWN/Hsp-aux-10405_c23.xml"", ""solver"": ""xcsp:ACE@2.4"", ""output_dir"": ""results_comparison"", ""global_time_limit"": 600, ""max_tries"": 50, ""tuning_file"": ""tests/psa/ace.tuning.json"", ""hpo_strategy"": ""hamming"", ""global_time_strategy"": ""PERCENT"", ""percent"": 0.2, ""round_time_strategy"": ""STATIC"", ""time_evolution"": ""STATIC"", ""stop_strategy"": ""TIMEOUT""}",251,"{""varh"": ""Rand"", ""valh"": ""First"", ""saf"": ""True"", ""pc1"": ""True"", ""bdc"": ""1"", ""toh"": ""False"", ""ng"": ""NO"", ""lc"": ""5"", ""negative"": ""STR2"", ""generic2"": ""True"", ""sb"": ""NO""}",0.5843181670061313,1.3669307919917628,198,ExitStatus.FEASIBLE,False,False,1.3669307919917628
2025-06-09T12:11:30.470687,Hsp-aux-10405_c23.xml,"{""input"": ""tests/xcsp3/cop/UNKNOWN/Hsp-aux-10405_c23.xml"", ""solver"": ""xcsp:ACE@2.4"", ""output_dir"": ""results_comparison"", ""global_time_limit"": 600, ""max_tries"": 50, ""tuning_file"": ""tests/psa/ace.tuning.json"", ""hpo_strategy"": ""hamming"", ""global_time_strategy"": ""PERCENT"", ""percent"": 0.2, ""round_time_strategy"": ""STATIC"", ""time_evolution"": ""STATIC"", ""stop_strategy"": ""TIMEOUT""}",252,"{""varh"": ""Rand"", ""valh"": ""First"", ""saf"": ""True"", ""pc1"": ""True"", ""bdc"": ""1"", ""toh"": ""True"", ""ng"": ""NO"", ""lc"": ""5"", ""negative"": ""CT"", ""generic2"": ""True"", ""sb"": ""NO""}",0.5843181670061313,1.3798055829829536,198,ExitStatus.FEASIBLE,False,False,1.3798055829829536
2025-06-09T12:11:31.145829,Hsp-aux-10405_c23.xml,"{""input"": ""tests/xcsp3/cop/UNKNOWN/Hsp-aux-10405_c23.xml"", ""solver"": ""xcsp:ACE@2.4"", ""output_dir"": ""results_comparison"", ""global_time_limit"": 600, ""max_tries"": 50, ""tuning_file"": ""tests/psa/ace.tuning.json"", ""hpo_strategy"": ""hamming"", ""global_time_strategy"": ""PERCENT"", ""percent"": 0.2, ""round_time_strategy"": ""STATIC"", ""time_evolution"": ""STATIC"", ""stop_strategy"": ""TIMEOUT""}",253,"{""varh"": ""Wdeg"", ""valh"": ""First"", ""saf"": ""True"", ""pc1"": ""True"", ""bdc"": ""10"", ""toh"": ""True"", ""ng"": ""NO"", ""lc"": ""5"", ""negative"": ""VA"", ""generic2"": ""True"", ""sb"": ""NO""}",0.5843181670061313,0.5980255410540849,198,ExitStatus.OPTIMAL,False,False,0.5980255410540849
2025-06-09T12:11:31.849924,Hsp-aux-10405_c23.xml,"{""input"": ""tests/xcsp3/cop/UNKNOWN/Hsp-aux-10405_c23.xml"", ""solver"": ""xcsp:ACE@2.4"", ""output_dir"": ""results_comparison"", ""global_time_limit"": 600, ""max_tries"": 50, ""tuning_file"": ""tests/psa/ace.tuning.json"", ""hpo_strategy"": ""hamming"", ""global_time_strategy"": ""PERCENT"", ""percent"": 0.2, ""round_time_strategy"": ""STATIC"", ""time_evolution"": ""STATIC"", ""stop_strategy"": ""TIMEOUT""}",254,"{""varh"": ""Memory"", ""valh"": ""First"", ""saf"": ""True"", ""pc1"": ""True"", ""bdc"": ""1"", ""toh"": ""True"", ""ng"": ""NO"", ""lc"": ""5"", ""negative"": ""STR1N"", ""generic2"": ""True"", ""sb"": ""NO""}",0.5843181670061313,0.6266433749697171,198,ExitStatus.OPTIMAL,False,False,0.6266433749697171
2025-06-09T12:11:32.531063,Hsp-aux-10405_c23.xml,"{""input"": ""tests/xcsp3/cop/UNKNOWN/Hsp-aux-10405_c23.xml"", ""solver"": ""xcsp:ACE@2.4"", ""output_dir"": ""results_comparison"", ""global_time_limit"": 600, ""max_tries"": 50, ""tuning_file"": ""tests/psa/ace.tuning.json"", ""hpo_strategy"": ""hamming"", ""global_time_strategy"": ""PERCENT"", ""percent"": 0.2, ""round_time_strategy"": ""STATIC"", ""time_evolution"": ""STATIC"", ""stop_strategy"": ""TIMEOUT""}",255,"{""varh"": ""WdegOnDom"", ""valh"": ""First"", ""saf"": ""True"", ""pc1"": ""True"", ""bdc"": ""1"", ""toh"": ""True"", ""ng"": ""NO"", ""lc"": ""2"", ""negative"": ""STR2"", ""generic2"": ""True"", ""sb"": ""NO""}",0.5843181670061313,0.6023932080133818,198,ExitStatus.OPTIMAL,False,False,0.6023932080133818
2025-06-09T12:11:33.253819,Hsp-aux-10405_c23.xml,"{""input"": ""tests/xcsp3/cop/UNKNOWN/Hsp-aux-10405_c23.xml"", ""solver"": ""xcsp:ACE@2.4"", ""output_dir"": ""results_comparison"", ""global_time_limit"": 600, ""max_tries"": 50, ""tuning_file"": ""tests/psa/ace.tuning.json"", ""hpo_strategy"": ""hamming"", ""global_time_strategy"": ""PERCENT"", ""percent"": 0.2, ""round_time_strategy"": ""STATIC"", ""time_evolution"": ""STATIC"", ""stop_strategy"": ""TIMEOUT""}",256,"{""varh"": ""WdegOnDom"", ""valh"": ""First"", ""saf"": ""True"", ""pc1"": ""True"", ""bdc"": ""1"", ""toh"": ""True"", ""ng"": ""NO"", ""lc"": ""5"", ""negative"": ""CT"", ""generic2"": ""True"", ""sb"": ""NO""}",0.5843181670061313,0.6430884589790367,198,ExitStatus.OPTIMAL,False,False,0.6430884589790367
2025-06-09T12:11:34.028197,Hsp-aux-10405_c23.xml,"{""input"": ""tests/xcsp3/cop/UNKNOWN/Hsp-aux-10405_c23.xml"", ""solver"": ""xcsp:ACE@2.4"", ""output_dir"": ""results_comparison"", ""global_time_limit"": 600, ""max_tries"": 50, ""tuning_file"": ""tests/psa/ace.tuning.json"", ""hpo_strategy"": ""hamming"", ""global_time_strategy"": ""PERCENT"", ""percent"": 0.2, ""round_time_strategy"": ""STATIC"", ""time_evolution"": ""STATIC"", ""stop_strategy"": ""TIMEOUT""}",257,"{""varh"": ""Wdeg"", ""valh"": ""First"", ""saf"": ""True"", ""pc1"": ""True"", ""bdc"": ""1"", ""toh"": ""True"", ""ng"": ""NO"", ""lc"": ""5"", ""negative"": ""STR0"", ""generic2"": ""False"", ""sb"": ""NO""}",0.5843181670061313,0.6927700000233017,198,ExitStatus.OPTIMAL,False,False,0.6927700000233017
2025-06-09T12:11:34.761837,Hsp-aux-10405_c23.xml,"{""input"": ""tests/xcsp3/cop/UNKNOWN/Hsp-aux-10405_c23.xml"", ""solver"": ""xcsp:ACE@2.4"", ""output_dir"": ""results_comparison"", ""global_time_limit"": 600, ""max_tries"": 50, ""tuning_file"": ""tests/psa/ace.tuning.json"", ""hpo_strategy"": ""hamming"", ""global_time_strategy"": ""PERCENT"", ""percent"": 0.2, ""round_time_strategy"": ""STATIC"", ""time_evolution"": ""STATIC"", ""stop_strategy"": ""TIMEOUT""}",258,"{""varh"": ""Wdeg"", ""valh"": ""Vals"", ""saf"": ""True"", ""pc1"": ""True"", ""bdc"": ""1"", ""toh"": ""True"", ""ng"": ""NO"", ""lc"": ""2"", ""negative"": ""STR2"", ""generic2"": ""True"", ""sb"": ""NO""}",0.5843181670061313,0.6543594159884378,198,ExitStatus.OPTIMAL,False,False,0.6543594159884378
2025-06-09T12:11:36.202300,Hsp-aux-10405_c23.xml,"{""input"": ""tests/xcsp3/cop/UNKNOWN/Hsp-aux-10405_c23.xml"", ""solver"": ""xcsp:ACE@2.4"", ""output_dir"": ""results_comparison"", ""global_time_limit"": 600, ""max_tries"": 50, ""tuning_file"": ""tests/psa/ace.tuning.json"", ""hpo_strategy"": ""hamming"", ""global_time_strategy"": ""PERCENT"", ""percent"": 0.2, ""round_time_strategy"": ""STATIC"", ""time_evolution"": ""STATIC"", ""stop_strategy"": ""TIMEOUT""}",259,"{""varh"": ""Rand"", ""valh"": ""First"", ""saf"": ""True"", ""pc1"": ""True"", ""bdc"": ""1"", ""toh"": ""True"", ""ng"": ""NO"", ""lc"": ""5"", ""negative"": ""STR2"", ""generic2"": ""False"", ""sb"": ""NO""}",0.5843181670061313,1.3649611250148155,198,ExitStatus.FEASIBLE,False,False,1.3649611250148155
2025-06-09T12:11:37.136619,Hsp-aux-10405_c23.xml,"{""input"": ""tests/xcsp3/cop/UNKNOWN/Hsp-aux-10405_c23.xml"", ""solver"": ""xcsp:ACE@2.4"", ""output_dir"": ""results_comparison"", ""global_time_limit"": 600, ""max_tries"": 50, ""tuning_file"": ""tests/psa/ace.tuning.json"", ""hpo_strategy"": ""hamming"", ""global_time_strategy"": ""PERCENT"", ""percent"": 0.2, ""round_time_strategy"": ""STATIC"", ""time_evolution"": ""STATIC"", ""stop_strategy"": ""TIMEOUT""}",260,"{""varh"": ""PickOnDom"", ""valh"": ""Last"", ""saf"": ""True"", ""pc1"": ""True"", ""bdc"": ""1"", ""toh"": ""True"", ""ng"": ""NO"", ""lc"": ""5"", ""negative"": ""STR2"", ""generic2"": ""True"", ""sb"": ""NO""}",0.5843181670061313,0.856901332968846,198,ExitStatus.OPTIMAL,False,False,0.856901332968846
2025-06-09T12:11:38.001740,Hsp-aux-10405_c23.xml,"{""input"": ""tests/xcsp3/cop/UNKNOWN/Hsp-aux-10405_c23.xml"", ""solver"": ""xcsp:ACE@2.4"", ""output_dir"": ""results_comparison"", ""global_time_limit"": 600, ""max_tries"": 50, ""tuning_file"": ""tests/psa/ace.tuning.json"", ""hpo_strategy"": ""hamming"", ""global_time_strategy"": ""PERCENT"", ""percent"": 0.2, ""round_time_strategy"": ""STATIC"", ""time_evolution"": ""STATIC"", ""stop_strategy"": ""TIMEOUT""}",261,"{""varh"": ""Wdeg"", ""valh"": ""Last"", ""saf"": ""True"", ""pc1"": ""True"", ""bdc"": ""1"", ""toh"": ""True"", ""ng"": ""NO"", ""lc"": ""5"", ""negative"": ""V"", ""generic2"": ""True"", ""sb"": ""NO""}",0.5843181670061313,0.7872527499566786,198,ExitStatus.OPTIMAL,False,False,0.7872527499566786
2025-06-09T12:11:38.748986,Hsp-aux-10405_c23.xml,"{""input"": ""tests/xcsp3/cop/UNKNOWN/Hsp-aux-10405_c23.xml"", ""solver"": ""xcsp:ACE@2.4"", ""output_dir"": ""results_comparison"", ""global_time_limit"": 600, ""max_tries"": 50, ""tuning_file"": ""tests/psa/ace.tuning.json"", ""hpo_strategy"": ""hamming"", ""global_time_strategy"": ""PERCENT"", ""percent"": 0.2, ""round_time_strategy"": ""STATIC"", ""time_evolution"": ""STATIC"", ""stop_strategy"": ""TIMEOUT""}",262,"{""varh"": ""RunRobin"", ""valh"": ""First"", ""saf"": ""True"", ""pc1"": ""True"", ""bdc"": ""1"", ""toh"": ""True"", ""ng"": ""NO"", ""lc"": ""5"", ""negative"": ""STR3"", ""generic2"": ""True"", ""sb"": ""NO""}",0.5843181670061313,0.6690673750126734,198,ExitStatus.OPTIMAL,False,False,0.6690673750126734
2025-06-09T12:11:40.196249,Hsp-aux-10405_c23.xml,"{""input"": ""tests/xcsp3/cop/UNKNOWN/Hsp-aux-10405_c23.xml"", ""solver"": ""xcsp:ACE@2.4"", ""output_dir"": ""results_comparison"", ""global_time_limit"": 600, ""max_tries"": 50, ""tuning_file"": ""tests/psa/ace.tuning.json"", ""hpo_strategy"": ""hamming"", ""global_time_strategy"": ""PERCENT"", ""percent"": 0.2, ""round_time_strategy"": ""STATIC"", ""time_evolution"": ""STATIC"", ""stop_strategy"": ""TIMEOUT""}",263,"{""varh"": ""Impact"", ""valh"": ""First"", ""saf"": ""True"", ""pc1"": ""True"", ""bdc"": ""1"", ""toh"": ""True"", ""ng"": ""NO"", ""lc"": ""10"", ""negative"": ""STR2"", ""generic2"": ""True"", ""sb"": ""NO""}",0.5843181670061313,1.3676075839903206,,ExitStatus.UNKNOWN,False,False,1.3676075839903206
2025-06-09T12:11:40.963504,Hsp-aux-10405_c23.xml,"{""input"": ""tests/xcsp3/cop/UNKNOWN/Hsp-aux-10405_c23.xml"", ""solver"": ""xcsp:ACE@2.4"", ""output_dir"": ""results_comparison"", ""global_time_limit"": 600, ""max_tries"": 50, ""tuning_file"": ""tests/psa/ace.tuning.json"", ""hpo_strategy"": ""hamming"", ""global_time_strategy"": ""PERCENT"", ""percent"": 0.2, ""round_time_strategy"": ""STATIC"", ""time_evolution"": ""STATIC"", ""stop_strategy"": ""TIMEOUT""}",264,"{""varh"": ""Wdeg"", ""valh"": ""Vals"", ""saf"": ""True"", ""pc1"": ""True"", ""bdc"": ""1"", ""toh"": ""False"", ""ng"": ""NO"", ""lc"": ""5"", ""negative"": ""STR2"", ""generic2"": ""True"", ""sb"": ""NO""}",0.5843181670061313,0.6916594169451855,198,ExitStatus.OPTIMAL,False,False,0.6916594169451855
2025-06-09T12:11:41.665894,Hsp-aux-10405_c23.xml,"{""input"": ""tests/xcsp3/cop/UNKNOWN/Hsp-aux-10405_c23.xml"", ""solver"": ""xcsp:ACE@2.4"", ""output_dir"": ""results_comparison"", ""global_time_limit"": 600, ""max_tries"": 50, ""tuning_file"": ""tests/psa/ace.tuning.json"", ""hpo_strategy"": ""hamming"", ""global_time_strategy"": ""PERCENT"", ""percent"": 0.2, ""round_time_strategy"": ""STATIC"", ""time_evolution"": ""STATIC"", ""stop_strategy"": ""TIMEOUT""}",265,"{""varh"": ""Wdeg"", ""valh"": ""RunRobin"", ""saf"": ""True"", ""pc1"": ""True"", ""bdc"": ""1"", ""toh"": ""True"", ""ng"": ""NO"", ""lc"": ""5"", ""negative"": ""VA"", ""generic2"": ""True"", ""sb"": ""NO""}",0.5843181670061313,0.622610958002042,198,ExitStatus.OPTIMAL,False,False,0.622610958002042
2025-06-09T12:11:43.123237,Hsp-aux-10405_c23.xml,"{""input"": ""tests/xcsp3/cop/UNKNOWN/Hsp-aux-10405_c23.xml"", ""solver"": ""xcsp:ACE@2.4"", ""output_dir"": ""results_comparison"", ""global_time_limit"": 600, ""max_tries"": 50, ""tuning_file"": ""tests/psa/ace.tuning.json"", ""hpo_strategy"": ""hamming"", ""global_time_strategy"": ""PERCENT"", ""percent"": 0.2, ""round_time_strategy"": ""STATIC"", ""time_evolution"": ""STATIC"", ""stop_strategy"": ""TIMEOUT""}",266,"{""varh"": ""Activity"", ""valh"": ""OccsR"", ""saf"": ""True"", ""pc1"": ""True"", ""bdc"": ""1"", ""toh"": ""True"", ""ng"": ""NO"", ""lc"": ""5"", ""negative"": ""STR2"", ""generic2"": ""True"", ""sb"": ""NO""}",0.5843181670061313,1.376421583991032,418,ExitStatus.FEASIBLE,False,False,1.376421583991032
2025-06-09T12:11:43.816609,Hsp-aux-10405_c23.xml,"{""input"": ""tests/xcsp3/cop/UNKNOWN/Hsp-aux-10405_c23.xml"", ""solver"": ""xcsp:ACE@2.4"", ""output_dir"": ""results_comparison"", ""global_time_limit"": 600, ""max_tries"": 50, ""tuning_file"": ""tests/psa/ace.tuning.json"", ""hpo_strategy"": ""hamming"", ""global_time_strategy"": ""PERCENT"", ""percent"": 0.2, ""round_time_strategy"": ""STATIC"", ""time_evolution"": ""STATIC"", ""stop_strategy"": ""TIMEOUT""}",267,"{""varh"": ""Memory"", ""valh"": ""First"", ""saf"": ""True"", ""pc1"": ""True"", ""bdc"": ""1"", ""toh"": ""True"", ""ng"": ""NO"", ""lc"": ""0"", ""negative"": ""STR2"", ""generic2"": ""True"", ""sb"": ""NO""}",0.5843181670061313,0.6129997500102036,198,ExitStatus.OPTIMAL,False,False,0.6129997500102036
2025-06-09T12:11:45.271985,Hsp-aux-10405_c23.xml,"{""input"": ""tests/xcsp3/cop/UNKNOWN/Hsp-aux-10405_c23.xml"", ""solver"": ""xcsp:ACE@2.4"", ""output_dir"": ""results_comparison"", ""global_time_limit"": 600, ""max_tries"": 50, ""tuning_file"": ""tests/psa/ace.tuning.json"", ""hpo_strategy"": ""hamming"", ""global_time_strategy"": ""PERCENT"", ""percent"": 0.2, ""round_time_strategy"": ""STATIC"", ""time_evolution"": ""STATIC"", ""stop_strategy"": ""TIMEOUT""}",268,"{""varh"": ""Rand"", ""valh"": ""Vals"", ""saf"": ""True"", ""pc1"": ""True"", ""bdc"": ""1"", ""toh"": ""True"", ""ng"": ""NO"", ""lc"": ""5"", ""negative"": ""STR2"", ""generic2"": ""True"", ""sb"": ""NO""}",0.5843181670061313,1.3759275829652324,198,ExitStatus.FEASIBLE,False,False,1.3759275829652324
2025-06-09T12:11:46.800063,Hsp-aux-10405_c23.xml,"{""input"": ""tests/xcsp3/cop/UNKNOWN/Hsp-aux-10405_c23.xml"", ""solver"": ""xcsp:ACE@2.4"", ""output_dir"": ""results_comparison"", ""global_time_limit"": 600, ""max_tries"": 50, ""tuning_file"": ""tests/psa/ace.tuning.json"", ""hpo_strategy"": ""hamming"", ""global_time_strategy"": ""PERCENT"", ""percent"": 0.2, ""round_time_strategy"": ""STATIC"", ""time_evolution"": ""STATIC"", ""stop_strategy"": ""TIMEOUT""}",269,"{""varh"": ""Rand"", ""valh"": ""First"", ""saf"": ""True"", ""pc1"": ""True"", ""bdc"": ""1"", ""toh"": ""True"", ""ng"": ""NO"", ""lc"": ""5"", ""negative"": ""STR1"", ""generic2"": ""True"", ""sb"": ""NO""}",0.5843181670061313,1.441022165992763,208,ExitStatus.FEASIBLE,False,False,1.441022165992763
2025-06-09T12:11:47.584747,Hsp-aux-10405_c23.xml,"{""input"": ""tests/xcsp3/cop/UNKNOWN/Hsp-aux-10405_c23.xml"", ""solver"": ""xcsp:ACE@2.4"", ""output_dir"": ""results_comparison"", ""global_time_limit"": 600, ""max_tries"": 50, ""tuning_file"": ""tests/psa/ace.tuning.json"", ""hpo_strategy"": ""hamming"", ""global_time_strategy"": ""PERCENT"", ""percent"": 0.2, ""round_time_strategy"": ""STATIC"", ""time_evolution"": ""STATIC"", ""stop_strategy"": ""TIMEOUT""}",270,"{""varh"": ""Wdeg"", ""valh"": ""First"", ""saf"": ""True"", ""pc1"": ""True"", ""bdc"": ""1"", ""toh"": ""True"", ""ng"": ""NO"", ""lc"": ""0"", ""negative"": ""CT"", ""generic2"": ""True"", ""sb"": ""NO""}",0.5843181670061313,0.7019757499801926,198,ExitStatus.OPTIMAL,False,False,0.7019757499801926
2025-06-09T12:11:49.020705,Hsp-aux-10405_c23.xml,"{""input"": ""tests/xcsp3/cop/UNKNOWN/Hsp-aux-10405_c23.xml"", ""solver"": ""xcsp:ACE@2.4"", ""output_dir"": ""results_comparison"", ""global_time_limit"": 600, ""max_tries"": 50, ""tuning_file"": ""tests/psa/ace.tuning.json"", ""hpo_strategy"": ""hamming"", ""global_time_strategy"": ""PERCENT"", ""percent"": 0.2, ""round_time_strategy"": ""STATIC"", ""time_evolution"": ""STATIC"", ""stop_strategy"": ""TIMEOUT""}",271,"{""varh"": ""Lexico"", ""valh"": ""First"", ""saf"": ""True"", ""pc1"": ""True"", ""bdc"": ""100"", ""toh"": ""True"", ""ng"": ""NO"", ""lc"": ""5"", ""negative"": ""STR2"", ""generic2"": ""True"", ""sb"": ""NO""}",0.5843181670061313,1.3581563330371864,,ExitStatus.UNKNOWN,False,False,1.3581563330371864
2025-06-09T12:11:49.730744,Hsp-aux-10405_c23.xml,"{""input"": ""tests/xcsp3/cop/UNKNOWN/Hsp-aux-10405_c23.xml"", ""solver"": ""xcsp:ACE@2.4"", ""output_dir"": ""results_comparison"", ""global_time_limit"": 600, ""max_tries"": 50, ""tuning_file"": ""tests/psa/ace.tuning.json"", ""hpo_strategy"": ""hamming"", ""global_time_strategy"": ""PERCENT"", ""percent"": 0.2, ""round_time_strategy"": ""STATIC"", ""time_evolution"": ""STATIC"", ""stop_strategy"": ""TIMEOUT""}",272,"{""varh"": ""Wdeg"", ""valh"": ""Vals"", ""saf"": ""True"", ""pc1"": ""True"", ""bdc"": ""1"", ""toh"": ""True"", ""ng"": ""NO"", ""lc"": ""1"", ""negative"": ""STR2"", ""generic2"": ""True"", ""sb"": ""NO""}",0.5843181670061313,0.6272849999950267,198,ExitStatus.OPTIMAL,False,False,0.6272849999950267
2025-06-09T12:11:51.176725,Hsp-aux-10405_c23.xml,"{""input"": ""tests/xcsp3/cop/UNKNOWN/Hsp-aux-10405_c23.xml"", ""solver"": ""xcsp:ACE@2.4"", ""output_dir"": ""results_comparison"", ""global_time_limit"": 600, ""max_tries"": 50, ""tuning_file"": ""tests/psa/ace.tuning.json"", ""hpo_strategy"": ""hamming"", ""global_time_strategy"": ""PERCENT"", ""percent"": 0.2, ""round_time_strategy"": ""STATIC"", ""time_evolution"": ""STATIC"", ""stop_strategy"": ""TIMEOUT""}",273,"{""varh"": ""Impact"", ""valh"": ""First"", ""saf"": ""True"", ""pc1"": ""True"", ""bdc"": ""1"", ""toh"": ""True"", ""ng"": ""NO"", ""lc"": ""5"", ""negative"": ""V"", ""generic2"": ""True"", ""sb"": ""NO""}",0.5843181670061313,1.368920042004902,,ExitStatus.UNKNOWN,False,False,1.368920042004902
2025-06-09T12:11:51.854640,Hsp-aux-10405_c23.xml,"{""input"": ""tests/xcsp3/cop/UNKNOWN/Hsp-aux-10405_c23.xml"", ""solver"": ""xcsp:ACE@2.4"", ""output_dir"": ""results_comparison"", ""global_time_limit"": 600, ""max_tries"": 50, ""tuning_file"": ""tests/psa/ace.tuning.json"", ""hpo_strategy"": ""hamming"", ""global_time_strategy"": ""PERCENT"", ""percent"": 0.2, ""round_time_strategy"": ""STATIC"", ""time_evolution"": ""STATIC"", ""stop_strategy"": ""TIMEOUT""}",274,"{""varh"": ""Wdeg"", ""valh"": ""Bivs3"", ""saf"": ""True"", ""pc1"": ""True"", ""bdc"": ""1"", ""toh"": ""True"", ""ng"": ""NO"", ""lc"": ""5"", ""negative"": ""STR1"", ""generic2"": ""True"", ""sb"": ""NO""}",0.5843181670061313,0.6004416670184582,198,ExitStatus.OPTIMAL,False,False,0.6004416670184582
2025-06-09T12:11:53.342269,Hsp-aux-10405_c23.xml,"{""input"": ""tests/xcsp3/cop/UNKNOWN/Hsp-aux-10405_c23.xml"", ""solver"": ""xcsp:ACE@2.4"", ""output_dir"": ""results_comparison"", ""global_time_limit"": 600, ""max_tries"": 50, ""tuning_file"": ""tests/psa/ace.tuning.json"", ""hpo_strategy"": ""hamming"", ""global_time_strategy"": ""PERCENT"", ""percent"": 0.2, ""round_time_strategy"": ""STATIC"", ""time_evolution"": ""STATIC"", ""stop_strategy"": ""TIMEOUT""}",275,"{""varh"": ""Impact"", ""valh"": ""Last"", ""saf"": ""True"", ""pc1"": ""True"", ""bdc"": ""1"", ""toh"": ""True"", ""ng"": ""NO"", ""lc"": ""5"", ""negative"": ""STR2"", ""generic2"": ""True"", ""sb"": ""NO""}",0.5843181670061313,1.4064272079849616,,ExitStatus.UNKNOWN,False,False,1.4064272079849616
2025-06-09T12:11:54.003742,Hsp-aux-10405_c23.xml,"{""input"": ""tests/xcsp3/cop/UNKNOWN/Hsp-aux-10405_c23.xml"", ""solver"": ""xcsp:ACE@2.4"", ""output_dir"": ""results_comparison"", ""global_time_limit"": 600, ""max_tries"": 50, ""tuning_file"": ""tests/psa/ace.tuning.json"", ""hpo_strategy"": ""hamming"", ""global_time_strategy"": ""PERCENT"", ""percent"": 0.2, ""round_time_strategy"": ""STATIC"", ""time_evolution"": ""STATIC"", ""stop_strategy"": ""TIMEOUT""}",276,"{""varh"": ""Wdeg"", ""valh"": ""Rand"", ""saf"": ""True"", ""pc1"": ""True"", ""bdc"": ""100"", ""toh"": ""True"", ""ng"": ""NO"", ""lc"": ""5"", ""negative"": ""STR2"", ""generic2"": ""True"", ""sb"": ""NO""}",0.5843181670061313,0.581387749989517,,ExitStatus.UNKNOWN,False,False,0.581387749989517
2025-06-09T12:11:55.455613,Hsp-aux-10405_c23.xml,"{""input"": ""tests/xcsp3/cop/UNKNOWN/Hsp-aux-10405_c23.xml"", ""solver"": ""xcsp:ACE@2.4"", ""output_dir"": ""results_comparison"", ""global_time_limit"": 600, ""max_tries"": 50, ""tuning_file"": ""tests/psa/ace.tuning.json"", ""hpo_strategy"": ""hamming"", ""global_time_strategy"": ""PERCENT"", ""percent"": 0.2, ""round_time_strategy"": ""STATIC"", ""time_evolution"": ""STATIC"", ""stop_strategy"": ""TIMEOUT""}",277,"{""varh"": ""Rand"", ""valh"": ""Median"", ""saf"": ""True"", ""pc1"": ""True"", ""bdc"": ""1"", ""toh"": ""True"", ""ng"": ""NO"", ""lc"": ""5"", ""negative"": ""STR2"", ""generic2"": ""True"", ""sb"": ""NO""}",0.5843181670061313,1.3745592079940252,198,ExitStatus.FEASIBLE,False,False,1.3745592079940252
2025-06-09T12:11:56.181508,Hsp-aux-10405_c23.xml,"{""input"": ""tests/xcsp3/cop/UNKNOWN/Hsp-aux-10405_c23.xml"", ""solver"": ""xcsp:ACE@2.4"", ""output_dir"": ""results_comparison"", ""global_time_limit"": 600, ""max_tries"": 50, ""tuning_file"": ""tests/psa/ace.tuning.json"", ""hpo_strategy"": ""hamming"", ""global_time_strategy"": ""PERCENT"", ""percent"": 0.2, ""round_time_strategy"": ""STATIC"", ""time_evolution"": ""STATIC"", ""stop_strategy"": ""TIMEOUT""}",278,"{""varh"": ""Wdeg"", ""valh"": ""Last"", ""saf"": ""True"", ""pc1"": ""True"", ""bdc"": ""1000"", ""toh"": ""True"", ""ng"": ""NO"", ""lc"": ""5"", ""negative"": ""STR2"", ""generic2"": ""True"", ""sb"": ""NO""}",0.5843181670061313,0.6443477089633234,,ExitStatus.UNKNOWN,False,False,0.6443477089633234
2025-06-09T12:11:57.640027,Hsp-aux-10405_c23.xml,"{""input"": ""tests/xcsp3/cop/UNKNOWN/Hsp-aux-10405_c23.xml"", ""solver"": ""xcsp:ACE@2.4"", ""output_dir"": ""results_comparison"", ""global_time_limit"": 600, ""max_tries"": 50, ""tuning_file"": ""tests/psa/ace.tuning.json"", ""hpo_strategy"": ""hamming"", ""global_time_strategy"": ""PERCENT"", ""percent"": 0.2, ""round_time_strategy"": ""STATIC"", ""time_evolution"": ""STATIC"", ""stop_strategy"": ""TIMEOUT""}",279,"{""varh"": ""Impact"", ""valh"": ""First"", ""saf"": ""True"", ""pc1"": ""True"", ""bdc"": ""1"", ""toh"": ""True"", ""ng"": ""NO"", ""lc"": ""5"", ""negative"": ""STR1"", ""generic2"": ""True"", ""sb"": ""NO""}",0.5843181670061313,1.3775915000005625,,ExitStatus.UNKNOWN,False,False,1.3775915000005625
2025-06-09T12:11:59.440566,Hsp-aux-10405_c23.xml,"{""input"": ""tests/xcsp3/cop/UNKNOWN/Hsp-aux-10405_c23.xml"", ""solver"": ""xcsp:ACE@2.4"", ""output_dir"": ""results_comparison"", ""global_time_limit"": 600, ""max_tries"": 50, ""tuning_file"": ""tests/psa/ace.tuning.json"", ""hpo_strategy"": ""hamming"", ""global_time_strategy"": ""PERCENT"", ""percent"": 0.2, ""round_time_strategy"": ""STATIC"", ""time_evolution"": ""STATIC"", ""stop_strategy"": ""TIMEOUT""}",280,"{""varh"": ""Wdeg"", ""valh"": ""Conflicts"", ""saf"": ""True"", ""pc1"": ""True"", ""bdc"": ""1"", ""toh"": ""True"", ""ng"": ""NO"", ""lc"": ""5"", ""negative"": ""STR3"", ""generic2"": ""True"", ""sb"": ""NO""}",0.5843181670061313,1.721685583004728,,ExitStatus.UNKNOWN,False,False,1.721685583004728
2025-06-09T12:12:00.189618,Hsp-aux-10405_c23.xml,"{""input"": ""tests/xcsp3/cop/UNKNOWN/Hsp-aux-10405_c23.xml"", ""solver"": ""xcsp:ACE@2.4"", ""output_dir"": ""results_comparison"", ""global_time_limit"": 600, ""max_tries"": 50, ""tuning_file"": ""tests/psa/ace.tuning.json"", ""hpo_strategy"": ""hamming"", ""global_time_strategy"": ""PERCENT"", ""percent"": 0.2, ""round_time_strategy"": ""STATIC"", ""time_evolution"": ""STATIC"", ""stop_strategy"": ""TIMEOUT""}",281,"{""varh"": ""RunRobin"", ""valh"": ""First"", ""saf"": ""True"", ""pc1"": ""True"", ""bdc"": ""1"", ""toh"": ""False"", ""ng"": ""NO"", ""lc"": ""5"", ""negative"": ""STR2"", ""generic2"": ""True"", ""sb"": ""NO""}",0.5843181670061313,0.6722730830078945,198,ExitStatus.OPTIMAL,False,False,0.6722730830078945
2025-06-09T12:12:00.863583,Hsp-aux-10405_c23.xml,"{""input"": ""tests/xcsp3/cop/UNKNOWN/Hsp-aux-10405_c23.xml"", ""solver"": ""xcsp:ACE@2.4"", ""output_dir"": ""results_comparison"", ""global_time_limit"": 600, ""max_tries"": 50, ""tuning_file"": ""tests/psa/ace.tuning.json"", ""hpo_strategy"": ""hamming"", ""global_time_strategy"": ""PERCENT"", ""percent"": 0.2, ""round_time_strategy"": ""STATIC"", ""time_evolution"": ""STATIC"", ""stop_strategy"": ""TIMEOUT""}",282,"{""varh"": ""Wdeg"", ""valh"": ""First"", ""saf"": ""False"", ""pc1"": ""True"", ""bdc"": ""100"", ""toh"": ""True"", ""ng"": ""NO"", ""lc"": ""5"", ""negative"": ""STR2"", ""generic2"": ""True"", ""sb"": ""NO""}",0.5843181670061313,0.5964266659575514,,ExitStatus.UNKNOWN,False,False,0.5964266659575514
2025-06-09T12:12:01.584560,Hsp-aux-10405_c23.xml,"{""input"": ""tests/xcsp3/cop/UNKNOWN/Hsp-aux-10405_c23.xml"", ""solver"": ""xcsp:ACE@2.4"", ""output_dir"": ""results_comparison"", ""global_time_limit"": 600, ""max_tries"": 50, ""tuning_file"": ""tests/psa/ace.tuning.json"", ""hpo_strategy"": ""hamming"", ""global_time_strategy"": ""PERCENT"", ""percent"": 0.2, ""round_time_strategy"": ""STATIC"", ""time_evolution"": ""STATIC"", ""stop_strategy"": ""TIMEOUT""}",283,"{""varh"": ""Wdeg"", ""valh"": ""First"", ""saf"": ""False"", ""pc1"": ""True"", ""bdc"": ""1"", ""toh"": ""True"", ""ng"": ""NO"", ""lc"": ""5"", ""negative"": ""STR1"", ""generic2"": ""True"", ""sb"": ""NO""}",0.5843181670061313,0.6433310420252383,198,ExitStatus.OPTIMAL,False,False,0.6433310420252383
2025-06-09T12:12:03.030636,Hsp-aux-10405_c23.xml,"{""input"": ""tests/xcsp3/cop/UNKNOWN/Hsp-aux-10405_c23.xml"", ""solver"": ""xcsp:ACE@2.4"", ""output_dir"": ""results_comparison"", ""global_time_limit"": 600, ""max_tries"": 50, ""tuning_file"": ""tests/psa/ace.tuning.json"", ""hpo_strategy"": ""hamming"", ""global_time_strategy"": ""PERCENT"", ""percent"": 0.2, ""round_time_strategy"": ""STATIC"", ""time_evolution"": ""STATIC"", ""stop_strategy"": ""TIMEOUT""}",284,"{""varh"": ""Lexico"", ""valh"": ""First"", ""saf"": ""False"", ""pc1"": ""True"", ""bdc"": ""1"", ""toh"": ""True"", ""ng"": ""NO"", ""lc"": ""5"", ""negative"": ""STR2"", ""generic2"": ""True"", ""sb"": ""NO""}",0.5843181670061313,1.3676091250381432,,ExitStatus.UNKNOWN,False,False,1.3676091250381432
2025-06-09T12:12:04.490142,Hsp-aux-10405_c23.xml,"{""input"": ""tests/xcsp3/cop/UNKNOWN/Hsp-aux-10405_c23.xml"", ""solver"": ""xcsp:ACE@2.4"", ""output_dir"": ""results_comparison"", ""global_time_limit"": 600, ""max_tries"": 50, ""tuning_file"": ""tests/psa/ace.tuning.json"", ""hpo_strategy"": ""hamming"", ""global_time_strategy"": ""PERCENT"", ""percent"": 0.2, ""round_time_strategy"": ""STATIC"", ""time_evolution"": ""STATIC"", ""stop_strategy"": ""TIMEOUT""}",285,"{""varh"": ""Activity"", ""valh"": ""First"", ""saf"": ""False"", ""pc1"": ""True"", ""bdc"": ""1"", ""toh"": ""True"", ""ng"": ""NO"", ""lc"": ""5"", ""negative"": ""STR2"", ""generic2"": ""True"", ""sb"": ""NO""}",0.5843181670061313,1.3798337919870391,270,ExitStatus.FEASIBLE,False,False,1.3798337919870391
2025-06-09T12:12:05.353397,Hsp-aux-10405_c23.xml,"{""input"": ""tests/xcsp3/cop/UNKNOWN/Hsp-aux-10405_c23.xml"", ""solver"": ""xcsp:ACE@2.4"", ""output_dir"": ""results_comparison"", ""global_time_limit"": 600, ""max_tries"": 50, ""tuning_file"": ""tests/psa/ace.tuning.json"", ""hpo_strategy"": ""hamming"", ""global_time_strategy"": ""PERCENT"", ""percent"": 0.2, ""round_time_strategy"": ""STATIC"", ""time_evolution"": ""STATIC"", ""stop_strategy"": ""TIMEOUT""}",286,"{""varh"": ""PickOnDom"", ""valh"": ""First"", ""saf"": ""True"", ""pc1"": ""True"", ""bdc"": ""1"", ""toh"": ""True"", ""ng"": ""NO"", ""lc"": ""5"", ""negative"": ""CT"", ""generic2"": ""True"", ""sb"": ""NO""}",0.5843181670061313,0.7801081250072457,198,ExitStatus.OPTIMAL,False,False,0.7801081250072457
2025-06-09T12:12:06.935990,Hsp-aux-10405_c23.xml,"{""input"": ""tests/xcsp3/cop/UNKNOWN/Hsp-aux-10405_c23.xml"", ""solver"": ""xcsp:ACE@2.4"", ""output_dir"": ""results_comparison"", ""global_time_limit"": 600, ""max_tries"": 50, ""tuning_file"": ""tests/psa/ace.tuning.json"", ""hpo_strategy"": ""hamming"", ""global_time_strategy"": ""PERCENT"", ""percent"": 0.2, ""round_time_strategy"": ""STATIC"", ""time_evolution"": ""STATIC"", ""stop_strategy"": ""TIMEOUT""}",287,"{""varh"": ""Rand"", ""valh"": ""Bivs3"", ""saf"": ""True"", ""pc1"": ""True"", ""bdc"": ""1"", ""toh"": ""True"", ""ng"": ""NO"", ""lc"": ""5"", ""negative"": ""STR2"", ""generic2"": ""True"", ""sb"": ""NO""}",0.5843181670061313,1.4752745419973508,226,ExitStatus.FEASIBLE,False,False,1.4752745419973508
2025-06-09T12:12:07.775056,Hsp-aux-10405_c23.xml,"{""input"": ""tests/xcsp3/cop/UNKNOWN/Hsp-aux-10405_c23.xml"", ""solver"": ""xcsp:ACE@2.4"", ""output_dir"": ""results_comparison"", ""global_time_limit"": 600, ""max_tries"": 50, ""tuning_file"": ""tests/psa/ace.tuning.json"", ""hpo_strategy"": ""hamming"", ""global_time_strategy"": ""PERCENT"", ""percent"": 0.2, ""round_time_strategy"": ""STATIC"", ""time_evolution"": ""STATIC"", ""stop_strategy"": ""TIMEOUT""}",288,"{""varh"": ""Rand"", ""valh"": ""First"", ""saf"": ""True"", ""pc1"": ""True"", ""bdc"": ""1000"", ""toh"": ""True"", ""ng"": ""NO"", ""lc"": ""5"", ""negative"": ""STR2"", ""generic2"": ""True"", ""sb"": ""NO""}",0.5843181670061313,0.7614644579589367,,ExitStatus.UNKNOWN,False,False,0.7614644579589367
2025-06-09T12:12:08.507967,Hsp-aux-10405_c23.xml,"{""input"": ""tests/xcsp3/cop/UNKNOWN/Hsp-aux-10405_c23.xml"", ""solver"": ""xcsp:ACE@2.4"", ""output_dir"": ""results_comparison"", ""global_time_limit"": 600, ""max_tries"": 50, ""tuning_file"": ""tests/psa/ace.tuning.json"", ""hpo_strategy"": ""hamming"", ""global_time_strategy"": ""PERCENT"", ""percent"": 0.2, ""round_time_strategy"": ""STATIC"", ""time_evolution"": ""STATIC"", ""stop_strategy"": ""TIMEOUT""}",289,"{""varh"": ""Wdeg"", ""valh"": ""OccsR"", ""saf"": ""True"", ""pc1"": ""True"", ""bdc"": ""1"", ""toh"": ""True"", ""ng"": ""NO"", ""lc"": ""5"", ""negative"": ""STR2"", ""generic2"": ""False"", ""sb"": ""NO""}",0.5843181670061313,0.6549436249770224,198,ExitStatus.OPTIMAL,False,False,0.6549436249770224
2025-06-09T12:12:09.196357,Hsp-aux-10405_c23.xml,"{""input"": ""tests/xcsp3/cop/UNKNOWN/Hsp-aux-10405_c23.xml"", ""solver"": ""xcsp:ACE@2.4"", ""output_dir"": ""results_comparison"", ""global_time_limit"": 600, ""max_tries"": 50, ""tuning_file"": ""tests/psa/ace.tuning.json"", ""hpo_strategy"": ""hamming"", ""global_time_strategy"": ""PERCENT"", ""percent"": 0.2, ""round_time_strategy"": ""STATIC"", ""time_evolution"": ""STATIC"", ""stop_strategy"": ""TIMEOUT""}",290,"{""varh"": ""Wdeg"", ""valh"": ""RunRobin"", ""saf"": ""True"", ""pc1"": ""True"", ""bdc"": ""1"", ""toh"": ""True"", ""ng"": ""NO"", ""lc"": ""5"", ""negative"": ""STR2"", ""generic2"": ""False"", ""sb"": ""NO""}",0.5843181670061313,0.6139674159931019,198,ExitStatus.OPTIMAL,False,False,0.6139674159931019
2025-06-09T12:12:10.634078,Hsp-aux-10405_c23.xml,"{""input"": ""tests/xcsp3/cop/UNKNOWN/Hsp-aux-10405_c23.xml"", ""solver"": ""xcsp:ACE@2.4"", ""output_dir"": ""results_comparison"", ""global_time_limit"": 600, ""max_tries"": 50, ""tuning_file"": ""tests/psa/ace.tuning.json"", ""hpo_strategy"": ""hamming"", ""global_time_strategy"": ""PERCENT"", ""percent"": 0.2, ""round_time_strategy"": ""STATIC"", ""time_evolution"": ""STATIC"", ""stop_strategy"": ""TIMEOUT""}",291,"{""varh"": ""Lexico"", ""valh"": ""First"", ""saf"": ""True"", ""pc1"": ""True"", ""bdc"": ""1000"", ""toh"": ""True"", ""ng"": ""NO"", ""lc"": ""5"", ""negative"": ""STR2"", ""generic2"": ""True"", ""sb"": ""NO""}",0.5843181670061313,1.3644993329653516,,ExitStatus.UNKNOWN,False,False,1.3644993329653516
2025-06-09T12:12:11.308538,Hsp-aux-10405_c23.xml,"{""input"": ""tests/xcsp3/cop/UNKNOWN/Hsp-aux-10405_c23.xml"", ""solver"": ""xcsp:ACE@2.4"", ""output_dir"": ""results_comparison"", ""global_time_limit"": 600, ""max_tries"": 50, ""tuning_file"": ""tests/psa/ace.tuning.json"", ""hpo_strategy"": ""hamming"", ""global_time_strategy"": ""PERCENT"", ""percent"": 0.2, ""round_time_strategy"": ""STATIC"", ""time_evolution"": ""STATIC"", ""stop_strategy"": ""TIMEOUT""}",292,"{""varh"": ""Wdeg"", ""valh"": ""First"", ""saf"": ""True"", ""pc1"": ""True"", ""bdc"": ""1"", ""toh"": ""True"", ""ng"": ""NO"", ""lc"": ""10"", ""negative"": ""CT"", ""generic2"": ""True"", ""sb"": ""NO""}",0.5843181670061313,0.6017798749962822,198,ExitStatus.OPTIMAL,False,False,0.6017798749962822
2025-06-09T12:12:12.735058,Hsp-aux-10405_c23.xml,"{""input"": ""tests/xcsp3/cop/UNKNOWN/Hsp-aux-10405_c23.xml"", ""solver"": ""xcsp:ACE@2.4"", ""output_dir"": ""results_comparison"", ""global_time_limit"": 600, ""max_tries"": 50, ""tuning_file"": ""tests/psa/ace.tuning.json"", ""hpo_strategy"": ""hamming"", ""global_time_strategy"": ""PERCENT"", ""percent"": 0.2, ""round_time_strategy"": ""STATIC"", ""time_evolution"": ""STATIC"", ""stop_strategy"": ""TIMEOUT""}",293,"{""varh"": ""Impact"", ""valh"": ""First"", ""saf"": ""True"", ""pc1"": ""True"", ""bdc"": ""1"", ""toh"": ""True"", ""ng"": ""NO"", ""lc"": ""5"", ""negative"": ""CT"", ""generic2"": ""True"", ""sb"": ""NO""}",0.5843181670061313,1.3521265410236083,,ExitStatus.UNKNOWN,False,False,1.3521265410236083
2025-06-09T12:12:13.410202,Hsp-aux-10405_c23.xml,"{""input"": ""tests/xcsp3/cop/UNKNOWN/Hsp-aux-10405_c23.xml"", ""solver"": ""xcsp:ACE@2.4"", ""output_dir"": ""results_comparison"", ""global_time_limit"": 600, ""max_tries"": 50, ""tuning_file"": ""tests/psa/ace.tuning.json"", ""hpo_strategy"": ""hamming"", ""global_time_strategy"": ""PERCENT"", ""percent"": 0.2, ""round_time_strategy"": ""STATIC"", ""time_evolution"": ""STATIC"", ""stop_strategy"": ""TIMEOUT""}",294,"{""varh"": ""Wdeg"", ""valh"": ""RunRobin"", ""saf"": ""True"", ""pc1"": ""True"", ""bdc"": ""10"", ""toh"": ""True"", ""ng"": ""NO"", ""lc"": ""5"", ""negative"": ""STR2"", ""generic2"": ""True"", ""sb"": ""NO""}",0.5843181670061313,0.6017184579977766,198,ExitStatus.OPTIMAL,False,False,0.6017184579977766
2025-06-09T12:12:14.120876,Hsp-aux-10405_c23.xml,"{""input"": ""tests/xcsp3/cop/UNKNOWN/Hsp-aux-10405_c23.xml"", ""solver"": ""xcsp:ACE@2.4"", ""output_dir"": ""results_comparison"", ""global_time_limit"": 600, ""max_tries"": 50, ""tuning_file"": ""tests/psa/ace.tuning.json"", ""hpo_strategy"": ""hamming"", ""global_time_strategy"": ""PERCENT"", ""percent"": 0.2, ""round_time_strategy"": ""STATIC"", ""time_evolution"": ""STATIC"", ""stop_strategy"": ""TIMEOUT""}",295,"{""varh"": ""Wdeg"", ""valh"": ""First"", ""saf"": ""True"", ""pc1"": ""True"", ""bdc"": ""100"", ""toh"": ""True"", ""ng"": ""NO"", ""lc"": ""0"", ""negative"": ""STR2"", ""generic2"": ""True"", ""sb"": ""NO""}",0.5843181670061313,0.6348464170005172,,ExitStatus.UNKNOWN,False,False,0.6348464170005172
2025-06-09T12:12:14.919376,Hsp-aux-10405_c23.xml,"{""input"": ""tests/xcsp3/cop/UNKNOWN/Hsp-aux-10405_c23.xml"", ""solver"": ""xcsp:ACE@2.4"", ""output_dir"": ""results_comparison"", ""global_time_limit"": 600, ""max_tries"": 50, ""tuning_file"": ""tests/psa/ace.tuning.json"", ""hpo_strategy"": ""hamming"", ""global_time_strategy"": ""PERCENT"", ""percent"": 0.2, ""round_time_strategy"": ""STATIC"", ""time_evolution"": ""STATIC"", ""stop_strategy"": ""TIMEOUT""}",296,"{""varh"": ""RunRobin"", ""valh"": ""First"", ""saf"": ""True"", ""pc1"": ""True"", ""bdc"": ""1"", ""toh"": ""True"", ""ng"": ""NO"", ""lc"": ""5"", ""negative"": ""STR1N"", ""generic2"": ""True"", ""sb"": ""NO""}",0.5843181670061313,0.719839416036848,198,ExitStatus.OPTIMAL,False,False,0.719839416036848
2025-06-09T12:12:16.397462,Hsp-aux-10405_c23.xml,"{""input"": ""tests/xcsp3/cop/UNKNOWN/Hsp-aux-10405_c23.xml"", ""solver"": ""xcsp:ACE@2.4"", ""output_dir"": ""results_comparison"", ""global_time_limit"": 600, ""max_tries"": 50, ""tuning_file"": ""tests/psa/ace.tuning.json"", ""hpo_strategy"": ""hamming"", ""global_time_strategy"": ""PERCENT"", ""percent"": 0.2, ""round_time_strategy"": ""STATIC"", ""time_evolution"": ""STATIC"", ""stop_strategy"": ""TIMEOUT""}",297,"{""varh"": ""Activity"", ""valh"": ""First"", ""saf"": ""True"", ""pc1"": ""True"", ""bdc"": ""1"", ""toh"": ""True"", ""ng"": ""NO"", ""lc"": ""1"", ""negative"": ""STR2"", ""generic2"": ""True"", ""sb"": ""NO""}",0.5843181670061313,1.3991011659963988,270,ExitStatus.FEASIBLE,False,False,1.3991011659963988
2025-06-09T12:12:17.124234,Hsp-aux-10405_c23.xml,"{""input"": ""tests/xcsp3/cop/UNKNOWN/Hsp-aux-10405_c23.xml"", ""solver"": ""xcsp:ACE@2.4"", ""output_dir"": ""results_comparison"", ""global_time_limit"": 600, ""max_tries"": 50, ""tuning_file"": ""tests/psa/ace.tuning.json"", ""hpo_strategy"": ""hamming"", ""global_time_strategy"": ""PERCENT"", ""percent"": 0.2, ""round_time_strategy"": ""STATIC"", ""time_evolution"": ""STATIC"", ""stop_strategy"": ""TIMEOUT""}",298,"{""varh"": ""PickOnDom"", ""valh"": ""First"", ""saf"": ""True"", ""pc1"": ""True"", ""bdc"": ""1"", ""toh"": ""True"", ""ng"": ""NO"", ""lc"": ""2"", ""negative"": ""STR2"", ""generic2"": ""True"", ""sb"": ""NO""}",0.5843181670061313,0.6419182080426253,198,ExitStatus.OPTIMAL,False,False,0.6419182080426253
2025-06-09T12:12:18.597415,Hsp-aux-10405_c23.xml,"{""input"": ""tests/xcsp3/cop/UNKNOWN/Hsp-aux-10405_c23.xml"", ""solver"": ""xcsp:ACE@2.4"", ""output_dir"": ""results_comparison"", ""global_time_limit"": 600, ""max_tries"": 50, ""tuning_file"": ""tests/psa/ace.tuning.json"", ""hpo_strategy"": ""hamming"", ""global_time_strategy"": ""PERCENT"", ""percent"": 0.2, ""round_time_strategy"": ""STATIC"", ""time_evolution"": ""STATIC"", ""stop_strategy"": ""TIMEOUT""}",299,"{""varh"": ""Impact"", ""valh"": ""First"", ""saf"": ""True"", ""pc1"": ""True"", ""bdc"": ""1"", ""toh"": ""True"", ""ng"": ""NO"", ""lc"": ""5"", ""negative"": ""STR0"", ""generic2"": ""True"", ""sb"": ""NO""}",0.5843181670061313,1.3901324579492211,,ExitStatus.UNKNOWN,False,False,1.3901324579492211
2025-06-09T12:12:19.328099,Hsp-aux-10405_c23.xml,"{""input"": ""tests/xcsp3/cop/UNKNOWN/Hsp-aux-10405_c23.xml"", ""solver"": ""xcsp:ACE@2.4"", ""output_dir"": ""results_comparison"", ""global_time_limit"": 600, ""max_tries"": 50, ""tuning_file"": ""tests/psa/ace.tuning.json"", ""hpo_strategy"": ""hamming"", ""global_time_strategy"": ""PERCENT"", ""percent"": 0.2, ""round_time_strategy"": ""STATIC"", ""time_evolution"": ""STATIC"", ""stop_strategy"": ""TIMEOUT""}",300,"{""varh"": ""Wdeg"", ""valh"": ""OccsR"", ""saf"": ""True"", ""pc1"": ""True"", ""bdc"": ""1"", ""toh"": ""False"", ""ng"": ""NO"", ""lc"": ""5"", ""negative"": ""STR2"", ""generic2"": ""True"", ""sb"": ""NO""}",0.5843181670061313,0.6472577920067124,198,ExitStatus.OPTIMAL,False,False,0.6472577920067124
2025-06-09T12:12:19.978923,Hsp-aux-10405_c23.xml,"{""input"": ""tests/xcsp3/cop/UNKNOWN/Hsp-aux-10405_c23.xml"", ""solver"": ""xcsp:ACE@2.4"", ""output_dir"": ""results_comparison"", ""global_time_limit"": 600, ""max_tries"": 50, ""tuning_file"": ""tests/psa/ace.tuning.json"", ""hpo_strategy"": ""hamming"", ""global_time_strategy"": ""PERCENT"", ""percent"": 0.2, ""round_time_strategy"": ""STATIC"", ""time_evolution"": ""STATIC"", ""stop_strategy"": ""TIMEOUT""}",301,"{""varh"": ""Wdeg"", ""valh"": ""First"", ""saf"": ""True"", ""pc1"": ""True"", ""bdc"": ""100"", ""toh"": ""True"", ""ng"": ""NO"", ""lc"": ""5"", ""negative"": ""STR2"", ""generic2"": ""False"", ""sb"": ""NO""}",0.5843181670061313,0.5727492499863729,,ExitStatus.UNKNOWN,False,False,0.5727492499863729
2025-06-09T12:12:20.872698,Hsp-aux-10405_c23.xml,"{""input"": ""tests/xcsp3/cop/UNKNOWN/Hsp-aux-10405_c23.xml"", ""solver"": ""xcsp:ACE@2.4"", ""output_dir"": ""results_comparison"", ""global_time_limit"": 600, ""max_tries"": 50, ""tuning_file"": ""tests/psa/ace.tuning.json"", ""hpo_strategy"": ""hamming"", ""global_time_strategy"": ""PERCENT"", ""percent"": 0.2, ""round_time_strategy"": ""STATIC"", ""time_evolution"": ""STATIC"", ""stop_strategy"": ""TIMEOUT""}",302,"{""varh"": ""Wdeg"", ""valh"": ""Median"", ""saf"": ""True"", ""pc1"": ""True"", ""bdc"": ""1"", ""toh"": ""True"", ""ng"": ""NO"", ""lc"": ""5"", ""negative"": ""STR0"", ""generic2"": ""True"", ""sb"": ""NO""}",0.5843181670061313,0.8165439169970341,198,ExitStatus.OPTIMAL,False,False,0.8165439169970341
2025-06-09T12:12:21.607469,Hsp-aux-10405_c23.xml,"{""input"": ""tests/xcsp3/cop/UNKNOWN/Hsp-aux-10405_c23.xml"", ""solver"": ""xcsp:ACE@2.4"", ""output_dir"": ""results_comparison"", ""global_time_limit"": 600, ""max_tries"": 50, ""tuning_file"": ""tests/psa/ace.tuning.json"", ""hpo_strategy"": ""hamming"", ""global_time_strategy"": ""PERCENT"", ""percent"": 0.2, ""round_time_strategy"": ""STATIC"", ""time_evolution"": ""STATIC"", ""stop_strategy"": ""TIMEOUT""}",303,"{""varh"": ""Memory"", ""valh"": ""First"", ""saf"": ""True"", ""pc1"": ""True"", ""bdc"": ""1"", ""toh"": ""True"", ""ng"": ""NO"", ""lc"": ""5"", ""negative"": ""STR0"", ""generic2"": ""True"", ""sb"": ""NO""}",0.5843181670061313,0.647519749996718,198,ExitStatus.OPTIMAL,False,False,0.647519749996718
2025-06-09T12:12:22.323248,Hsp-aux-10405_c23.xml,"{""input"": ""tests/xcsp3/cop/UNKNOWN/Hsp-aux-10405_c23.xml"", ""solver"": ""xcsp:ACE@2.4"", ""output_dir"": ""results_comparison"", ""global_time_limit"": 600, ""max_tries"": 50, ""tuning_file"": ""tests/psa/ace.tuning.json"", ""hpo_strategy"": ""hamming"", ""global_time_strategy"": ""PERCENT"", ""percent"": 0.2, ""round_time_strategy"": ""STATIC"", ""time_evolution"": ""STATIC"", ""stop_strategy"": ""TIMEOUT""}",304,"{""varh"": ""Wdeg"", ""valh"": ""First"", ""saf"": ""True"", ""pc1"": ""True"", ""bdc"": ""1"", ""toh"": ""True"", ""ng"": ""NO"", ""lc"": ""5"", ""negative"": ""VA"", ""generic2"": ""False"", ""sb"": ""NO""}",0.5843181670061313,0.6373527499963529,198,ExitStatus.OPTIMAL,False,False,0.6373527499963529
2025-06-09T12:12:23.037488,Hsp-aux-10405_c23.xml,"{""input"": ""tests/xcsp3/cop/UNKNOWN/Hsp-aux-10405_c23.xml"", ""solver"": ""xcsp:ACE@2.4"", ""output_dir"": ""results_comparison"", ""global_time_limit"": 600, ""max_tries"": 50, ""tuning_file"": ""tests/psa/ace.tuning.json"", ""hpo_strategy"": ""hamming"", ""global_time_strategy"": ""PERCENT"", ""percent"": 0.2, ""round_time_strategy"": ""STATIC"", ""time_evolution"": ""STATIC"", ""stop_strategy"": ""TIMEOUT""}",305,"{""varh"": ""Wdeg"", ""valh"": ""OccsR"", ""saf"": ""True"", ""pc1"": ""True"", ""bdc"": ""1"", ""toh"": ""True"", ""ng"": ""NO"", ""lc"": ""5"", ""negative"": ""STR0"", ""generic2"": ""True"", ""sb"": ""NO""}",0.5843181670061313,0.6306642920244485,198,ExitStatus.OPTIMAL,False,False,0.6306642920244485
2025-06-09T12:12:24.467480,Hsp-aux-10405_c23.xml,"{""input"": ""tests/xcsp3/cop/UNKNOWN/Hsp-aux-10405_c23.xml"", ""solver"": ""xcsp:ACE@2.4"", ""output_dir"": ""results_comparison"", ""global_time_limit"": 600, ""max_tries"": 50, ""tuning_file"": ""tests/psa/ace.tuning.json"", ""hpo_strategy"": ""hamming"", ""global_time_strategy"": ""PERCENT"", ""percent"": 0.2, ""round_time_strategy"": ""STATIC"", ""time_evolution"": ""STATIC"", ""stop_strategy"": ""TIMEOUT""}",306,"{""varh"": ""Lexico"", ""valh"": ""FlrsE"", ""saf"": ""True"", ""pc1"": ""True"", ""bdc"": ""1"", ""toh"": ""True"", ""ng"": ""NO"", ""lc"": ""5"", ""negative"": ""STR2"", ""generic2"": ""True"", ""sb"": ""NO""}",0.5843181670061313,1.3518793749972247,,ExitStatus.UNKNOWN,False,False,1.3518793749972247
2025-06-09T12:12:25.349780,Hsp-aux-10405_c23.xml,"{""input"": ""tests/xcsp3/cop/UNKNOWN/Hsp-aux-10405_c23.xml"", ""solver"": ""xcsp:ACE@2.4"", ""output_dir"": ""results_comparison"", ""global_time_limit"": 600, ""max_tries"": 50, ""tuning_file"": ""tests/psa/ace.tuning.json"", ""hpo_strategy"": ""hamming"", ""global_time_strategy"": ""PERCENT"", ""percent"": 0.2, ""round_time_strategy"": ""STATIC"", ""time_evolution"": ""STATIC"", ""stop_strategy"": ""TIMEOUT""}",307,"{""varh"": ""Wdeg"", ""valh"": ""Median"", ""saf"": ""True"", ""pc1"": ""True"", ""bdc"": ""1"", ""toh"": ""True"", ""ng"": ""NO"", ""lc"": ""5"", ""negative"": ""STR2N"", ""generic2"": ""True"", ""sb"": ""NO""}",0.5843181670061313,0.8036764160497114,198,ExitStatus.OPTIMAL,False,False,0.8036764160497114
2025-06-09T12:12:26.040647,Hsp-aux-10405_c23.xml,"{""input"": ""tests/xcsp3/cop/UNKNOWN/Hsp-aux-10405_c23.xml"", ""solver"": ""xcsp:ACE@2.4"", ""output_dir"": ""results_comparison"", ""global_time_limit"": 600, ""max_tries"": 50, ""tuning_file"": ""tests/psa/ace.tuning.json"", ""hpo_strategy"": ""hamming"", ""global_time_strategy"": ""PERCENT"", ""percent"": 0.2, ""round_time_strategy"": ""STATIC"", ""time_evolution"": ""STATIC"", ""stop_strategy"": ""TIMEOUT""}",308,"{""varh"": ""Wdeg"", ""valh"": ""First"", ""saf"": ""True"", ""pc1"": ""True"", ""bdc"": ""1"", ""toh"": ""True"", ""ng"": ""NO"", ""lc"": ""1"", ""negative"": ""STR2N"", ""generic2"": ""True"", ""sb"": ""NO""}",0.5843181670061313,0.6139316250337288,198,ExitStatus.OPTIMAL,False,False,0.6139316250337288
2025-06-09T12:12:26.704523,Hsp-aux-10405_c23.xml,"{""input"": ""tests/xcsp3/cop/UNKNOWN/Hsp-aux-10405_c23.xml"", ""solver"": ""xcsp:ACE@2.4"", ""output_dir"": ""results_comparison"", ""global_time_limit"": 600, ""max_tries"": 50, ""tuning_file"": ""tests/psa/ace.tuning.json"", ""hpo_strategy"": ""hamming"", ""global_time_strategy"": ""PERCENT"", ""percent"": 0.2, ""round_time_strategy"": ""STATIC"", ""time_evolution"": ""STATIC"", ""stop_strategy"": ""TIMEOUT""}",309,"{""varh"": ""Wdeg"", ""valh"": ""First"", ""saf"": ""True"", ""pc1"": ""True"", ""bdc"": ""1000"", ""toh"": ""True"", ""ng"": ""NO"", ""lc"": ""0"", ""negative"": ""STR2"", ""generic2"": ""True"", ""sb"": ""NO""}",0.5843181670061313,0.5865148750017397,,ExitStatus.UNKNOWN,False,False,0.5865148750017397
2025-06-09T12:12:28.141021,Hsp-aux-10405_c23.xml,"{""input"": ""tests/xcsp3/cop/UNKNOWN/Hsp-aux-10405_c23.xml"", ""solver"": ""xcsp:ACE@2.4"", ""output_dir"": ""results_comparison"", ""global_time_limit"": 600, ""max_tries"": 50, ""tuning_file"": ""tests/psa/ace.tuning.json"", ""hpo_strategy"": ""hamming"", ""global_time_strategy"": ""PERCENT"", ""percent"": 0.2, ""round_time_strategy"": ""STATIC"", ""time_evolution"": ""STATIC"", ""stop_strategy"": ""TIMEOUT""}",310,"{""varh"": ""Rand"", ""valh"": ""First"", ""saf"": ""True"", ""pc1"": ""True"", ""bdc"": ""100"", ""toh"": ""True"", ""ng"": ""NO"", ""lc"": ""5"", ""negative"": ""STR2"", ""generic2"": ""True"", ""sb"": ""NO""}",0.5843181670061313,1.356903916981537,270,ExitStatus.FEASIBLE,False,False,1.356903916981537
2025-06-09T12:12:28.929608,Hsp-aux-10405_c23.xml,"{""input"": ""tests/xcsp3/cop/UNKNOWN/Hsp-aux-10405_c23.xml"", ""solver"": ""xcsp:ACE@2.4"", ""output_dir"": ""results_comparison"", ""global_time_limit"": 600, ""max_tries"": 50, ""tuning_file"": ""tests/psa/ace.tuning.json"", ""hpo_strategy"": ""hamming"", ""global_time_strategy"": ""PERCENT"", ""percent"": 0.2, ""round_time_strategy"": ""STATIC"", ""time_evolution"": ""STATIC"", ""stop_strategy"": ""TIMEOUT""}",311,"{""varh"": ""Wdeg"", ""valh"": ""Rand"", ""saf"": ""True"", ""pc1"": ""True"", ""bdc"": ""10"", ""toh"": ""True"", ""ng"": ""NO"", ""lc"": ""5"", ""negative"": ""STR2"", ""generic2"": ""True"", ""sb"": ""NO""}",0.5843181670061313,0.7080139589961618,204,ExitStatus.OPTIMAL,False,False,0.7080139589961618
2025-06-09T12:12:29.632739,Hsp-aux-10405_c23.xml,"{""input"": ""tests/xcsp3/cop/UNKNOWN/Hsp-aux-10405_c23.xml"", ""solver"": ""xcsp:ACE@2.4"", ""output_dir"": ""results_comparison"", ""global_time_limit"": 600, ""max_tries"": 50, ""tuning_file"": ""tests/psa/ace.tuning.json"", ""hpo_strategy"": ""hamming"", ""global_time_strategy"": ""PERCENT"", ""percent"": 0.2, ""round_time_strategy"": ""STATIC"", ""time_evolution"": ""STATIC"", ""stop_strategy"": ""TIMEOUT""}",312,"{""varh"": ""Wdeg"", ""valh"": ""First"", ""saf"": ""False"", ""pc1"": ""True"", ""bdc"": ""1"", ""toh"": ""True"", ""ng"": ""NO"", ""lc"": ""10"", ""negative"": ""STR2"", ""generic2"": ""True"", ""sb"": ""NO""}",0.5843181670061313,0.6253015410038643,198,ExitStatus.OPTIMAL,False,False,0.6253015410038643
2025-06-09T12:12:30.349385,Hsp-aux-10405_c23.xml,"{""input"": ""tests/xcsp3/cop/UNKNOWN/Hsp-aux-10405_c23.xml"", ""solver"": ""xcsp:ACE@2.4"", ""output_dir"": ""results_comparison"", ""global_time_limit"": 600, ""max_tries"": 50, ""tuning_file"": ""tests/psa/ace.tuning.json"", ""hpo_strategy"": ""hamming"", ""global_time_strategy"": ""PERCENT"", ""percent"": 0.2, ""round_time_strategy"": ""STATIC"", ""time_evolution"": ""STATIC"", ""stop_strategy"": ""TIMEOUT""}",313,"{""varh"": ""RunRobin"", ""valh"": ""First"", ""saf"": ""True"", ""pc1"": ""True"", ""bdc"": ""1"", ""toh"": ""True"", ""ng"": ""NO"", ""lc"": ""5"", ""negative"": ""CT"", ""generic2"": ""True"", ""sb"": ""NO""}",0.5843181670061313,0.6391983749927022,198,ExitStatus.OPTIMAL,False,False,0.6391983749927022
2025-06-09T12:12:31.100373,Hsp-aux-10405_c23.xml,"{""input"": ""tests/xcsp3/cop/UNKNOWN/Hsp-aux-10405_c23.xml"", ""solver"": ""xcsp:ACE@2.4"", ""output_dir"": ""results_comparison"", ""global_time_limit"": 600, ""max_tries"": 50, ""tuning_file"": ""tests/psa/ace.tuning.json"", ""hpo_strategy"": ""hamming"", ""global_time_strategy"": ""PERCENT"", ""percent"": 0.2, ""round_time_strategy"": ""STATIC"", ""time_evolution"": ""STATIC"", ""stop_strategy"": ""TIMEOUT""}",314,"{""varh"": ""Wdeg"", ""valh"": ""First"", ""saf"": ""False"", ""pc1"": ""True"", ""bdc"": ""1"", ""toh"": ""True"", ""ng"": ""NO"", ""lc"": ""1"", ""negative"": ""STR2"", ""generic2"": ""True"", ""sb"": ""NO""}",0.5843181670061313,0.6739235419663601,198,ExitStatus.OPTIMAL,False,False,0.6739235419663601
2025-06-09T12:12:31.817873,Hsp-aux-10405_c23.xml,"{""input"": ""tests/xcsp3/cop/UNKNOWN/Hsp-aux-10405_c23.xml"", ""solver"": ""xcsp:ACE@2.4"", ""output_dir"": ""results_comparison"", ""global_time_limit"": 600, ""max_tries"": 50, ""tuning_file"": ""tests/psa/ace.tuning.json"", ""hpo_strategy"": ""hamming"", ""global_time_strategy"": ""PERCENT"", ""percent"": 0.2, ""round_time_strategy"": ""STATIC"", ""time_evolution"": ""STATIC"", ""stop_strategy"": ""TIMEOUT""}",315,"{""varh"": ""PickOnDom"", ""valh"": ""First"", ""saf"": ""True"", ""pc1"": ""True"", ""bdc"": ""1"", ""toh"": ""False"", ""ng"": ""NO"", ""lc"": ""5"", ""negative"": ""STR2"", ""generic2"": ""True"", ""sb"": ""NO""}",0.5843181670061313,0.6405757910106331,198,ExitStatus.OPTIMAL,False,False,0.6405757910106331
2025-06-09T12:12:32.567580,Hsp-aux-10405_c23.xml,"{""input"": ""tests/xcsp3/cop/UNKNOWN/Hsp-aux-10405_c23.xml"", ""solver"": ""xcsp:ACE@2.4"", ""output_dir"": ""results_comparison"", ""global_time_limit"": 600, ""max_tries"": 50, ""tuning_file"": ""tests/psa/ace.tuning.json"", ""hpo_strategy"": ""hamming"", ""global_time_strategy"": ""PERCENT"", ""percent"": 0.2, ""round_time_strategy"": ""STATIC"", ""time_evolution"": ""STATIC"", ""stop_strategy"": ""TIMEOUT""}",316,"{""varh"": ""Wdeg"", ""valh"": ""Rand"", ""saf"": ""True"", ""pc1"": ""True"", ""bdc"": ""1"", ""toh"": ""True"", ""ng"": ""NO"", ""lc"": ""5"", ""negative"": ""CT"", ""generic2"": ""True"", ""sb"": ""NO""}",0.5843181670061313,0.6724500000127591,198,ExitStatus.OPTIMAL,False,False,0.6724500000127591
2025-06-09T12:12:33.260252,Hsp-aux-10405_c23.xml,"{""input"": ""tests/xcsp3/cop/UNKNOWN/Hsp-aux-10405_c23.xml"", ""solver"": ""xcsp:ACE@2.4"", ""output_dir"": ""results_comparison"", ""global_time_limit"": 600, ""max_tries"": 50, ""tuning_file"": ""tests/psa/ace.tuning.json"", ""hpo_strategy"": ""hamming"", ""global_time_strategy"": ""PERCENT"", ""percent"": 0.2, ""round_time_strategy"": ""STATIC"", ""time_evolution"": ""STATIC"", ""stop_strategy"": ""TIMEOUT""}",317,"{""varh"": ""Wdeg"", ""valh"": ""First"", ""saf"": ""True"", ""pc1"": ""True"", ""bdc"": ""1"", ""toh"": ""True"", ""ng"": ""NO"", ""lc"": ""5"", ""negative"": ""CT"", ""generic2"": ""False"", ""sb"": ""NO""}",0.5843181670061313,0.6154986660112627,198,ExitStatus.OPTIMAL,False,False,0.6154986660112627
2025-06-09T12:12:34.718106,Hsp-aux-10405_c23.xml,"{""input"": ""tests/xcsp3/cop/UNKNOWN/Hsp-aux-10405_c23.xml"", ""solver"": ""xcsp:ACE@2.4"", ""output_dir"": ""results_comparison"", ""global_time_limit"": 600, ""max_tries"": 50, ""tuning_file"": ""tests/psa/ace.tuning.json"", ""hpo_strategy"": ""hamming"", ""global_time_strategy"": ""PERCENT"", ""percent"": 0.2, ""round_time_strategy"": ""STATIC"", ""time_evolution"": ""STATIC"", ""stop_strategy"": ""TIMEOUT""}",318,"{""varh"": ""Activity"", ""valh"": ""Bivs3"", ""saf"": ""True"", ""pc1"": ""True"", ""bdc"": ""1"", ""toh"": ""True"", ""ng"": ""NO"", ""lc"": ""5"", ""negative"": ""STR2"", ""generic2"": ""True"", ""sb"": ""NO""}",0.5843181670061313,1.3789038329850882,270,ExitStatus.FEASIBLE,False,False,1.3789038329850882
2025-06-09T12:12:35.451421,Hsp-aux-10405_c23.xml,"{""input"": ""tests/xcsp3/cop/UNKNOWN/Hsp-aux-10405_c23.xml"", ""solver"": ""xcsp:ACE@2.4"", ""output_dir"": ""results_comparison"", ""global_time_limit"": 600, ""max_tries"": 50, ""tuning_file"": ""tests/psa/ace.tuning.json"", ""hpo_strategy"": ""hamming"", ""global_time_strategy"": ""PERCENT"", ""percent"": 0.2, ""round_time_strategy"": ""STATIC"", ""time_evolution"": ""STATIC"", ""stop_strategy"": ""TIMEOUT""}",319,"{""varh"": ""FrbaOnDom"", ""valh"": ""First"", ""saf"": ""True"", ""pc1"": ""True"", ""bdc"": ""1"", ""toh"": ""True"", ""ng"": ""NO"", ""lc"": ""5"", ""negative"": ""STR2N"", ""generic2"": ""True"", ""sb"": ""NO""}",0.5843181670061313,0.6565223750076257,198,ExitStatus.OPTIMAL,False,False,0.6565223750076257
2025-06-09T12:12:36.880864,Hsp-aux-10405_c23.xml,"{""input"": ""tests/xcsp3/cop/UNKNOWN/Hsp-aux-10405_c23.xml"", ""solver"": ""xcsp:ACE@2.4"", ""output_dir"": ""results_comparison"", ""global_time_limit"": 600, ""max_tries"": 50, ""tuning_file"": ""tests/psa/ace.tuning.json"", ""hpo_strategy"": ""hamming"", ""global_time_strategy"": ""PERCENT"", ""percent"": 0.2, ""round_time_strategy"": ""STATIC"", ""time_evolution"": ""STATIC"", ""stop_strategy"": ""TIMEOUT""}",320,"{""varh"": ""Lexico"", ""valh"": ""First"", ""saf"": ""True"", ""pc1"": ""False"", ""bdc"": ""1"", ""toh"": ""True"", ""ng"": ""NO"", ""lc"": ""5"", ""negative"": ""STR2"", ""generic2"": ""True"", ""sb"": ""NO""}",0.5843181670061313,1.3530926670064218,,ExitStatus.UNKNOWN,False,False,1.3530926670064218
2025-06-09T12:12:37.937094,Hsp-aux-10405_c23.xml,"{""input"": ""tests/xcsp3/cop/UNKNOWN/Hsp-aux-10405_c23.xml"", ""solver"": ""xcsp:ACE@2.4"", ""output_dir"": ""results_comparison"", ""global_time_limit"": 600, ""max_tries"": 50, ""tuning_file"": ""tests/psa/ace.tuning.json"", ""hpo_strategy"": ""hamming"", ""global_time_strategy"": ""PERCENT"", ""percent"": 0.2, ""round_time_strategy"": ""STATIC"", ""time_evolution"": ""STATIC"", ""stop_strategy"": ""TIMEOUT""}",321,"{""varh"": ""Wdeg"", ""valh"": ""Last"", ""saf"": ""True"", ""pc1"": ""False"", ""bdc"": ""1"", ""toh"": ""True"", ""ng"": ""NO"", ""lc"": ""5"", ""negative"": ""STR2"", ""generic2"": ""True"", ""sb"": ""NO""}",0.5843181670061313,0.9795312500209548,198,ExitStatus.OPTIMAL,False,False,0.9795312500209548
2025-06-09T12:12:38.716401,Hsp-aux-10405_c23.xml,"{""input"": ""tests/xcsp3/cop/UNKNOWN/Hsp-aux-10405_c23.xml"", ""solver"": ""xcsp:ACE@2.4"", ""output_dir"": ""results_comparison"", ""global_time_limit"": 600, ""max_tries"": 50, ""tuning_file"": ""tests/psa/ace.tuning.json"", ""hpo_strategy"": ""hamming"", ""global_time_strategy"": ""PERCENT"", ""percent"": 0.2, ""round_time_strategy"": ""STATIC"", ""time_evolution"": ""STATIC"", ""stop_strategy"": ""TIMEOUT""}",322,"{""varh"": ""Wdeg"", ""valh"": ""Rand"", ""saf"": ""True"", ""pc1"": ""True"", ""bdc"": ""1"", ""toh"": ""True"", ""ng"": ""NO"", ""lc"": ""5"", ""negative"": ""STR1N"", ""generic2"": ""True"", ""sb"": ""NO""}",0.5843181670061313,0.6998009590315633,198,ExitStatus.OPTIMAL,False,False,0.6998009590315633
2025-06-09T12:12:39.920427,Hsp-aux-10405_c23.xml,"{""input"": ""tests/xcsp3/cop/UNKNOWN/Hsp-aux-10405_c23.xml"", ""solver"": ""xcsp:ACE@2.4"", ""output_dir"": ""results_comparison"", ""global_time_limit"": 600, ""max_tries"": 50, ""tuning_file"": ""tests/psa/ace.tuning.json"", ""hpo_strategy"": ""hamming"", ""global_time_strategy"": ""PERCENT"", ""percent"": 0.2, ""round_time_strategy"": ""STATIC"", ""time_evolution"": ""STATIC"", ""stop_strategy"": ""TIMEOUT""}",323,"{""varh"": ""Wdeg"", ""valh"": ""Last"", ""saf"": ""True"", ""pc1"": ""True"", ""bdc"": ""1"", ""toh"": ""True"", ""ng"": ""NO"", ""lc"": ""5"", ""negative"": ""STR2N"", ""generic2"": ""True"", ""sb"": ""NO""}",0.5843181670061313,1.0870393340010196,198,ExitStatus.OPTIMAL,False,False,1.0870393340010196
2025-06-09T12:12:41.434935,Hsp-aux-10405_c23.xml,"{""input"": ""tests/xcsp3/cop/UNKNOWN/Hsp-aux-10405_c23.xml"", ""solver"": ""xcsp:ACE@2.4"", ""output_dir"": ""results_comparison"", ""global_time_limit"": 600, ""max_tries"": 50, ""tuning_file"": ""tests/psa/ace.tuning.json"", ""hpo_strategy"": ""hamming"", ""global_time_strategy"": ""PERCENT"", ""percent"": 0.2, ""round_time_strategy"": ""STATIC"", ""time_evolution"": ""STATIC"", ""stop_strategy"": ""TIMEOUT""}",324,"{""varh"": ""Lexico"", ""valh"": ""Bivs3"", ""saf"": ""True"", ""pc1"": ""True"", ""bdc"": ""1"", ""toh"": ""True"", ""ng"": ""NO"", ""lc"": ""5"", ""negative"": ""STR2"", ""generic2"": ""True"", ""sb"": ""NO""}",0.5843181670061313,1.4288987499894574,,ExitStatus.UNKNOWN,False,False,1.4288987499894574
2025-06-09T12:12:43.149776,Hsp-aux-10405_c23.xml,"{""input"": ""tests/xcsp3/cop/UNKNOWN/Hsp-aux-10405_c23.xml"", ""solver"": ""xcsp:ACE@2.4"", ""output_dir"": ""results_comparison"", ""global_time_limit"": 600, ""max_tries"": 50, ""tuning_file"": ""tests/psa/ace.tuning.json"", ""hpo_strategy"": ""hamming"", ""global_time_strategy"": ""PERCENT"", ""percent"": 0.2, ""round_time_strategy"": ""STATIC"", ""time_evolution"": ""STATIC"", ""stop_strategy"": ""TIMEOUT""}",325,"{""varh"": ""Wdeg"", ""valh"": ""Conflicts"", ""saf"": ""True"", ""pc1"": ""True"", ""bdc"": ""1"", ""toh"": ""True"", ""ng"": ""NO"", ""lc"": ""5"", ""negative"": ""CT"", ""generic2"": ""True"", ""sb"": ""NO""}",0.5843181670061313,1.637735166004859,,ExitStatus.UNKNOWN,False,False,1.637735166004859
2025-06-09T12:12:43.864685,Hsp-aux-10405_c23.xml,"{""input"": ""tests/xcsp3/cop/UNKNOWN/Hsp-aux-10405_c23.xml"", ""solver"": ""xcsp:ACE@2.4"", ""output_dir"": ""results_comparison"", ""global_time_limit"": 600, ""max_tries"": 50, ""tuning_file"": ""tests/psa/ace.tuning.json"", ""hpo_strategy"": ""hamming"", ""global_time_strategy"": ""PERCENT"", ""percent"": 0.2, ""round_time_strategy"": ""STATIC"", ""time_evolution"": ""STATIC"", ""stop_strategy"": ""TIMEOUT""}",326,"{""varh"": ""FrbaOnDom"", ""valh"": ""Vals"", ""saf"": ""True"", ""pc1"": ""True"", ""bdc"": ""1"", ""toh"": ""True"", ""ng"": ""NO"", ""lc"": ""5"", ""negative"": ""STR2"", ""generic2"": ""True"", ""sb"": ""NO""}",0.5843181670061313,0.6401264169835486,198,ExitStatus.OPTIMAL,False,False,0.6401264169835486
2025-06-09T12:12:45.682018,Hsp-aux-10405_c23.xml,"{""input"": ""tests/xcsp3/cop/UNKNOWN/Hsp-aux-10405_c23.xml"", ""solver"": ""xcsp:ACE@2.4"", ""output_dir"": ""results_comparison"", ""global_time_limit"": 600, ""max_tries"": 50, ""tuning_file"": ""tests/psa/ace.tuning.json"", ""hpo_strategy"": ""hamming"", ""global_time_strategy"": ""PERCENT"", ""percent"": 0.2, ""round_time_strategy"": ""STATIC"", ""time_evolution"": ""STATIC"", ""stop_strategy"": ""TIMEOUT""}",327,"{""varh"": ""Wdeg"", ""valh"": ""Conflicts"", ""saf"": ""True"", ""pc1"": ""True"", ""bdc"": ""1"", ""toh"": ""True"", ""ng"": ""NO"", ""lc"": ""5"", ""negative"": ""STR1N"", ""generic2"": ""True"", ""sb"": ""NO""}",0.5843181670061313,1.7413535420200787,,ExitStatus.UNKNOWN,False,False,1.7413535420200787
2025-06-09T12:12:46.385850,Hsp-aux-10405_c23.xml,"{""input"": ""tests/xcsp3/cop/UNKNOWN/Hsp-aux-10405_c23.xml"", ""solver"": ""xcsp:ACE@2.4"", ""output_dir"": ""results_comparison"", ""global_time_limit"": 600, ""max_tries"": 50, ""tuning_file"": ""tests/psa/ace.tuning.json"", ""hpo_strategy"": ""hamming"", ""global_time_strategy"": ""PERCENT"", ""percent"": 0.2, ""round_time_strategy"": ""STATIC"", ""time_evolution"": ""STATIC"", ""stop_strategy"": ""TIMEOUT""}",328,"{""varh"": ""Wdeg"", ""valh"": ""Rand"", ""saf"": ""True"", ""pc1"": ""True"", ""bdc"": ""1"", ""toh"": ""True"", ""ng"": ""NO"", ""lc"": ""5"", ""negative"": ""STR0"", ""generic2"": ""True"", ""sb"": ""NO""}",0.5843181670061313,0.6237558749853633,198,ExitStatus.OPTIMAL,False,False,0.6237558749853633
2025-06-09T12:12:47.823457,Hsp-aux-10405_c23.xml,"{""input"": ""tests/xcsp3/cop/UNKNOWN/Hsp-aux-10405_c23.xml"", ""solver"": ""xcsp:ACE@2.4"", ""output_dir"": ""results_comparison"", ""global_time_limit"": 600, ""max_tries"": 50, ""tuning_file"": ""tests/psa/ace.tuning.json"", ""hpo_strategy"": ""hamming"", ""global_time_strategy"": ""PERCENT"", ""percent"": 0.2, ""round_time_strategy"": ""STATIC"", ""time_evolution"": ""STATIC"", ""stop_strategy"": ""TIMEOUT""}",329,"{""varh"": ""Activity"", ""valh"": ""First"", ""saf"": ""True"", ""pc1"": ""True"", ""bdc"": ""1"", ""toh"": ""True"", ""ng"": ""NO"", ""lc"": ""5"", ""negative"": ""STR0"", ""generic2"": ""True"", ""sb"": ""NO""}",0.5843181670061313,1.3636614579590969,270,ExitStatus.FEASIBLE,False,False,1.3636614579590969
2025-06-09T12:12:48.510327,Hsp-aux-10405_c23.xml,"{""input"": ""tests/xcsp3/cop/UNKNOWN/Hsp-aux-10405_c23.xml"", ""solver"": ""xcsp:ACE@2.4"", ""output_dir"": ""results_comparison"", ""global_time_limit"": 600, ""max_tries"": 50, ""tuning_file"": ""tests/psa/ace.tuning.json"", ""hpo_strategy"": ""hamming"", ""global_time_strategy"": ""PERCENT"", ""percent"": 0.2, ""round_time_strategy"": ""STATIC"", ""time_evolution"": ""STATIC"", ""stop_strategy"": ""TIMEOUT""}",330,"{""varh"": ""Wdeg"", ""valh"": ""Bivs3"", ""saf"": ""True"", ""pc1"": ""True"", ""bdc"": ""1"", ""toh"": ""True"", ""ng"": ""NO"", ""lc"": ""5"", ""negative"": ""VA"", ""generic2"": ""True"", ""sb"": ""NO""}",0.5843181670061313,0.6093582910252735,198,ExitStatus.OPTIMAL,False,False,0.6093582910252735
2025-06-09T12:12:49.985755,Hsp-aux-10405_c23.xml,"{""input"": ""tests/xcsp3/cop/UNKNOWN/Hsp-aux-10405_c23.xml"", ""solver"": ""xcsp:ACE@2.4"", ""output_dir"": ""results_comparison"", ""global_time_limit"": 600, ""max_tries"": 50, ""tuning_file"": ""tests/psa/ace.tuning.json"", ""hpo_strategy"": ""hamming"", ""global_time_strategy"": ""PERCENT"", ""percent"": 0.2, ""round_time_strategy"": ""STATIC"", ""time_evolution"": ""STATIC"", ""stop_strategy"": ""TIMEOUT""}",331,"{""varh"": ""Activity"", ""valh"": ""First"", ""saf"": ""True"", ""pc1"": ""True"", ""bdc"": ""100"", ""toh"": ""True"", ""ng"": ""NO"", ""lc"": ""5"", ""negative"": ""STR2"", ""generic2"": ""True"", ""sb"": ""NO""}",0.5843181670061313,1.3997849579900503,270,ExitStatus.FEASIBLE,False,False,1.3997849579900503
2025-06-09T12:12:51.461250,Hsp-aux-10405_c23.xml,"{""input"": ""tests/xcsp3/cop/UNKNOWN/Hsp-aux-10405_c23.xml"", ""solver"": ""xcsp:ACE@2.4"", ""output_dir"": ""results_comparison"", ""global_time_limit"": 600, ""max_tries"": 50, ""tuning_file"": ""tests/psa/ace.tuning.json"", ""hpo_strategy"": ""hamming"", ""global_time_strategy"": ""PERCENT"", ""percent"": 0.2, ""round_time_strategy"": ""STATIC"", ""time_evolution"": ""STATIC"", ""stop_strategy"": ""TIMEOUT""}",332,"{""varh"": ""Lexico"", ""valh"": ""Vals"", ""saf"": ""True"", ""pc1"": ""True"", ""bdc"": ""1"", ""toh"": ""True"", ""ng"": ""NO"", ""lc"": ""5"", ""negative"": ""STR2"", ""generic2"": ""True"", ""sb"": ""NO""}",0.5843181670061313,1.3897850830107927,,ExitStatus.UNKNOWN,False,False,1.3897850830107927
2025-06-09T12:12:52.210028,Hsp-aux-10405_c23.xml,"{""input"": ""tests/xcsp3/cop/UNKNOWN/Hsp-aux-10405_c23.xml"", ""solver"": ""xcsp:ACE@2.4"", ""output_dir"": ""results_comparison"", ""global_time_limit"": 600, ""max_tries"": 50, ""tuning_file"": ""tests/psa/ace.tuning.json"", ""hpo_strategy"": ""hamming"", ""global_time_strategy"": ""PERCENT"", ""percent"": 0.2, ""round_time_strategy"": ""STATIC"", ""time_evolution"": ""STATIC"", ""stop_strategy"": ""TIMEOUT""}",333,"{""varh"": ""RunRobin"", ""valh"": ""First"", ""saf"": ""True"", ""pc1"": ""True"", ""bdc"": ""1"", ""toh"": ""True"", ""ng"": ""NO"", ""lc"": ""5"", ""negative"": ""V"", ""generic2"": ""True"", ""sb"": ""NO""}",0.5843181670061313,0.6691402500146069,198,ExitStatus.OPTIMAL,False,False,0.6691402500146069
2025-06-09T12:12:52.904923,Hsp-aux-10405_c23.xml,"{""input"": ""tests/xcsp3/cop/UNKNOWN/Hsp-aux-10405_c23.xml"", ""solver"": ""xcsp:ACE@2.4"", ""output_dir"": ""results_comparison"", ""global_time_limit"": 600, ""max_tries"": 50, ""tuning_file"": ""tests/psa/ace.tuning.json"", ""hpo_strategy"": ""hamming"", ""global_time_strategy"": ""PERCENT"", ""percent"": 0.2, ""round_time_strategy"": ""STATIC"", ""time_evolution"": ""STATIC"", ""stop_strategy"": ""TIMEOUT""}",334,"{""varh"": ""Wdeg"", ""valh"": ""First"", ""saf"": ""True"", ""pc1"": ""False"", ""bdc"": ""1"", ""toh"": ""True"", ""ng"": ""NO"", ""lc"": ""10"", ""negative"": ""STR2"", ""generic2"": ""True"", ""sb"": ""NO""}",0.5843181670061313,0.616277374967467,198,ExitStatus.OPTIMAL,False,False,0.616277374967467
2025-06-09T12:12:53.597153,Hsp-aux-10405_c23.xml,"{""input"": ""tests/xcsp3/cop/UNKNOWN/Hsp-aux-10405_c23.xml"", ""solver"": ""xcsp:ACE@2.4"", ""output_dir"": ""results_comparison"", ""global_time_limit"": 600, ""max_tries"": 50, ""tuning_file"": ""tests/psa/ace.tuning.json"", ""hpo_strategy"": ""hamming"", ""global_time_strategy"": ""PERCENT"", ""percent"": 0.2, ""round_time_strategy"": ""STATIC"", ""time_evolution"": ""STATIC"", ""stop_strategy"": ""TIMEOUT""}",335,"{""varh"": ""WdegOnDom"", ""valh"": ""First"", ""saf"": ""True"", ""pc1"": ""True"", ""bdc"": ""10"", ""toh"": ""True"", ""ng"": ""NO"", ""lc"": ""5"", ""negative"": ""STR2"", ""generic2"": ""True"", ""sb"": ""NO""}",0.5843181670061313,0.6141197500401177,198,ExitStatus.OPTIMAL,False,False,0.6141197500401177
2025-06-09T12:12:54.300770,Hsp-aux-10405_c23.xml,"{""input"": ""tests/xcsp3/cop/UNKNOWN/Hsp-aux-10405_c23.xml"", ""solver"": ""xcsp:ACE@2.4"", ""output_dir"": ""results_comparison"", ""global_time_limit"": 600, ""max_tries"": 50, ""tuning_file"": ""tests/psa/ace.tuning.json"", ""hpo_strategy"": ""hamming"", ""global_time_strategy"": ""PERCENT"", ""percent"": 0.2, ""round_time_strategy"": ""STATIC"", ""time_evolution"": ""STATIC"", ""stop_strategy"": ""TIMEOUT""}",336,"{""varh"": ""Wdeg"", ""valh"": ""First"", ""saf"": ""True"", ""pc1"": ""True"", ""bdc"": ""1"", ""toh"": ""True"", ""ng"": ""NO"", ""lc"": ""0"", ""negative"": ""STR2"", ""generic2"": ""False"", ""sb"": ""NO""}",0.5843181670061313,0.6282738749869168,198,ExitStatus.OPTIMAL,False,False,0.6282738749869168
2025-06-09T12:12:55.008924,Hsp-aux-10405_c23.xml,"{""input"": ""tests/xcsp3/cop/UNKNOWN/Hsp-aux-10405_c23.xml"", ""solver"": ""xcsp:ACE@2.4"", ""output_dir"": ""results_comparison"", ""global_time_limit"": 600, ""max_tries"": 50, ""tuning_file"": ""tests/psa/ace.tuning.json"", ""hpo_strategy"": ""hamming"", ""global_time_strategy"": ""PERCENT"", ""percent"": 0.2, ""round_time_strategy"": ""STATIC"", ""time_evolution"": ""STATIC"", ""stop_strategy"": ""TIMEOUT""}",337,"{""varh"": ""Wdeg"", ""valh"": ""Rand"", ""saf"": ""True"", ""pc1"": ""True"", ""bdc"": ""1"", ""toh"": ""True"", ""ng"": ""NO"", ""lc"": ""10"", ""negative"": ""STR2"", ""generic2"": ""True"", ""sb"": ""NO""}",0.5843181670061313,0.630448708019685,198,ExitStatus.OPTIMAL,False,False,0.630448708019685
2025-06-09T12:12:55.691965,Hsp-aux-10405_c23.xml,"{""input"": ""tests/xcsp3/cop/UNKNOWN/Hsp-aux-10405_c23.xml"", ""solver"": ""xcsp:ACE@2.4"", ""output_dir"": ""results_comparison"", ""global_time_limit"": 600, ""max_tries"": 50, ""tuning_file"": ""tests/psa/ace.tuning.json"", ""hpo_strategy"": ""hamming"", ""global_time_strategy"": ""PERCENT"", ""percent"": 0.2, ""round_time_strategy"": ""STATIC"", ""time_evolution"": ""STATIC"", ""stop_strategy"": ""TIMEOUT""}",338,"{""varh"": ""Wdeg"", ""valh"": ""OccsR"", ""saf"": ""True"", ""pc1"": ""True"", ""bdc"": ""1"", ""toh"": ""True"", ""ng"": ""NO"", ""lc"": ""5"", ""negative"": ""STR1N"", ""generic2"": ""True"", ""sb"": ""NO""}",0.5843181670061313,0.605509290995542,198,ExitStatus.OPTIMAL,False,False,0.605509290995542
2025-06-09T12:12:56.532394,Hsp-aux-10405_c23.xml,"{""input"": ""tests/xcsp3/cop/UNKNOWN/Hsp-aux-10405_c23.xml"", ""solver"": ""xcsp:ACE@2.4"", ""output_dir"": ""results_comparison"", ""global_time_limit"": 600, ""max_tries"": 50, ""tuning_file"": ""tests/psa/ace.tuning.json"", ""hpo_strategy"": ""hamming"", ""global_time_strategy"": ""PERCENT"", ""percent"": 0.2, ""round_time_strategy"": ""STATIC"", ""time_evolution"": ""STATIC"", ""stop_strategy"": ""TIMEOUT""}",339,"{""varh"": ""Wdeg"", ""valh"": ""Median"", ""saf"": ""True"", ""pc1"": ""True"", ""bdc"": ""1"", ""toh"": ""True"", ""ng"": ""NO"", ""lc"": ""5"", ""negative"": ""STR2"", ""generic2"": ""False"", ""sb"": ""NO""}",0.5843181670061313,0.762744375038892,198,ExitStatus.OPTIMAL,False,False,0.762744375038892
2025-06-09T12:12:57.210486,Hsp-aux-10405_c23.xml,"{""input"": ""tests/xcsp3/cop/UNKNOWN/Hsp-aux-10405_c23.xml"", ""solver"": ""xcsp:ACE@2.4"", ""output_dir"": ""results_comparison"", ""global_time_limit"": 600, ""max_tries"": 50, ""tuning_file"": ""tests/psa/ace.tuning.json"", ""hpo_strategy"": ""hamming"", ""global_time_strategy"": ""PERCENT"", ""percent"": 0.2, ""round_time_strategy"": ""STATIC"", ""time_evolution"": ""STATIC"", ""stop_strategy"": ""TIMEOUT""}",340,"{""varh"": ""Wdeg"", ""valh"": ""First"", ""saf"": ""True"", ""pc1"": ""True"", ""bdc"": ""1"", ""toh"": ""True"", ""ng"": ""NO"", ""lc"": ""2"", ""negative"": ""STR2N"", ""generic2"": ""True"", ""sb"": ""NO""}",0.5843181670061313,0.6007795000332408,198,ExitStatus.OPTIMAL,False,False,0.6007795000332408
2025-06-09T12:12:57.921543,Hsp-aux-10405_c23.xml,"{""input"": ""tests/xcsp3/cop/UNKNOWN/Hsp-aux-10405_c23.xml"", ""solver"": ""xcsp:ACE@2.4"", ""output_dir"": ""results_comparison"", ""global_time_limit"": 600, ""max_tries"": 50, ""tuning_file"": ""tests/psa/ace.tuning.json"", ""hpo_strategy"": ""hamming"", ""global_time_strategy"": ""PERCENT"", ""percent"": 0.2, ""round_time_strategy"": ""STATIC"", ""time_evolution"": ""STATIC"", ""stop_strategy"": ""TIMEOUT""}",341,"{""varh"": ""Wdeg"", ""valh"": ""FlrsE"", ""saf"": ""True"", ""pc1"": ""False"", ""bdc"": ""1"", ""toh"": ""True"", ""ng"": ""NO"", ""lc"": ""5"", ""negative"": ""STR2"", ""generic2"": ""True"", ""sb"": ""NO""}",0.5843181670061313,0.6314212080324069,198,ExitStatus.OPTIMAL,False,False,0.6314212080324069
2025-06-09T12:12:58.628811,Hsp-aux-10405_c23.xml,"{""input"": ""tests/xcsp3/cop/UNKNOWN/Hsp-aux-10405_c23.xml"", ""solver"": ""xcsp:ACE@2.4"", ""output_dir"": ""results_comparison"", ""global_time_limit"": 600, ""max_tries"": 50, ""tuning_file"": ""tests/psa/ace.tuning.json"", ""hpo_strategy"": ""hamming"", ""global_time_strategy"": ""PERCENT"", ""percent"": 0.2, ""round_time_strategy"": ""STATIC"", ""time_evolution"": ""STATIC"", ""stop_strategy"": ""TIMEOUT""}",342,"{""varh"": ""PickOnDom"", ""valh"": ""Vals"", ""saf"": ""True"", ""pc1"": ""True"", ""bdc"": ""1"", ""toh"": ""True"", ""ng"": ""NO"", ""lc"": ""5"", ""negative"": ""STR2"", ""generic2"": ""True"", ""sb"": ""NO""}",0.5843181670061313,0.6290833749808371,198,ExitStatus.OPTIMAL,False,False,0.6290833749808371
2025-06-09T12:13:00.435985,Hsp-aux-10405_c23.xml,"{""input"": ""tests/xcsp3/cop/UNKNOWN/Hsp-aux-10405_c23.xml"", ""solver"": ""xcsp:ACE@2.4"", ""output_dir"": ""results_comparison"", ""global_time_limit"": 600, ""max_tries"": 50, ""tuning_file"": ""tests/psa/ace.tuning.json"", ""hpo_strategy"": ""hamming"", ""global_time_strategy"": ""PERCENT"", ""percent"": 0.2, ""round_time_strategy"": ""STATIC"", ""time_evolution"": ""STATIC"", ""stop_strategy"": ""TIMEOUT""}",343,"{""varh"": ""Wdeg"", ""valh"": ""Conflicts"", ""saf"": ""True"", ""pc1"": ""True"", ""bdc"": ""1"", ""toh"": ""True"", ""ng"": ""NO"", ""lc"": ""10"", ""negative"": ""STR2"", ""generic2"": ""True"", ""sb"": ""NO""}",0.5843181670061313,1.7318294580327347,,ExitStatus.UNKNOWN,False,False,1.7318294580327347
2025-06-09T12:13:01.162722,Hsp-aux-10405_c23.xml,"{""input"": ""tests/xcsp3/cop/UNKNOWN/Hsp-aux-10405_c23.xml"", ""solver"": ""xcsp:ACE@2.4"", ""output_dir"": ""results_comparison"", ""global_time_limit"": 600, ""max_tries"": 50, ""tuning_file"": ""tests/psa/ace.tuning.json"", ""hpo_strategy"": ""hamming"", ""global_time_strategy"": ""PERCENT"", ""percent"": 0.2, ""round_time_strategy"": ""STATIC"", ""time_evolution"": ""STATIC"", ""stop_strategy"": ""TIMEOUT""}",344,"{""varh"": ""Wdeg"", ""valh"": ""First"", ""saf"": ""True"", ""pc1"": ""False"", ""bdc"": ""1"", ""toh"": ""True"", ""ng"": ""NO"", ""lc"": ""5"", ""negative"": ""CT"", ""generic2"": ""True"", ""sb"": ""NO""}",0.5843181670061313,0.6410801250021905,198,ExitStatus.OPTIMAL,False,False,0.6410801250021905
2025-06-09T12:13:01.988346,Hsp-aux-10405_c23.xml,"{""input"": ""tests/xcsp3/cop/UNKNOWN/Hsp-aux-10405_c23.xml"", ""solver"": ""xcsp:ACE@2.4"", ""output_dir"": ""results_comparison"", ""global_time_limit"": 600, ""max_tries"": 50, ""tuning_file"": ""tests/psa/ace.tuning.json"", ""hpo_strategy"": ""hamming"", ""global_time_strategy"": ""PERCENT"", ""percent"": 0.2, ""round_time_strategy"": ""STATIC"", ""time_evolution"": ""STATIC"", ""stop_strategy"": ""TIMEOUT""}",345,"{""varh"": ""FrbaOnDom"", ""valh"": ""First"", ""saf"": ""False"", ""pc1"": ""True"", ""bdc"": ""1"", ""toh"": ""True"", ""ng"": ""NO"", ""lc"": ""5"", ""negative"": ""STR2"", ""generic2"": ""True"", ""sb"": ""NO""}",0.5843181670061313,0.7475610409746878,198,ExitStatus.OPTIMAL,False,False,0.7475610409746878
2025-06-09T12:13:02.757031,Hsp-aux-10405_c23.xml,"{""input"": ""tests/xcsp3/cop/UNKNOWN/Hsp-aux-10405_c23.xml"", ""solver"": ""xcsp:ACE@2.4"", ""output_dir"": ""results_comparison"", ""global_time_limit"": 600, ""max_tries"": 50, ""tuning_file"": ""tests/psa/ace.tuning.json"", ""hpo_strategy"": ""hamming"", ""global_time_strategy"": ""PERCENT"", ""percent"": 0.2, ""round_time_strategy"": ""STATIC"", ""time_evolution"": ""STATIC"", ""stop_strategy"": ""TIMEOUT""}",346,"{""varh"": ""PickOnDom"", ""valh"": ""First"", ""saf"": ""True"", ""pc1"": ""True"", ""bdc"": ""1"", ""toh"": ""True"", ""ng"": ""NO"", ""lc"": ""0"", ""negative"": ""STR2"", ""generic2"": ""True"", ""sb"": ""NO""}",0.5843181670061313,0.6866199169890024,198,ExitStatus.OPTIMAL,False,False,0.6866199169890024
2025-06-09T12:13:03.538595,Hsp-aux-10405_c23.xml,"{""input"": ""tests/xcsp3/cop/UNKNOWN/Hsp-aux-10405_c23.xml"", ""solver"": ""xcsp:ACE@2.4"", ""output_dir"": ""results_comparison"", ""global_time_limit"": 600, ""max_tries"": 50, ""tuning_file"": ""tests/psa/ace.tuning.json"", ""hpo_strategy"": ""hamming"", ""global_time_strategy"": ""PERCENT"", ""percent"": 0.2, ""round_time_strategy"": ""STATIC"", ""time_evolution"": ""STATIC"", ""stop_strategy"": ""TIMEOUT""}",347,"{""varh"": ""FrbaOnDom"", ""valh"": ""First"", ""saf"": ""True"", ""pc1"": ""True"", ""bdc"": ""1"", ""toh"": ""True"", ""ng"": ""NO"", ""lc"": ""1"", ""negative"": ""STR2"", ""generic2"": ""True"", ""sb"": ""NO""}",0.5843181670061313,0.7048420829814859,198,ExitStatus.OPTIMAL,False,False,0.7048420829814859
2025-06-09T12:13:04.310231,Hsp-aux-10405_c23.xml,"{""input"": ""tests/xcsp3/cop/UNKNOWN/Hsp-aux-10405_c23.xml"", ""solver"": ""xcsp:ACE@2.4"", ""output_dir"": ""results_comparison"", ""global_time_limit"": 600, ""max_tries"": 50, ""tuning_file"": ""tests/psa/ace.tuning.json"", ""hpo_strategy"": ""hamming"", ""global_time_strategy"": ""PERCENT"", ""percent"": 0.2, ""round_time_strategy"": ""STATIC"", ""time_evolution"": ""STATIC"", ""stop_strategy"": ""TIMEOUT""}",348,"{""varh"": ""RunRobin"", ""valh"": ""FlrsE"", ""saf"": ""True"", ""pc1"": ""True"", ""bdc"": ""1"", ""toh"": ""True"", ""ng"": ""NO"", ""lc"": ""5"", ""negative"": ""STR2"", ""generic2"": ""True"", ""sb"": ""NO""}",0.5843181670061313,0.6857428750372492,198,ExitStatus.OPTIMAL,False,False,0.6857428750372492
2025-06-09T12:13:04.990191,Hsp-aux-10405_c23.xml,"{""input"": ""tests/xcsp3/cop/UNKNOWN/Hsp-aux-10405_c23.xml"", ""solver"": ""xcsp:ACE@2.4"", ""output_dir"": ""results_comparison"", ""global_time_limit"": 600, ""max_tries"": 50, ""tuning_file"": ""tests/psa/ace.tuning.json"", ""hpo_strategy"": ""hamming"", ""global_time_strategy"": ""PERCENT"", ""percent"": 0.2, ""round_time_strategy"": ""STATIC"", ""time_evolution"": ""STATIC"", ""stop_strategy"": ""TIMEOUT""}",349,"{""varh"": ""Wdeg"", ""valh"": ""First"", ""saf"": ""True"", ""pc1"": ""True"", ""bdc"": ""1"", ""toh"": ""True"", ""ng"": ""NO"", ""lc"": ""2"", ""negative"": ""STR2"", ""generic2"": ""False"", ""sb"": ""NO""}",0.5843181670061313,0.602076249953825,198,ExitStatus.OPTIMAL,False,False,0.602076249953825
2025-06-09T12:13:06.461735,Hsp-aux-10405_c23.xml,"{""input"": ""tests/xcsp3/cop/UNKNOWN/Hsp-aux-10405_c23.xml"", ""solver"": ""xcsp:ACE@2.4"", ""output_dir"": ""results_comparison"", ""global_time_limit"": 600, ""max_tries"": 50, ""tuning_file"": ""tests/psa/ace.tuning.json"", ""hpo_strategy"": ""hamming"", ""global_time_strategy"": ""PERCENT"", ""percent"": 0.2, ""round_time_strategy"": ""STATIC"", ""time_evolution"": ""STATIC"", ""stop_strategy"": ""TIMEOUT""}",350,"{""varh"": ""Rand"", ""valh"": ""First"", ""saf"": ""True"", ""pc1"": ""True"", ""bdc"": ""1"", ""toh"": ""True"", ""ng"": ""NO"", ""lc"": ""5"", ""negative"": ""STR2N"", ""generic2"": ""True"", ""sb"": ""NO""}",0.5843181670061313,1.3908191249938682,198,ExitStatus.FEASIBLE,False,False,1.3908191249938682
2025-06-09T12:13:07.187839,Hsp-aux-10405_c23.xml,"{""input"": ""tests/xcsp3/cop/UNKNOWN/Hsp-aux-10405_c23.xml"", ""solver"": ""xcsp:ACE@2.4"", ""output_dir"": ""results_comparison"", ""global_time_limit"": 600, ""max_tries"": 50, ""tuning_file"": ""tests/psa/ace.tuning.json"", ""hpo_strategy"": ""hamming"", ""global_time_strategy"": ""PERCENT"", ""percent"": 0.2, ""round_time_strategy"": ""STATIC"", ""time_evolution"": ""STATIC"", ""stop_strategy"": ""TIMEOUT""}",351,"{""varh"": ""Wdeg"", ""valh"": ""First"", ""saf"": ""True"", ""pc1"": ""True"", ""bdc"": ""1000"", ""toh"": ""True"", ""ng"": ""NO"", ""lc"": ""5"", ""negative"": ""STR3"", ""generic2"": ""True"", ""sb"": ""NO""}",0.5843181670061313,0.6292381670209579,,ExitStatus.UNKNOWN,False,False,0.6292381670209579
2025-06-09T12:13:07.983223,Hsp-aux-10405_c23.xml,"{""input"": ""tests/xcsp3/cop/UNKNOWN/Hsp-aux-10405_c23.xml"", ""solver"": ""xcsp:ACE@2.4"", ""output_dir"": ""results_comparison"", ""global_time_limit"": 600, ""max_tries"": 50, ""tuning_file"": ""tests/psa/ace.tuning.json"", ""hpo_strategy"": ""hamming"", ""global_time_strategy"": ""PERCENT"", ""percent"": 0.2, ""round_time_strategy"": ""STATIC"", ""time_evolution"": ""STATIC"", ""stop_strategy"": ""TIMEOUT""}",352,"{""varh"": ""FrbaOnDom"", ""valh"": ""First"", ""saf"": ""True"", ""pc1"": ""True"", ""bdc"": ""1"", ""toh"": ""True"", ""ng"": ""NO"", ""lc"": ""5"", ""negative"": ""STR2"", ""generic2"": ""False"", ""sb"": ""NO""}",0.5843181670061313,0.7137752089765854,198,ExitStatus.OPTIMAL,False,False,0.7137752089765854
2025-06-09T12:13:08.676963,Hsp-aux-10405_c23.xml,"{""input"": ""tests/xcsp3/cop/UNKNOWN/Hsp-aux-10405_c23.xml"", ""solver"": ""xcsp:ACE@2.4"", ""output_dir"": ""results_comparison"", ""global_time_limit"": 600, ""max_tries"": 50, ""tuning_file"": ""tests/psa/ace.tuning.json"", ""hpo_strategy"": ""hamming"", ""global_time_strategy"": ""PERCENT"", ""percent"": 0.2, ""round_time_strategy"": ""STATIC"", ""time_evolution"": ""STATIC"", ""stop_strategy"": ""TIMEOUT""}",353,"{""varh"": ""Wdeg"", ""valh"": ""FlrsE"", ""saf"": ""False"", ""pc1"": ""True"", ""bdc"": ""1"", ""toh"": ""True"", ""ng"": ""NO"", ""lc"": ""5"", ""negative"": ""STR2"", ""generic2"": ""True"", ""sb"": ""NO""}",0.5843181670061313,0.6133019169792533,198,ExitStatus.OPTIMAL,False,False,0.6133019169792533
2025-06-09T12:13:09.424264,Hsp-aux-10405_c23.xml,"{""input"": ""tests/xcsp3/cop/UNKNOWN/Hsp-aux-10405_c23.xml"", ""solver"": ""xcsp:ACE@2.4"", ""output_dir"": ""results_comparison"", ""global_time_limit"": 600, ""max_tries"": 50, ""tuning_file"": ""tests/psa/ace.tuning.json"", ""hpo_strategy"": ""hamming"", ""global_time_strategy"": ""PERCENT"", ""percent"": 0.2, ""round_time_strategy"": ""STATIC"", ""time_evolution"": ""STATIC"", ""stop_strategy"": ""TIMEOUT""}",354,"{""varh"": ""WdegOnDom"", ""valh"": ""First"", ""saf"": ""True"", ""pc1"": ""True"", ""bdc"": ""1"", ""toh"": ""True"", ""ng"": ""NO"", ""lc"": ""0"", ""negative"": ""STR2"", ""generic2"": ""True"", ""sb"": ""NO""}",0.5843181670061313,0.6688938330044039,198,ExitStatus.OPTIMAL,False,False,0.6688938330044039
2025-06-09T12:13:10.878552,Hsp-aux-10405_c23.xml,"{""input"": ""tests/xcsp3/cop/UNKNOWN/Hsp-aux-10405_c23.xml"", ""solver"": ""xcsp:ACE@2.4"", ""output_dir"": ""results_comparison"", ""global_time_limit"": 600, ""max_tries"": 50, ""tuning_file"": ""tests/psa/ace.tuning.json"", ""hpo_strategy"": ""hamming"", ""global_time_strategy"": ""PERCENT"", ""percent"": 0.2, ""round_time_strategy"": ""STATIC"", ""time_evolution"": ""STATIC"", ""stop_strategy"": ""TIMEOUT""}",355,"{""varh"": ""Lexico"", ""valh"": ""First"", ""saf"": ""True"", ""pc1"": ""True"", ""bdc"": ""10"", ""toh"": ""True"", ""ng"": ""NO"", ""lc"": ""5"", ""negative"": ""STR2"", ""generic2"": ""True"", ""sb"": ""NO""}",0.5843181670061313,1.3698322919663042,,ExitStatus.UNKNOWN,False,False,1.3698322919663042
2025-06-09T12:13:12.334390,Hsp-aux-10405_c23.xml,"{""input"": ""tests/xcsp3/cop/UNKNOWN/Hsp-aux-10405_c23.xml"", ""solver"": ""xcsp:ACE@2.4"", ""output_dir"": ""results_comparison"", ""global_time_limit"": 600, ""max_tries"": 50, ""tuning_file"": ""tests/psa/ace.tuning.json"", ""hpo_strategy"": ""hamming"", ""global_time_strategy"": ""PERCENT"", ""percent"": 0.2, ""round_time_strategy"": ""STATIC"", ""time_evolution"": ""STATIC"", ""stop_strategy"": ""TIMEOUT""}",356,"{""varh"": ""Lexico"", ""valh"": ""First"", ""saf"": ""True"", ""pc1"": ""True"", ""bdc"": ""1"", ""toh"": ""True"", ""ng"": ""NO"", ""lc"": ""2"", ""negative"": ""STR2"", ""generic2"": ""True"", ""sb"": ""NO""}",0.5843181670061313,1.3750460830051452,,ExitStatus.UNKNOWN,False,False,1.3750460830051452
2025-06-09T12:13:12.972855,Hsp-aux-10405_c23.xml,"{""input"": ""tests/xcsp3/cop/UNKNOWN/Hsp-aux-10405_c23.xml"", ""solver"": ""xcsp:ACE@2.4"", ""output_dir"": ""results_comparison"", ""global_time_limit"": 600, ""max_tries"": 50, ""tuning_file"": ""tests/psa/ace.tuning.json"", ""hpo_strategy"": ""hamming"", ""global_time_strategy"": ""PERCENT"", ""percent"": 0.2, ""round_time_strategy"": ""STATIC"", ""time_evolution"": ""STATIC"", ""stop_strategy"": ""TIMEOUT""}",357,"{""varh"": ""Wdeg"", ""valh"": ""First"", ""saf"": ""True"", ""pc1"": ""True"", ""bdc"": ""1000"", ""toh"": ""True"", ""ng"": ""NO"", ""lc"": ""10"", ""negative"": ""STR2"", ""generic2"": ""True"", ""sb"": ""NO""}",0.5843181670061313,0.5621361249941401,,ExitStatus.UNKNOWN,False,False,0.5621361249941401
2025-06-09T12:13:13.604678,Hsp-aux-10405_c23.xml,"{""input"": ""tests/xcsp3/cop/UNKNOWN/Hsp-aux-10405_c23.xml"", ""solver"": ""xcsp:ACE@2.4"", ""output_dir"": ""results_comparison"", ""global_time_limit"": 600, ""max_tries"": 50, ""tuning_file"": ""tests/psa/ace.tuning.json"", ""hpo_strategy"": ""hamming"", ""global_time_strategy"": ""PERCENT"", ""percent"": 0.2, ""round_time_strategy"": ""STATIC"", ""time_evolution"": ""STATIC"", ""stop_strategy"": ""TIMEOUT""}",358,"{""varh"": ""Wdeg"", ""valh"": ""First"", ""saf"": ""True"", ""pc1"": ""True"", ""bdc"": ""1000"", ""toh"": ""True"", ""ng"": ""NO"", ""lc"": ""5"", ""negative"": ""STR1N"", ""generic2"": ""True"", ""sb"": ""NO""}",0.5843181670061313,0.5551699160132557,,ExitStatus.UNKNOWN,False,False,0.5551699160132557
2025-06-09T12:13:14.277118,Hsp-aux-10405_c23.xml,"{""input"": ""tests/xcsp3/cop/UNKNOWN/Hsp-aux-10405_c23.xml"", ""solver"": ""xcsp:ACE@2.4"", ""output_dir"": ""results_comparison"", ""global_time_limit"": 600, ""max_tries"": 50, ""tuning_file"": ""tests/psa/ace.tuning.json"", ""hpo_strategy"": ""hamming"", ""global_time_strategy"": ""PERCENT"", ""percent"": 0.2, ""round_time_strategy"": ""STATIC"", ""time_evolution"": ""STATIC"", ""stop_strategy"": ""TIMEOUT""}",359,"{""varh"": ""Wdeg"", ""valh"": ""First"", ""saf"": ""True"", ""pc1"": ""True"", ""bdc"": ""1"", ""toh"": ""True"", ""ng"": ""NO"", ""lc"": ""2"", ""negative"": ""V"", ""generic2"": ""True"", ""sb"": ""NO""}",0.5843181670061313,0.591192499967292,198,ExitStatus.OPTIMAL,False,False,0.591192499967292
2025-06-09T12:13:14.920870,Hsp-aux-10405_c23.xml,"{""input"": ""tests/xcsp3/cop/UNKNOWN/Hsp-aux-10405_c23.xml"", ""solver"": ""xcsp:ACE@2.4"", ""output_dir"": ""results_comparison"", ""global_time_limit"": 600, ""max_tries"": 50, ""tuning_file"": ""tests/psa/ace.tuning.json"", ""hpo_strategy"": ""hamming"", ""global_time_strategy"": ""PERCENT"", ""percent"": 0.2, ""round_time_strategy"": ""STATIC"", ""time_evolution"": ""STATIC"", ""stop_strategy"": ""TIMEOUT""}",360,"{""varh"": ""Wdeg"", ""valh"": ""Vals"", ""saf"": ""True"", ""pc1"": ""True"", ""bdc"": ""100"", ""toh"": ""True"", ""ng"": ""NO"", ""lc"": ""5"", ""negative"": ""STR2"", ""generic2"": ""True"", ""sb"": ""NO""}",0.5843181670061313,0.5671364170266315,,ExitStatus.UNKNOWN,False,False,0.5671364170266315
2025-06-09T12:13:15.610608,Hsp-aux-10405_c23.xml,"{""input"": ""tests/xcsp3/cop/UNKNOWN/Hsp-aux-10405_c23.xml"", ""solver"": ""xcsp:ACE@2.4"", ""output_dir"": ""results_comparison"", ""global_time_limit"": 600, ""max_tries"": 50, ""tuning_file"": ""tests/psa/ace.tuning.json"", ""hpo_strategy"": ""hamming"", ""global_time_strategy"": ""PERCENT"", ""percent"": 0.2, ""round_time_strategy"": ""STATIC"", ""time_evolution"": ""STATIC"", ""stop_strategy"": ""TIMEOUT""}",361,"{""varh"": ""Wdeg"", ""valh"": ""First"", ""saf"": ""True"", ""pc1"": ""True"", ""bdc"": ""1"", ""toh"": ""True"", ""ng"": ""NO"", ""lc"": ""5"", ""negative"": ""STR3"", ""generic2"": ""False"", ""sb"": ""NO""}",0.5843181670061313,0.6130977079737931,198,ExitStatus.OPTIMAL,False,False,0.6130977079737931
2025-06-09T12:13:16.330898,Hsp-aux-10405_c23.xml,"{""input"": ""tests/xcsp3/cop/UNKNOWN/Hsp-aux-10405_c23.xml"", ""solver"": ""xcsp:ACE@2.4"", ""output_dir"": ""results_comparison"", ""global_time_limit"": 600, ""max_tries"": 50, ""tuning_file"": ""tests/psa/ace.tuning.json"", ""hpo_strategy"": ""hamming"", ""global_time_strategy"": ""PERCENT"", ""percent"": 0.2, ""round_time_strategy"": ""STATIC"", ""time_evolution"": ""STATIC"", ""stop_strategy"": ""TIMEOUT""}",362,"{""varh"": ""Wdeg"", ""valh"": ""Vals"", ""saf"": ""True"", ""pc1"": ""True"", ""bdc"": ""10"", ""toh"": ""True"", ""ng"": ""NO"", ""lc"": ""5"", ""negative"": ""STR2"", ""generic2"": ""True"", ""sb"": ""NO""}",0.5843181670061313,0.6454937499947846,198,ExitStatus.OPTIMAL,False,False,0.6454937499947846
2025-06-09T12:13:17.040190,Hsp-aux-10405_c23.xml,"{""input"": ""tests/xcsp3/cop/UNKNOWN/Hsp-aux-10405_c23.xml"", ""solver"": ""xcsp:ACE@2.4"", ""output_dir"": ""results_comparison"", ""global_time_limit"": 600, ""max_tries"": 50, ""tuning_file"": ""tests/psa/ace.tuning.json"", ""hpo_strategy"": ""hamming"", ""global_time_strategy"": ""PERCENT"", ""percent"": 0.2, ""round_time_strategy"": ""STATIC"", ""time_evolution"": ""STATIC"", ""stop_strategy"": ""TIMEOUT""}",363,"{""varh"": ""Wdeg"", ""valh"": ""FlrsE"", ""saf"": ""True"", ""pc1"": ""True"", ""bdc"": ""1"", ""toh"": ""True"", ""ng"": ""NO"", ""lc"": ""5"", ""negative"": ""STR2N"", ""generic2"": ""True"", ""sb"": ""NO""}",0.5843181670061313,0.6314384999568574,198,ExitStatus.OPTIMAL,False,False,0.6314384999568574
2025-06-09T12:13:17.774514,Hsp-aux-10405_c23.xml,"{""input"": ""tests/xcsp3/cop/UNKNOWN/Hsp-aux-10405_c23.xml"", ""solver"": ""xcsp:ACE@2.4"", ""output_dir"": ""results_comparison"", ""global_time_limit"": 600, ""max_tries"": 50, ""tuning_file"": ""tests/psa/ace.tuning.json"", ""hpo_strategy"": ""hamming"", ""global_time_strategy"": ""PERCENT"", ""percent"": 0.2, ""round_time_strategy"": ""STATIC"", ""time_evolution"": ""STATIC"", ""stop_strategy"": ""TIMEOUT""}",364,"{""varh"": ""Wdeg"", ""valh"": ""Rand"", ""saf"": ""True"", ""pc1"": ""True"", ""bdc"": ""1"", ""toh"": ""True"", ""ng"": ""NO"", ""lc"": ""1"", ""negative"": ""STR2"", ""generic2"": ""True"", ""sb"": ""NO""}",0.5843181670061313,0.6555487089790404,198,ExitStatus.OPTIMAL,False,False,0.6555487089790404
2025-06-09T12:13:18.459013,Hsp-aux-10405_c23.xml,"{""input"": ""tests/xcsp3/cop/UNKNOWN/Hsp-aux-10405_c23.xml"", ""solver"": ""xcsp:ACE@2.4"", ""output_dir"": ""results_comparison"", ""global_time_limit"": 600, ""max_tries"": 50, ""tuning_file"": ""tests/psa/ace.tuning.json"", ""hpo_strategy"": ""hamming"", ""global_time_strategy"": ""PERCENT"", ""percent"": 0.2, ""round_time_strategy"": ""STATIC"", ""time_evolution"": ""STATIC"", ""stop_strategy"": ""TIMEOUT""}",365,"{""varh"": ""Wdeg"", ""valh"": ""OccsR"", ""saf"": ""True"", ""pc1"": ""True"", ""bdc"": ""10"", ""toh"": ""True"", ""ng"": ""NO"", ""lc"": ""5"", ""negative"": ""STR2"", ""generic2"": ""True"", ""sb"": ""NO""}",0.5843181670061313,0.6088337500113994,198,ExitStatus.OPTIMAL,False,False,0.6088337500113994
2025-06-09T12:13:19.196660,Hsp-aux-10405_c23.xml,"{""input"": ""tests/xcsp3/cop/UNKNOWN/Hsp-aux-10405_c23.xml"", ""solver"": ""xcsp:ACE@2.4"", ""output_dir"": ""results_comparison"", ""global_time_limit"": 600, ""max_tries"": 50, ""tuning_file"": ""tests/psa/ace.tuning.json"", ""hpo_strategy"": ""hamming"", ""global_time_strategy"": ""PERCENT"", ""percent"": 0.2, ""round_time_strategy"": ""STATIC"", ""time_evolution"": ""STATIC"", ""stop_strategy"": ""TIMEOUT""}",366,"{""varh"": ""RunRobin"", ""valh"": ""Bivs3"", ""saf"": ""True"", ""pc1"": ""True"", ""bdc"": ""1"", ""toh"": ""True"", ""ng"": ""NO"", ""lc"": ""5"", ""negative"": ""STR2"", ""generic2"": ""True"", ""sb"": ""NO""}",0.5843181670061313,0.6626531250076368,198,ExitStatus.OPTIMAL,False,False,0.6626531250076368
2025-06-09T12:13:20.629540,Hsp-aux-10405_c23.xml,"{""input"": ""tests/xcsp3/cop/UNKNOWN/Hsp-aux-10405_c23.xml"", ""solver"": ""xcsp:ACE@2.4"", ""output_dir"": ""results_comparison"", ""global_time_limit"": 600, ""max_tries"": 50, ""tuning_file"": ""tests/psa/ace.tuning.json"", ""hpo_strategy"": ""hamming"", ""global_time_strategy"": ""PERCENT"", ""percent"": 0.2, ""round_time_strategy"": ""STATIC"", ""time_evolution"": ""STATIC"", ""stop_strategy"": ""TIMEOUT""}",367,"{""varh"": ""Lexico"", ""valh"": ""First"", ""saf"": ""True"", ""pc1"": ""True"", ""bdc"": ""1"", ""toh"": ""True"", ""ng"": ""NO"", ""lc"": ""5"", ""negative"": ""VA"", ""generic2"": ""True"", ""sb"": ""NO""}",0.5843181670061313,1.355661500012502,,ExitStatus.UNKNOWN,False,False,1.355661500012502
2025-06-09T12:13:21.381642,Hsp-aux-10405_c23.xml,"{""input"": ""tests/xcsp3/cop/UNKNOWN/Hsp-aux-10405_c23.xml"", ""solver"": ""xcsp:ACE@2.4"", ""output_dir"": ""results_comparison"", ""global_time_limit"": 600, ""max_tries"": 50, ""tuning_file"": ""tests/psa/ace.tuning.json"", ""hpo_strategy"": ""hamming"", ""global_time_strategy"": ""PERCENT"", ""percent"": 0.2, ""round_time_strategy"": ""STATIC"", ""time_evolution"": ""STATIC"", ""stop_strategy"": ""TIMEOUT""}",368,"{""varh"": ""Wdeg"", ""valh"": ""First"", ""saf"": ""True"", ""pc1"": ""True"", ""bdc"": ""1"", ""toh"": ""True"", ""ng"": ""NO"", ""lc"": ""1"", ""negative"": ""VA"", ""generic2"": ""True"", ""sb"": ""NO""}",0.5843181670061313,0.6729744169861078,198,ExitStatus.OPTIMAL,False,False,0.6729744169861078
2025-06-09T12:13:22.157013,Hsp-aux-10405_c23.xml,"{""input"": ""tests/xcsp3/cop/UNKNOWN/Hsp-aux-10405_c23.xml"", ""solver"": ""xcsp:ACE@2.4"", ""output_dir"": ""results_comparison"", ""global_time_limit"": 600, ""max_tries"": 50, ""tuning_file"": ""tests/psa/ace.tuning.json"", ""hpo_strategy"": ""hamming"", ""global_time_strategy"": ""PERCENT"", ""percent"": 0.2, ""round_time_strategy"": ""STATIC"", ""time_evolution"": ""STATIC"", ""stop_strategy"": ""TIMEOUT""}",369,"{""varh"": ""Wdeg"", ""valh"": ""Last"", ""saf"": ""True"", ""pc1"": ""True"", ""bdc"": ""100"", ""toh"": ""True"", ""ng"": ""NO"", ""lc"": ""5"", ""negative"": ""STR2"", ""generic2"": ""True"", ""sb"": ""NO""}",0.5843181670061313,0.6915099589969032,,ExitStatus.UNKNOWN,False,False,0.6915099589969032
2025-06-09T12:13:22.880305,Hsp-aux-10405_c23.xml,"{""input"": ""tests/xcsp3/cop/UNKNOWN/Hsp-aux-10405_c23.xml"", ""solver"": ""xcsp:ACE@2.4"", ""output_dir"": ""results_comparison"", ""global_time_limit"": 600, ""max_tries"": 50, ""tuning_file"": ""tests/psa/ace.tuning.json"", ""hpo_strategy"": ""hamming"", ""global_time_strategy"": ""PERCENT"", ""percent"": 0.2, ""round_time_strategy"": ""STATIC"", ""time_evolution"": ""STATIC"", ""stop_strategy"": ""TIMEOUT""}",370,"{""varh"": ""Activity"", ""valh"": ""FlrsE"", ""saf"": ""True"", ""pc1"": ""True"", ""bdc"": ""1"", ""toh"": ""True"", ""ng"": ""NO"", ""lc"": ""5"", ""negative"": ""STR2"", ""generic2"": ""True"", ""sb"": ""NO""}",0.5843181670061313,0.643250250024721,270,ExitStatus.FEASIBLE,False,False,0.643250250024721
2025-06-09T12:13:23.576314,Hsp-aux-10405_c23.xml,"{""input"": ""tests/xcsp3/cop/UNKNOWN/Hsp-aux-10405_c23.xml"", ""solver"": ""xcsp:ACE@2.4"", ""output_dir"": ""results_comparison"", ""global_time_limit"": 600, ""max_tries"": 50, ""tuning_file"": ""tests/psa/ace.tuning.json"", ""hpo_strategy"": ""hamming"", ""global_time_strategy"": ""PERCENT"", ""percent"": 0.2, ""round_time_strategy"": ""STATIC"", ""time_evolution"": ""STATIC"", ""stop_strategy"": ""TIMEOUT""}",371,"{""varh"": ""WdegOnDom"", ""valh"": ""First"", ""saf"": ""True"", ""pc1"": ""True"", ""bdc"": ""1"", ""toh"": ""True"", ""ng"": ""NO"", ""lc"": ""10"", ""negative"": ""STR2"", ""generic2"": ""True"", ""sb"": ""NO""}",0.5843181670061313,0.6169497499940917,198,ExitStatus.OPTIMAL,False,False,0.6169497499940917
2025-06-09T12:13:25.001884,Hsp-aux-10405_c23.xml,"{""input"": ""tests/xcsp3/cop/UNKNOWN/Hsp-aux-10405_c23.xml"", ""solver"": ""xcsp:ACE@2.4"", ""output_dir"": ""results_comparison"", ""global_time_limit"": 600, ""max_tries"": 50, ""tuning_file"": ""tests/psa/ace.tuning.json"", ""hpo_strategy"": ""hamming"", ""global_time_strategy"": ""PERCENT"", ""percent"": 0.2, ""round_time_strategy"": ""STATIC"", ""time_evolution"": ""STATIC"", ""stop_strategy"": ""TIMEOUT""}",372,"{""varh"": ""Lexico"", ""valh"": ""First"", ""saf"": ""True"", ""pc1"": ""True"", ""bdc"": ""1"", ""toh"": ""True"", ""ng"": ""NO"", ""lc"": ""0"", ""negative"": ""STR2"", ""generic2"": ""True"", ""sb"": ""NO""}",0.5843181670061313,1.3499424160108902,,ExitStatus.UNKNOWN,False,False,1.3499424160108902
2025-06-09T12:13:26.446728,Hsp-aux-10405_c23.xml,"{""input"": ""tests/xcsp3/cop/UNKNOWN/Hsp-aux-10405_c23.xml"", ""solver"": ""xcsp:ACE@2.4"", ""output_dir"": ""results_comparison"", ""global_time_limit"": 600, ""max_tries"": 50, ""tuning_file"": ""tests/psa/ace.tuning.json"", ""hpo_strategy"": ""hamming"", ""global_time_strategy"": ""PERCENT"", ""percent"": 0.2, ""round_time_strategy"": ""STATIC"", ""time_evolution"": ""STATIC"", ""stop_strategy"": ""TIMEOUT""}",373,"{""varh"": ""Rand"", ""valh"": ""Rand"", ""saf"": ""True"", ""pc1"": ""True"", ""bdc"": ""1"", ""toh"": ""True"", ""ng"": ""NO"", ""lc"": ""5"", ""negative"": ""STR2"", ""generic2"": ""True"", ""sb"": ""NO""}",0.5843181670061313,1.3680019169696607,198,ExitStatus.FEASIBLE,False,False,1.3680019169696607
2025-06-09T12:13:27.743980,Hsp-aux-10405_c23.xml,"{""input"": ""tests/xcsp3/cop/UNKNOWN/Hsp-aux-10405_c23.xml"", ""solver"": ""xcsp:ACE@2.4"", ""output_dir"": ""results_comparison"", ""global_time_limit"": 600, ""max_tries"": 50, ""tuning_file"": ""tests/psa/ace.tuning.json"", ""hpo_strategy"": ""hamming"", ""global_time_strategy"": ""PERCENT"", ""percent"": 0.2, ""round_time_strategy"": ""STATIC"", ""time_evolution"": ""STATIC"", ""stop_strategy"": ""TIMEOUT""}",374,"{""varh"": ""FrbaOnDom"", ""valh"": ""First"", ""saf"": ""True"", ""pc1"": ""False"", ""bdc"": ""1"", ""toh"": ""True"", ""ng"": ""NO"", ""lc"": ""5"", ""negative"": ""STR2"", ""generic2"": ""True"", ""sb"": ""NO""}",0.5843181670061313,1.125401375000365,198,ExitStatus.OPTIMAL,False,False,1.125401375000365
2025-06-09T12:13:29.422195,Hsp-aux-10405_c23.xml,"{""input"": ""tests/xcsp3/cop/UNKNOWN/Hsp-aux-10405_c23.xml"", ""solver"": ""xcsp:ACE@2.4"", ""output_dir"": ""results_comparison"", ""global_time_limit"": 600, ""max_tries"": 50, ""tuning_file"": ""tests/psa/ace.tuning.json"", ""hpo_strategy"": ""hamming"", ""global_time_strategy"": ""PERCENT"", ""percent"": 0.2, ""round_time_strategy"": ""STATIC"", ""time_evolution"": ""STATIC"", ""stop_strategy"": ""TIMEOUT""}",375,"{""varh"": ""Impact"", ""valh"": ""Rand"", ""saf"": ""True"", ""pc1"": ""True"", ""bdc"": ""1"", ""toh"": ""True"", ""ng"": ""NO"", ""lc"": ""5"", ""negative"": ""STR2"", ""generic2"": ""True"", ""sb"": ""NO""}",0.5843181670061313,1.4576177090057172,198,ExitStatus.FEASIBLE,False,False,1.4576177090057172
2025-06-09T12:13:31.299490,Hsp-aux-10405_c23.xml,"{""input"": ""tests/xcsp3/cop/UNKNOWN/Hsp-aux-10405_c23.xml"", ""solver"": ""xcsp:ACE@2.4"", ""output_dir"": ""results_comparison"", ""global_time_limit"": 600, ""max_tries"": 50, ""tuning_file"": ""tests/psa/ace.tuning.json"", ""hpo_strategy"": ""hamming"", ""global_time_strategy"": ""PERCENT"", ""percent"": 0.2, ""round_time_strategy"": ""STATIC"", ""time_evolution"": ""STATIC"", ""stop_strategy"": ""TIMEOUT""}",376,"{""varh"": ""Wdeg"", ""valh"": ""Conflicts"", ""saf"": ""True"", ""pc1"": ""True"", ""bdc"": ""1"", ""toh"": ""True"", ""ng"": ""NO"", ""lc"": ""0"", ""negative"": ""STR2"", ""generic2"": ""True"", ""sb"": ""NO""}",0.5843181670061313,1.7975121670169756,,ExitStatus.UNKNOWN,False,False,1.7975121670169756
2025-06-09T12:13:32.035995,Hsp-aux-10405_c23.xml,"{""input"": ""tests/xcsp3/cop/UNKNOWN/Hsp-aux-10405_c23.xml"", ""solver"": ""xcsp:ACE@2.4"", ""output_dir"": ""results_comparison"", ""global_time_limit"": 600, ""max_tries"": 50, ""tuning_file"": ""tests/psa/ace.tuning.json"", ""hpo_strategy"": ""hamming"", ""global_time_strategy"": ""PERCENT"", ""percent"": 0.2, ""round_time_strategy"": ""STATIC"", ""time_evolution"": ""STATIC"", ""stop_strategy"": ""TIMEOUT""}",377,"{""varh"": ""RunRobin"", ""valh"": ""First"", ""saf"": ""True"", ""pc1"": ""True"", ""bdc"": ""1"", ""toh"": ""True"", ""ng"": ""NO"", ""lc"": ""5"", ""negative"": ""STR2"", ""generic2"": ""False"", ""sb"": ""NO""}",0.5843181670061313,0.655486874980852,198,ExitStatus.OPTIMAL,False,False,0.655486874980852
2025-06-09T12:13:32.764782,Hsp-aux-10405_c23.xml,"{""input"": ""tests/xcsp3/cop/UNKNOWN/Hsp-aux-10405_c23.xml"", ""solver"": ""xcsp:ACE@2.4"", ""output_dir"": ""results_comparison"", ""global_time_limit"": 600, ""max_tries"": 50, ""tuning_file"": ""tests/psa/ace.tuning.json"", ""hpo_strategy"": ""hamming"", ""global_time_strategy"": ""PERCENT"", ""percent"": 0.2, ""round_time_strategy"": ""STATIC"", ""time_evolution"": ""STATIC"", ""stop_strategy"": ""TIMEOUT""}",378,"{""varh"": ""FrbaOnDom"", ""valh"": ""First"", ""saf"": ""True"", ""pc1"": ""True"", ""bdc"": ""1"", ""toh"": ""True"", ""ng"": ""NO"", ""lc"": ""0"", ""negative"": ""STR2"", ""generic2"": ""True"", ""sb"": ""NO""}",0.5843181670061313,0.6510085830232129,198,ExitStatus.OPTIMAL,False,False,0.6510085830232129
2025-06-09T12:13:34.194936,Hsp-aux-10405_c23.xml,"{""input"": ""tests/xcsp3/cop/UNKNOWN/Hsp-aux-10405_c23.xml"", ""solver"": ""xcsp:ACE@2.4"", ""output_dir"": ""results_comparison"", ""global_time_limit"": 600, ""max_tries"": 50, ""tuning_file"": ""tests/psa/ace.tuning.json"", ""hpo_strategy"": ""hamming"", ""global_time_strategy"": ""PERCENT"", ""percent"": 0.2, ""round_time_strategy"": ""STATIC"", ""time_evolution"": ""STATIC"", ""stop_strategy"": ""TIMEOUT""}",379,"{""varh"": ""Rand"", ""valh"": ""First"", ""saf"": ""True"", ""pc1"": ""True"", ""bdc"": ""1"", ""toh"": ""True"", ""ng"": ""NO"", ""lc"": ""5"", ""negative"": ""STR1N"", ""generic2"": ""True"", ""sb"": ""NO""}",0.5843181670061313,1.3528594999806955,198,ExitStatus.FEASIBLE,False,False,1.3528594999806955
2025-06-09T12:13:34.838368,Hsp-aux-10405_c23.xml,"{""input"": ""tests/xcsp3/cop/UNKNOWN/Hsp-aux-10405_c23.xml"", ""solver"": ""xcsp:ACE@2.4"", ""output_dir"": ""results_comparison"", ""global_time_limit"": 600, ""max_tries"": 50, ""tuning_file"": ""tests/psa/ace.tuning.json"", ""hpo_strategy"": ""hamming"", ""global_time_strategy"": ""PERCENT"", ""percent"": 0.2, ""round_time_strategy"": ""STATIC"", ""time_evolution"": ""STATIC"", ""stop_strategy"": ""TIMEOUT""}",380,"{""varh"": ""PickOnDom"", ""valh"": ""First"", ""saf"": ""True"", ""pc1"": ""True"", ""bdc"": ""100"", ""toh"": ""True"", ""ng"": ""NO"", ""lc"": ""5"", ""negative"": ""STR2"", ""generic2"": ""True"", ""sb"": ""NO""}",0.5843181670061313,0.566395542002283,,ExitStatus.UNKNOWN,False,False,0.566395542002283
2025-06-09T12:13:36.279626,Hsp-aux-10405_c23.xml,"{""input"": ""tests/xcsp3/cop/UNKNOWN/Hsp-aux-10405_c23.xml"", ""solver"": ""xcsp:ACE@2.4"", ""output_dir"": ""results_comparison"", ""global_time_limit"": 600, ""max_tries"": 50, ""tuning_file"": ""tests/psa/ace.tuning.json"", ""hpo_strategy"": ""hamming"", ""global_time_strategy"": ""PERCENT"", ""percent"": 0.2, ""round_time_strategy"": ""STATIC"", ""time_evolution"": ""STATIC"", ""stop_strategy"": ""TIMEOUT""}",381,"{""varh"": ""Rand"", ""valh"": ""First"", ""saf"": ""True"", ""pc1"": ""True"", ""bdc"": ""1"", ""toh"": ""True"", ""ng"": ""NO"", ""lc"": ""0"", ""negative"": ""STR2"", ""generic2"": ""True"", ""sb"": ""NO""}",0.5843181670061313,1.3643277079681866,198,ExitStatus.FEASIBLE,False,False,1.3643277079681866
2025-06-09T12:13:37.007692,Hsp-aux-10405_c23.xml,"{""input"": ""tests/xcsp3/cop/UNKNOWN/Hsp-aux-10405_c23.xml"", ""solver"": ""xcsp:ACE@2.4"", ""output_dir"": ""results_comparison"", ""global_time_limit"": 600, ""max_tries"": 50, ""tuning_file"": ""tests/psa/ace.tuning.json"", ""hpo_strategy"": ""hamming"", ""global_time_strategy"": ""PERCENT"", ""percent"": 0.2, ""round_time_strategy"": ""STATIC"", ""time_evolution"": ""STATIC"", ""stop_strategy"": ""TIMEOUT""}",382,"{""varh"": ""RunRobin"", ""valh"": ""RunRobin"", ""saf"": ""True"", ""pc1"": ""True"", ""bdc"": ""1"", ""toh"": ""True"", ""ng"": ""NO"", ""lc"": ""5"", ""negative"": ""STR2"", ""generic2"": ""True"", ""sb"": ""NO""}",0.5843181670061313,0.6505627919686958,198,ExitStatus.OPTIMAL,False,False,0.6505627919686958
2025-06-09T12:13:37.682628,Hsp-aux-10405_c23.xml,"{""input"": ""tests/xcsp3/cop/UNKNOWN/Hsp-aux-10405_c23.xml"", ""solver"": ""xcsp:ACE@2.4"", ""output_dir"": ""results_comparison"", ""global_time_limit"": 600, ""max_tries"": 50, ""tuning_file"": ""tests/psa/ace.tuning.json"", ""hpo_strategy"": ""hamming"", ""global_time_strategy"": ""PERCENT"", ""percent"": 0.2, ""round_time_strategy"": ""STATIC"", ""time_evolution"": ""STATIC"", ""stop_strategy"": ""TIMEOUT""}",383,"{""varh"": ""Wdeg"", ""valh"": ""Vals"", ""saf"": ""True"", ""pc1"": ""True"", ""bdc"": ""1000"", ""toh"": ""True"", ""ng"": ""NO"", ""lc"": ""5"", ""negative"": ""STR2"", ""generic2"": ""True"", ""sb"": ""NO""}",0.5843181670061313,0.5972502080257982,,ExitStatus.UNKNOWN,False,False,0.5972502080257982
2025-06-09T12:13:38.428354,Hsp-aux-10405_c23.xml,"{""input"": ""tests/xcsp3/cop/UNKNOWN/Hsp-aux-10405_c23.xml"", ""solver"": ""xcsp:ACE@2.4"", ""output_dir"": ""results_comparison"", ""global_time_limit"": 600, ""max_tries"": 50, ""tuning_file"": ""tests/psa/ace.tuning.json"", ""hpo_strategy"": ""hamming"", ""global_time_strategy"": ""PERCENT"", ""percent"": 0.2, ""round_time_strategy"": ""STATIC"", ""time_evolution"": ""STATIC"", ""stop_strategy"": ""TIMEOUT""}",384,"{""varh"": ""PickOnDom"", ""valh"": ""RunRobin"", ""saf"": ""True"", ""pc1"": ""True"", ""bdc"": ""1"", ""toh"": ""True"", ""ng"": ""NO"", ""lc"": ""5"", ""negative"": ""STR2"", ""generic2"": ""True"", ""sb"": ""NO""}",0.5843181670061313,0.6653344579972327,198,ExitStatus.OPTIMAL,False,False,0.6653344579972327
2025-06-09T12:13:39.318939,Hsp-aux-10405_c23.xml,"{""input"": ""tests/xcsp3/cop/UNKNOWN/Hsp-aux-10405_c23.xml"", ""solver"": ""xcsp:ACE@2.4"", ""output_dir"": ""results_comparison"", ""global_time_limit"": 600, ""max_tries"": 50, ""tuning_file"": ""tests/psa/ace.tuning.json"", ""hpo_strategy"": ""hamming"", ""global_time_strategy"": ""PERCENT"", ""percent"": 0.2, ""round_time_strategy"": ""STATIC"", ""time_evolution"": ""STATIC"", ""stop_strategy"": ""TIMEOUT""}",385,"{""varh"": ""Wdeg"", ""valh"": ""Last"", ""saf"": ""True"", ""pc1"": ""True"", ""bdc"": ""1"", ""toh"": ""True"", ""ng"": ""NO"", ""lc"": ""5"", ""negative"": ""STR1N"", ""generic2"": ""True"", ""sb"": ""NO""}",0.5843181670061313,0.8140555419959128,198,ExitStatus.OPTIMAL,False,False,0.8140555419959128
2025-06-09T12:13:40.008628,Hsp-aux-10405_c23.xml,"{""input"": ""tests/xcsp3/cop/UNKNOWN/Hsp-aux-10405_c23.xml"", ""solver"": ""xcsp:ACE@2.4"", ""output_dir"": ""results_comparison"", ""global_time_limit"": 600, ""max_tries"": 50, ""tuning_file"": ""tests/psa/ace.tuning.json"", ""hpo_strategy"": ""hamming"", ""global_time_strategy"": ""PERCENT"", ""percent"": 0.2, ""round_time_strategy"": ""STATIC"", ""time_evolution"": ""STATIC"", ""stop_strategy"": ""TIMEOUT""}",386,"{""varh"": ""PickOnDom"", ""valh"": ""First"", ""saf"": ""True"", ""pc1"": ""True"", ""bdc"": ""1"", ""toh"": ""True"", ""ng"": ""NO"", ""lc"": ""5"", ""negative"": ""STR3"", ""generic2"": ""True"", ""sb"": ""NO""}",0.5843181670061313,0.6119126249686815,198,ExitStatus.OPTIMAL,False,False,0.6119126249686815
2025-06-09T12:13:40.701195,Hsp-aux-10405_c23.xml,"{""input"": ""tests/xcsp3/cop/UNKNOWN/Hsp-aux-10405_c23.xml"", ""solver"": ""xcsp:ACE@2.4"", ""output_dir"": ""results_comparison"", ""global_time_limit"": 600, ""max_tries"": 50, ""tuning_file"": ""tests/psa/ace.tuning.json"", ""hpo_strategy"": ""hamming"", ""global_time_strategy"": ""PERCENT"", ""percent"": 0.2, ""round_time_strategy"": ""STATIC"", ""time_evolution"": ""STATIC"", ""stop_strategy"": ""TIMEOUT""}",387,"{""varh"": ""Memory"", ""valh"": ""First"", ""saf"": ""True"", ""pc1"": ""True"", ""bdc"": ""1"", ""toh"": ""True"", ""ng"": ""NO"", ""lc"": ""5"", ""negative"": ""STR2"", ""generic2"": ""False"", ""sb"": ""NO""}",0.5843181670061313,0.6119512089644559,198,ExitStatus.OPTIMAL,False,False,0.6119512089644559
2025-06-09T12:13:41.380214,Hsp-aux-10405_c23.xml,"{""input"": ""tests/xcsp3/cop/UNKNOWN/Hsp-aux-10405_c23.xml"", ""solver"": ""xcsp:ACE@2.4"", ""output_dir"": ""results_comparison"", ""global_time_limit"": 600, ""max_tries"": 50, ""tuning_file"": ""tests/psa/ace.tuning.json"", ""hpo_strategy"": ""hamming"", ""global_time_strategy"": ""PERCENT"", ""percent"": 0.2, ""round_time_strategy"": ""STATIC"", ""time_evolution"": ""STATIC"", ""stop_strategy"": ""TIMEOUT""}",388,"{""varh"": ""Memory"", ""valh"": ""RunRobin"", ""saf"": ""True"", ""pc1"": ""True"", ""bdc"": ""1"", ""toh"": ""True"", ""ng"": ""NO"", ""lc"": ""5"", ""negative"": ""STR2"", ""generic2"": ""True"", ""sb"": ""NO""}",0.5843181670061313,0.6014446659828536,198,ExitStatus.OPTIMAL,False,False,0.6014446659828536
2025-06-09T12:13:42.070292,Hsp-aux-10405_c23.xml,"{""input"": ""tests/xcsp3/cop/UNKNOWN/Hsp-aux-10405_c23.xml"", ""solver"": ""xcsp:ACE@2.4"", ""output_dir"": ""results_comparison"", ""global_time_limit"": 600, ""max_tries"": 50, ""tuning_file"": ""tests/psa/ace.tuning.json"", ""hpo_strategy"": ""hamming"", ""global_time_strategy"": ""PERCENT"", ""percent"": 0.2, ""round_time_strategy"": ""STATIC"", ""time_evolution"": ""STATIC"", ""stop_strategy"": ""TIMEOUT""}",389,"{""varh"": ""Wdeg"", ""valh"": ""OccsR"", ""saf"": ""True"", ""pc1"": ""True"", ""bdc"": ""1"", ""toh"": ""True"", ""ng"": ""NO"", ""lc"": ""5"", ""negative"": ""STR3"", ""generic2"": ""True"", ""sb"": ""NO""}",0.5843181670061313,0.6137566670076922,198,ExitStatus.OPTIMAL,False,False,0.6137566670076922
2025-06-09T12:13:43.065099,Hsp-aux-10405_c23.xml,"{""input"": ""tests/xcsp3/cop/UNKNOWN/Hsp-aux-10405_c23.xml"", ""solver"": ""xcsp:ACE@2.4"", ""output_dir"": ""results_comparison"", ""global_time_limit"": 600, ""max_tries"": 50, ""tuning_file"": ""tests/psa/ace.tuning.json"", ""hpo_strategy"": ""hamming"", ""global_time_strategy"": ""PERCENT"", ""percent"": 0.2, ""round_time_strategy"": ""STATIC"", ""time_evolution"": ""STATIC"", ""stop_strategy"": ""TIMEOUT""}",390,"{""varh"": ""FrbaOnDom"", ""valh"": ""First"", ""saf"": ""True"", ""pc1"": ""True"", ""bdc"": ""10"", ""toh"": ""True"", ""ng"": ""NO"", ""lc"": ""5"", ""negative"": ""STR2"", ""generic2"": ""True"", ""sb"": ""NO""}",0.5843181670061313,0.9078645419795066,198,ExitStatus.OPTIMAL,False,False,0.9078645419795066
2025-06-09T12:13:43.823289,Hsp-aux-10405_c23.xml,"{""input"": ""tests/xcsp3/cop/UNKNOWN/Hsp-aux-10405_c23.xml"", ""solver"": ""xcsp:ACE@2.4"", ""output_dir"": ""results_comparison"", ""global_time_limit"": 600, ""max_tries"": 50, ""tuning_file"": ""tests/psa/ace.tuning.json"", ""hpo_strategy"": ""hamming"", ""global_time_strategy"": ""PERCENT"", ""percent"": 0.2, ""round_time_strategy"": ""STATIC"", ""time_evolution"": ""STATIC"", ""stop_strategy"": ""TIMEOUT""}",391,"{""varh"": ""Wdeg"", ""valh"": ""Rand"", ""saf"": ""True"", ""pc1"": ""True"", ""bdc"": ""1"", ""toh"": ""False"", ""ng"": ""NO"", ""lc"": ""5"", ""negative"": ""STR2"", ""generic2"": ""True"", ""sb"": ""NO""}",0.5843181670061313,0.6436845830176026,198,ExitStatus.OPTIMAL,False,False,0.6436845830176026
2025-06-09T12:13:44.492255,Hsp-aux-10405_c23.xml,"{""input"": ""tests/xcsp3/cop/UNKNOWN/Hsp-aux-10405_c23.xml"", ""solver"": ""xcsp:ACE@2.4"", ""output_dir"": ""results_comparison"", ""global_time_limit"": 600, ""max_tries"": 50, ""tuning_file"": ""tests/psa/ace.tuning.json"", ""hpo_strategy"": ""hamming"", ""global_time_strategy"": ""PERCENT"", ""percent"": 0.2, ""round_time_strategy"": ""STATIC"", ""time_evolution"": ""STATIC"", ""stop_strategy"": ""TIMEOUT""}",392,"{""varh"": ""Wdeg"", ""valh"": ""First"", ""saf"": ""True"", ""pc1"": ""True"", ""bdc"": ""1"", ""toh"": ""True"", ""ng"": ""NO"", ""lc"": ""2"", ""negative"": ""VA"", ""generic2"": ""True"", ""sb"": ""NO""}",0.5843181670061313,0.5912569999927655,198,ExitStatus.OPTIMAL,False,False,0.5912569999927655
2025-06-09T12:13:45.175588,Hsp-aux-10405_c23.xml,"{""input"": ""tests/xcsp3/cop/UNKNOWN/Hsp-aux-10405_c23.xml"", ""solver"": ""xcsp:ACE@2.4"", ""output_dir"": ""results_comparison"", ""global_time_limit"": 600, ""max_tries"": 50, ""tuning_file"": ""tests/psa/ace.tuning.json"", ""hpo_strategy"": ""hamming"", ""global_time_strategy"": ""PERCENT"", ""percent"": 0.2, ""round_time_strategy"": ""STATIC"", ""time_evolution"": ""STATIC"", ""stop_strategy"": ""TIMEOUT""}",393,"{""varh"": ""Wdeg"", ""valh"": ""First"", ""saf"": ""True"", ""pc1"": ""True"", ""bdc"": ""10"", ""toh"": ""True"", ""ng"": ""NO"", ""lc"": ""5"", ""negative"": ""CT"", ""generic2"": ""True"", ""sb"": ""NO""}",0.5843181670061313,0.6071612910018303,198,ExitStatus.OPTIMAL,False,False,0.6071612910018303
2025-06-09T12:13:45.821965,Hsp-aux-10405_c23.xml,"{""input"": ""tests/xcsp3/cop/UNKNOWN/Hsp-aux-10405_c23.xml"", ""solver"": ""xcsp:ACE@2.4"", ""output_dir"": ""results_comparison"", ""global_time_limit"": 600, ""max_tries"": 50, ""tuning_file"": ""tests/psa/ace.tuning.json"", ""hpo_strategy"": ""hamming"", ""global_time_strategy"": ""PERCENT"", ""percent"": 0.2, ""round_time_strategy"": ""STATIC"", ""time_evolution"": ""STATIC"", ""stop_strategy"": ""TIMEOUT""}",394,"{""varh"": ""Wdeg"", ""valh"": ""First"", ""saf"": ""True"", ""pc1"": ""True"", ""bdc"": ""100"", ""toh"": ""True"", ""ng"": ""NO"", ""lc"": ""5"", ""negative"": ""STR3"", ""generic2"": ""True"", ""sb"": ""NO""}",0.5843181670061313,0.5687731250072829,,ExitStatus.UNKNOWN,False,False,0.5687731250072829
2025-06-09T12:13:46.515232,Hsp-aux-10405_c23.xml,"{""input"": ""tests/xcsp3/cop/UNKNOWN/Hsp-aux-10405_c23.xml"", ""solver"": ""xcsp:ACE@2.4"", ""output_dir"": ""results_comparison"", ""global_time_limit"": 600, ""max_tries"": 50, ""tuning_file"": ""tests/psa/ace.tuning.json"", ""hpo_strategy"": ""hamming"", ""global_time_strategy"": ""PERCENT"", ""percent"": 0.2, ""round_time_strategy"": ""STATIC"", ""time_evolution"": ""STATIC"", ""stop_strategy"": ""TIMEOUT""}",395,"{""varh"": ""Wdeg"", ""valh"": ""First"", ""saf"": ""False"", ""pc1"": ""True"", ""bdc"": ""10"", ""toh"": ""True"", ""ng"": ""NO"", ""lc"": ""5"", ""negative"": ""STR2"", ""generic2"": ""True"", ""sb"": ""NO""}",0.5843181670061313,0.6158702920074575,198,ExitStatus.OPTIMAL,False,False,0.6158702920074575
2025-06-09T12:13:47.262042,Hsp-aux-10405_c23.xml,"{""input"": ""tests/xcsp3/cop/UNKNOWN/Hsp-aux-10405_c23.xml"", ""solver"": ""xcsp:ACE@2.4"", ""output_dir"": ""results_comparison"", ""global_time_limit"": 600, ""max_tries"": 50, ""tuning_file"": ""tests/psa/ace.tuning.json"", ""hpo_strategy"": ""hamming"", ""global_time_strategy"": ""PERCENT"", ""percent"": 0.2, ""round_time_strategy"": ""STATIC"", ""time_evolution"": ""STATIC"", ""stop_strategy"": ""TIMEOUT""}",396,"{""varh"": ""Wdeg"", ""valh"": ""First"", ""saf"": ""True"", ""pc1"": ""True"", ""bdc"": ""1"", ""toh"": ""True"", ""ng"": ""NO"", ""lc"": ""1"", ""negative"": ""STR2"", ""generic2"": ""False"", ""sb"": ""NO""}",0.5843181670061313,0.6670767919858918,198,ExitStatus.OPTIMAL,False,False,0.6670767919858918
2025-06-09T12:13:49.555382,Hsp-aux-10405_c23.xml,"{""input"": ""tests/xcsp3/cop/UNKNOWN/Hsp-aux-10405_c23.xml"", ""solver"": ""xcsp:ACE@2.4"", ""output_dir"": ""results_comparison"", ""global_time_limit"": 600, ""max_tries"": 50, ""tuning_file"": ""tests/psa/ace.tuning.json"", ""hpo_strategy"": ""hamming"", ""global_time_strategy"": ""PERCENT"", ""percent"": 0.2, ""round_time_strategy"": ""STATIC"", ""time_evolution"": ""STATIC"", ""stop_strategy"": ""TIMEOUT""}",397,"{""varh"": ""Wdeg"", ""valh"": ""Conflicts"", ""saf"": ""True"", ""pc1"": ""True"", ""bdc"": ""100"", ""toh"": ""True"", ""ng"": ""NO"", ""lc"": ""5"", ""negative"": ""STR2"", ""generic2"": ""True"", ""sb"": ""NO""}",0.5843181670061313,2.2152094169869088,,ExitStatus.UNKNOWN,False,False,2.2152094169869088
2025-06-09T12:13:50.369752,Hsp-aux-10405_c23.xml,"{""input"": ""tests/xcsp3/cop/UNKNOWN/Hsp-aux-10405_c23.xml"", ""solver"": ""xcsp:ACE@2.4"", ""output_dir"": ""results_comparison"", ""global_time_limit"": 600, ""max_tries"": 50, ""tuning_file"": ""tests/psa/ace.tuning.json"", ""hpo_strategy"": ""hamming"", ""global_time_strategy"": ""PERCENT"", ""percent"": 0.2, ""round_time_strategy"": ""STATIC"", ""time_evolution"": ""STATIC"", ""stop_strategy"": ""TIMEOUT""}",398,"{""varh"": ""Wdeg"", ""valh"": ""OccsR"", ""saf"": ""True"", ""pc1"": ""True"", ""bdc"": ""1000"", ""toh"": ""True"", ""ng"": ""NO"", ""lc"": ""5"", ""negative"": ""STR2"", ""generic2"": ""True"", ""sb"": ""NO""}",0.5843181670061313,0.7048667920171283,,ExitStatus.UNKNOWN,False,False,0.7048667920171283
2025-06-09T12:13:51.141009,Hsp-aux-10405_c23.xml,"{""input"": ""tests/xcsp3/cop/UNKNOWN/Hsp-aux-10405_c23.xml"", ""solver"": ""xcsp:ACE@2.4"", ""output_dir"": ""results_comparison"", ""global_time_limit"": 600, ""max_tries"": 50, ""tuning_file"": ""tests/psa/ace.tuning.json"", ""hpo_strategy"": ""hamming"", ""global_time_strategy"": ""PERCENT"", ""percent"": 0.2, ""round_time_strategy"": ""STATIC"", ""time_evolution"": ""STATIC"", ""stop_strategy"": ""TIMEOUT""}",399,"{""varh"": ""Wdeg"", ""valh"": ""First"", ""saf"": ""True"", ""pc1"": ""True"", ""bdc"": ""1"", ""toh"": ""True"", ""ng"": ""NO"", ""lc"": ""5"", ""negative"": ""STR1"", ""generic2"": ""False"", ""sb"": ""NO""}",0.5843181670061313,0.6875614169985056,198,ExitStatus.OPTIMAL,False,False,0.6875614169985056
2025-06-09T12:13:51.903302,Hsp-aux-10405_c23.xml,"{""input"": ""tests/xcsp3/cop/UNKNOWN/Hsp-aux-10405_c23.xml"", ""solver"": ""xcsp:ACE@2.4"", ""output_dir"": ""results_comparison"", ""global_time_limit"": 600, ""max_tries"": 50, ""tuning_file"": ""tests/psa/ace.tuning.json"", ""hpo_strategy"": ""hamming"", ""global_time_strategy"": ""PERCENT"", ""percent"": 0.2, ""round_time_strategy"": ""STATIC"", ""time_evolution"": ""STATIC"", ""stop_strategy"": ""TIMEOUT""}",400,"{""varh"": ""Wdeg"", ""valh"": ""First"", ""saf"": ""True"", ""pc1"": ""True"", ""bdc"": ""1"", ""toh"": ""True"", ""ng"": ""NO"", ""lc"": ""0"", ""negative"": ""VA"", ""generic2"": ""True"", ""sb"": ""NO""}",0.5843181670061313,0.6804482910083607,198,ExitStatus.OPTIMAL,False,False,0.6804482910083607
2025-06-09T12:13:52.647222,Hsp-aux-10405_c23.xml,"{""input"": ""tests/xcsp3/cop/UNKNOWN/Hsp-aux-10405_c23.xml"", ""solver"": ""xcsp:ACE@2.4"", ""output_dir"": ""results_comparison"", ""global_time_limit"": 600, ""max_tries"": 50, ""tuning_file"": ""tests/psa/ace.tuning.json"", ""hpo_strategy"": ""hamming"", ""global_time_strategy"": ""PERCENT"", ""percent"": 0.2, ""round_time_strategy"": ""STATIC"", ""time_evolution"": ""STATIC"", ""stop_strategy"": ""TIMEOUT""}",401,"{""varh"": ""RunRobin"", ""valh"": ""First"", ""saf"": ""True"", ""pc1"": ""True"", ""bdc"": ""1"", ""toh"": ""True"", ""ng"": ""NO"", ""lc"": ""5"", ""negative"": ""VA"", ""generic2"": ""True"", ""sb"": ""NO""}",0.5843181670061313,0.6691531249671243,198,ExitStatus.OPTIMAL,False,False,0.6691531249671243
2025-06-09T12:13:53.376430,Hsp-aux-10405_c23.xml,"{""input"": ""tests/xcsp3/cop/UNKNOWN/Hsp-aux-10405_c23.xml"", ""solver"": ""xcsp:ACE@2.4"", ""output_dir"": ""results_comparison"", ""global_time_limit"": 600, ""max_tries"": 50, ""tuning_file"": ""tests/psa/ace.tuning.json"", ""hpo_strategy"": ""hamming"", ""global_time_strategy"": ""PERCENT"", ""percent"": 0.2, ""round_time_strategy"": ""STATIC"", ""time_evolution"": ""STATIC"", ""stop_strategy"": ""TIMEOUT""}",402,"{""varh"": ""Wdeg"", ""valh"": ""First"", ""saf"": ""True"", ""pc1"": ""True"", ""bdc"": ""1"", ""toh"": ""True"", ""ng"": ""NO"", ""lc"": ""1"", ""negative"": ""V"", ""generic2"": ""True"", ""sb"": ""NO""}",0.5843181670061313,0.6474911670084111,198,ExitStatus.OPTIMAL,False,False,0.6474911670084111
2025-06-09T12:13:54.864822,Hsp-aux-10405_c23.xml,"{""input"": ""tests/xcsp3/cop/UNKNOWN/Hsp-aux-10405_c23.xml"", ""solver"": ""xcsp:ACE@2.4"", ""output_dir"": ""results_comparison"", ""global_time_limit"": 600, ""max_tries"": 50, ""tuning_file"": ""tests/psa/ace.tuning.json"", ""hpo_strategy"": ""hamming"", ""global_time_strategy"": ""PERCENT"", ""percent"": 0.2, ""round_time_strategy"": ""STATIC"", ""time_evolution"": ""STATIC"", ""stop_strategy"": ""TIMEOUT""}",403,"{""varh"": ""Impact"", ""valh"": ""OccsR"", ""saf"": ""True"", ""pc1"": ""True"", ""bdc"": ""1"", ""toh"": ""True"", ""ng"": ""NO"", ""lc"": ""5"", ""negative"": ""STR2"", ""generic2"": ""True"", ""sb"": ""NO""}",0.5843181670061313,1.4032870000228286,,ExitStatus.UNKNOWN,False,False,1.4032870000228286
2025-06-09T12:13:55.651026,Hsp-aux-10405_c23.xml,"{""input"": ""tests/xcsp3/cop/UNKNOWN/Hsp-aux-10405_c23.xml"", ""solver"": ""xcsp:ACE@2.4"", ""output_dir"": ""results_comparison"", ""global_time_limit"": 600, ""max_tries"": 50, ""tuning_file"": ""tests/psa/ace.tuning.json"", ""hpo_strategy"": ""hamming"", ""global_time_strategy"": ""PERCENT"", ""percent"": 0.2, ""round_time_strategy"": ""STATIC"", ""time_evolution"": ""STATIC"", ""stop_strategy"": ""TIMEOUT""}",404,"{""varh"": ""PickOnDom"", ""valh"": ""Rand"", ""saf"": ""True"", ""pc1"": ""True"", ""bdc"": ""1"", ""toh"": ""True"", ""ng"": ""NO"", ""lc"": ""5"", ""negative"": ""STR2"", ""generic2"": ""True"", ""sb"": ""NO""}",0.5843181670061313,0.7036394170136191,198,ExitStatus.OPTIMAL,False,False,0.7036394170136191
2025-06-09T12:13:56.366703,Hsp-aux-10405_c23.xml,"{""input"": ""tests/xcsp3/cop/UNKNOWN/Hsp-aux-10405_c23.xml"", ""solver"": ""xcsp:ACE@2.4"", ""output_dir"": ""results_comparison"", ""global_time_limit"": 600, ""max_tries"": 50, ""tuning_file"": ""tests/psa/ace.tuning.json"", ""hpo_strategy"": ""hamming"", ""global_time_strategy"": ""PERCENT"", ""percent"": 0.2, ""round_time_strategy"": ""STATIC"", ""time_evolution"": ""STATIC"", ""stop_strategy"": ""TIMEOUT""}",405,"{""varh"": ""Wdeg"", ""valh"": ""Bivs3"", ""saf"": ""True"", ""pc1"": ""True"", ""bdc"": ""1"", ""toh"": ""True"", ""ng"": ""NO"", ""lc"": ""5"", ""negative"": ""STR0"", ""generic2"": ""True"", ""sb"": ""NO""}",0.5843181670061313,0.6329184590140358,198,ExitStatus.OPTIMAL,False,False,0.6329184590140358
2025-06-09T12:13:58.103162,Hsp-aux-10405_c23.xml,"{""input"": ""tests/xcsp3/cop/UNKNOWN/Hsp-aux-10405_c23.xml"", ""solver"": ""xcsp:ACE@2.4"", ""output_dir"": ""results_comparison"", ""global_time_limit"": 600, ""max_tries"": 50, ""tuning_file"": ""tests/psa/ace.tuning.json"", ""hpo_strategy"": ""hamming"", ""global_time_strategy"": ""PERCENT"", ""percent"": 0.2, ""round_time_strategy"": ""STATIC"", ""time_evolution"": ""STATIC"", ""stop_strategy"": ""TIMEOUT""}",406,"{""varh"": ""Wdeg"", ""valh"": ""Conflicts"", ""saf"": ""True"", ""pc1"": ""False"", ""bdc"": ""1"", ""toh"": ""True"", ""ng"": ""NO"", ""lc"": ""5"", ""negative"": ""STR2"", ""generic2"": ""True"", ""sb"": ""NO""}",0.5843181670061313,1.6594882910139859,,ExitStatus.UNKNOWN,False,False,1.6594882910139859
2025-06-09T12:13:59.544478,Hsp-aux-10405_c23.xml,"{""input"": ""tests/xcsp3/cop/UNKNOWN/Hsp-aux-10405_c23.xml"", ""solver"": ""xcsp:ACE@2.4"", ""output_dir"": ""results_comparison"", ""global_time_limit"": 600, ""max_tries"": 50, ""tuning_file"": ""tests/psa/ace.tuning.json"", ""hpo_strategy"": ""hamming"", ""global_time_strategy"": ""PERCENT"", ""percent"": 0.2, ""round_time_strategy"": ""STATIC"", ""time_evolution"": ""STATIC"", ""stop_strategy"": ""TIMEOUT""}",407,"{""varh"": ""Lexico"", ""valh"": ""First"", ""saf"": ""True"", ""pc1"": ""True"", ""bdc"": ""1"", ""toh"": ""True"", ""ng"": ""NO"", ""lc"": ""5"", ""negative"": ""STR1N"", ""generic2"": ""True"", ""sb"": ""NO""}",0.5843181670061313,1.359074083971791,,ExitStatus.UNKNOWN,False,False,1.359074083971791
2025-06-09T12:14:00.205925,Hsp-aux-10405_c23.xml,"{""input"": ""tests/xcsp3/cop/UNKNOWN/Hsp-aux-10405_c23.xml"", ""solver"": ""xcsp:ACE@2.4"", ""output_dir"": ""results_comparison"", ""global_time_limit"": 600, ""max_tries"": 50, ""tuning_file"": ""tests/psa/ace.tuning.json"", ""hpo_strategy"": ""hamming"", ""global_time_strategy"": ""PERCENT"", ""percent"": 0.2, ""round_time_strategy"": ""STATIC"", ""time_evolution"": ""STATIC"", ""stop_strategy"": ""TIMEOUT""}",408,"{""varh"": ""Wdeg"", ""valh"": ""First"", ""saf"": ""True"", ""pc1"": ""True"", ""bdc"": ""100"", ""toh"": ""True"", ""ng"": ""NO"", ""lc"": ""5"", ""negative"": ""STR0"", ""generic2"": ""True"", ""sb"": ""NO""}",0.5843181670061313,0.5826074999640696,,ExitStatus.UNKNOWN,False,False,0.5826074999640696
2025-06-09T12:14:00.994347,Hsp-aux-10405_c23.xml,"{""input"": ""tests/xcsp3/cop/UNKNOWN/Hsp-aux-10405_c23.xml"", ""solver"": ""xcsp:ACE@2.4"", ""output_dir"": ""results_comparison"", ""global_time_limit"": 600, ""max_tries"": 50, ""tuning_file"": ""tests/psa/ace.tuning.json"", ""hpo_strategy"": ""hamming"", ""global_time_strategy"": ""PERCENT"", ""percent"": 0.2, ""round_time_strategy"": ""STATIC"", ""time_evolution"": ""STATIC"", ""stop_strategy"": ""TIMEOUT""}",409,"{""varh"": ""FrbaOnDom"", ""valh"": ""OccsR"", ""saf"": ""True"", ""pc1"": ""True"", ""bdc"": ""1"", ""toh"": ""True"", ""ng"": ""NO"", ""lc"": ""5"", ""negative"": ""STR2"", ""generic2"": ""True"", ""sb"": ""NO""}",0.5843181670061313,0.7016174579621293,198,ExitStatus.OPTIMAL,False,False,0.7016174579621293
2025-06-09T12:14:01.725695,Hsp-aux-10405_c23.xml,"{""input"": ""tests/xcsp3/cop/UNKNOWN/Hsp-aux-10405_c23.xml"", ""solver"": ""xcsp:ACE@2.4"", ""output_dir"": ""results_comparison"", ""global_time_limit"": 600, ""max_tries"": 50, ""tuning_file"": ""tests/psa/ace.tuning.json"", ""hpo_strategy"": ""hamming"", ""global_time_strategy"": ""PERCENT"", ""percent"": 0.2, ""round_time_strategy"": ""STATIC"", ""time_evolution"": ""STATIC"", ""stop_strategy"": ""TIMEOUT""}",410,"{""varh"": ""RunRobin"", ""valh"": ""First"", ""saf"": ""False"", ""pc1"": ""True"", ""bdc"": ""1"", ""toh"": ""True"", ""ng"": ""NO"", ""lc"": ""5"", ""negative"": ""STR2"", ""generic2"": ""True"", ""sb"": ""NO""}",0.5843181670061313,0.6539786249632016,198,ExitStatus.OPTIMAL,False,False,0.6539786249632016
2025-06-09T12:14:02.439805,Hsp-aux-10405_c23.xml,"{""input"": ""tests/xcsp3/cop/UNKNOWN/Hsp-aux-10405_c23.xml"", ""solver"": ""xcsp:ACE@2.4"", ""output_dir"": ""results_comparison"", ""global_time_limit"": 600, ""max_tries"": 50, ""tuning_file"": ""tests/psa/ace.tuning.json"", ""hpo_strategy"": ""hamming"", ""global_time_strategy"": ""PERCENT"", ""percent"": 0.2, ""round_time_strategy"": ""STATIC"", ""time_evolution"": ""STATIC"", ""stop_strategy"": ""TIMEOUT""}",411,"{""varh"": ""Wdeg"", ""valh"": ""First"", ""saf"": ""True"", ""pc1"": ""True"", ""bdc"": ""10"", ""toh"": ""True"", ""ng"": ""NO"", ""lc"": ""2"", ""negative"": ""STR2"", ""generic2"": ""True"", ""sb"": ""NO""}",0.5843181670061313,0.635847624973394,198,ExitStatus.OPTIMAL,False,False,0.635847624973394
2025-06-09T12:14:03.212756,Hsp-aux-10405_c23.xml,"{""input"": ""tests/xcsp3/cop/UNKNOWN/Hsp-aux-10405_c23.xml"", ""solver"": ""xcsp:ACE@2.4"", ""output_dir"": ""results_comparison"", ""global_time_limit"": 600, ""max_tries"": 50, ""tuning_file"": ""tests/psa/ace.tuning.json"", ""hpo_strategy"": ""hamming"", ""global_time_strategy"": ""PERCENT"", ""percent"": 0.2, ""round_time_strategy"": ""STATIC"", ""time_evolution"": ""STATIC"", ""stop_strategy"": ""TIMEOUT""}",412,"{""varh"": ""Wdeg"", ""valh"": ""First"", ""saf"": ""True"", ""pc1"": ""True"", ""bdc"": ""1"", ""toh"": ""True"", ""ng"": ""NO"", ""lc"": ""0"", ""negative"": ""STR0"", ""generic2"": ""True"", ""sb"": ""NO""}",0.5843181670061313,0.6943769999779761,198,ExitStatus.OPTIMAL,False,False,0.6943769999779761
2025-06-09T12:14:03.974406,Hsp-aux-10405_c23.xml,"{""input"": ""tests/xcsp3/cop/UNKNOWN/Hsp-aux-10405_c23.xml"", ""solver"": ""xcsp:ACE@2.4"", ""output_dir"": ""results_comparison"", ""global_time_limit"": 600, ""max_tries"": 50, ""tuning_file"": ""tests/psa/ace.tuning.json"", ""hpo_strategy"": ""hamming"", ""global_time_strategy"": ""PERCENT"", ""percent"": 0.2, ""round_time_strategy"": ""STATIC"", ""time_evolution"": ""STATIC"", ""stop_strategy"": ""TIMEOUT""}",413,"{""varh"": ""Wdeg"", ""valh"": ""First"", ""saf"": ""False"", ""pc1"": ""True"", ""bdc"": ""1"", ""toh"": ""True"", ""ng"": ""NO"", ""lc"": ""0"", ""negative"": ""STR2"", ""generic2"": ""True"", ""sb"": ""NO""}",0.5843181670061313,0.6847375830402598,198,ExitStatus.OPTIMAL,False,False,0.6847375830402598
2025-06-09T12:14:05.410228,Hsp-aux-10405_c23.xml,"{""input"": ""tests/xcsp3/cop/UNKNOWN/Hsp-aux-10405_c23.xml"", ""solver"": ""xcsp:ACE@2.4"", ""output_dir"": ""results_comparison"", ""global_time_limit"": 600, ""max_tries"": 50, ""tuning_file"": ""tests/psa/ace.tuning.json"", ""hpo_strategy"": ""hamming"", ""global_time_strategy"": ""PERCENT"", ""percent"": 0.2, ""round_time_strategy"": ""STATIC"", ""time_evolution"": ""STATIC"", ""stop_strategy"": ""TIMEOUT""}",414,"{""varh"": ""Lexico"", ""valh"": ""Rand"", ""saf"": ""True"", ""pc1"": ""True"", ""bdc"": ""1"", ""toh"": ""True"", ""ng"": ""NO"", ""lc"": ""5"", ""negative"": ""STR2"", ""generic2"": ""True"", ""sb"": ""NO""}",0.5843181670061313,1.36166645900812,352,ExitStatus.FEASIBLE,False,False,1.36166645900812
2025-06-09T12:14:06.098379,Hsp-aux-10405_c23.xml,"{""input"": ""tests/xcsp3/cop/UNKNOWN/Hsp-aux-10405_c23.xml"", ""solver"": ""xcsp:ACE@2.4"", ""output_dir"": ""results_comparison"", ""global_time_limit"": 600, ""max_tries"": 50, ""tuning_file"": ""tests/psa/ace.tuning.json"", ""hpo_strategy"": ""hamming"", ""global_time_strategy"": ""PERCENT"", ""percent"": 0.2, ""round_time_strategy"": ""STATIC"", ""time_evolution"": ""STATIC"", ""stop_strategy"": ""TIMEOUT""}",415,"{""varh"": ""Wdeg"", ""valh"": ""Bivs3"", ""saf"": ""True"", ""pc1"": ""True"", ""bdc"": ""100"", ""toh"": ""True"", ""ng"": ""NO"", ""lc"": ""5"", ""negative"": ""STR2"", ""generic2"": ""True"", ""sb"": ""NO""}",0.5843181670061313,0.6085356670082547,,ExitStatus.UNKNOWN,False,False,0.6085356670082547
2025-06-09T12:14:06.789275,Hsp-aux-10405_c23.xml,"{""input"": ""tests/xcsp3/cop/UNKNOWN/Hsp-aux-10405_c23.xml"", ""solver"": ""xcsp:ACE@2.4"", ""output_dir"": ""results_comparison"", ""global_time_limit"": 600, ""max_tries"": 50, ""tuning_file"": ""tests/psa/ace.tuning.json"", ""hpo_strategy"": ""hamming"", ""global_time_strategy"": ""PERCENT"", ""percent"": 0.2, ""round_time_strategy"": ""STATIC"", ""time_evolution"": ""STATIC"", ""stop_strategy"": ""TIMEOUT""}",416,"{""varh"": ""Memory"", ""valh"": ""First"", ""saf"": ""True"", ""pc1"": ""True"", ""bdc"": ""1"", ""toh"": ""True"", ""ng"": ""NO"", ""lc"": ""5"", ""negative"": ""STR3"", ""generic2"": ""True"", ""sb"": ""NO""}",0.5843181670061313,0.6107097499771044,198,ExitStatus.OPTIMAL,False,False,0.6107097499771044
2025-06-09T12:14:08.236526,Hsp-aux-10405_c23.xml,"{""input"": ""tests/xcsp3/cop/UNKNOWN/Hsp-aux-10405_c23.xml"", ""solver"": ""xcsp:ACE@2.4"", ""output_dir"": ""results_comparison"", ""global_time_limit"": 600, ""max_tries"": 50, ""tuning_file"": ""tests/psa/ace.tuning.json"", ""hpo_strategy"": ""hamming"", ""global_time_strategy"": ""PERCENT"", ""percent"": 0.2, ""round_time_strategy"": ""STATIC"", ""time_evolution"": ""STATIC"", ""stop_strategy"": ""TIMEOUT""}",417,"{""varh"": ""Lexico"", ""valh"": ""Last"", ""saf"": ""True"", ""pc1"": ""True"", ""bdc"": ""1"", ""toh"": ""True"", ""ng"": ""NO"", ""lc"": ""5"", ""negative"": ""STR2"", ""generic2"": ""True"", ""sb"": ""NO""}",0.5843181670061313,1.370347457996104,,ExitStatus.UNKNOWN,False,False,1.370347457996104
2025-06-09T12:14:09.682336,Hsp-aux-10405_c23.xml,"{""input"": ""tests/xcsp3/cop/UNKNOWN/Hsp-aux-10405_c23.xml"", ""solver"": ""xcsp:ACE@2.4"", ""output_dir"": ""results_comparison"", ""global_time_limit"": 600, ""max_tries"": 50, ""tuning_file"": ""tests/psa/ace.tuning.json"", ""hpo_strategy"": ""hamming"", ""global_time_strategy"": ""PERCENT"", ""percent"": 0.2, ""round_time_strategy"": ""STATIC"", ""time_evolution"": ""STATIC"", ""stop_strategy"": ""TIMEOUT""}",418,"{""varh"": ""Activity"", ""valh"": ""Median"", ""saf"": ""True"", ""pc1"": ""True"", ""bdc"": ""1"", ""toh"": ""True"", ""ng"": ""NO"", ""lc"": ""5"", ""negative"": ""STR2"", ""generic2"": ""True"", ""sb"": ""NO""}",0.5843181670061313,1.3679627910023555,,ExitStatus.UNKNOWN,False,False,1.3679627910023555
2025-06-09T12:14:10.424453,Hsp-aux-10405_c23.xml,"{""input"": ""tests/xcsp3/cop/UNKNOWN/Hsp-aux-10405_c23.xml"", ""solver"": ""xcsp:ACE@2.4"", ""output_dir"": ""results_comparison"", ""global_time_limit"": 600, ""max_tries"": 50, ""tuning_file"": ""tests/psa/ace.tuning.json"", ""hpo_strategy"": ""hamming"", ""global_time_strategy"": ""PERCENT"", ""percent"": 0.2, ""round_time_strategy"": ""STATIC"", ""time_evolution"": ""STATIC"", ""stop_strategy"": ""TIMEOUT""}",419,"{""varh"": ""Wdeg"", ""valh"": ""First"", ""saf"": ""False"", ""pc1"": ""True"", ""bdc"": ""1"", ""toh"": ""True"", ""ng"": ""NO"", ""lc"": ""5"", ""negative"": ""STR1N"", ""generic2"": ""True"", ""sb"": ""NO""}",0.5843181670061313,0.6604258329607546,198,ExitStatus.OPTIMAL,False,False,0.6604258329607546
2025-06-09T12:14:11.164847,Hsp-aux-10405_c23.xml,"{""input"": ""tests/xcsp3/cop/UNKNOWN/Hsp-aux-10405_c23.xml"", ""solver"": ""xcsp:ACE@2.4"", ""output_dir"": ""results_comparison"", ""global_time_limit"": 600, ""max_tries"": 50, ""tuning_file"": ""tests/psa/ace.tuning.json"", ""hpo_strategy"": ""hamming"", ""global_time_strategy"": ""PERCENT"", ""percent"": 0.2, ""round_time_strategy"": ""STATIC"", ""time_evolution"": ""STATIC"", ""stop_strategy"": ""TIMEOUT""}",420,"{""varh"": ""Wdeg"", ""valh"": ""First"", ""saf"": ""True"", ""pc1"": ""True"", ""bdc"": ""1"", ""toh"": ""False"", ""ng"": ""NO"", ""lc"": ""10"", ""negative"": ""STR2"", ""generic2"": ""True"", ""sb"": ""NO""}",0.5843181670061313,0.6499898750334978,198,ExitStatus.OPTIMAL,False,False,0.6499898750334978
2025-06-09T12:14:11.917579,Hsp-aux-10405_c23.xml,"{""input"": ""tests/xcsp3/cop/UNKNOWN/Hsp-aux-10405_c23.xml"", ""solver"": ""xcsp:ACE@2.4"", ""output_dir"": ""results_comparison"", ""global_time_limit"": 600, ""max_tries"": 50, ""tuning_file"": ""tests/psa/ace.tuning.json"", ""hpo_strategy"": ""hamming"", ""global_time_strategy"": ""PERCENT"", ""percent"": 0.2, ""round_time_strategy"": ""STATIC"", ""time_evolution"": ""STATIC"", ""stop_strategy"": ""TIMEOUT""}",421,"{""varh"": ""FrbaOnDom"", ""valh"": ""First"", ""saf"": ""True"", ""pc1"": ""True"", ""bdc"": ""1"", ""toh"": ""True"", ""ng"": ""NO"", ""lc"": ""5"", ""negative"": ""STR1N"", ""generic2"": ""True"", ""sb"": ""NO""}",0.5843181670061313,0.6716986669925973,198,ExitStatus.OPTIMAL,False,False,0.6716986669925973
2025-06-09T12:14:12.593285,Hsp-aux-10405_c23.xml,"{""input"": ""tests/xcsp3/cop/UNKNOWN/Hsp-aux-10405_c23.xml"", ""solver"": ""xcsp:ACE@2.4"", ""output_dir"": ""results_comparison"", ""global_time_limit"": 600, ""max_tries"": 50, ""tuning_file"": ""tests/psa/ace.tuning.json"", ""hpo_strategy"": ""hamming"", ""global_time_strategy"": ""PERCENT"", ""percent"": 0.2, ""round_time_strategy"": ""STATIC"", ""time_evolution"": ""STATIC"", ""stop_strategy"": ""TIMEOUT""}",422,"{""varh"": ""RunRobin"", ""valh"": ""First"", ""saf"": ""True"", ""pc1"": ""True"", ""bdc"": ""1000"", ""toh"": ""True"", ""ng"": ""NO"", ""lc"": ""5"", ""negative"": ""STR2"", ""generic2"": ""True"", ""sb"": ""NO""}",0.5843181670061313,0.594418291002512,,ExitStatus.UNKNOWN,False,False,0.594418291002512
2025-06-09T12:14:13.324192,Hsp-aux-10405_c23.xml,"{""input"": ""tests/xcsp3/cop/UNKNOWN/Hsp-aux-10405_c23.xml"", ""solver"": ""xcsp:ACE@2.4"", ""output_dir"": ""results_comparison"", ""global_time_limit"": 600, ""max_tries"": 50, ""tuning_file"": ""tests/psa/ace.tuning.json"", ""hpo_strategy"": ""hamming"", ""global_time_strategy"": ""PERCENT"", ""percent"": 0.2, ""round_time_strategy"": ""STATIC"", ""time_evolution"": ""STATIC"", ""stop_strategy"": ""TIMEOUT""}",423,"{""varh"": ""Memory"", ""valh"": ""First"", ""saf"": ""True"", ""pc1"": ""False"", ""bdc"": ""1"", ""toh"": ""True"", ""ng"": ""NO"", ""lc"": ""5"", ""negative"": ""STR2"", ""generic2"": ""True"", ""sb"": ""NO""}",0.5843181670061313,0.6539859580225311,198,ExitStatus.OPTIMAL,False,False,0.6539859580225311
2025-06-09T12:14:14.020600,Hsp-aux-10405_c23.xml,"{""input"": ""tests/xcsp3/cop/UNKNOWN/Hsp-aux-10405_c23.xml"", ""solver"": ""xcsp:ACE@2.4"", ""output_dir"": ""results_comparison"", ""global_time_limit"": 600, ""max_tries"": 50, ""tuning_file"": ""tests/psa/ace.tuning.json"", ""hpo_strategy"": ""hamming"", ""global_time_strategy"": ""PERCENT"", ""percent"": 0.2, ""round_time_strategy"": ""STATIC"", ""time_evolution"": ""STATIC"", ""stop_strategy"": ""TIMEOUT""}",424,"{""varh"": ""Memory"", ""valh"": ""First"", ""saf"": ""True"", ""pc1"": ""True"", ""bdc"": ""1"", ""toh"": ""True"", ""ng"": ""NO"", ""lc"": ""5"", ""negative"": ""CT"", ""generic2"": ""True"", ""sb"": ""NO""}",0.5843181670061313,0.614821208990179,198,ExitStatus.OPTIMAL,False,False,0.614821208990179
2025-06-09T12:14:14.914633,Hsp-aux-10405_c23.xml,"{""input"": ""tests/xcsp3/cop/UNKNOWN/Hsp-aux-10405_c23.xml"", ""solver"": ""xcsp:ACE@2.4"", ""output_dir"": ""results_comparison"", ""global_time_limit"": 600, ""max_tries"": 50, ""tuning_file"": ""tests/psa/ace.tuning.json"", ""hpo_strategy"": ""hamming"", ""global_time_strategy"": ""PERCENT"", ""percent"": 0.2, ""round_time_strategy"": ""STATIC"", ""time_evolution"": ""STATIC"", ""stop_strategy"": ""TIMEOUT""}",425,"{""varh"": ""Wdeg"", ""valh"": ""Median"", ""saf"": ""True"", ""pc1"": ""True"", ""bdc"": ""1"", ""toh"": ""True"", ""ng"": ""NO"", ""lc"": ""5"", ""negative"": ""V"", ""generic2"": ""True"", ""sb"": ""NO""}",0.5843181670061313,0.8174076249706559,198,ExitStatus.OPTIMAL,False,False,0.8174076249706559
2025-06-09T12:14:15.585479,Hsp-aux-10405_c23.xml,"{""input"": ""tests/xcsp3/cop/UNKNOWN/Hsp-aux-10405_c23.xml"", ""solver"": ""xcsp:ACE@2.4"", ""output_dir"": ""results_comparison"", ""global_time_limit"": 600, ""max_tries"": 50, ""tuning_file"": ""tests/psa/ace.tuning.json"", ""hpo_strategy"": ""hamming"", ""global_time_strategy"": ""PERCENT"", ""percent"": 0.2, ""round_time_strategy"": ""STATIC"", ""time_evolution"": ""STATIC"", ""stop_strategy"": ""TIMEOUT""}",426,"{""varh"": ""Memory"", ""valh"": ""First"", ""saf"": ""True"", ""pc1"": ""True"", ""bdc"": ""1"", ""toh"": ""True"", ""ng"": ""NO"", ""lc"": ""1"", ""negative"": ""STR2"", ""generic2"": ""True"", ""sb"": ""NO""}",0.5843181670061313,0.5948794999858364,198,ExitStatus.OPTIMAL,False,False,0.5948794999858364
2025-06-09T12:14:17.020997,Hsp-aux-10405_c23.xml,"{""input"": ""tests/xcsp3/cop/UNKNOWN/Hsp-aux-10405_c23.xml"", ""solver"": ""xcsp:ACE@2.4"", ""output_dir"": ""results_comparison"", ""global_time_limit"": 600, ""max_tries"": 50, ""tuning_file"": ""tests/psa/ace.tuning.json"", ""hpo_strategy"": ""hamming"", ""global_time_strategy"": ""PERCENT"", ""percent"": 0.2, ""round_time_strategy"": ""STATIC"", ""time_evolution"": ""STATIC"", ""stop_strategy"": ""TIMEOUT""}",427,"{""varh"": ""Impact"", ""valh"": ""First"", ""saf"": ""True"", ""pc1"": ""True"", ""bdc"": ""1"", ""toh"": ""True"", ""ng"": ""NO"", ""lc"": ""5"", ""negative"": ""STR3"", ""generic2"": ""True"", ""sb"": ""NO""}",0.5843181670061313,1.3611024160054512,,ExitStatus.UNKNOWN,False,False,1.3611024160054512
2025-06-09T12:14:17.795993,Hsp-aux-10405_c23.xml,"{""input"": ""tests/xcsp3/cop/UNKNOWN/Hsp-aux-10405_c23.xml"", ""solver"": ""xcsp:ACE@2.4"", ""output_dir"": ""results_comparison"", ""global_time_limit"": 600, ""max_tries"": 50, ""tuning_file"": ""tests/psa/ace.tuning.json"", ""hpo_strategy"": ""hamming"", ""global_time_strategy"": ""PERCENT"", ""percent"": 0.2, ""round_time_strategy"": ""STATIC"", ""time_evolution"": ""STATIC"", ""stop_strategy"": ""TIMEOUT""}",428,"{""varh"": ""Wdeg"", ""valh"": ""RunRobin"", ""saf"": ""True"", ""pc1"": ""True"", ""bdc"": ""1"", ""toh"": ""False"", ""ng"": ""NO"", ""lc"": ""5"", ""negative"": ""STR2"", ""generic2"": ""True"", ""sb"": ""NO""}",0.5843181670061313,0.6812072499888018,198,ExitStatus.OPTIMAL,False,False,0.6812072499888018
2025-06-09T12:14:18.461246,Hsp-aux-10405_c23.xml,"{""input"": ""tests/xcsp3/cop/UNKNOWN/Hsp-aux-10405_c23.xml"", ""solver"": ""xcsp:ACE@2.4"", ""output_dir"": ""results_comparison"", ""global_time_limit"": 600, ""max_tries"": 50, ""tuning_file"": ""tests/psa/ace.tuning.json"", ""hpo_strategy"": ""hamming"", ""global_time_strategy"": ""PERCENT"", ""percent"": 0.2, ""round_time_strategy"": ""STATIC"", ""time_evolution"": ""STATIC"", ""stop_strategy"": ""TIMEOUT""}",429,"{""varh"": ""Wdeg"", ""valh"": ""FlrsE"", ""saf"": ""True"", ""pc1"": ""True"", ""bdc"": ""1000"", ""toh"": ""True"", ""ng"": ""NO"", ""lc"": ""5"", ""negative"": ""STR2"", ""generic2"": ""True"", ""sb"": ""NO""}",0.5843181670061313,0.5883259170223027,,ExitStatus.UNKNOWN,False,False,0.5883259170223027
2025-06-09T12:14:19.148208,Hsp-aux-10405_c23.xml,"{""input"": ""tests/xcsp3/cop/UNKNOWN/Hsp-aux-10405_c23.xml"", ""solver"": ""xcsp:ACE@2.4"", ""output_dir"": ""results_comparison"", ""global_time_limit"": 600, ""max_tries"": 50, ""tuning_file"": ""tests/psa/ace.tuning.json"", ""hpo_strategy"": ""hamming"", ""global_time_strategy"": ""PERCENT"", ""percent"": 0.2, ""round_time_strategy"": ""STATIC"", ""time_evolution"": ""STATIC"", ""stop_strategy"": ""TIMEOUT""}",430,"{""varh"": ""WdegOnDom"", ""valh"": ""First"", ""saf"": ""True"", ""pc1"": ""True"", ""bdc"": ""1"", ""toh"": ""True"", ""ng"": ""NO"", ""lc"": ""5"", ""negative"": ""V"", ""generic2"": ""True"", ""sb"": ""NO""}",0.5843181670061313,0.6108712910208851,198,ExitStatus.OPTIMAL,False,False,0.6108712910208851
2025-06-09T12:14:20.040419,Hsp-aux-10405_c23.xml,"{""input"": ""tests/xcsp3/cop/UNKNOWN/Hsp-aux-10405_c23.xml"", ""solver"": ""xcsp:ACE@2.4"", ""output_dir"": ""results_comparison"", ""global_time_limit"": 600, ""max_tries"": 50, ""tuning_file"": ""tests/psa/ace.tuning.json"", ""hpo_strategy"": ""hamming"", ""global_time_strategy"": ""PERCENT"", ""percent"": 0.2, ""round_time_strategy"": ""STATIC"", ""time_evolution"": ""STATIC"", ""stop_strategy"": ""TIMEOUT""}",431,"{""varh"": ""Wdeg"", ""valh"": ""Last"", ""saf"": ""True"", ""pc1"": ""True"", ""bdc"": ""1"", ""toh"": ""True"", ""ng"": ""NO"", ""lc"": ""5"", ""negative"": ""STR0"", ""generic2"": ""True"", ""sb"": ""NO""}",0.5843181670061313,0.8159842080203816,198,ExitStatus.OPTIMAL,False,False,0.8159842080203816
2025-06-09T12:14:20.720253,Hsp-aux-10405_c23.xml,"{""input"": ""tests/xcsp3/cop/UNKNOWN/Hsp-aux-10405_c23.xml"", ""solver"": ""xcsp:ACE@2.4"", ""output_dir"": ""results_comparison"", ""global_time_limit"": 600, ""max_tries"": 50, ""tuning_file"": ""tests/psa/ace.tuning.json"", ""hpo_strategy"": ""hamming"", ""global_time_strategy"": ""PERCENT"", ""percent"": 0.2, ""round_time_strategy"": ""STATIC"", ""time_evolution"": ""STATIC"", ""stop_strategy"": ""TIMEOUT""}",432,"{""varh"": ""Wdeg"", ""valh"": ""RunRobin"", ""saf"": ""True"", ""pc1"": ""True"", ""bdc"": ""1"", ""toh"": ""True"", ""ng"": ""NO"", ""lc"": ""5"", ""negative"": ""STR0"", ""generic2"": ""True"", ""sb"": ""NO""}",0.5843181670061313,0.6029927919735201,198,ExitStatus.OPTIMAL,False,False,0.6029927919735201
2025-06-09T12:14:21.433994,Hsp-aux-10405_c23.xml,"{""input"": ""tests/xcsp3/cop/UNKNOWN/Hsp-aux-10405_c23.xml"", ""solver"": ""xcsp:ACE@2.4"", ""output_dir"": ""results_comparison"", ""global_time_limit"": 600, ""max_tries"": 50, ""tuning_file"": ""tests/psa/ace.tuning.json"", ""hpo_strategy"": ""hamming"", ""global_time_strategy"": ""PERCENT"", ""percent"": 0.2, ""round_time_strategy"": ""STATIC"", ""time_evolution"": ""STATIC"", ""stop_strategy"": ""TIMEOUT""}",433,"{""varh"": ""Wdeg"", ""valh"": ""RunRobin"", ""saf"": ""False"", ""pc1"": ""True"", ""bdc"": ""1"", ""toh"": ""True"", ""ng"": ""NO"", ""lc"": ""5"", ""negative"": ""STR2"", ""generic2"": ""True"", ""sb"": ""NO""}",0.5843181670061313,0.6364396249991842,198,ExitStatus.OPTIMAL,False,False,0.6364396249991842
2025-06-09T12:14:22.154122,Hsp-aux-10405_c23.xml,"{""input"": ""tests/xcsp3/cop/UNKNOWN/Hsp-aux-10405_c23.xml"", ""solver"": ""xcsp:ACE@2.4"", ""output_dir"": ""results_comparison"", ""global_time_limit"": 600, ""max_tries"": 50, ""tuning_file"": ""tests/psa/ace.tuning.json"", ""hpo_strategy"": ""hamming"", ""global_time_strategy"": ""PERCENT"", ""percent"": 0.2, ""round_time_strategy"": ""STATIC"", ""time_evolution"": ""STATIC"", ""stop_strategy"": ""TIMEOUT""}",434,"{""varh"": ""WdegOnDom"", ""valh"": ""First"", ""saf"": ""True"", ""pc1"": ""True"", ""bdc"": ""1"", ""toh"": ""True"", ""ng"": ""NO"", ""lc"": ""5"", ""negative"": ""STR0"", ""generic2"": ""True"", ""sb"": ""NO""}",0.5843181670061313,0.6397400409914553,198,ExitStatus.OPTIMAL,False,False,0.6397400409914553
2025-06-09T12:14:22.934709,Hsp-aux-10405_c23.xml,"{""input"": ""tests/xcsp3/cop/UNKNOWN/Hsp-aux-10405_c23.xml"", ""solver"": ""xcsp:ACE@2.4"", ""output_dir"": ""results_comparison"", ""global_time_limit"": 600, ""max_tries"": 50, ""tuning_file"": ""tests/psa/ace.tuning.json"", ""hpo_strategy"": ""hamming"", ""global_time_strategy"": ""PERCENT"", ""percent"": 0.2, ""round_time_strategy"": ""STATIC"", ""time_evolution"": ""STATIC"", ""stop_strategy"": ""TIMEOUT""}",435,"{""varh"": ""Wdeg"", ""valh"": ""Rand"", ""saf"": ""True"", ""pc1"": ""True"", ""bdc"": ""1"", ""toh"": ""True"", ""ng"": ""NO"", ""lc"": ""5"", ""negative"": ""V"", ""generic2"": ""True"", ""sb"": ""NO""}",0.5843181670061313,0.7009756249608472,198,ExitStatus.OPTIMAL,False,False,0.7009756249608472
2025-06-09T12:14:23.841396,Hsp-aux-10405_c23.xml,"{""input"": ""tests/xcsp3/cop/UNKNOWN/Hsp-aux-10405_c23.xml"", ""solver"": ""xcsp:ACE@2.4"", ""output_dir"": ""results_comparison"", ""global_time_limit"": 600, ""max_tries"": 50, ""tuning_file"": ""tests/psa/ace.tuning.json"", ""hpo_strategy"": ""hamming"", ""global_time_strategy"": ""PERCENT"", ""percent"": 0.2, ""round_time_strategy"": ""STATIC"", ""time_evolution"": ""STATIC"", ""stop_strategy"": ""TIMEOUT""}",436,"{""varh"": ""Wdeg"", ""valh"": ""Median"", ""saf"": ""False"", ""pc1"": ""True"", ""bdc"": ""1"", ""toh"": ""True"", ""ng"": ""NO"", ""lc"": ""5"", ""negative"": ""STR2"", ""generic2"": ""True"", ""sb"": ""NO""}",0.5843181670061313,0.8278664170065895,198,ExitStatus.OPTIMAL,False,False,0.8278664170065895
2025-06-09T12:14:24.582920,Hsp-aux-10405_c23.xml,"{""input"": ""tests/xcsp3/cop/UNKNOWN/Hsp-aux-10405_c23.xml"", ""solver"": ""xcsp:ACE@2.4"", ""output_dir"": ""results_comparison"", ""global_time_limit"": 600, ""max_tries"": 50, ""tuning_file"": ""tests/psa/ace.tuning.json"", ""hpo_strategy"": ""hamming"", ""global_time_strategy"": ""PERCENT"", ""percent"": 0.2, ""round_time_strategy"": ""STATIC"", ""time_evolution"": ""STATIC"", ""stop_strategy"": ""TIMEOUT""}",437,"{""varh"": ""Wdeg"", ""valh"": ""First"", ""saf"": ""True"", ""pc1"": ""True"", ""bdc"": ""100"", ""toh"": ""True"", ""ng"": ""NO"", ""lc"": ""5"", ""negative"": ""CT"", ""generic2"": ""True"", ""sb"": ""NO""}",0.5843181670061313,0.6637442079954781,,ExitStatus.UNKNOWN,False,False,0.6637442079954781
2025-06-09T12:14:25.311049,Hsp-aux-10405_c23.xml,"{""input"": ""tests/xcsp3/cop/UNKNOWN/Hsp-aux-10405_c23.xml"", ""solver"": ""xcsp:ACE@2.4"", ""output_dir"": ""results_comparison"", ""global_time_limit"": 600, ""max_tries"": 50, ""tuning_file"": ""tests/psa/ace.tuning.json"", ""hpo_strategy"": ""hamming"", ""global_time_strategy"": ""PERCENT"", ""percent"": 0.2, ""round_time_strategy"": ""STATIC"", ""time_evolution"": ""STATIC"", ""stop_strategy"": ""TIMEOUT""}",438,"{""varh"": ""Wdeg"", ""valh"": ""First"", ""saf"": ""True"", ""pc1"": ""True"", ""bdc"": ""1"", ""toh"": ""True"", ""ng"": ""NO"", ""lc"": ""10"", ""negative"": ""VA"", ""generic2"": ""True"", ""sb"": ""NO""}",0.5843181670061313,0.6431502919876948,198,ExitStatus.OPTIMAL,False,False,0.6431502919876948
2025-06-09T12:14:26.082854,Hsp-aux-10405_c23.xml,"{""input"": ""tests/xcsp3/cop/UNKNOWN/Hsp-aux-10405_c23.xml"", ""solver"": ""xcsp:ACE@2.4"", ""output_dir"": ""results_comparison"", ""global_time_limit"": 600, ""max_tries"": 50, ""tuning_file"": ""tests/psa/ace.tuning.json"", ""hpo_strategy"": ""hamming"", ""global_time_strategy"": ""PERCENT"", ""percent"": 0.2, ""round_time_strategy"": ""STATIC"", ""time_evolution"": ""STATIC"", ""stop_strategy"": ""TIMEOUT""}",439,"{""varh"": ""Wdeg"", ""valh"": ""Vals"", ""saf"": ""True"", ""pc1"": ""True"", ""bdc"": ""1"", ""toh"": ""True"", ""ng"": ""NO"", ""lc"": ""5"", ""negative"": ""VA"", ""generic2"": ""True"", ""sb"": ""NO""}",0.5843181670061313,0.6873140839743428,198,ExitStatus.OPTIMAL,False,False,0.6873140839743428
2025-06-09T12:14:26.786585,Hsp-aux-10405_c23.xml,"{""input"": ""tests/xcsp3/cop/UNKNOWN/Hsp-aux-10405_c23.xml"", ""solver"": ""xcsp:ACE@2.4"", ""output_dir"": ""results_comparison"", ""global_time_limit"": 600, ""max_tries"": 50, ""tuning_file"": ""tests/psa/ace.tuning.json"", ""hpo_strategy"": ""hamming"", ""global_time_strategy"": ""PERCENT"", ""percent"": 0.2, ""round_time_strategy"": ""STATIC"", ""time_evolution"": ""STATIC"", ""stop_strategy"": ""TIMEOUT""}",440,"{""varh"": ""WdegOnDom"", ""valh"": ""First"", ""saf"": ""True"", ""pc1"": ""True"", ""bdc"": ""1"", ""toh"": ""True"", ""ng"": ""NO"", ""lc"": ""5"", ""negative"": ""STR2"", ""generic2"": ""False"", ""sb"": ""NO""}",0.5843181670061313,0.619543207983952,198,ExitStatus.OPTIMAL,False,False,0.619543207983952
2025-06-09T12:14:28.233364,Hsp-aux-10405_c23.xml,"{""input"": ""tests/xcsp3/cop/UNKNOWN/Hsp-aux-10405_c23.xml"", ""solver"": ""xcsp:ACE@2.4"", ""output_dir"": ""results_comparison"", ""global_time_limit"": 600, ""max_tries"": 50, ""tuning_file"": ""tests/psa/ace.tuning.json"", ""hpo_strategy"": ""hamming"", ""global_time_strategy"": ""PERCENT"", ""percent"": 0.2, ""round_time_strategy"": ""STATIC"", ""time_evolution"": ""STATIC"", ""stop_strategy"": ""TIMEOUT""}",441,"{""varh"": ""Activity"", ""valh"": ""First"", ""saf"": ""True"", ""pc1"": ""True"", ""bdc"": ""1"", ""toh"": ""True"", ""ng"": ""NO"", ""lc"": ""5"", ""negative"": ""VA"", ""generic2"": ""True"", ""sb"": ""NO""}",0.5843181670061313,1.3691423750133254,270,ExitStatus.FEASIBLE,False,False,1.3691423750133254
2025-06-09T12:14:28.975511,Hsp-aux-10405_c23.xml,"{""input"": ""tests/xcsp3/cop/UNKNOWN/Hsp-aux-10405_c23.xml"", ""solver"": ""xcsp:ACE@2.4"", ""output_dir"": ""results_comparison"", ""global_time_limit"": 600, ""max_tries"": 50, ""tuning_file"": ""tests/psa/ace.tuning.json"", ""hpo_strategy"": ""hamming"", ""global_time_strategy"": ""PERCENT"", ""percent"": 0.2, ""round_time_strategy"": ""STATIC"", ""time_evolution"": ""STATIC"", ""stop_strategy"": ""TIMEOUT""}",442,"{""varh"": ""FrbaOnDom"", ""valh"": ""First"", ""saf"": ""True"", ""pc1"": ""True"", ""bdc"": ""1"", ""toh"": ""False"", ""ng"": ""NO"", ""lc"": ""5"", ""negative"": ""STR2"", ""generic2"": ""True"", ""sb"": ""NO""}",0.5843181670061313,0.659888458030764,198,ExitStatus.OPTIMAL,False,False,0.659888458030764
2025-06-09T12:14:29.803853,Hsp-aux-10405_c23.xml,"{""input"": ""tests/xcsp3/cop/UNKNOWN/Hsp-aux-10405_c23.xml"", ""solver"": ""xcsp:ACE@2.4"", ""output_dir"": ""results_comparison"", ""global_time_limit"": 600, ""max_tries"": 50, ""tuning_file"": ""tests/psa/ace.tuning.json"", ""hpo_strategy"": ""hamming"", ""global_time_strategy"": ""PERCENT"", ""percent"": 0.2, ""round_time_strategy"": ""STATIC"", ""time_evolution"": ""STATIC"", ""stop_strategy"": ""TIMEOUT""}",443,"{""varh"": ""FrbaOnDom"", ""valh"": ""Last"", ""saf"": ""True"", ""pc1"": ""True"", ""bdc"": ""1"", ""toh"": ""True"", ""ng"": ""NO"", ""lc"": ""5"", ""negative"": ""STR2"", ""generic2"": ""True"", ""sb"": ""NO""}",0.5843181670061313,0.7508588340133429,198,ExitStatus.OPTIMAL,False,False,0.7508588340133429
2025-06-09T12:14:30.652451,Hsp-aux-10405_c23.xml,"{""input"": ""tests/xcsp3/cop/UNKNOWN/Hsp-aux-10405_c23.xml"", ""solver"": ""xcsp:ACE@2.4"", ""output_dir"": ""results_comparison"", ""global_time_limit"": 600, ""max_tries"": 50, ""tuning_file"": ""tests/psa/ace.tuning.json"", ""hpo_strategy"": ""hamming"", ""global_time_strategy"": ""PERCENT"", ""percent"": 0.2, ""round_time_strategy"": ""STATIC"", ""time_evolution"": ""STATIC"", ""stop_strategy"": ""TIMEOUT""}",444,"{""varh"": ""Wdeg"", ""valh"": ""First"", ""saf"": ""True"", ""pc1"": ""True"", ""bdc"": ""100"", ""toh"": ""True"", ""ng"": ""NO"", ""lc"": ""5"", ""negative"": ""VA"", ""generic2"": ""True"", ""sb"": ""NO""}",0.5843181670061313,0.7713532500201836,,ExitStatus.UNKNOWN,False,False,0.7713532500201836
2025-06-09T12:14:31.672787,Hsp-aux-10405_c23.xml,"{""input"": ""tests/xcsp3/cop/UNKNOWN/Hsp-aux-10405_c23.xml"", ""solver"": ""xcsp:ACE@2.4"", ""output_dir"": ""results_comparison"", ""global_time_limit"": 600, ""max_tries"": 50, ""tuning_file"": ""tests/psa/ace.tuning.json"", ""hpo_strategy"": ""hamming"", ""global_time_strategy"": ""PERCENT"", ""percent"": 0.2, ""round_time_strategy"": ""STATIC"", ""time_evolution"": ""STATIC"", ""stop_strategy"": ""TIMEOUT""}",445,"{""varh"": ""Wdeg"", ""valh"": ""First"", ""saf"": ""False"", ""pc1"": ""True"", ""bdc"": ""1"", ""toh"": ""True"", ""ng"": ""NO"", ""lc"": ""5"", ""negative"": ""STR0"", ""generic2"": ""True"", ""sb"": ""NO""}",0.5843181670061313,0.9392249580123462,198,ExitStatus.OPTIMAL,False,False,0.9392249580123462
2025-06-09T12:14:33.002712,Hsp-aux-10405_c23.xml,"{""input"": ""tests/xcsp3/cop/UNKNOWN/Hsp-aux-10405_c23.xml"", ""solver"": ""xcsp:ACE@2.4"", ""output_dir"": ""results_comparison"", ""global_time_limit"": 600, ""max_tries"": 50, ""tuning_file"": ""tests/psa/ace.tuning.json"", ""hpo_strategy"": ""hamming"", ""global_time_strategy"": ""PERCENT"", ""percent"": 0.2, ""round_time_strategy"": ""STATIC"", ""time_evolution"": ""STATIC"", ""stop_strategy"": ""TIMEOUT""}",446,"{""varh"": ""FrbaOnDom"", ""valh"": ""Rand"", ""saf"": ""True"", ""pc1"": ""True"", ""bdc"": ""1"", ""toh"": ""True"", ""ng"": ""NO"", ""lc"": ""5"", ""negative"": ""STR2"", ""generic2"": ""True"", ""sb"": ""NO""}",0.5843181670061313,1.2442373340018094,198,ExitStatus.OPTIMAL,False,False,1.2442373340018094
2025-06-09T12:14:33.977544,Hsp-aux-10405_c23.xml,"{""input"": ""tests/xcsp3/cop/UNKNOWN/Hsp-aux-10405_c23.xml"", ""solver"": ""xcsp:ACE@2.4"", ""output_dir"": ""results_comparison"", ""global_time_limit"": 600, ""max_tries"": 50, ""tuning_file"": ""tests/psa/ace.tuning.json"", ""hpo_strategy"": ""hamming"", ""global_time_strategy"": ""PERCENT"", ""percent"": 0.2, ""round_time_strategy"": ""STATIC"", ""time_evolution"": ""STATIC"", ""stop_strategy"": ""TIMEOUT""}",447,"{""varh"": ""Wdeg"", ""valh"": ""Rand"", ""saf"": ""True"", ""pc1"": ""True"", ""bdc"": ""1"", ""toh"": ""True"", ""ng"": ""NO"", ""lc"": ""5"", ""negative"": ""VA"", ""generic2"": ""True"", ""sb"": ""NO""}",0.5843181670061313,0.8722902500303462,198,ExitStatus.OPTIMAL,False,False,0.8722902500303462
2025-06-09T12:14:35.484069,Hsp-aux-10405_c23.xml,"{""input"": ""tests/xcsp3/cop/UNKNOWN/Hsp-aux-10405_c23.xml"", ""solver"": ""xcsp:ACE@2.4"", ""output_dir"": ""results_comparison"", ""global_time_limit"": 600, ""max_tries"": 50, ""tuning_file"": ""tests/psa/ace.tuning.json"", ""hpo_strategy"": ""hamming"", ""global_time_strategy"": ""PERCENT"", ""percent"": 0.2, ""round_time_strategy"": ""STATIC"", ""time_evolution"": ""STATIC"", ""stop_strategy"": ""TIMEOUT""}",448,"{""varh"": ""Rand"", ""valh"": ""First"", ""saf"": ""True"", ""pc1"": ""True"", ""bdc"": ""1"", ""toh"": ""True"", ""ng"": ""NO"", ""lc"": ""5"", ""negative"": ""STR3"", ""generic2"": ""True"", ""sb"": ""NO""}",0.5843181670061313,1.4217601669952273,198,ExitStatus.FEASIBLE,False,False,1.4217601669952273
2025-06-09T12:14:36.201781,Hsp-aux-10405_c23.xml,"{""input"": ""tests/xcsp3/cop/UNKNOWN/Hsp-aux-10405_c23.xml"", ""solver"": ""xcsp:ACE@2.4"", ""output_dir"": ""results_comparison"", ""global_time_limit"": 600, ""max_tries"": 50, ""tuning_file"": ""tests/psa/ace.tuning.json"", ""hpo_strategy"": ""hamming"", ""global_time_strategy"": ""PERCENT"", ""percent"": 0.2, ""round_time_strategy"": ""STATIC"", ""time_evolution"": ""STATIC"", ""stop_strategy"": ""TIMEOUT""}",449,"{""varh"": ""Wdeg"", ""valh"": ""OccsR"", ""saf"": ""True"", ""pc1"": ""True"", ""bdc"": ""1"", ""toh"": ""True"", ""ng"": ""NO"", ""lc"": ""5"", ""negative"": ""STR2N"", ""generic2"": ""True"", ""sb"": ""NO""}",0.5843181670061313,0.6353913330240175,198,ExitStatus.OPTIMAL,False,False,0.6353913330240175
2025-06-09T12:14:37.112149,Hsp-aux-10405_c23.xml,"{""input"": ""tests/xcsp3/cop/UNKNOWN/Hsp-aux-10405_c23.xml"", ""solver"": ""xcsp:ACE@2.4"", ""output_dir"": ""results_comparison"", ""global_time_limit"": 600, ""max_tries"": 50, ""tuning_file"": ""tests/psa/ace.tuning.json"", ""hpo_strategy"": ""hamming"", ""global_time_strategy"": ""PERCENT"", ""percent"": 0.2, ""round_time_strategy"": ""STATIC"", ""time_evolution"": ""STATIC"", ""stop_strategy"": ""TIMEOUT""}",450,"{""varh"": ""Wdeg"", ""valh"": ""Median"", ""saf"": ""True"", ""pc1"": ""False"", ""bdc"": ""1"", ""toh"": ""True"", ""ng"": ""NO"", ""lc"": ""5"", ""negative"": ""STR2"", ""generic2"": ""True"", ""sb"": ""NO""}",0.5843181670061313,0.8303028749651276,198,ExitStatus.OPTIMAL,False,False,0.8303028749651276
2025-06-09T12:14:37.739532,Hsp-aux-10405_c23.xml,"{""input"": ""tests/xcsp3/cop/UNKNOWN/Hsp-aux-10405_c23.xml"", ""solver"": ""xcsp:ACE@2.4"", ""output_dir"": ""results_comparison"", ""global_time_limit"": 600, ""max_tries"": 50, ""tuning_file"": ""tests/psa/ace.tuning.json"", ""hpo_strategy"": ""hamming"", ""global_time_strategy"": ""PERCENT"", ""percent"": 0.2, ""round_time_strategy"": ""STATIC"", ""time_evolution"": ""STATIC"", ""stop_strategy"": ""TIMEOUT""}",451,"{""varh"": ""Wdeg"", ""valh"": ""First"", ""saf"": ""False"", ""pc1"": ""True"", ""bdc"": ""1000"", ""toh"": ""True"", ""ng"": ""NO"", ""lc"": ""5"", ""negative"": ""STR2"", ""generic2"": ""True"", ""sb"": ""NO""}",0.5843181670061313,0.5530648340354674,,ExitStatus.UNKNOWN,False,False,0.5530648340354674
2025-06-09T12:14:39.163789,Hsp-aux-10405_c23.xml,"{""input"": ""tests/xcsp3/cop/UNKNOWN/Hsp-aux-10405_c23.xml"", ""solver"": ""xcsp:ACE@2.4"", ""output_dir"": ""results_comparison"", ""global_time_limit"": 600, ""max_tries"": 50, ""tuning_file"": ""tests/psa/ace.tuning.json"", ""hpo_strategy"": ""hamming"", ""global_time_strategy"": ""PERCENT"", ""percent"": 0.2, ""round_time_strategy"": ""STATIC"", ""time_evolution"": ""STATIC"", ""stop_strategy"": ""TIMEOUT""}",452,"{""varh"": ""Lexico"", ""valh"": ""First"", ""saf"": ""True"", ""pc1"": ""True"", ""bdc"": ""1"", ""toh"": ""True"", ""ng"": ""NO"", ""lc"": ""5"", ""negative"": ""STR1"", ""generic2"": ""True"", ""sb"": ""NO""}",0.5843181670061313,1.350154834042769,,ExitStatus.UNKNOWN,False,False,1.350154834042769
2025-06-09T12:14:39.919647,Hsp-aux-10405_c23.xml,"{""input"": ""tests/xcsp3/cop/UNKNOWN/Hsp-aux-10405_c23.xml"", ""solver"": ""xcsp:ACE@2.4"", ""output_dir"": ""results_comparison"", ""global_time_limit"": 600, ""max_tries"": 50, ""tuning_file"": ""tests/psa/ace.tuning.json"", ""hpo_strategy"": ""hamming"", ""global_time_strategy"": ""PERCENT"", ""percent"": 0.2, ""round_time_strategy"": ""STATIC"", ""time_evolution"": ""STATIC"", ""stop_strategy"": ""TIMEOUT""}",453,"{""varh"": ""FrbaOnDom"", ""valh"": ""Median"", ""saf"": ""True"", ""pc1"": ""True"", ""bdc"": ""1"", ""toh"": ""True"", ""ng"": ""NO"", ""lc"": ""5"", ""negative"": ""STR2"", ""generic2"": ""True"", ""sb"": ""NO""}",0.5843181670061313,0.6797609579516575,198,ExitStatus.OPTIMAL,False,False,0.6797609579516575
2025-06-09T12:14:40.615072,Hsp-aux-10405_c23.xml,"{""input"": ""tests/xcsp3/cop/UNKNOWN/Hsp-aux-10405_c23.xml"", ""solver"": ""xcsp:ACE@2.4"", ""output_dir"": ""results_comparison"", ""global_time_limit"": 600, ""max_tries"": 50, ""tuning_file"": ""tests/psa/ace.tuning.json"", ""hpo_strategy"": ""hamming"", ""global_time_strategy"": ""PERCENT"", ""percent"": 0.2, ""round_time_strategy"": ""STATIC"", ""time_evolution"": ""STATIC"", ""stop_strategy"": ""TIMEOUT""}",454,"{""varh"": ""Memory"", ""valh"": ""First"", ""saf"": ""True"", ""pc1"": ""True"", ""bdc"": ""1"", ""toh"": ""True"", ""ng"": ""NO"", ""lc"": ""5"", ""negative"": ""STR1"", ""generic2"": ""True"", ""sb"": ""NO""}",0.5843181670061313,0.6183412499958649,198,ExitStatus.OPTIMAL,False,False,0.6183412499958649
2025-06-09T12:14:42.047308,Hsp-aux-10405_c23.xml,"{""input"": ""tests/xcsp3/cop/UNKNOWN/Hsp-aux-10405_c23.xml"", ""solver"": ""xcsp:ACE@2.4"", ""output_dir"": ""results_comparison"", ""global_time_limit"": 600, ""max_tries"": 50, ""tuning_file"": ""tests/psa/ace.tuning.json"", ""hpo_strategy"": ""hamming"", ""global_time_strategy"": ""PERCENT"", ""percent"": 0.2, ""round_time_strategy"": ""STATIC"", ""time_evolution"": ""STATIC"", ""stop_strategy"": ""TIMEOUT""}",455,"{""varh"": ""Rand"", ""valh"": ""Last"", ""saf"": ""True"", ""pc1"": ""True"", ""bdc"": ""1"", ""toh"": ""True"", ""ng"": ""NO"", ""lc"": ""5"", ""negative"": ""STR2"", ""generic2"": ""True"", ""sb"": ""NO""}",0.5843181670061313,1.3530745829921216,248,ExitStatus.FEASIBLE,False,False,1.3530745829921216
2025-06-09T12:14:43.515979,Hsp-aux-10405_c23.xml,"{""input"": ""tests/xcsp3/cop/UNKNOWN/Hsp-aux-10405_c23.xml"", ""solver"": ""xcsp:ACE@2.4"", ""output_dir"": ""results_comparison"", ""global_time_limit"": 600, ""max_tries"": 50, ""tuning_file"": ""tests/psa/ace.tuning.json"", ""hpo_strategy"": ""hamming"", ""global_time_strategy"": ""PERCENT"", ""percent"": 0.2, ""round_time_strategy"": ""STATIC"", ""time_evolution"": ""STATIC"", ""stop_strategy"": ""TIMEOUT""}",456,"{""varh"": ""Impact"", ""valh"": ""Median"", ""saf"": ""True"", ""pc1"": ""True"", ""bdc"": ""1"", ""toh"": ""True"", ""ng"": ""NO"", ""lc"": ""5"", ""negative"": ""STR2"", ""generic2"": ""True"", ""sb"": ""NO""}",0.5843181670061313,1.382854541996494,309,ExitStatus.FEASIBLE,False,False,1.382854541996494
2025-06-09T12:14:44.391487,Hsp-aux-10405_c23.xml,"{""input"": ""tests/xcsp3/cop/UNKNOWN/Hsp-aux-10405_c23.xml"", ""solver"": ""xcsp:ACE@2.4"", ""output_dir"": ""results_comparison"", ""global_time_limit"": 600, ""max_tries"": 50, ""tuning_file"": ""tests/psa/ace.tuning.json"", ""hpo_strategy"": ""hamming"", ""global_time_strategy"": ""PERCENT"", ""percent"": 0.2, ""round_time_strategy"": ""STATIC"", ""time_evolution"": ""STATIC"", ""stop_strategy"": ""TIMEOUT""}",457,"{""varh"": ""Wdeg"", ""valh"": ""Last"", ""saf"": ""True"", ""pc1"": ""True"", ""bdc"": ""1"", ""toh"": ""True"", ""ng"": ""NO"", ""lc"": ""5"", ""negative"": ""CT"", ""generic2"": ""True"", ""sb"": ""NO""}",0.5843181670061313,0.7984214999596588,198,ExitStatus.OPTIMAL,False,False,0.7984214999596588
2025-06-09T12:14:45.077300,Hsp-aux-10405_c23.xml,"{""input"": ""tests/xcsp3/cop/UNKNOWN/Hsp-aux-10405_c23.xml"", ""solver"": ""xcsp:ACE@2.4"", ""output_dir"": ""results_comparison"", ""global_time_limit"": 600, ""max_tries"": 50, ""tuning_file"": ""tests/psa/ace.tuning.json"", ""hpo_strategy"": ""hamming"", ""global_time_strategy"": ""PERCENT"", ""percent"": 0.2, ""round_time_strategy"": ""STATIC"", ""time_evolution"": ""STATIC"", ""stop_strategy"": ""TIMEOUT""}",458,"{""varh"": ""Wdeg"", ""valh"": ""Bivs3"", ""saf"": ""True"", ""pc1"": ""True"", ""bdc"": ""10"", ""toh"": ""True"", ""ng"": ""NO"", ""lc"": ""5"", ""negative"": ""STR2"", ""generic2"": ""True"", ""sb"": ""NO""}",0.5843181670061313,0.6085034169955179,198,ExitStatus.OPTIMAL,False,False,0.6085034169955179
2025-06-09T12:14:45.765634,Hsp-aux-10405_c23.xml,"{""input"": ""tests/xcsp3/cop/UNKNOWN/Hsp-aux-10405_c23.xml"", ""solver"": ""xcsp:ACE@2.4"", ""output_dir"": ""results_comparison"", ""global_time_limit"": 600, ""max_tries"": 50, ""tuning_file"": ""tests/psa/ace.tuning.json"", ""hpo_strategy"": ""hamming"", ""global_time_strategy"": ""PERCENT"", ""percent"": 0.2, ""round_time_strategy"": ""STATIC"", ""time_evolution"": ""STATIC"", ""stop_strategy"": ""TIMEOUT""}",459,"{""varh"": ""Wdeg"", ""valh"": ""FlrsE"", ""saf"": ""True"", ""pc1"": ""True"", ""bdc"": ""1"", ""toh"": ""True"", ""ng"": ""NO"", ""lc"": ""5"", ""negative"": ""V"", ""generic2"": ""True"", ""sb"": ""NO""}",0.5843181670061313,0.6119872079580091,198,ExitStatus.OPTIMAL,False,False,0.6119872079580091
2025-06-09T12:14:47.222847,Hsp-aux-10405_c23.xml,"{""input"": ""tests/xcsp3/cop/UNKNOWN/Hsp-aux-10405_c23.xml"", ""solver"": ""xcsp:ACE@2.4"", ""output_dir"": ""results_comparison"", ""global_time_limit"": 600, ""max_tries"": 50, ""tuning_file"": ""tests/psa/ace.tuning.json"", ""hpo_strategy"": ""hamming"", ""global_time_strategy"": ""PERCENT"", ""percent"": 0.2, ""round_time_strategy"": ""STATIC"", ""time_evolution"": ""STATIC"", ""stop_strategy"": ""TIMEOUT""}",460,"{""varh"": ""Lexico"", ""valh"": ""First"", ""saf"": ""True"", ""pc1"": ""True"", ""bdc"": ""1"", ""toh"": ""False"", ""ng"": ""NO"", ""lc"": ""5"", ""negative"": ""STR2"", ""generic2"": ""True"", ""sb"": ""NO""}",0.5843181670061313,1.3788306249771267,,ExitStatus.UNKNOWN,False,False,1.3788306249771267
2025-06-09T12:14:47.873746,Hsp-aux-10405_c23.xml,"{""input"": ""tests/xcsp3/cop/UNKNOWN/Hsp-aux-10405_c23.xml"", ""solver"": ""xcsp:ACE@2.4"", ""output_dir"": ""results_comparison"", ""global_time_limit"": 600, ""max_tries"": 50, ""tuning_file"": ""tests/psa/ace.tuning.json"", ""hpo_strategy"": ""hamming"", ""global_time_strategy"": ""PERCENT"", ""percent"": 0.2, ""round_time_strategy"": ""STATIC"", ""time_evolution"": ""STATIC"", ""stop_strategy"": ""TIMEOUT""}",461,"{""varh"": ""Rand"", ""valh"": ""FlrsE"", ""saf"": ""True"", ""pc1"": ""True"", ""bdc"": ""1"", ""toh"": ""True"", ""ng"": ""NO"", ""lc"": ""5"", ""negative"": ""STR2"", ""generic2"": ""True"", ""sb"": ""NO""}",0.5843181670061313,0.5740729999961331,,ExitStatus.UNKNOWN,False,False,0.5740729999961331
2025-06-09T12:14:48.559268,Hsp-aux-10405_c23.xml,"{""input"": ""tests/xcsp3/cop/UNKNOWN/Hsp-aux-10405_c23.xml"", ""solver"": ""xcsp:ACE@2.4"", ""output_dir"": ""results_comparison"", ""global_time_limit"": 600, ""max_tries"": 50, ""tuning_file"": ""tests/psa/ace.tuning.json"", ""hpo_strategy"": ""hamming"", ""global_time_strategy"": ""PERCENT"", ""percent"": 0.2, ""round_time_strategy"": ""STATIC"", ""time_evolution"": ""STATIC"", ""stop_strategy"": ""TIMEOUT""}",462,"{""varh"": ""Wdeg"", ""valh"": ""Bivs3"", ""saf"": ""True"", ""pc1"": ""True"", ""bdc"": ""1"", ""toh"": ""True"", ""ng"": ""NO"", ""lc"": ""10"", ""negative"": ""STR2"", ""generic2"": ""True"", ""sb"": ""NO""}",0.5843181670061313,0.6111657500150613,198,ExitStatus.OPTIMAL,False,False,0.6111657500150613
2025-06-09T12:14:49.434604,Hsp-aux-10405_c23.xml,"{""input"": ""tests/xcsp3/cop/UNKNOWN/Hsp-aux-10405_c23.xml"", ""solver"": ""xcsp:ACE@2.4"", ""output_dir"": ""results_comparison"", ""global_time_limit"": 600, ""max_tries"": 50, ""tuning_file"": ""tests/psa/ace.tuning.json"", ""hpo_strategy"": ""hamming"", ""global_time_strategy"": ""PERCENT"", ""percent"": 0.2, ""round_time_strategy"": ""STATIC"", ""time_evolution"": ""STATIC"", ""stop_strategy"": ""TIMEOUT""}",463,"{""varh"": ""Wdeg"", ""valh"": ""Median"", ""saf"": ""True"", ""pc1"": ""True"", ""bdc"": ""1"", ""toh"": ""True"", ""ng"": ""NO"", ""lc"": ""1"", ""negative"": ""STR2"", ""generic2"": ""True"", ""sb"": ""NO""}",0.5843181670061313,0.7996700420044363,198,ExitStatus.OPTIMAL,False,False,0.7996700420044363
2025-06-09T12:14:50.222464,Hsp-aux-10405_c23.xml,"{""input"": ""tests/xcsp3/cop/UNKNOWN/Hsp-aux-10405_c23.xml"", ""solver"": ""xcsp:ACE@2.4"", ""output_dir"": ""results_comparison"", ""global_time_limit"": 600, ""max_tries"": 50, ""tuning_file"": ""tests/psa/ace.tuning.json"", ""hpo_strategy"": ""hamming"", ""global_time_strategy"": ""PERCENT"", ""percent"": 0.2, ""round_time_strategy"": ""STATIC"", ""time_evolution"": ""STATIC"", ""stop_strategy"": ""TIMEOUT""}",464,"{""varh"": ""Wdeg"", ""valh"": ""Rand"", ""saf"": ""True"", ""pc1"": ""True"", ""bdc"": ""1"", ""toh"": ""True"", ""ng"": ""NO"", ""lc"": ""2"", ""negative"": ""STR2"", ""generic2"": ""True"", ""sb"": ""NO""}",0.5843181670061313,0.7070041670231149,198,ExitStatus.OPTIMAL,False,False,0.7070041670231149
2025-06-09T12:14:51.051264,Hsp-aux-10405_c23.xml,"{""input"": ""tests/xcsp3/cop/UNKNOWN/Hsp-aux-10405_c23.xml"", ""solver"": ""xcsp:ACE@2.4"", ""output_dir"": ""results_comparison"", ""global_time_limit"": 600, ""max_tries"": 50, ""tuning_file"": ""tests/psa/ace.tuning.json"", ""hpo_strategy"": ""hamming"", ""global_time_strategy"": ""PERCENT"", ""percent"": 0.2, ""round_time_strategy"": ""STATIC"", ""time_evolution"": ""STATIC"", ""stop_strategy"": ""TIMEOUT""}",465,"{""varh"": ""Wdeg"", ""valh"": ""Vals"", ""saf"": ""True"", ""pc1"": ""True"", ""bdc"": ""1"", ""toh"": ""True"", ""ng"": ""NO"", ""lc"": ""5"", ""negative"": ""STR3"", ""generic2"": ""True"", ""sb"": ""NO""}",0.5843181670061313,0.7485711670015007,198,ExitStatus.OPTIMAL,False,False,0.7485711670015007
2025-06-09T12:14:51.791308,Hsp-aux-10405_c23.xml,"{""input"": ""tests/xcsp3/cop/UNKNOWN/Hsp-aux-10405_c23.xml"", ""solver"": ""xcsp:ACE@2.4"", ""output_dir"": ""results_comparison"", ""global_time_limit"": 600, ""max_tries"": 50, ""tuning_file"": ""tests/psa/ace.tuning.json"", ""hpo_strategy"": ""hamming"", ""global_time_strategy"": ""PERCENT"", ""percent"": 0.2, ""round_time_strategy"": ""STATIC"", ""time_evolution"": ""STATIC"", ""stop_strategy"": ""TIMEOUT""}",466,"{""varh"": ""Wdeg"", ""valh"": ""RunRobin"", ""saf"": ""True"", ""pc1"": ""True"", ""bdc"": ""1"", ""toh"": ""True"", ""ng"": ""NO"", ""lc"": ""2"", ""negative"": ""STR2"", ""generic2"": ""True"", ""sb"": ""NO""}",0.5843181670061313,0.6530337919830345,198,ExitStatus.OPTIMAL,False,False,0.6530337919830345
2025-06-09T12:14:52.518725,Hsp-aux-10405_c23.xml,"{""input"": ""tests/xcsp3/cop/UNKNOWN/Hsp-aux-10405_c23.xml"", ""solver"": ""xcsp:ACE@2.4"", ""output_dir"": ""results_comparison"", ""global_time_limit"": 600, ""max_tries"": 50, ""tuning_file"": ""tests/psa/ace.tuning.json"", ""hpo_strategy"": ""hamming"", ""global_time_strategy"": ""PERCENT"", ""percent"": 0.2, ""round_time_strategy"": ""STATIC"", ""time_evolution"": ""STATIC"", ""stop_strategy"": ""TIMEOUT""}",467,"{""varh"": ""Wdeg"", ""valh"": ""First"", ""saf"": ""True"", ""pc1"": ""True"", ""bdc"": ""1"", ""toh"": ""True"", ""ng"": ""NO"", ""lc"": ""2"", ""negative"": ""CT"", ""generic2"": ""True"", ""sb"": ""NO""}",0.5843181670061313,0.6500515829538926,198,ExitStatus.OPTIMAL,False,False,0.6500515829538926
2025-06-09T12:14:54.381621,Hsp-aux-10405_c23.xml,"{""input"": ""tests/xcsp3/cop/UNKNOWN/Hsp-aux-10405_c23.xml"", ""solver"": ""xcsp:ACE@2.4"", ""output_dir"": ""results_comparison"", ""global_time_limit"": 600, ""max_tries"": 50, ""tuning_file"": ""tests/psa/ace.tuning.json"", ""hpo_strategy"": ""hamming"", ""global_time_strategy"": ""PERCENT"", ""percent"": 0.2, ""round_time_strategy"": ""STATIC"", ""time_evolution"": ""STATIC"", ""stop_strategy"": ""TIMEOUT""}",468,"{""varh"": ""Wdeg"", ""valh"": ""Conflicts"", ""saf"": ""True"", ""pc1"": ""True"", ""bdc"": ""1000"", ""toh"": ""True"", ""ng"": ""NO"", ""lc"": ""5"", ""negative"": ""STR2"", ""generic2"": ""True"", ""sb"": ""NO""}",0.5843181670061313,1.7803172080311924,,ExitStatus.UNKNOWN,False,False,1.7803172080311924
2025-06-09T12:14:55.136944,Hsp-aux-10405_c23.xml,"{""input"": ""tests/xcsp3/cop/UNKNOWN/Hsp-aux-10405_c23.xml"", ""solver"": ""xcsp:ACE@2.4"", ""output_dir"": ""results_comparison"", ""global_time_limit"": 600, ""max_tries"": 50, ""tuning_file"": ""tests/psa/ace.tuning.json"", ""hpo_strategy"": ""hamming"", ""global_time_strategy"": ""PERCENT"", ""percent"": 0.2, ""round_time_strategy"": ""STATIC"", ""time_evolution"": ""STATIC"", ""stop_strategy"": ""TIMEOUT""}",469,"{""varh"": ""Memory"", ""valh"": ""First"", ""saf"": ""True"", ""pc1"": ""True"", ""bdc"": ""1"", ""toh"": ""True"", ""ng"": ""NO"", ""lc"": ""5"", ""negative"": ""STR2N"", ""generic2"": ""True"", ""sb"": ""NO""}",0.5843181670061313,0.6589933750219643,198,ExitStatus.OPTIMAL,False,False,0.6589933750219643
2025-06-09T12:14:56.069174,Hsp-aux-10405_c23.xml,"{""input"": ""tests/xcsp3/cop/UNKNOWN/Hsp-aux-10405_c23.xml"", ""solver"": ""xcsp:ACE@2.4"", ""output_dir"": ""results_comparison"", ""global_time_limit"": 600, ""max_tries"": 50, ""tuning_file"": ""tests/psa/ace.tuning.json"", ""hpo_strategy"": ""hamming"", ""global_time_strategy"": ""PERCENT"", ""percent"": 0.2, ""round_time_strategy"": ""STATIC"", ""time_evolution"": ""STATIC"", ""stop_strategy"": ""TIMEOUT""}",470,"{""varh"": ""Wdeg"", ""valh"": ""Median"", ""saf"": ""True"", ""pc1"": ""True"", ""bdc"": ""1"", ""toh"": ""True"", ""ng"": ""NO"", ""lc"": ""5"", ""negative"": ""STR3"", ""generic2"": ""True"", ""sb"": ""NO""}",0.5843181670061313,0.8485872499877587,198,ExitStatus.OPTIMAL,False,False,0.8485872499877587
2025-06-09T12:14:56.941566,Hsp-aux-10405_c23.xml,"{""input"": ""tests/xcsp3/cop/UNKNOWN/Hsp-aux-10405_c23.xml"", ""solver"": ""xcsp:ACE@2.4"", ""output_dir"": ""results_comparison"", ""global_time_limit"": 600, ""max_tries"": 50, ""tuning_file"": ""tests/psa/ace.tuning.json"", ""hpo_strategy"": ""hamming"", ""global_time_strategy"": ""PERCENT"", ""percent"": 0.2, ""round_time_strategy"": ""STATIC"", ""time_evolution"": ""STATIC"", ""stop_strategy"": ""TIMEOUT""}",471,"{""varh"": ""Memory"", ""valh"": ""Last"", ""saf"": ""True"", ""pc1"": ""True"", ""bdc"": ""1"", ""toh"": ""True"", ""ng"": ""NO"", ""lc"": ""5"", ""negative"": ""STR2"", ""generic2"": ""True"", ""sb"": ""NO""}",0.5843181670061313,0.7417029170319438,198,ExitStatus.OPTIMAL,False,False,0.7417029170319438
2025-06-09T12:14:58.394820,Hsp-aux-10405_c23.xml,"{""input"": ""tests/xcsp3/cop/UNKNOWN/Hsp-aux-10405_c23.xml"", ""solver"": ""xcsp:ACE@2.4"", ""output_dir"": ""results_comparison"", ""global_time_limit"": 600, ""max_tries"": 50, ""tuning_file"": ""tests/psa/ace.tuning.json"", ""hpo_strategy"": ""hamming"", ""global_time_strategy"": ""PERCENT"", ""percent"": 0.2, ""round_time_strategy"": ""STATIC"", ""time_evolution"": ""STATIC"", ""stop_strategy"": ""TIMEOUT""}",472,"{""varh"": ""Impact"", ""valh"": ""First"", ""saf"": ""True"", ""pc1"": ""True"", ""bdc"": ""1"", ""toh"": ""True"", ""ng"": ""NO"", ""lc"": ""5"", ""negative"": ""STR2"", ""generic2"": ""False"", ""sb"": ""NO""}",0.5843181670061313,1.3742576250224374,,ExitStatus.UNKNOWN,False,False,1.3742576250224374
2025-06-09T12:14:59.115406,Hsp-aux-10405_c23.xml,"{""input"": ""tests/xcsp3/cop/UNKNOWN/Hsp-aux-10405_c23.xml"", ""solver"": ""xcsp:ACE@2.4"", ""output_dir"": ""results_comparison"", ""global_time_limit"": 600, ""max_tries"": 50, ""tuning_file"": ""tests/psa/ace.tuning.json"", ""hpo_strategy"": ""hamming"", ""global_time_strategy"": ""PERCENT"", ""percent"": 0.2, ""round_time_strategy"": ""STATIC"", ""time_evolution"": ""STATIC"", ""stop_strategy"": ""TIMEOUT""}",473,"{""varh"": ""PickOnDom"", ""valh"": ""First"", ""saf"": ""True"", ""pc1"": ""True"", ""bdc"": ""1"", ""toh"": ""True"", ""ng"": ""NO"", ""lc"": ""5"", ""negative"": ""STR0"", ""generic2"": ""True"", ""sb"": ""NO""}",0.5843181670061313,0.6327974160085432,198,ExitStatus.OPTIMAL,False,False,0.6327974160085432
2025-06-09T12:15:00.830558,Hsp-aux-10405_c23.xml,"{""input"": ""tests/xcsp3/cop/UNKNOWN/Hsp-aux-10405_c23.xml"", ""solver"": ""xcsp:ACE@2.4"", ""output_dir"": ""results_comparison"", ""global_time_limit"": 600, ""max_tries"": 50, ""tuning_file"": ""tests/psa/ace.tuning.json"", ""hpo_strategy"": ""hamming"", ""global_time_strategy"": ""PERCENT"", ""percent"": 0.2, ""round_time_strategy"": ""STATIC"", ""time_evolution"": ""STATIC"", ""stop_strategy"": ""TIMEOUT""}",474,"{""varh"": ""Wdeg"", ""valh"": ""Conflicts"", ""saf"": ""True"", ""pc1"": ""True"", ""bdc"": ""1"", ""toh"": ""True"", ""ng"": ""NO"", ""lc"": ""5"", ""negative"": ""V"", ""generic2"": ""True"", ""sb"": ""NO""}",0.5843181670061313,1.6370670000324026,,ExitStatus.UNKNOWN,False,False,1.6370670000324026
2025-06-09T12:15:01.546166,Hsp-aux-10405_c23.xml,"{""input"": ""tests/xcsp3/cop/UNKNOWN/Hsp-aux-10405_c23.xml"", ""solver"": ""xcsp:ACE@2.4"", ""output_dir"": ""results_comparison"", ""global_time_limit"": 600, ""max_tries"": 50, ""tuning_file"": ""tests/psa/ace.tuning.json"", ""hpo_strategy"": ""hamming"", ""global_time_strategy"": ""PERCENT"", ""percent"": 0.2, ""round_time_strategy"": ""STATIC"", ""time_evolution"": ""STATIC"", ""stop_strategy"": ""TIMEOUT""}",475,"{""varh"": ""Wdeg"", ""valh"": ""First"", ""saf"": ""True"", ""pc1"": ""True"", ""bdc"": ""10"", ""toh"": ""True"", ""ng"": ""NO"", ""lc"": ""5"", ""negative"": ""STR1N"", ""generic2"": ""True"", ""sb"": ""NO""}",0.5843181670061313,0.6325850840075873,198,ExitStatus.OPTIMAL,False,False,0.6325850840075873
2025-06-09T12:15:02.993007,Hsp-aux-10405_c23.xml,"{""input"": ""tests/xcsp3/cop/UNKNOWN/Hsp-aux-10405_c23.xml"", ""solver"": ""xcsp:ACE@2.4"", ""output_dir"": ""results_comparison"", ""global_time_limit"": 600, ""max_tries"": 50, ""tuning_file"": ""tests/psa/ace.tuning.json"", ""hpo_strategy"": ""hamming"", ""global_time_strategy"": ""PERCENT"", ""percent"": 0.2, ""round_time_strategy"": ""STATIC"", ""time_evolution"": ""STATIC"", ""stop_strategy"": ""TIMEOUT""}",476,"{""varh"": ""Activity"", ""valh"": ""First"", ""saf"": ""True"", ""pc1"": ""True"", ""bdc"": ""1"", ""toh"": ""True"", ""ng"": ""NO"", ""lc"": ""5"", ""negative"": ""STR2N"", ""generic2"": ""True"", ""sb"": ""NO""}",0.5843181670061313,1.3690239589777775,270,ExitStatus.FEASIBLE,False,False,1.3690239589777775
2025-06-09T12:15:03.771614,Hsp-aux-10405_c23.xml,"{""input"": ""tests/xcsp3/cop/UNKNOWN/Hsp-aux-10405_c23.xml"", ""solver"": ""xcsp:ACE@2.4"", ""output_dir"": ""results_comparison"", ""global_time_limit"": 600, ""max_tries"": 50, ""tuning_file"": ""tests/psa/ace.tuning.json"", ""hpo_strategy"": ""hamming"", ""global_time_strategy"": ""PERCENT"", ""percent"": 0.2, ""round_time_strategy"": ""STATIC"", ""time_evolution"": ""STATIC"", ""stop_strategy"": ""TIMEOUT""}",477,"{""varh"": ""Wdeg"", ""valh"": ""Rand"", ""saf"": ""True"", ""pc1"": ""False"", ""bdc"": ""1"", ""toh"": ""True"", ""ng"": ""NO"", ""lc"": ""5"", ""negative"": ""STR2"", ""generic2"": ""True"", ""sb"": ""NO""}",0.5843181670061313,0.7028488750220276,198,ExitStatus.OPTIMAL,False,False,0.7028488750220276
2025-06-09T12:15:04.784772,Hsp-aux-10405_c23.xml,"{""input"": ""tests/xcsp3/cop/UNKNOWN/Hsp-aux-10405_c23.xml"", ""solver"": ""xcsp:ACE@2.4"", ""output_dir"": ""results_comparison"", ""global_time_limit"": 600, ""max_tries"": 50, ""tuning_file"": ""tests/psa/ace.tuning.json"", ""hpo_strategy"": ""hamming"", ""global_time_strategy"": ""PERCENT"", ""percent"": 0.2, ""round_time_strategy"": ""STATIC"", ""time_evolution"": ""STATIC"", ""stop_strategy"": ""TIMEOUT""}",478,"{""varh"": ""Memory"", ""valh"": ""Vals"", ""saf"": ""True"", ""pc1"": ""True"", ""bdc"": ""1"", ""toh"": ""True"", ""ng"": ""NO"", ""lc"": ""5"", ""negative"": ""STR2"", ""generic2"": ""True"", ""sb"": ""NO""}",0.5843181670061313,0.9323801670107059,198,ExitStatus.OPTIMAL,False,False,0.9323801670107059
2025-06-09T12:15:05.578049,Hsp-aux-10405_c23.xml,"{""input"": ""tests/xcsp3/cop/UNKNOWN/Hsp-aux-10405_c23.xml"", ""solver"": ""xcsp:ACE@2.4"", ""output_dir"": ""results_comparison"", ""global_time_limit"": 600, ""max_tries"": 50, ""tuning_file"": ""tests/psa/ace.tuning.json"", ""hpo_strategy"": ""hamming"", ""global_time_strategy"": ""PERCENT"", ""percent"": 0.2, ""round_time_strategy"": ""STATIC"", ""time_evolution"": ""STATIC"", ""stop_strategy"": ""TIMEOUT""}",479,"{""varh"": ""Wdeg"", ""valh"": ""Vals"", ""saf"": ""True"", ""pc1"": ""True"", ""bdc"": ""1"", ""toh"": ""True"", ""ng"": ""NO"", ""lc"": ""5"", ""negative"": ""STR0"", ""generic2"": ""True"", ""sb"": ""NO""}",0.5843181670061313,0.687177249987144,198,ExitStatus.OPTIMAL,False,False,0.687177249987144
2025-06-09T12:15:06.289321,Hsp-aux-10405_c23.xml,"{""input"": ""tests/xcsp3/cop/UNKNOWN/Hsp-aux-10405_c23.xml"", ""solver"": ""xcsp:ACE@2.4"", ""output_dir"": ""results_comparison"", ""global_time_limit"": 600, ""max_tries"": 50, ""tuning_file"": ""tests/psa/ace.tuning.json"", ""hpo_strategy"": ""hamming"", ""global_time_strategy"": ""PERCENT"", ""percent"": 0.2, ""round_time_strategy"": ""STATIC"", ""time_evolution"": ""STATIC"", ""stop_strategy"": ""TIMEOUT""}",480,"{""varh"": ""PickOnDom"", ""valh"": ""OccsR"", ""saf"": ""True"", ""pc1"": ""True"", ""bdc"": ""1"", ""toh"": ""True"", ""ng"": ""NO"", ""lc"": ""5"", ""negative"": ""STR2"", ""generic2"": ""True"", ""sb"": ""NO""}",0.5843181670061313,0.6346857919706963,198,ExitStatus.OPTIMAL,False,False,0.6346857919706963
2025-06-09T12:15:06.972655,Hsp-aux-10405_c23.xml,"{""input"": ""tests/xcsp3/cop/UNKNOWN/Hsp-aux-10405_c23.xml"", ""solver"": ""xcsp:ACE@2.4"", ""output_dir"": ""results_comparison"", ""global_time_limit"": 600, ""max_tries"": 50, ""tuning_file"": ""tests/psa/ace.tuning.json"", ""hpo_strategy"": ""hamming"", ""global_time_strategy"": ""PERCENT"", ""percent"": 0.2, ""round_time_strategy"": ""STATIC"", ""time_evolution"": ""STATIC"", ""stop_strategy"": ""TIMEOUT""}",481,"{""varh"": ""Wdeg"", ""valh"": ""Bivs3"", ""saf"": ""False"", ""pc1"": ""True"", ""bdc"": ""1"", ""toh"": ""True"", ""ng"": ""NO"", ""lc"": ""5"", ""negative"": ""STR2"", ""generic2"": ""True"", ""sb"": ""NO""}",0.5843181670061313,0.6052994579658844,198,ExitStatus.OPTIMAL,False,False,0.6052994579658844
2025-06-09T12:15:07.675603,Hsp-aux-10405_c23.xml,"{""input"": ""tests/xcsp3/cop/UNKNOWN/Hsp-aux-10405_c23.xml"", ""solver"": ""xcsp:ACE@2.4"", ""output_dir"": ""results_comparison"", ""global_time_limit"": 600, ""max_tries"": 50, ""tuning_file"": ""tests/psa/ace.tuning.json"", ""hpo_strategy"": ""hamming"", ""global_time_strategy"": ""PERCENT"", ""percent"": 0.2, ""round_time_strategy"": ""STATIC"", ""time_evolution"": ""STATIC"", ""stop_strategy"": ""TIMEOUT""}",482,"{""varh"": ""RunRobin"", ""valh"": ""First"", ""saf"": ""True"", ""pc1"": ""True"", ""bdc"": ""10"", ""toh"": ""True"", ""ng"": ""NO"", ""lc"": ""5"", ""negative"": ""STR2"", ""generic2"": ""True"", ""sb"": ""NO""}",0.5843181670061313,0.6288187500322238,198,ExitStatus.OPTIMAL,False,False,0.6288187500322238
2025-06-09T12:15:08.366663,Hsp-aux-10405_c23.xml,"{""input"": ""tests/xcsp3/cop/UNKNOWN/Hsp-aux-10405_c23.xml"", ""solver"": ""xcsp:ACE@2.4"", ""output_dir"": ""results_comparison"", ""global_time_limit"": 600, ""max_tries"": 50, ""tuning_file"": ""tests/psa/ace.tuning.json"", ""hpo_strategy"": ""hamming"", ""global_time_strategy"": ""PERCENT"", ""percent"": 0.2, ""round_time_strategy"": ""STATIC"", ""time_evolution"": ""STATIC"", ""stop_strategy"": ""TIMEOUT""}",483,"{""varh"": ""Wdeg"", ""valh"": ""First"", ""saf"": ""False"", ""pc1"": ""True"", ""bdc"": ""1"", ""toh"": ""True"", ""ng"": ""NO"", ""lc"": ""5"", ""negative"": ""STR2N"", ""generic2"": ""True"", ""sb"": ""NO""}",0.5843181670061313,0.6154394579934888,198,ExitStatus.OPTIMAL,False,False,0.6154394579934888
2025-06-09T12:15:09.059656,Hsp-aux-10405_c23.xml,"{""input"": ""tests/xcsp3/cop/UNKNOWN/Hsp-aux-10405_c23.xml"", ""solver"": ""xcsp:ACE@2.4"", ""output_dir"": ""results_comparison"", ""global_time_limit"": 600, ""max_tries"": 50, ""tuning_file"": ""tests/psa/ace.tuning.json"", ""hpo_strategy"": ""hamming"", ""global_time_strategy"": ""PERCENT"", ""percent"": 0.2, ""round_time_strategy"": ""STATIC"", ""time_evolution"": ""STATIC"", ""stop_strategy"": ""TIMEOUT""}",484,"{""varh"": ""Wdeg"", ""valh"": ""Bivs3"", ""saf"": ""True"", ""pc1"": ""True"", ""bdc"": ""1"", ""toh"": ""True"", ""ng"": ""NO"", ""lc"": ""5"", ""negative"": ""STR1N"", ""generic2"": ""True"", ""sb"": ""NO""}",0.5843181670061313,0.6143974169972353,198,ExitStatus.OPTIMAL,False,False,0.6143974169972353
2025-06-09T12:15:10.518415,Hsp-aux-10405_c23.xml,"{""input"": ""tests/xcsp3/cop/UNKNOWN/Hsp-aux-10405_c23.xml"", ""solver"": ""xcsp:ACE@2.4"", ""output_dir"": ""results_comparison"", ""global_time_limit"": 600, ""max_tries"": 50, ""tuning_file"": ""tests/psa/ace.tuning.json"", ""hpo_strategy"": ""hamming"", ""global_time_strategy"": ""PERCENT"", ""percent"": 0.2, ""round_time_strategy"": ""STATIC"", ""time_evolution"": ""STATIC"", ""stop_strategy"": ""TIMEOUT""}",485,"{""varh"": ""Activity"", ""valh"": ""First"", ""saf"": ""True"", ""pc1"": ""True"", ""bdc"": ""1"", ""toh"": ""True"", ""ng"": ""NO"", ""lc"": ""5"", ""negative"": ""STR1N"", ""generic2"": ""True"", ""sb"": ""NO""}",0.5843181670061313,1.3774118339642882,270,ExitStatus.FEASIBLE,False,False,1.3774118339642882
2025-06-09T12:15:11.239596,Hsp-aux-10405_c23.xml,"{""input"": ""tests/xcsp3/cop/UNKNOWN/Hsp-aux-10405_c23.xml"", ""solver"": ""xcsp:ACE@2.4"", ""output_dir"": ""results_comparison"", ""global_time_limit"": 600, ""max_tries"": 50, ""tuning_file"": ""tests/psa/ace.tuning.json"", ""hpo_strategy"": ""hamming"", ""global_time_strategy"": ""PERCENT"", ""percent"": 0.2, ""round_time_strategy"": ""STATIC"", ""time_evolution"": ""STATIC"", ""stop_strategy"": ""TIMEOUT""}",486,"{""varh"": ""Memory"", ""valh"": ""Rand"", ""saf"": ""True"", ""pc1"": ""True"", ""bdc"": ""1"", ""toh"": ""True"", ""ng"": ""NO"", ""lc"": ""5"", ""negative"": ""STR2"", ""generic2"": ""True"", ""sb"": ""NO""}",0.5843181670061313,0.6424745420226827,198,ExitStatus.OPTIMAL,False,False,0.6424745420226827
2025-06-09T12:15:11.891054,Hsp-aux-10405_c23.xml,"{""input"": ""tests/xcsp3/cop/UNKNOWN/Hsp-aux-10405_c23.xml"", ""solver"": ""xcsp:ACE@2.4"", ""output_dir"": ""results_comparison"", ""global_time_limit"": 600, ""max_tries"": 50, ""tuning_file"": ""tests/psa/ace.tuning.json"", ""hpo_strategy"": ""hamming"", ""global_time_strategy"": ""PERCENT"", ""percent"": 0.2, ""round_time_strategy"": ""STATIC"", ""time_evolution"": ""STATIC"", ""stop_strategy"": ""TIMEOUT""}",487,"{""varh"": ""Wdeg"", ""valh"": ""FlrsE"", ""saf"": ""True"", ""pc1"": ""True"", ""bdc"": ""100"", ""toh"": ""True"", ""ng"": ""NO"", ""lc"": ""5"", ""negative"": ""STR2"", ""generic2"": ""True"", ""sb"": ""NO""}",0.5843181670061313,0.5731500830152072,,ExitStatus.UNKNOWN,False,False,0.5731500830152072
2025-06-09T12:15:12.638827,Hsp-aux-10405_c23.xml,"{""input"": ""tests/xcsp3/cop/UNKNOWN/Hsp-aux-10405_c23.xml"", ""solver"": ""xcsp:ACE@2.4"", ""output_dir"": ""results_comparison"", ""global_time_limit"": 600, ""max_tries"": 50, ""tuning_file"": ""tests/psa/ace.tuning.json"", ""hpo_strategy"": ""hamming"", ""global_time_strategy"": ""PERCENT"", ""percent"": 0.2, ""round_time_strategy"": ""STATIC"", ""time_evolution"": ""STATIC"", ""stop_strategy"": ""TIMEOUT""}",488,"{""varh"": ""PickOnDom"", ""valh"": ""First"", ""saf"": ""True"", ""pc1"": ""True"", ""bdc"": ""1"", ""toh"": ""True"", ""ng"": ""NO"", ""lc"": ""5"", ""negative"": ""STR2"", ""generic2"": ""False"", ""sb"": ""NO""}",0.5843181670061313,0.6715635000145994,198,ExitStatus.OPTIMAL,False,False,0.6715635000145994
2025-06-09T12:15:13.410659,Hsp-aux-10405_c23.xml,"{""input"": ""tests/xcsp3/cop/UNKNOWN/Hsp-aux-10405_c23.xml"", ""solver"": ""xcsp:ACE@2.4"", ""output_dir"": ""results_comparison"", ""global_time_limit"": 600, ""max_tries"": 50, ""tuning_file"": ""tests/psa/ace.tuning.json"", ""hpo_strategy"": ""hamming"", ""global_time_strategy"": ""PERCENT"", ""percent"": 0.2, ""round_time_strategy"": ""STATIC"", ""time_evolution"": ""STATIC"", ""stop_strategy"": ""TIMEOUT""}",489,"{""varh"": ""Wdeg"", ""valh"": ""First"", ""saf"": ""True"", ""pc1"": ""False"", ""bdc"": ""1"", ""toh"": ""True"", ""ng"": ""NO"", ""lc"": ""5"", ""negative"": ""STR1N"", ""generic2"": ""True"", ""sb"": ""NO""}",0.5843181670061313,0.6800271670217626,198,ExitStatus.OPTIMAL,False,False,0.6800271670217626
2025-06-09T12:15:15.293209,Hsp-aux-10405_c23.xml,"{""input"": ""tests/xcsp3/cop/UNKNOWN/Hsp-aux-10405_c23.xml"", ""solver"": ""xcsp:ACE@2.4"", ""output_dir"": ""results_comparison"", ""global_time_limit"": 600, ""max_tries"": 50, ""tuning_file"": ""tests/psa/ace.tuning.json"", ""hpo_strategy"": ""hamming"", ""global_time_strategy"": ""PERCENT"", ""percent"": 0.2, ""round_time_strategy"": ""STATIC"", ""time_evolution"": ""STATIC"", ""stop_strategy"": ""TIMEOUT""}",490,"{""varh"": ""Wdeg"", ""valh"": ""Conflicts"", ""saf"": ""True"", ""pc1"": ""True"", ""bdc"": ""10"", ""toh"": ""True"", ""ng"": ""NO"", ""lc"": ""5"", ""negative"": ""STR2"", ""generic2"": ""True"", ""sb"": ""NO""}",0.5843181670061313,1.788427125022281,,ExitStatus.UNKNOWN,False,False,1.788427125022281
2025-06-09T12:15:16.116086,Hsp-aux-10405_c23.xml,"{""input"": ""tests/xcsp3/cop/UNKNOWN/Hsp-aux-10405_c23.xml"", ""solver"": ""xcsp:ACE@2.4"", ""output_dir"": ""results_comparison"", ""global_time_limit"": 600, ""max_tries"": 50, ""tuning_file"": ""tests/psa/ace.tuning.json"", ""hpo_strategy"": ""hamming"", ""global_time_strategy"": ""PERCENT"", ""percent"": 0.2, ""round_time_strategy"": ""STATIC"", ""time_evolution"": ""STATIC"", ""stop_strategy"": ""TIMEOUT""}",491,"{""varh"": ""Wdeg"", ""valh"": ""Median"", ""saf"": ""True"", ""pc1"": ""True"", ""bdc"": ""10"", ""toh"": ""True"", ""ng"": ""NO"", ""lc"": ""5"", ""negative"": ""STR2"", ""generic2"": ""True"", ""sb"": ""NO""}",0.5843181670061313,0.7413981250138022,199,ExitStatus.OPTIMAL,False,False,0.7413981250138022
2025-06-09T12:15:17.061430,Hsp-aux-10405_c23.xml,"{""input"": ""tests/xcsp3/cop/UNKNOWN/Hsp-aux-10405_c23.xml"", ""solver"": ""xcsp:ACE@2.4"", ""output_dir"": ""results_comparison"", ""global_time_limit"": 600, ""max_tries"": 50, ""tuning_file"": ""tests/psa/ace.tuning.json"", ""hpo_strategy"": ""hamming"", ""global_time_strategy"": ""PERCENT"", ""percent"": 0.2, ""round_time_strategy"": ""STATIC"", ""time_evolution"": ""STATIC"", ""stop_strategy"": ""TIMEOUT""}",492,"{""varh"": ""Wdeg"", ""valh"": ""First"", ""saf"": ""False"", ""pc1"": ""True"", ""bdc"": ""1"", ""toh"": ""True"", ""ng"": ""NO"", ""lc"": ""5"", ""negative"": ""STR2"", ""generic2"": ""False"", ""sb"": ""NO""}",0.5843181670061313,0.8676281669759192,198,ExitStatus.OPTIMAL,False,False,0.8676281669759192
2025-06-09T12:15:17.769124,Hsp-aux-10405_c23.xml,"{""input"": ""tests/xcsp3/cop/UNKNOWN/Hsp-aux-10405_c23.xml"", ""solver"": ""xcsp:ACE@2.4"", ""output_dir"": ""results_comparison"", ""global_time_limit"": 600, ""max_tries"": 50, ""tuning_file"": ""tests/psa/ace.tuning.json"", ""hpo_strategy"": ""hamming"", ""global_time_strategy"": ""PERCENT"", ""percent"": 0.2, ""round_time_strategy"": ""STATIC"", ""time_evolution"": ""STATIC"", ""stop_strategy"": ""TIMEOUT""}",493,"{""varh"": ""WdegOnDom"", ""valh"": ""First"", ""saf"": ""True"", ""pc1"": ""True"", ""bdc"": ""1"", ""toh"": ""True"", ""ng"": ""NO"", ""lc"": ""5"", ""negative"": ""STR2N"", ""generic2"": ""True"", ""sb"": ""NO""}",0.5843181670061313,0.6202114580082707,198,ExitStatus.OPTIMAL,False,False,0.6202114580082707
2025-06-09T12:15:18.471990,Hsp-aux-10405_c23.xml,"{""input"": ""tests/xcsp3/cop/UNKNOWN/Hsp-aux-10405_c23.xml"", ""solver"": ""xcsp:ACE@2.4"", ""output_dir"": ""results_comparison"", ""global_time_limit"": 600, ""max_tries"": 50, ""tuning_file"": ""tests/psa/ace.tuning.json"", ""hpo_strategy"": ""hamming"", ""global_time_strategy"": ""PERCENT"", ""percent"": 0.2, ""round_time_strategy"": ""STATIC"", ""time_evolution"": ""STATIC"", ""stop_strategy"": ""TIMEOUT""}",494,"{""varh"": ""Wdeg"", ""valh"": ""OccsR"", ""saf"": ""True"", ""pc1"": ""True"", ""bdc"": ""1"", ""toh"": ""True"", ""ng"": ""NO"", ""lc"": ""2"", ""negative"": ""STR2"", ""generic2"": ""True"", ""sb"": ""NO""}",0.5843181670061313,0.6243720420170575,198,ExitStatus.OPTIMAL,False,False,0.6243720420170575
2025-06-09T12:15:19.925120,Hsp-aux-10405_c23.xml,"{""input"": ""tests/xcsp3/cop/UNKNOWN/Hsp-aux-10405_c23.xml"", ""solver"": ""xcsp:ACE@2.4"", ""output_dir"": ""results_comparison"", ""global_time_limit"": 600, ""max_tries"": 50, ""tuning_file"": ""tests/psa/ace.tuning.json"", ""hpo_strategy"": ""hamming"", ""global_time_strategy"": ""PERCENT"", ""percent"": 0.2, ""round_time_strategy"": ""STATIC"", ""time_evolution"": ""STATIC"", ""stop_strategy"": ""TIMEOUT""}",495,"{""varh"": ""Activity"", ""valh"": ""First"", ""saf"": ""True"", ""pc1"": ""True"", ""bdc"": ""1"", ""toh"": ""True"", ""ng"": ""NO"", ""lc"": ""5"", ""negative"": ""STR1"", ""generic2"": ""True"", ""sb"": ""NO""}",0.5843181670061313,1.3735920839826576,270,ExitStatus.FEASIBLE,False,False,1.3735920839826576
2025-06-09T12:15:21.372181,Hsp-aux-10405_c23.xml,"{""input"": ""tests/xcsp3/cop/UNKNOWN/Hsp-aux-10405_c23.xml"", ""solver"": ""xcsp:ACE@2.4"", ""output_dir"": ""results_comparison"", ""global_time_limit"": 600, ""max_tries"": 50, ""tuning_file"": ""tests/psa/ace.tuning.json"", ""hpo_strategy"": ""hamming"", ""global_time_strategy"": ""PERCENT"", ""percent"": 0.2, ""round_time_strategy"": ""STATIC"", ""time_evolution"": ""STATIC"", ""stop_strategy"": ""TIMEOUT""}",496,"{""varh"": ""Activity"", ""valh"": ""First"", ""saf"": ""True"", ""pc1"": ""True"", ""bdc"": ""1"", ""toh"": ""True"", ""ng"": ""NO"", ""lc"": ""0"", ""negative"": ""STR2"", ""generic2"": ""True"", ""sb"": ""NO""}",0.5843181670061313,1.3686357499682344,270,ExitStatus.FEASIBLE,False,False,1.3686357499682344
2025-06-09T12:15:22.066822,Hsp-aux-10405_c23.xml,"{""input"": ""tests/xcsp3/cop/UNKNOWN/Hsp-aux-10405_c23.xml"", ""solver"": ""xcsp:ACE@2.4"", ""output_dir"": ""results_comparison"", ""global_time_limit"": 600, ""max_tries"": 50, ""tuning_file"": ""tests/psa/ace.tuning.json"", ""hpo_strategy"": ""hamming"", ""global_time_strategy"": ""PERCENT"", ""percent"": 0.2, ""round_time_strategy"": ""STATIC"", ""time_evolution"": ""STATIC"", ""stop_strategy"": ""TIMEOUT""}",497,"{""varh"": ""Memory"", ""valh"": ""First"", ""saf"": ""True"", ""pc1"": ""True"", ""bdc"": ""1"", ""toh"": ""True"", ""ng"": ""NO"", ""lc"": ""2"", ""negative"": ""STR2"", ""generic2"": ""True"", ""sb"": ""NO""}",0.5843181670061313,0.6171739580458961,198,ExitStatus.OPTIMAL,False,False,0.6171739580458961
2025-06-09T12:15:23.015981,Hsp-aux-10405_c23.xml,"{""input"": ""tests/xcsp3/cop/UNKNOWN/Hsp-aux-10405_c23.xml"", ""solver"": ""xcsp:ACE@2.4"", ""output_dir"": ""results_comparison"", ""global_time_limit"": 600, ""max_tries"": 50, ""tuning_file"": ""tests/psa/ace.tuning.json"", ""hpo_strategy"": ""hamming"", ""global_time_strategy"": ""PERCENT"", ""percent"": 0.2, ""round_time_strategy"": ""STATIC"", ""time_evolution"": ""STATIC"", ""stop_strategy"": ""TIMEOUT""}",498,"{""varh"": ""WdegOnDom"", ""valh"": ""Last"", ""saf"": ""True"", ""pc1"": ""True"", ""bdc"": ""1"", ""toh"": ""True"", ""ng"": ""NO"", ""lc"": ""5"", ""negative"": ""STR2"", ""generic2"": ""True"", ""sb"": ""NO""}",0.5843181670061313,0.8705517500056885,198,ExitStatus.OPTIMAL,False,False,0.8705517500056885
2025-06-09T12:15:24.467223,Hsp-aux-10405_c23.xml,"{""input"": ""tests/xcsp3/cop/UNKNOWN/Hsp-aux-10405_c23.xml"", ""solver"": ""xcsp:ACE@2.4"", ""output_dir"": ""results_comparison"", ""global_time_limit"": 600, ""max_tries"": 50, ""tuning_file"": ""tests/psa/ace.tuning.json"", ""hpo_strategy"": ""hamming"", ""global_time_strategy"": ""PERCENT"", ""percent"": 0.2, ""round_time_strategy"": ""STATIC"", ""time_evolution"": ""STATIC"", ""stop_strategy"": ""TIMEOUT""}",499,"{""varh"": ""Lexico"", ""valh"": ""First"", ""saf"": ""True"", ""pc1"": ""True"", ""bdc"": ""1"", ""toh"": ""True"", ""ng"": ""NO"", ""lc"": ""5"", ""negative"": ""STR2"", ""generic2"": ""False"", ""sb"": ""NO""}",0.5843181670061313,1.3734811250469647,,ExitStatus.UNKNOWN,False,False,1.3734811250469647
2025-06-09T12:15:25.169928,Hsp-aux-10405_c23.xml,"{""input"": ""tests/xcsp3/cop/UNKNOWN/Hsp-aux-10405_c23.xml"", ""solver"": ""xcsp:ACE@2.4"", ""output_dir"": ""results_comparison"", ""global_time_limit"": 600, ""max_tries"": 50, ""tuning_file"": ""tests/psa/ace.tuning.json"", ""hpo_strategy"": ""hamming"", ""global_time_strategy"": ""PERCENT"", ""percent"": 0.2, ""round_time_strategy"": ""STATIC"", ""time_evolution"": ""STATIC"", ""stop_strategy"": ""TIMEOUT""}",500,"{""varh"": ""RunRobin"", ""valh"": ""First"", ""saf"": ""True"", ""pc1"": ""True"", ""bdc"": ""1"", ""toh"": ""True"", ""ng"": ""NO"", ""lc"": ""1"", ""negative"": ""STR2"", ""generic2"": ""True"", ""sb"": ""NO""}",0.5843181670061313,0.6254512500017881,198,ExitStatus.OPTIMAL,False,False,0.6254512500017881
2025-06-09T12:15:26.604450,Hsp-aux-10405_c23.xml,"{""input"": ""tests/xcsp3/cop/UNKNOWN/Hsp-aux-10405_c23.xml"", ""solver"": ""xcsp:ACE@2.4"", ""output_dir"": ""results_comparison"", ""global_time_limit"": 600, ""max_tries"": 50, ""tuning_file"": ""tests/psa/ace.tuning.json"", ""hpo_strategy"": ""hamming"", ""global_time_strategy"": ""PERCENT"", ""percent"": 0.2, ""round_time_strategy"": ""STATIC"", ""time_evolution"": ""STATIC"", ""stop_strategy"": ""TIMEOUT""}",501,"{""varh"": ""Activity"", ""valh"": ""First"", ""saf"": ""True"", ""pc1"": ""True"", ""bdc"": ""1"", ""toh"": ""True"", ""ng"": ""NO"", ""lc"": ""5"", ""negative"": ""V"", ""generic2"": ""True"", ""sb"": ""NO""}",0.5843181670061313,1.357406999974046,270,ExitStatus.FEASIBLE,False,False,1.357406999974046
2025-06-09T12:15:27.478422,Hsp-aux-10405_c23.xml,"{""input"": ""tests/xcsp3/cop/UNKNOWN/Hsp-aux-10405_c23.xml"", ""solver"": ""xcsp:ACE@2.4"", ""output_dir"": ""results_comparison"", ""global_time_limit"": 600, ""max_tries"": 50, ""tuning_file"": ""tests/psa/ace.tuning.json"", ""hpo_strategy"": ""hamming"", ""global_time_strategy"": ""PERCENT"", ""percent"": 0.2, ""round_time_strategy"": ""STATIC"", ""time_evolution"": ""STATIC"", ""stop_strategy"": ""TIMEOUT""}",502,"{""varh"": ""Wdeg"", ""valh"": ""Last"", ""saf"": ""True"", ""pc1"": ""True"", ""bdc"": ""1"", ""toh"": ""True"", ""ng"": ""NO"", ""lc"": ""5"", ""negative"": ""STR1"", ""generic2"": ""True"", ""sb"": ""NO""}",0.5843181670061313,0.7976364170317538,198,ExitStatus.OPTIMAL,False,False,0.7976364170317538
2025-06-09T12:15:28.225835,Hsp-aux-10405_c23.xml,"{""input"": ""tests/xcsp3/cop/UNKNOWN/Hsp-aux-10405_c23.xml"", ""solver"": ""xcsp:ACE@2.4"", ""output_dir"": ""results_comparison"", ""global_time_limit"": 600, ""max_tries"": 50, ""tuning_file"": ""tests/psa/ace.tuning.json"", ""hpo_strategy"": ""hamming"", ""global_time_strategy"": ""PERCENT"", ""percent"": 0.2, ""round_time_strategy"": ""STATIC"", ""time_evolution"": ""STATIC"", ""stop_strategy"": ""TIMEOUT""}",503,"{""varh"": ""Wdeg"", ""valh"": ""Bivs3"", ""saf"": ""True"", ""pc1"": ""True"", ""bdc"": ""1"", ""toh"": ""True"", ""ng"": ""NO"", ""lc"": ""0"", ""negative"": ""STR2"", ""generic2"": ""True"", ""sb"": ""NO""}",0.5843181670061313,0.6705431670416147,198,ExitStatus.OPTIMAL,False,False,0.6705431670416147
2025-06-09T12:15:28.990521,Hsp-aux-10405_c23.xml,"{""input"": ""tests/xcsp3/cop/UNKNOWN/Hsp-aux-10405_c23.xml"", ""solver"": ""xcsp:ACE@2.4"", ""output_dir"": ""results_comparison"", ""global_time_limit"": 600, ""max_tries"": 50, ""tuning_file"": ""tests/psa/ace.tuning.json"", ""hpo_strategy"": ""hamming"", ""global_time_strategy"": ""PERCENT"", ""percent"": 0.2, ""round_time_strategy"": ""STATIC"", ""time_evolution"": ""STATIC"", ""stop_strategy"": ""TIMEOUT""}",504,"{""varh"": ""Wdeg"", ""valh"": ""First"", ""saf"": ""True"", ""pc1"": ""False"", ""bdc"": ""1"", ""toh"": ""True"", ""ng"": ""NO"", ""lc"": ""0"", ""negative"": ""STR2"", ""generic2"": ""True"", ""sb"": ""NO""}",0.5843181670061313,0.6863273330382071,198,ExitStatus.OPTIMAL,False,False,0.6863273330382071
2025-06-09T12:15:29.700966,Hsp-aux-10405_c23.xml,"{""input"": ""tests/xcsp3/cop/UNKNOWN/Hsp-aux-10405_c23.xml"", ""solver"": ""xcsp:ACE@2.4"", ""output_dir"": ""results_comparison"", ""global_time_limit"": 600, ""max_tries"": 50, ""tuning_file"": ""tests/psa/ace.tuning.json"", ""hpo_strategy"": ""hamming"", ""global_time_strategy"": ""PERCENT"", ""percent"": 0.2, ""round_time_strategy"": ""STATIC"", ""time_evolution"": ""STATIC"", ""stop_strategy"": ""TIMEOUT""}",505,"{""varh"": ""Wdeg"", ""valh"": ""First"", ""saf"": ""True"", ""pc1"": ""False"", ""bdc"": ""1"", ""toh"": ""False"", ""ng"": ""NO"", ""lc"": ""5"", ""negative"": ""STR2"", ""generic2"": ""True"", ""sb"": ""NO""}",0.5843181670061313,0.6333521249471232,198,ExitStatus.OPTIMAL,False,False,0.6333521249471232
2025-06-09T12:15:30.371272,Hsp-aux-10405_c23.xml,"{""input"": ""tests/xcsp3/cop/UNKNOWN/Hsp-aux-10405_c23.xml"", ""solver"": ""xcsp:ACE@2.4"", ""output_dir"": ""results_comparison"", ""global_time_limit"": 600, ""max_tries"": 50, ""tuning_file"": ""tests/psa/ace.tuning.json"", ""hpo_strategy"": ""hamming"", ""global_time_strategy"": ""PERCENT"", ""percent"": 0.2, ""round_time_strategy"": ""STATIC"", ""time_evolution"": ""STATIC"", ""stop_strategy"": ""TIMEOUT""}",506,"{""varh"": ""Wdeg"", ""valh"": ""First"", ""saf"": ""True"", ""pc1"": ""True"", ""bdc"": ""100"", ""toh"": ""True"", ""ng"": ""NO"", ""lc"": ""2"", ""negative"": ""STR2"", ""generic2"": ""True"", ""sb"": ""NO""}",0.5843181670061313,0.5884707499644719,,ExitStatus.UNKNOWN,False,False,0.5884707499644719
2025-06-09T12:15:31.065502,Hsp-aux-10405_c23.xml,"{""input"": ""tests/xcsp3/cop/UNKNOWN/Hsp-aux-10405_c23.xml"", ""solver"": ""xcsp:ACE@2.4"", ""output_dir"": ""results_comparison"", ""global_time_limit"": 600, ""max_tries"": 50, ""tuning_file"": ""tests/psa/ace.tuning.json"", ""hpo_strategy"": ""hamming"", ""global_time_strategy"": ""PERCENT"", ""percent"": 0.2, ""round_time_strategy"": ""STATIC"", ""time_evolution"": ""STATIC"", ""stop_strategy"": ""TIMEOUT""}",507,"{""varh"": ""WdegOnDom"", ""valh"": ""Bivs3"", ""saf"": ""True"", ""pc1"": ""True"", ""bdc"": ""1"", ""toh"": ""True"", ""ng"": ""NO"", ""lc"": ""5"", ""negative"": ""STR2"", ""generic2"": ""True"", ""sb"": ""NO""}",0.5843181670061313,0.6164994159480557,198,ExitStatus.OPTIMAL,False,False,0.6164994159480557
2025-06-09T12:15:31.770683,Hsp-aux-10405_c23.xml,"{""input"": ""tests/xcsp3/cop/UNKNOWN/Hsp-aux-10405_c23.xml"", ""solver"": ""xcsp:ACE@2.4"", ""output_dir"": ""results_comparison"", ""global_time_limit"": 600, ""max_tries"": 50, ""tuning_file"": ""tests/psa/ace.tuning.json"", ""hpo_strategy"": ""hamming"", ""global_time_strategy"": ""PERCENT"", ""percent"": 0.2, ""round_time_strategy"": ""STATIC"", ""time_evolution"": ""STATIC"", ""stop_strategy"": ""TIMEOUT""}",508,"{""varh"": ""Wdeg"", ""valh"": ""OccsR"", ""saf"": ""True"", ""pc1"": ""True"", ""bdc"": ""1"", ""toh"": ""True"", ""ng"": ""NO"", ""lc"": ""10"", ""negative"": ""STR2"", ""generic2"": ""True"", ""sb"": ""NO""}",0.5843181670061313,0.6264728750102222,198,ExitStatus.OPTIMAL,False,False,0.6264728750102222
2025-06-09T12:15:32.418631,Hsp-aux-10405_c23.xml,"{""input"": ""tests/xcsp3/cop/UNKNOWN/Hsp-aux-10405_c23.xml"", ""solver"": ""xcsp:ACE@2.4"", ""output_dir"": ""results_comparison"", ""global_time_limit"": 600, ""max_tries"": 50, ""tuning_file"": ""tests/psa/ace.tuning.json"", ""hpo_strategy"": ""hamming"", ""global_time_strategy"": ""PERCENT"", ""percent"": 0.2, ""round_time_strategy"": ""STATIC"", ""time_evolution"": ""STATIC"", ""stop_strategy"": ""TIMEOUT""}",509,"{""varh"": ""Wdeg"", ""valh"": ""First"", ""saf"": ""True"", ""pc1"": ""True"", ""bdc"": ""100"", ""toh"": ""True"", ""ng"": ""NO"", ""lc"": ""5"", ""negative"": ""STR1N"", ""generic2"": ""True"", ""sb"": ""NO""}",0.5843181670061313,0.5705713329953142,,ExitStatus.UNKNOWN,False,False,0.5705713329953142
2025-06-09T12:15:33.866172,Hsp-aux-10405_c23.xml,"{""input"": ""tests/xcsp3/cop/UNKNOWN/Hsp-aux-10405_c23.xml"", ""solver"": ""xcsp:ACE@2.4"", ""output_dir"": ""results_comparison"", ""global_time_limit"": 600, ""max_tries"": 50, ""tuning_file"": ""tests/psa/ace.tuning.json"", ""hpo_strategy"": ""hamming"", ""global_time_strategy"": ""PERCENT"", ""percent"": 0.2, ""round_time_strategy"": ""STATIC"", ""time_evolution"": ""STATIC"", ""stop_strategy"": ""TIMEOUT""}",510,"{""varh"": ""Impact"", ""valh"": ""Vals"", ""saf"": ""True"", ""pc1"": ""True"", ""bdc"": ""1"", ""toh"": ""True"", ""ng"": ""NO"", ""lc"": ""5"", ""negative"": ""STR2"", ""generic2"": ""True"", ""sb"": ""NO""}",0.5843181670061313,1.3696889159618877,,ExitStatus.UNKNOWN,False,False,1.3696889159618877
2025-06-09T12:15:35.315383,Hsp-aux-10405_c23.xml,"{""input"": ""tests/xcsp3/cop/UNKNOWN/Hsp-aux-10405_c23.xml"", ""solver"": ""xcsp:ACE@2.4"", ""output_dir"": ""results_comparison"", ""global_time_limit"": 600, ""max_tries"": 50, ""tuning_file"": ""tests/psa/ace.tuning.json"", ""hpo_strategy"": ""hamming"", ""global_time_strategy"": ""PERCENT"", ""percent"": 0.2, ""round_time_strategy"": ""STATIC"", ""time_evolution"": ""STATIC"", ""stop_strategy"": ""TIMEOUT""}",511,"{""varh"": ""Impact"", ""valh"": ""First"", ""saf"": ""True"", ""pc1"": ""True"", ""bdc"": ""1"", ""toh"": ""True"", ""ng"": ""NO"", ""lc"": ""2"", ""negative"": ""STR2"", ""generic2"": ""True"", ""sb"": ""NO""}",0.5843181670061313,1.3704784580040723,,ExitStatus.UNKNOWN,False,False,1.3704784580040723
2025-06-09T12:15:36.014418,Hsp-aux-10405_c23.xml,"{""input"": ""tests/xcsp3/cop/UNKNOWN/Hsp-aux-10405_c23.xml"", ""solver"": ""xcsp:ACE@2.4"", ""output_dir"": ""results_comparison"", ""global_time_limit"": 600, ""max_tries"": 50, ""tuning_file"": ""tests/psa/ace.tuning.json"", ""hpo_strategy"": ""hamming"", ""global_time_strategy"": ""PERCENT"", ""percent"": 0.2, ""round_time_strategy"": ""STATIC"", ""time_evolution"": ""STATIC"", ""stop_strategy"": ""TIMEOUT""}",512,"{""varh"": ""PickOnDom"", ""valh"": ""First"", ""saf"": ""True"", ""pc1"": ""True"", ""bdc"": ""1"", ""toh"": ""True"", ""ng"": ""NO"", ""lc"": ""5"", ""negative"": ""STR1"", ""generic2"": ""True"", ""sb"": ""NO""}",0.5843181670061313,0.6214013749849983,198,ExitStatus.OPTIMAL,False,False,0.6214013749849983
2025-06-09T12:15:36.752161,Hsp-aux-10405_c23.xml,"{""input"": ""tests/xcsp3/cop/UNKNOWN/Hsp-aux-10405_c23.xml"", ""solver"": ""xcsp:ACE@2.4"", ""output_dir"": ""results_comparison"", ""global_time_limit"": 600, ""max_tries"": 50, ""tuning_file"": ""tests/psa/ace.tuning.json"", ""hpo_strategy"": ""hamming"", ""global_time_strategy"": ""PERCENT"", ""percent"": 0.2, ""round_time_strategy"": ""STATIC"", ""time_evolution"": ""STATIC"", ""stop_strategy"": ""TIMEOUT""}",513,"{""varh"": ""WdegOnDom"", ""valh"": ""Median"", ""saf"": ""True"", ""pc1"": ""True"", ""bdc"": ""1"", ""toh"": ""True"", ""ng"": ""NO"", ""lc"": ""5"", ""negative"": ""STR2"", ""generic2"": ""True"", ""sb"": ""NO""}",0.5843181670061313,0.6591351669630967,198,ExitStatus.OPTIMAL,False,False,0.6591351669630967
2025-06-09T12:15:38.481634,Hsp-aux-10405_c23.xml,"{""input"": ""tests/xcsp3/cop/UNKNOWN/Hsp-aux-10405_c23.xml"", ""solver"": ""xcsp:ACE@2.4"", ""output_dir"": ""results_comparison"", ""global_time_limit"": 600, ""max_tries"": 50, ""tuning_file"": ""tests/psa/ace.tuning.json"", ""hpo_strategy"": ""hamming"", ""global_time_strategy"": ""PERCENT"", ""percent"": 0.2, ""round_time_strategy"": ""STATIC"", ""time_evolution"": ""STATIC"", ""stop_strategy"": ""TIMEOUT""}",514,"{""varh"": ""Activity"", ""valh"": ""Conflicts"", ""saf"": ""True"", ""pc1"": ""True"", ""bdc"": ""1"", ""toh"": ""True"", ""ng"": ""NO"", ""lc"": ""5"", ""negative"": ""STR2"", ""generic2"": ""True"", ""sb"": ""NO""}",0.5843181670061313,1.650538999994751,,ExitStatus.UNKNOWN,False,False,1.650538999994751
2025-06-09T12:15:39.183225,Hsp-aux-10405_c23.xml,"{""input"": ""tests/xcsp3/cop/UNKNOWN/Hsp-aux-10405_c23.xml"", ""solver"": ""xcsp:ACE@2.4"", ""output_dir"": ""results_comparison"", ""global_time_limit"": 600, ""max_tries"": 50, ""tuning_file"": ""tests/psa/ace.tuning.json"", ""hpo_strategy"": ""hamming"", ""global_time_strategy"": ""PERCENT"", ""percent"": 0.2, ""round_time_strategy"": ""STATIC"", ""time_evolution"": ""STATIC"", ""stop_strategy"": ""TIMEOUT""}",515,"{""varh"": ""Wdeg"", ""valh"": ""First"", ""saf"": ""True"", ""pc1"": ""True"", ""bdc"": ""1"", ""toh"": ""True"", ""ng"": ""NO"", ""lc"": ""1"", ""negative"": ""STR1N"", ""generic2"": ""True"", ""sb"": ""NO""}",0.5843181670061313,0.6227505840361118,198,ExitStatus.OPTIMAL,False,False,0.6227505840361118
2025-06-09T12:15:39.863384,Hsp-aux-10405_c23.xml,"{""input"": ""tests/xcsp3/cop/UNKNOWN/Hsp-aux-10405_c23.xml"", ""solver"": ""xcsp:ACE@2.4"", ""output_dir"": ""results_comparison"", ""global_time_limit"": 600, ""max_tries"": 50, ""tuning_file"": ""tests/psa/ace.tuning.json"", ""hpo_strategy"": ""hamming"", ""global_time_strategy"": ""PERCENT"", ""percent"": 0.2, ""round_time_strategy"": ""STATIC"", ""time_evolution"": ""STATIC"", ""stop_strategy"": ""TIMEOUT""}",516,"{""varh"": ""Wdeg"", ""valh"": ""FlrsE"", ""saf"": ""True"", ""pc1"": ""True"", ""bdc"": ""1"", ""toh"": ""True"", ""ng"": ""NO"", ""lc"": ""2"", ""negative"": ""STR2"", ""generic2"": ""True"", ""sb"": ""NO""}",0.5843181670061313,0.6015747499768622,198,ExitStatus.OPTIMAL,False,False,0.6015747499768622
2025-06-09T12:15:40.554237,Hsp-aux-10405_c23.xml,"{""input"": ""tests/xcsp3/cop/UNKNOWN/Hsp-aux-10405_c23.xml"", ""solver"": ""xcsp:ACE@2.4"", ""output_dir"": ""results_comparison"", ""global_time_limit"": 600, ""max_tries"": 50, ""tuning_file"": ""tests/psa/ace.tuning.json"", ""hpo_strategy"": ""hamming"", ""global_time_strategy"": ""PERCENT"", ""percent"": 0.2, ""round_time_strategy"": ""STATIC"", ""time_evolution"": ""STATIC"", ""stop_strategy"": ""TIMEOUT""}",517,"{""varh"": ""Wdeg"", ""valh"": ""First"", ""saf"": ""True"", ""pc1"": ""True"", ""bdc"": ""10"", ""toh"": ""True"", ""ng"": ""NO"", ""lc"": ""5"", ""negative"": ""STR2N"", ""generic2"": ""True"", ""sb"": ""NO""}",0.5843181670061313,0.6128115829778835,198,ExitStatus.OPTIMAL,False,False,0.6128115829778835
2025-06-09T12:15:41.254318,Hsp-aux-10405_c23.xml,"{""input"": ""tests/xcsp3/cop/UNKNOWN/Hsp-aux-10405_c23.xml"", ""solver"": ""xcsp:ACE@2.4"", ""output_dir"": ""results_comparison"", ""global_time_limit"": 600, ""max_tries"": 50, ""tuning_file"": ""tests/psa/ace.tuning.json"", ""hpo_strategy"": ""hamming"", ""global_time_strategy"": ""PERCENT"", ""percent"": 0.2, ""round_time_strategy"": ""STATIC"", ""time_evolution"": ""STATIC"", ""stop_strategy"": ""TIMEOUT""}",518,"{""varh"": ""Wdeg"", ""valh"": ""OccsR"", ""saf"": ""True"", ""pc1"": ""True"", ""bdc"": ""1"", ""toh"": ""True"", ""ng"": ""NO"", ""lc"": ""5"", ""negative"": ""STR1"", ""generic2"": ""True"", ""sb"": ""NO""}",0.5843181670061313,0.6225621250341646,198,ExitStatus.OPTIMAL,False,False,0.6225621250341646
2025-06-09T12:15:41.951286,Hsp-aux-10405_c23.xml,"{""input"": ""tests/xcsp3/cop/UNKNOWN/Hsp-aux-10405_c23.xml"", ""solver"": ""xcsp:ACE@2.4"", ""output_dir"": ""results_comparison"", ""global_time_limit"": 600, ""max_tries"": 50, ""tuning_file"": ""tests/psa/ace.tuning.json"", ""hpo_strategy"": ""hamming"", ""global_time_strategy"": ""PERCENT"", ""percent"": 0.2, ""round_time_strategy"": ""STATIC"", ""time_evolution"": ""STATIC"", ""stop_strategy"": ""TIMEOUT""}",519,"{""varh"": ""FrbaOnDom"", ""valh"": ""FlrsE"", ""saf"": ""True"", ""pc1"": ""True"", ""bdc"": ""1"", ""toh"": ""True"", ""ng"": ""NO"", ""lc"": ""5"", ""negative"": ""STR2"", ""generic2"": ""True"", ""sb"": ""NO""}",0.5843181670061313,0.6196288340142928,198,ExitStatus.OPTIMAL,False,False,0.6196288340142928
2025-06-09T12:15:42.616686,Hsp-aux-10405_c23.xml,"{""input"": ""tests/xcsp3/cop/UNKNOWN/Hsp-aux-10405_c23.xml"", ""solver"": ""xcsp:ACE@2.4"", ""output_dir"": ""results_comparison"", ""global_time_limit"": 600, ""max_tries"": 50, ""tuning_file"": ""tests/psa/ace.tuning.json"", ""hpo_strategy"": ""hamming"", ""global_time_strategy"": ""PERCENT"", ""percent"": 0.2, ""round_time_strategy"": ""STATIC"", ""time_evolution"": ""STATIC"", ""stop_strategy"": ""TIMEOUT""}",520,"{""varh"": ""WdegOnDom"", ""valh"": ""RunRobin"", ""saf"": ""True"", ""pc1"": ""True"", ""bdc"": ""1"", ""toh"": ""True"", ""ng"": ""NO"", ""lc"": ""5"", ""negative"": ""STR2"", ""generic2"": ""True"", ""sb"": ""NO""}",0.5843181670061313,0.5864857090055011,198,ExitStatus.OPTIMAL,False,False,0.5864857090055011
2025-06-09T12:15:43.305233,Hsp-aux-10405_c23.xml,"{""input"": ""tests/xcsp3/cop/UNKNOWN/Hsp-aux-10405_c23.xml"", ""solver"": ""xcsp:ACE@2.4"", ""output_dir"": ""results_comparison"", ""global_time_limit"": 600, ""max_tries"": 50, ""tuning_file"": ""tests/psa/ace.tuning.json"", ""hpo_strategy"": ""hamming"", ""global_time_strategy"": ""PERCENT"", ""percent"": 0.2, ""round_time_strategy"": ""STATIC"", ""time_evolution"": ""STATIC"", ""stop_strategy"": ""TIMEOUT""}",521,"{""varh"": ""WdegOnDom"", ""valh"": ""First"", ""saf"": ""True"", ""pc1"": ""True"", ""bdc"": ""1"", ""toh"": ""True"", ""ng"": ""NO"", ""lc"": ""5"", ""negative"": ""STR1"", ""generic2"": ""True"", ""sb"": ""NO""}",0.5843181670061313,0.611353832995519,198,ExitStatus.OPTIMAL,False,False,0.611353832995519
2025-06-09T12:15:43.993169,Hsp-aux-10405_c23.xml,"{""input"": ""tests/xcsp3/cop/UNKNOWN/Hsp-aux-10405_c23.xml"", ""solver"": ""xcsp:ACE@2.4"", ""output_dir"": ""results_comparison"", ""global_time_limit"": 600, ""max_tries"": 50, ""tuning_file"": ""tests/psa/ace.tuning.json"", ""hpo_strategy"": ""hamming"", ""global_time_strategy"": ""PERCENT"", ""percent"": 0.2, ""round_time_strategy"": ""STATIC"", ""time_evolution"": ""STATIC"", ""stop_strategy"": ""TIMEOUT""}",522,"{""varh"": ""Wdeg"", ""valh"": ""Vals"", ""saf"": ""True"", ""pc1"": ""True"", ""bdc"": ""1"", ""toh"": ""True"", ""ng"": ""NO"", ""lc"": ""10"", ""negative"": ""STR2"", ""generic2"": ""True"", ""sb"": ""NO""}",0.5843181670061313,0.6104512499878183,198,ExitStatus.OPTIMAL,False,False,0.6104512499878183
2025-06-09T12:15:44.670292,Hsp-aux-10405_c23.xml,"{""input"": ""tests/xcsp3/cop/UNKNOWN/Hsp-aux-10405_c23.xml"", ""solver"": ""xcsp:ACE@2.4"", ""output_dir"": ""results_comparison"", ""global_time_limit"": 600, ""max_tries"": 50, ""tuning_file"": ""tests/psa/ace.tuning.json"", ""hpo_strategy"": ""hamming"", ""global_time_strategy"": ""PERCENT"", ""percent"": 0.2, ""round_time_strategy"": ""STATIC"", ""time_evolution"": ""STATIC"", ""stop_strategy"": ""TIMEOUT""}",523,"{""varh"": ""Wdeg"", ""valh"": ""FlrsE"", ""saf"": ""True"", ""pc1"": ""True"", ""bdc"": ""1"", ""toh"": ""True"", ""ng"": ""NO"", ""lc"": ""5"", ""negative"": ""STR1N"", ""generic2"": ""True"", ""sb"": ""NO""}",0.5843181670061313,0.599748249980621,198,ExitStatus.OPTIMAL,False,False,0.599748249980621
2025-06-09T12:15:45.354780,Hsp-aux-10405_c23.xml,"{""input"": ""tests/xcsp3/cop/UNKNOWN/Hsp-aux-10405_c23.xml"", ""solver"": ""xcsp:ACE@2.4"", ""output_dir"": ""results_comparison"", ""global_time_limit"": 600, ""max_tries"": 50, ""tuning_file"": ""tests/psa/ace.tuning.json"", ""hpo_strategy"": ""hamming"", ""global_time_strategy"": ""PERCENT"", ""percent"": 0.2, ""round_time_strategy"": ""STATIC"", ""time_evolution"": ""STATIC"", ""stop_strategy"": ""TIMEOUT""}",524,"{""varh"": ""Wdeg"", ""valh"": ""First"", ""saf"": ""True"", ""pc1"": ""True"", ""bdc"": ""1"", ""toh"": ""True"", ""ng"": ""NO"", ""lc"": ""10"", ""negative"": ""V"", ""generic2"": ""True"", ""sb"": ""NO""}",0.5843181670061313,0.6067487090476789,198,ExitStatus.OPTIMAL,False,False,0.6067487090476789
2025-06-09T12:15:46.057197,Hsp-aux-10405_c23.xml,"{""input"": ""tests/xcsp3/cop/UNKNOWN/Hsp-aux-10405_c23.xml"", ""solver"": ""xcsp:ACE@2.4"", ""output_dir"": ""results_comparison"", ""global_time_limit"": 600, ""max_tries"": 50, ""tuning_file"": ""tests/psa/ace.tuning.json"", ""hpo_strategy"": ""hamming"", ""global_time_strategy"": ""PERCENT"", ""percent"": 0.2, ""round_time_strategy"": ""STATIC"", ""time_evolution"": ""STATIC"", ""stop_strategy"": ""TIMEOUT""}",525,"{""varh"": ""Wdeg"", ""valh"": ""First"", ""saf"": ""False"", ""pc1"": ""True"", ""bdc"": ""1"", ""toh"": ""True"", ""ng"": ""NO"", ""lc"": ""5"", ""negative"": ""V"", ""generic2"": ""True"", ""sb"": ""NO""}",0.5843181670061313,0.6216312079923227,198,ExitStatus.OPTIMAL,False,False,0.6216312079923227
2025-06-09T12:15:46.972460,Hsp-aux-10405_c23.xml,"{""input"": ""tests/xcsp3/cop/UNKNOWN/Hsp-aux-10405_c23.xml"", ""solver"": ""xcsp:ACE@2.4"", ""output_dir"": ""results_comparison"", ""global_time_limit"": 600, ""max_tries"": 50, ""tuning_file"": ""tests/psa/ace.tuning.json"", ""hpo_strategy"": ""hamming"", ""global_time_strategy"": ""PERCENT"", ""percent"": 0.2, ""round_time_strategy"": ""STATIC"", ""time_evolution"": ""STATIC"", ""stop_strategy"": ""TIMEOUT""}",526,"{""varh"": ""Wdeg"", ""valh"": ""Median"", ""saf"": ""True"", ""pc1"": ""True"", ""bdc"": ""1"", ""toh"": ""True"", ""ng"": ""NO"", ""lc"": ""5"", ""negative"": ""VA"", ""generic2"": ""True"", ""sb"": ""NO""}",0.5843181670061313,0.8284247919800691,198,ExitStatus.OPTIMAL,False,False,0.8284247919800691
2025-06-09T12:15:47.657613,Hsp-aux-10405_c23.xml,"{""input"": ""tests/xcsp3/cop/UNKNOWN/Hsp-aux-10405_c23.xml"", ""solver"": ""xcsp:ACE@2.4"", ""output_dir"": ""results_comparison"", ""global_time_limit"": 600, ""max_tries"": 50, ""tuning_file"": ""tests/psa/ace.tuning.json"", ""hpo_strategy"": ""hamming"", ""global_time_strategy"": ""PERCENT"", ""percent"": 0.2, ""round_time_strategy"": ""STATIC"", ""time_evolution"": ""STATIC"", ""stop_strategy"": ""TIMEOUT""}",527,"{""varh"": ""Wdeg"", ""valh"": ""First"", ""saf"": ""False"", ""pc1"": ""True"", ""bdc"": ""1"", ""toh"": ""True"", ""ng"": ""NO"", ""lc"": ""5"", ""negative"": ""VA"", ""generic2"": ""True"", ""sb"": ""NO""}",0.5843181670061313,0.6077854579780251,198,ExitStatus.OPTIMAL,False,False,0.6077854579780251
2025-06-09T12:15:49.392360,Hsp-aux-10405_c23.xml,"{""input"": ""tests/xcsp3/cop/UNKNOWN/Hsp-aux-10405_c23.xml"", ""solver"": ""xcsp:ACE@2.4"", ""output_dir"": ""results_comparison"", ""global_time_limit"": 600, ""max_tries"": 50, ""tuning_file"": ""tests/psa/ace.tuning.json"", ""hpo_strategy"": ""hamming"", ""global_time_strategy"": ""PERCENT"", ""percent"": 0.2, ""round_time_strategy"": ""STATIC"", ""time_evolution"": ""STATIC"", ""stop_strategy"": ""TIMEOUT""}",528,"{""varh"": ""Wdeg"", ""valh"": ""Conflicts"", ""saf"": ""True"", ""pc1"": ""True"", ""bdc"": ""1"", ""toh"": ""True"", ""ng"": ""NO"", ""lc"": ""1"", ""negative"": ""STR2"", ""generic2"": ""True"", ""sb"": ""NO""}",0.5843181670061313,1.6559887080220506,,ExitStatus.UNKNOWN,False,False,1.6559887080220506
2025-06-09T12:15:50.833419,Hsp-aux-10405_c23.xml,"{""input"": ""tests/xcsp3/cop/UNKNOWN/Hsp-aux-10405_c23.xml"", ""solver"": ""xcsp:ACE@2.4"", ""output_dir"": ""results_comparison"", ""global_time_limit"": 600, ""max_tries"": 50, ""tuning_file"": ""tests/psa/ace.tuning.json"", ""hpo_strategy"": ""hamming"", ""global_time_strategy"": ""PERCENT"", ""percent"": 0.2, ""round_time_strategy"": ""STATIC"", ""time_evolution"": ""STATIC"", ""stop_strategy"": ""TIMEOUT""}",529,"{""varh"": ""Rand"", ""valh"": ""First"", ""saf"": ""True"", ""pc1"": ""True"", ""bdc"": ""10"", ""toh"": ""True"", ""ng"": ""NO"", ""lc"": ""5"", ""negative"": ""STR2"", ""generic2"": ""True"", ""sb"": ""NO""}",0.5843181670061313,1.3625252909841947,198,ExitStatus.FEASIBLE,False,False,1.3625252909841947
2025-06-09T12:15:51.519697,Hsp-aux-10405_c23.xml,"{""input"": ""tests/xcsp3/cop/UNKNOWN/Hsp-aux-10405_c23.xml"", ""solver"": ""xcsp:ACE@2.4"", ""output_dir"": ""results_comparison"", ""global_time_limit"": 600, ""max_tries"": 50, ""tuning_file"": ""tests/psa/ace.tuning.json"", ""hpo_strategy"": ""hamming"", ""global_time_strategy"": ""PERCENT"", ""percent"": 0.2, ""round_time_strategy"": ""STATIC"", ""time_evolution"": ""STATIC"", ""stop_strategy"": ""TIMEOUT""}",530,"{""varh"": ""Wdeg"", ""valh"": ""Bivs3"", ""saf"": ""True"", ""pc1"": ""False"", ""bdc"": ""1"", ""toh"": ""True"", ""ng"": ""NO"", ""lc"": ""5"", ""negative"": ""STR2"", ""generic2"": ""True"", ""sb"": ""NO""}",0.5843181670061313,0.6088021249743178,198,ExitStatus.OPTIMAL,False,False,0.6088021249743178
2025-06-09T12:15:52.193557,Hsp-aux-10405_c23.xml,"{""input"": ""tests/xcsp3/cop/UNKNOWN/Hsp-aux-10405_c23.xml"", ""solver"": ""xcsp:ACE@2.4"", ""output_dir"": ""results_comparison"", ""global_time_limit"": 600, ""max_tries"": 50, ""tuning_file"": ""tests/psa/ace.tuning.json"", ""hpo_strategy"": ""hamming"", ""global_time_strategy"": ""PERCENT"", ""percent"": 0.2, ""round_time_strategy"": ""STATIC"", ""time_evolution"": ""STATIC"", ""stop_strategy"": ""TIMEOUT""}",531,"{""varh"": ""Memory"", ""valh"": ""OccsR"", ""saf"": ""True"", ""pc1"": ""True"", ""bdc"": ""1"", ""toh"": ""True"", ""ng"": ""NO"", ""lc"": ""5"", ""negative"": ""STR2"", ""generic2"": ""True"", ""sb"": ""NO""}",0.5843181670061313,0.5968141659977846,198,ExitStatus.OPTIMAL,False,False,0.5968141659977846
2025-06-09T12:15:52.882294,Hsp-aux-10405_c23.xml,"{""input"": ""tests/xcsp3/cop/UNKNOWN/Hsp-aux-10405_c23.xml"", ""solver"": ""xcsp:ACE@2.4"", ""output_dir"": ""results_comparison"", ""global_time_limit"": 600, ""max_tries"": 50, ""tuning_file"": ""tests/psa/ace.tuning.json"", ""hpo_strategy"": ""hamming"", ""global_time_strategy"": ""PERCENT"", ""percent"": 0.2, ""round_time_strategy"": ""STATIC"", ""time_evolution"": ""STATIC"", ""stop_strategy"": ""TIMEOUT""}",532,"{""varh"": ""Wdeg"", ""valh"": ""RunRobin"", ""saf"": ""True"", ""pc1"": ""True"", ""bdc"": ""1"", ""toh"": ""True"", ""ng"": ""NO"", ""lc"": ""5"", ""negative"": ""CT"", ""generic2"": ""True"", ""sb"": ""NO""}",0.5843181670061313,0.6104294580291025,198,ExitStatus.OPTIMAL,False,False,0.6104294580291025
2025-06-09T12:15:53.515827,Hsp-aux-10405_c23.xml,"{""input"": ""tests/xcsp3/cop/UNKNOWN/Hsp-aux-10405_c23.xml"", ""solver"": ""xcsp:ACE@2.4"", ""output_dir"": ""results_comparison"", ""global_time_limit"": 600, ""max_tries"": 50, ""tuning_file"": ""tests/psa/ace.tuning.json"", ""hpo_strategy"": ""hamming"", ""global_time_strategy"": ""PERCENT"", ""percent"": 0.2, ""round_time_strategy"": ""STATIC"", ""time_evolution"": ""STATIC"", ""stop_strategy"": ""TIMEOUT""}",533,"{""varh"": ""Wdeg"", ""valh"": ""RunRobin"", ""saf"": ""True"", ""pc1"": ""True"", ""bdc"": ""100"", ""toh"": ""True"", ""ng"": ""NO"", ""lc"": ""5"", ""negative"": ""STR2"", ""generic2"": ""True"", ""sb"": ""NO""}",0.5843181670061313,0.5528496660408564,,ExitStatus.UNKNOWN,False,False,0.5528496660408564
2025-06-09T12:15:54.200980,Hsp-aux-10405_c23.xml,"{""input"": ""tests/xcsp3/cop/UNKNOWN/Hsp-aux-10405_c23.xml"", ""solver"": ""xcsp:ACE@2.4"", ""output_dir"": ""results_comparison"", ""global_time_limit"": 600, ""max_tries"": 50, ""tuning_file"": ""tests/psa/ace.tuning.json"", ""hpo_strategy"": ""hamming"", ""global_time_strategy"": ""PERCENT"", ""percent"": 0.2, ""round_time_strategy"": ""STATIC"", ""time_evolution"": ""STATIC"", ""stop_strategy"": ""TIMEOUT""}",534,"{""varh"": ""Wdeg"", ""valh"": ""First"", ""saf"": ""True"", ""pc1"": ""True"", ""bdc"": ""1"", ""toh"": ""True"", ""ng"": ""NO"", ""lc"": ""10"", ""negative"": ""STR1N"", ""generic2"": ""True"", ""sb"": ""NO""}",0.5843181670061313,0.6079188750009052,198,ExitStatus.OPTIMAL,False,False,0.6079188750009052
2025-06-09T12:15:55.642127,Hsp-aux-10405_c23.xml,"{""input"": ""tests/xcsp3/cop/UNKNOWN/Hsp-aux-10405_c23.xml"", ""solver"": ""xcsp:ACE@2.4"", ""output_dir"": ""results_comparison"", ""global_time_limit"": 600, ""max_tries"": 50, ""tuning_file"": ""tests/psa/ace.tuning.json"", ""hpo_strategy"": ""hamming"", ""global_time_strategy"": ""PERCENT"", ""percent"": 0.2, ""round_time_strategy"": ""STATIC"", ""time_evolution"": ""STATIC"", ""stop_strategy"": ""TIMEOUT""}",535,"{""varh"": ""Rand"", ""valh"": ""First"", ""saf"": ""True"", ""pc1"": ""True"", ""bdc"": ""1"", ""toh"": ""True"", ""ng"": ""NO"", ""lc"": ""5"", ""negative"": ""V"", ""generic2"": ""True"", ""sb"": ""NO""}",0.5843181670061313,1.3636657500173897,198,ExitStatus.FEASIBLE,False,False,1.3636657500173897
2025-06-09T12:15:56.291214,Hsp-aux-10405_c23.xml,"{""input"": ""tests/xcsp3/cop/UNKNOWN/Hsp-aux-10405_c23.xml"", ""solver"": ""xcsp:ACE@2.4"", ""output_dir"": ""results_comparison"", ""global_time_limit"": 600, ""max_tries"": 50, ""tuning_file"": ""tests/psa/ace.tuning.json"", ""hpo_strategy"": ""hamming"", ""global_time_strategy"": ""PERCENT"", ""percent"": 0.2, ""round_time_strategy"": ""STATIC"", ""time_evolution"": ""STATIC"", ""stop_strategy"": ""TIMEOUT""}",536,"{""varh"": ""Wdeg"", ""valh"": ""OccsR"", ""saf"": ""True"", ""pc1"": ""True"", ""bdc"": ""100"", ""toh"": ""True"", ""ng"": ""NO"", ""lc"": ""5"", ""negative"": ""STR2"", ""generic2"": ""True"", ""sb"": ""NO""}",0.5843181670061313,0.5708924999926239,,ExitStatus.UNKNOWN,False,False,0.5708924999926239
2025-06-09T12:15:57.731379,Hsp-aux-10405_c23.xml,"{""input"": ""tests/xcsp3/cop/UNKNOWN/Hsp-aux-10405_c23.xml"", ""solver"": ""xcsp:ACE@2.4"", ""output_dir"": ""results_comparison"", ""global_time_limit"": 600, ""max_tries"": 50, ""tuning_file"": ""tests/psa/ace.tuning.json"", ""hpo_strategy"": ""hamming"", ""global_time_strategy"": ""PERCENT"", ""percent"": 0.2, ""round_time_strategy"": ""STATIC"", ""time_evolution"": ""STATIC"", ""stop_strategy"": ""TIMEOUT""}",537,"{""varh"": ""Lexico"", ""valh"": ""First"", ""saf"": ""True"", ""pc1"": ""True"", ""bdc"": ""1"", ""toh"": ""True"", ""ng"": ""NO"", ""lc"": ""5"", ""negative"": ""V"", ""generic2"": ""True"", ""sb"": ""NO""}",0.5843181670061313,1.3620774999726564,,ExitStatus.UNKNOWN,False,False,1.3620774999726564
2025-06-09T12:15:58.406651,Hsp-aux-10405_c23.xml,"{""input"": ""tests/xcsp3/cop/UNKNOWN/Hsp-aux-10405_c23.xml"", ""solver"": ""xcsp:ACE@2.4"", ""output_dir"": ""results_comparison"", ""global_time_limit"": 600, ""max_tries"": 50, ""tuning_file"": ""tests/psa/ace.tuning.json"", ""hpo_strategy"": ""hamming"", ""global_time_strategy"": ""PERCENT"", ""percent"": 0.2, ""round_time_strategy"": ""STATIC"", ""time_evolution"": ""STATIC"", ""stop_strategy"": ""TIMEOUT""}",538,"{""varh"": ""WdegOnDom"", ""valh"": ""Rand"", ""saf"": ""True"", ""pc1"": ""True"", ""bdc"": ""1"", ""toh"": ""True"", ""ng"": ""NO"", ""lc"": ""5"", ""negative"": ""STR2"", ""generic2"": ""True"", ""sb"": ""NO""}",0.5843181670061313,0.5979090000037104,198,ExitStatus.OPTIMAL,False,False,0.5979090000037104
2025-06-09T12:15:59.283825,Hsp-aux-10405_c23.xml,"{""input"": ""tests/xcsp3/cop/UNKNOWN/Hsp-aux-10405_c23.xml"", ""solver"": ""xcsp:ACE@2.4"", ""output_dir"": ""results_comparison"", ""global_time_limit"": 600, ""max_tries"": 50, ""tuning_file"": ""tests/psa/ace.tuning.json"", ""hpo_strategy"": ""hamming"", ""global_time_strategy"": ""PERCENT"", ""percent"": 0.2, ""round_time_strategy"": ""STATIC"", ""time_evolution"": ""STATIC"", ""stop_strategy"": ""TIMEOUT""}",539,"{""varh"": ""Wdeg"", ""valh"": ""Last"", ""saf"": ""True"", ""pc1"": ""True"", ""bdc"": ""1"", ""toh"": ""True"", ""ng"": ""NO"", ""lc"": ""0"", ""negative"": ""STR2"", ""generic2"": ""True"", ""sb"": ""NO""}",0.5843181670061313,0.8008559590089135,198,ExitStatus.OPTIMAL,False,False,0.8008559590089135
2025-06-09T12:15:59.925912,Hsp-aux-10405_c23.xml,"{""input"": ""tests/xcsp3/cop/UNKNOWN/Hsp-aux-10405_c23.xml"", ""solver"": ""xcsp:ACE@2.4"", ""output_dir"": ""results_comparison"", ""global_time_limit"": 600, ""max_tries"": 50, ""tuning_file"": ""tests/psa/ace.tuning.json"", ""hpo_strategy"": ""hamming"", ""global_time_strategy"": ""PERCENT"", ""percent"": 0.2, ""round_time_strategy"": ""STATIC"", ""time_evolution"": ""STATIC"", ""stop_strategy"": ""TIMEOUT""}",540,"{""varh"": ""Wdeg"", ""valh"": ""First"", ""saf"": ""True"", ""pc1"": ""True"", ""bdc"": ""100"", ""toh"": ""True"", ""ng"": ""NO"", ""lc"": ""5"", ""negative"": ""STR2N"", ""generic2"": ""True"", ""sb"": ""NO""}",0.5843181670061313,0.5643585000070743,,ExitStatus.UNKNOWN,False,False,0.5643585000070743
2025-06-09T12:16:00.619811,Hsp-aux-10405_c23.xml,"{""input"": ""tests/xcsp3/cop/UNKNOWN/Hsp-aux-10405_c23.xml"", ""solver"": ""xcsp:ACE@2.4"", ""output_dir"": ""results_comparison"", ""global_time_limit"": 600, ""max_tries"": 50, ""tuning_file"": ""tests/psa/ace.tuning.json"", ""hpo_strategy"": ""hamming"", ""global_time_strategy"": ""PERCENT"", ""percent"": 0.2, ""round_time_strategy"": ""STATIC"", ""time_evolution"": ""STATIC"", ""stop_strategy"": ""TIMEOUT""}",541,"{""varh"": ""Wdeg"", ""valh"": ""FlrsE"", ""saf"": ""True"", ""pc1"": ""True"", ""bdc"": ""1"", ""toh"": ""True"", ""ng"": ""NO"", ""lc"": ""5"", ""negative"": ""STR1"", ""generic2"": ""True"", ""sb"": ""NO""}",0.5843181670061313,0.615934917004779,198,ExitStatus.OPTIMAL,False,False,0.615934917004779
2025-06-09T12:16:01.326904,Hsp-aux-10405_c23.xml,"{""input"": ""tests/xcsp3/cop/UNKNOWN/Hsp-aux-10405_c23.xml"", ""solver"": ""xcsp:ACE@2.4"", ""output_dir"": ""results_comparison"", ""global_time_limit"": 600, ""max_tries"": 50, ""tuning_file"": ""tests/psa/ace.tuning.json"", ""hpo_strategy"": ""hamming"", ""global_time_strategy"": ""PERCENT"", ""percent"": 0.2, ""round_time_strategy"": ""STATIC"", ""time_evolution"": ""STATIC"", ""stop_strategy"": ""TIMEOUT""}",542,"{""varh"": ""WdegOnDom"", ""valh"": ""First"", ""saf"": ""True"", ""pc1"": ""True"", ""bdc"": ""1"", ""toh"": ""True"", ""ng"": ""NO"", ""lc"": ""1"", ""negative"": ""STR2"", ""generic2"": ""True"", ""sb"": ""NO""}",0.5843181670061313,0.6305010410142131,198,ExitStatus.OPTIMAL,False,False,0.6305010410142131
2025-06-09T12:16:01.993491,Hsp-aux-10405_c23.xml,"{""input"": ""tests/xcsp3/cop/UNKNOWN/Hsp-aux-10405_c23.xml"", ""solver"": ""xcsp:ACE@2.4"", ""output_dir"": ""results_comparison"", ""global_time_limit"": 600, ""max_tries"": 50, ""tuning_file"": ""tests/psa/ace.tuning.json"", ""hpo_strategy"": ""hamming"", ""global_time_strategy"": ""PERCENT"", ""percent"": 0.2, ""round_time_strategy"": ""STATIC"", ""time_evolution"": ""STATIC"", ""stop_strategy"": ""TIMEOUT""}",543,"{""varh"": ""Wdeg"", ""valh"": ""First"", ""saf"": ""True"", ""pc1"": ""True"", ""bdc"": ""1000"", ""toh"": ""False"", ""ng"": ""NO"", ""lc"": ""5"", ""negative"": ""STR2"", ""generic2"": ""True"", ""sb"": ""NO""}",0.5843181670061313,0.5864491249667481,,ExitStatus.UNKNOWN,False,False,0.5864491249667481
2025-06-09T12:16:03.447073,Hsp-aux-10405_c23.xml,"{""input"": ""tests/xcsp3/cop/UNKNOWN/Hsp-aux-10405_c23.xml"", ""solver"": ""xcsp:ACE@2.4"", ""output_dir"": ""results_comparison"", ""global_time_limit"": 600, ""max_tries"": 50, ""tuning_file"": ""tests/psa/ace.tuning.json"", ""hpo_strategy"": ""hamming"", ""global_time_strategy"": ""PERCENT"", ""percent"": 0.2, ""round_time_strategy"": ""STATIC"", ""time_evolution"": ""STATIC"", ""stop_strategy"": ""TIMEOUT""}",544,"{""varh"": ""Activity"", ""valh"": ""First"", ""saf"": ""True"", ""pc1"": ""True"", ""bdc"": ""1"", ""toh"": ""True"", ""ng"": ""NO"", ""lc"": ""5"", ""negative"": ""CT"", ""generic2"": ""True"", ""sb"": ""NO""}",0.5843181670061313,1.373748667014297,270,ExitStatus.FEASIBLE,False,False,1.373748667014297
2025-06-09T12:16:04.087221,Hsp-aux-10405_c23.xml,"{""input"": ""tests/xcsp3/cop/UNKNOWN/Hsp-aux-10405_c23.xml"", ""solver"": ""xcsp:ACE@2.4"", ""output_dir"": ""results_comparison"", ""global_time_limit"": 600, ""max_tries"": 50, ""tuning_file"": ""tests/psa/ace.tuning.json"", ""hpo_strategy"": ""hamming"", ""global_time_strategy"": ""PERCENT"", ""percent"": 0.2, ""round_time_strategy"": ""STATIC"", ""time_evolution"": ""STATIC"", ""stop_strategy"": ""TIMEOUT""}",545,"{""varh"": ""Wdeg"", ""valh"": ""Rand"", ""saf"": ""True"", ""pc1"": ""True"", ""bdc"": ""1000"", ""toh"": ""True"", ""ng"": ""NO"", ""lc"": ""5"", ""negative"": ""STR2"", ""generic2"": ""True"", ""sb"": ""NO""}",0.5843181670061313,0.5612283750087954,,ExitStatus.UNKNOWN,False,False,0.5612283750087954
2025-06-09T12:16:04.731031,Hsp-aux-10405_c23.xml,"{""input"": ""tests/xcsp3/cop/UNKNOWN/Hsp-aux-10405_c23.xml"", ""solver"": ""xcsp:ACE@2.4"", ""output_dir"": ""results_comparison"", ""global_time_limit"": 600, ""max_tries"": 50, ""tuning_file"": ""tests/psa/ace.tuning.json"", ""hpo_strategy"": ""hamming"", ""global_time_strategy"": ""PERCENT"", ""percent"": 0.2, ""round_time_strategy"": ""STATIC"", ""time_evolution"": ""STATIC"", ""stop_strategy"": ""TIMEOUT""}",546,"{""varh"": ""Wdeg"", ""valh"": ""First"", ""saf"": ""True"", ""pc1"": ""True"", ""bdc"": ""100"", ""toh"": ""True"", ""ng"": ""NO"", ""lc"": ""5"", ""negative"": ""V"", ""generic2"": ""True"", ""sb"": ""NO""}",0.5843181670061313,0.5657731659593992,,ExitStatus.UNKNOWN,False,False,0.5657731659593992
2025-06-09T12:16:05.456877,Hsp-aux-10405_c23.xml,"{""input"": ""tests/xcsp3/cop/UNKNOWN/Hsp-aux-10405_c23.xml"", ""solver"": ""xcsp:ACE@2.4"", ""output_dir"": ""results_comparison"", ""global_time_limit"": 600, ""max_tries"": 50, ""tuning_file"": ""tests/psa/ace.tuning.json"", ""hpo_strategy"": ""hamming"", ""global_time_strategy"": ""PERCENT"", ""percent"": 0.2, ""round_time_strategy"": ""STATIC"", ""time_evolution"": ""STATIC"", ""stop_strategy"": ""TIMEOUT""}",547,"{""varh"": ""RunRobin"", ""valh"": ""First"", ""saf"": ""True"", ""pc1"": ""True"", ""bdc"": ""1"", ""toh"": ""True"", ""ng"": ""NO"", ""lc"": ""5"", ""negative"": ""STR2N"", ""generic2"": ""True"", ""sb"": ""NO""}",0.5843181670061313,0.6472230830113403,198,ExitStatus.OPTIMAL,False,False,0.6472230830113403
2025-06-09T12:16:06.145691,Hsp-aux-10405_c23.xml,"{""input"": ""tests/xcsp3/cop/UNKNOWN/Hsp-aux-10405_c23.xml"", ""solver"": ""xcsp:ACE@2.4"", ""output_dir"": ""results_comparison"", ""global_time_limit"": 600, ""max_tries"": 50, ""tuning_file"": ""tests/psa/ace.tuning.json"", ""hpo_strategy"": ""hamming"", ""global_time_strategy"": ""PERCENT"", ""percent"": 0.2, ""round_time_strategy"": ""STATIC"", ""time_evolution"": ""STATIC"", ""stop_strategy"": ""TIMEOUT""}",548,"{""varh"": ""Wdeg"", ""valh"": ""RunRobin"", ""saf"": ""True"", ""pc1"": ""True"", ""bdc"": ""1"", ""toh"": ""True"", ""ng"": ""NO"", ""lc"": ""5"", ""negative"": ""STR1"", ""generic2"": ""True"", ""sb"": ""NO""}",0.5843181670061313,0.6107754589756951,198,ExitStatus.OPTIMAL,False,False,0.6107754589756951
2025-06-09T12:16:07.571933,Hsp-aux-10405_c23.xml,"{""input"": ""tests/xcsp3/cop/UNKNOWN/Hsp-aux-10405_c23.xml"", ""solver"": ""xcsp:ACE@2.4"", ""output_dir"": ""results_comparison"", ""global_time_limit"": 600, ""max_tries"": 50, ""tuning_file"": ""tests/psa/ace.tuning.json"", ""hpo_strategy"": ""hamming"", ""global_time_strategy"": ""PERCENT"", ""percent"": 0.2, ""round_time_strategy"": ""STATIC"", ""time_evolution"": ""STATIC"", ""stop_strategy"": ""TIMEOUT""}",549,"{""varh"": ""Impact"", ""valh"": ""First"", ""saf"": ""True"", ""pc1"": ""False"", ""bdc"": ""1"", ""toh"": ""True"", ""ng"": ""NO"", ""lc"": ""5"", ""negative"": ""STR2"", ""generic2"": ""True"", ""sb"": ""NO""}",0.5843181670061313,1.3477556250290945,,ExitStatus.UNKNOWN,False,False,1.3477556250290945
2025-06-09T12:16:09.015991,Hsp-aux-10405_c23.xml,"{""input"": ""tests/xcsp3/cop/UNKNOWN/Hsp-aux-10405_c23.xml"", ""solver"": ""xcsp:ACE@2.4"", ""output_dir"": ""results_comparison"", ""global_time_limit"": 600, ""max_tries"": 50, ""tuning_file"": ""tests/psa/ace.tuning.json"", ""hpo_strategy"": ""hamming"", ""global_time_strategy"": ""PERCENT"", ""percent"": 0.2, ""round_time_strategy"": ""STATIC"", ""time_evolution"": ""STATIC"", ""stop_strategy"": ""TIMEOUT""}",550,"{""varh"": ""Rand"", ""valh"": ""OccsR"", ""saf"": ""True"", ""pc1"": ""True"", ""bdc"": ""1"", ""toh"": ""True"", ""ng"": ""NO"", ""lc"": ""5"", ""negative"": ""STR2"", ""generic2"": ""True"", ""sb"": ""NO""}",0.5843181670061313,1.3671243749558926,198,ExitStatus.FEASIBLE,False,False,1.3671243749558926
2025-06-09T12:16:09.737041,Hsp-aux-10405_c23.xml,"{""input"": ""tests/xcsp3/cop/UNKNOWN/Hsp-aux-10405_c23.xml"", ""solver"": ""xcsp:ACE@2.4"", ""output_dir"": ""results_comparison"", ""global_time_limit"": 600, ""max_tries"": 50, ""tuning_file"": ""tests/psa/ace.tuning.json"", ""hpo_strategy"": ""hamming"", ""global_time_strategy"": ""PERCENT"", ""percent"": 0.2, ""round_time_strategy"": ""STATIC"", ""time_evolution"": ""STATIC"", ""stop_strategy"": ""TIMEOUT""}",551,"{""varh"": ""FrbaOnDom"", ""valh"": ""RunRobin"", ""saf"": ""True"", ""pc1"": ""True"", ""bdc"": ""1"", ""toh"": ""True"", ""ng"": ""NO"", ""lc"": ""5"", ""negative"": ""STR2"", ""generic2"": ""True"", ""sb"": ""NO""}",0.5843181670061313,0.6416811249800958,198,ExitStatus.OPTIMAL,False,False,0.6416811249800958
2025-06-09T12:16:10.428756,Hsp-aux-10405_c23.xml,"{""input"": ""tests/xcsp3/cop/UNKNOWN/Hsp-aux-10405_c23.xml"", ""solver"": ""xcsp:ACE@2.4"", ""output_dir"": ""results_comparison"", ""global_time_limit"": 600, ""max_tries"": 50, ""tuning_file"": ""tests/psa/ace.tuning.json"", ""hpo_strategy"": ""hamming"", ""global_time_strategy"": ""PERCENT"", ""percent"": 0.2, ""round_time_strategy"": ""STATIC"", ""time_evolution"": ""STATIC"", ""stop_strategy"": ""TIMEOUT""}",552,"{""varh"": ""Wdeg"", ""valh"": ""RunRobin"", ""saf"": ""True"", ""pc1"": ""True"", ""bdc"": ""1"", ""toh"": ""True"", ""ng"": ""NO"", ""lc"": ""5"", ""negative"": ""STR1N"", ""generic2"": ""True"", ""sb"": ""NO""}",0.5843181670061313,0.6146840830333531,198,ExitStatus.OPTIMAL,False,False,0.6146840830333531
2025-06-09T12:16:11.091921,Hsp-aux-10405_c23.xml,"{""input"": ""tests/xcsp3/cop/UNKNOWN/Hsp-aux-10405_c23.xml"", ""solver"": ""xcsp:ACE@2.4"", ""output_dir"": ""results_comparison"", ""global_time_limit"": 600, ""max_tries"": 50, ""tuning_file"": ""tests/psa/ace.tuning.json"", ""hpo_strategy"": ""hamming"", ""global_time_strategy"": ""PERCENT"", ""percent"": 0.2, ""round_time_strategy"": ""STATIC"", ""time_evolution"": ""STATIC"", ""stop_strategy"": ""TIMEOUT""}",553,"{""varh"": ""Wdeg"", ""valh"": ""First"", ""saf"": ""True"", ""pc1"": ""True"", ""bdc"": ""1"", ""toh"": ""True"", ""ng"": ""NO"", ""lc"": ""10"", ""negative"": ""STR0"", ""generic2"": ""True"", ""sb"": ""NO""}",0.5843181670061313,0.5862102499813773,198,ExitStatus.OPTIMAL,False,False,0.5862102499813773
2025-06-09T12:16:11.721252,Hsp-aux-10405_c23.xml,"{""input"": ""tests/xcsp3/cop/UNKNOWN/Hsp-aux-10405_c23.xml"", ""solver"": ""xcsp:ACE@2.4"", ""output_dir"": ""results_comparison"", ""global_time_limit"": 600, ""max_tries"": 50, ""tuning_file"": ""tests/psa/ace.tuning.json"", ""hpo_strategy"": ""hamming"", ""global_time_strategy"": ""PERCENT"", ""percent"": 0.2, ""round_time_strategy"": ""STATIC"", ""time_evolution"": ""STATIC"", ""stop_strategy"": ""TIMEOUT""}",554,"{""varh"": ""Memory"", ""valh"": ""First"", ""saf"": ""True"", ""pc1"": ""True"", ""bdc"": ""1000"", ""toh"": ""True"", ""ng"": ""NO"", ""lc"": ""5"", ""negative"": ""STR2"", ""generic2"": ""True"", ""sb"": ""NO""}",0.5843181670061313,0.5524209589930251,,ExitStatus.UNKNOWN,False,False,0.5524209589930251
2025-06-09T12:16:12.428362,Hsp-aux-10405_c23.xml,"{""input"": ""tests/xcsp3/cop/UNKNOWN/Hsp-aux-10405_c23.xml"", ""solver"": ""xcsp:ACE@2.4"", ""output_dir"": ""results_comparison"", ""global_time_limit"": 600, ""max_tries"": 50, ""tuning_file"": ""tests/psa/ace.tuning.json"", ""hpo_strategy"": ""hamming"", ""global_time_strategy"": ""PERCENT"", ""percent"": 0.2, ""round_time_strategy"": ""STATIC"", ""time_evolution"": ""STATIC"", ""stop_strategy"": ""TIMEOUT""}",555,"{""varh"": ""PickOnDom"", ""valh"": ""First"", ""saf"": ""True"", ""pc1"": ""True"", ""bdc"": ""1"", ""toh"": ""True"", ""ng"": ""NO"", ""lc"": ""5"", ""negative"": ""V"", ""generic2"": ""True"", ""sb"": ""NO""}",0.5843181670061313,0.6295358749921434,198,ExitStatus.OPTIMAL,False,False,0.6295358749921434
2025-06-09T12:16:13.184807,Hsp-aux-10405_c23.xml,"{""input"": ""tests/xcsp3/cop/UNKNOWN/Hsp-aux-10405_c23.xml"", ""solver"": ""xcsp:ACE@2.4"", ""output_dir"": ""results_comparison"", ""global_time_limit"": 600, ""max_tries"": 50, ""tuning_file"": ""tests/psa/ace.tuning.json"", ""hpo_strategy"": ""hamming"", ""global_time_strategy"": ""PERCENT"", ""percent"": 0.2, ""round_time_strategy"": ""STATIC"", ""time_evolution"": ""STATIC"", ""stop_strategy"": ""TIMEOUT""}",556,"{""varh"": ""Wdeg"", ""valh"": ""Median"", ""saf"": ""True"", ""pc1"": ""True"", ""bdc"": ""1"", ""toh"": ""True"", ""ng"": ""NO"", ""lc"": ""0"", ""negative"": ""STR2"", ""generic2"": ""True"", ""sb"": ""NO""}",0.5843181670061313,0.678991082997527,198,ExitStatus.OPTIMAL,False,False,0.678991082997527
2025-06-09T12:16:13.871721,Hsp-aux-10405_c23.xml,"{""input"": ""tests/xcsp3/cop/UNKNOWN/Hsp-aux-10405_c23.xml"", ""solver"": ""xcsp:ACE@2.4"", ""output_dir"": ""results_comparison"", ""global_time_limit"": 600, ""max_tries"": 50, ""tuning_file"": ""tests/psa/ace.tuning.json"", ""hpo_strategy"": ""hamming"", ""global_time_strategy"": ""PERCENT"", ""percent"": 0.2, ""round_time_strategy"": ""STATIC"", ""time_evolution"": ""STATIC"", ""stop_strategy"": ""TIMEOUT""}",557,"{""varh"": ""WdegOnDom"", ""valh"": ""First"", ""saf"": ""True"", ""pc1"": ""True"", ""bdc"": ""1"", ""toh"": ""True"", ""ng"": ""NO"", ""lc"": ""5"", ""negative"": ""STR1N"", ""generic2"": ""True"", ""sb"": ""NO""}",0.5843181670061313,0.6089570419862866,198,ExitStatus.OPTIMAL,False,False,0.6089570419862866
2025-06-09T12:16:19.967315,Hsp-aux-10405_c23.xml,"{""input"": ""tests/xcsp3/cop/UNKNOWN/Hsp-aux-10405_c23.xml"", ""solver"": ""xcsp:ACE@2.4"", ""output_dir"": ""results_comparison"", ""global_time_limit"": 600, ""max_tries"": 50, ""tuning_file"": ""tests/psa/ace.tuning.json"", ""hpo_strategy"": ""hamming"", ""global_time_strategy"": ""PERCENT"", ""percent"": 0.2, ""round_time_strategy"": ""STATIC"", ""time_evolution"": ""STATIC"", ""stop_strategy"": ""TIMEOUT""}",558,"{""varh"": ""Rand"", ""valh"": ""Conflicts"", ""saf"": ""True"", ""pc1"": ""True"", ""bdc"": ""1"", ""toh"": ""True"", ""ng"": ""NO"", ""lc"": ""5"", ""negative"": ""STR2"", ""generic2"": ""True"", ""sb"": ""NO""}",0.5843181670061313,1,,ExitStatus.UNKNOWN,False,False,1
2025-06-09T12:16:20.643903,Hsp-aux-10405_c23.xml,"{""input"": ""tests/xcsp3/cop/UNKNOWN/Hsp-aux-10405_c23.xml"", ""solver"": ""xcsp:ACE@2.4"", ""output_dir"": ""results_comparison"", ""global_time_limit"": 600, ""max_tries"": 50, ""tuning_file"": ""tests/psa/ace.tuning.json"", ""hpo_strategy"": ""hamming"", ""global_time_strategy"": ""PERCENT"", ""percent"": 0.2, ""round_time_strategy"": ""STATIC"", ""time_evolution"": ""STATIC"", ""stop_strategy"": ""TIMEOUT""}",559,"{""varh"": ""FrbaOnDom"", ""valh"": ""First"", ""saf"": ""True"", ""pc1"": ""True"", ""bdc"": ""1000"", ""toh"": ""True"", ""ng"": ""NO"", ""lc"": ""5"", ""negative"": ""STR2"", ""generic2"": ""True"", ""sb"": ""NO""}",0.5843181670061313,0.59944112499943,,ExitStatus.UNKNOWN,False,False,0.59944112499943
2025-06-09T12:16:21.335928,Hsp-aux-10405_c23.xml,"{""input"": ""tests/xcsp3/cop/UNKNOWN/Hsp-aux-10405_c23.xml"", ""solver"": ""xcsp:ACE@2.4"", ""output_dir"": ""results_comparison"", ""global_time_limit"": 600, ""max_tries"": 50, ""tuning_file"": ""tests/psa/ace.tuning.json"", ""hpo_strategy"": ""hamming"", ""global_time_strategy"": ""PERCENT"", ""percent"": 0.2, ""round_time_strategy"": ""STATIC"", ""time_evolution"": ""STATIC"", ""stop_strategy"": ""TIMEOUT""}",560,"{""varh"": ""Wdeg"", ""valh"": ""First"", ""saf"": ""True"", ""pc1"": ""True"", ""bdc"": ""1"", ""toh"": ""True"", ""ng"": ""NO"", ""lc"": ""2"", ""negative"": ""STR1"", ""generic2"": ""True"", ""sb"": ""NO""}",0.5843181670061313,0.6147049170103855,198,ExitStatus.OPTIMAL,False,False,0.6147049170103855
2025-06-09T12:16:23.121293,Hsp-aux-10405_c23.xml,"{""input"": ""tests/xcsp3/cop/UNKNOWN/Hsp-aux-10405_c23.xml"", ""solver"": ""xcsp:ACE@2.4"", ""output_dir"": ""results_comparison"", ""global_time_limit"": 600, ""max_tries"": 50, ""tuning_file"": ""tests/psa/ace.tuning.json"", ""hpo_strategy"": ""hamming"", ""global_time_strategy"": ""PERCENT"", ""percent"": 0.2, ""round_time_strategy"": ""STATIC"", ""time_evolution"": ""STATIC"", ""stop_strategy"": ""TIMEOUT""}",561,"{""varh"": ""Wdeg"", ""valh"": ""Conflicts"", ""saf"": ""True"", ""pc1"": ""True"", ""bdc"": ""1"", ""toh"": ""False"", ""ng"": ""NO"", ""lc"": ""5"", ""negative"": ""STR2"", ""generic2"": ""True"", ""sb"": ""NO""}",0.5843181670061313,1.708040792029351,,ExitStatus.UNKNOWN,False,False,1.708040792029351
2025-06-09T12:16:23.849773,Hsp-aux-10405_c23.xml,"{""input"": ""tests/xcsp3/cop/UNKNOWN/Hsp-aux-10405_c23.xml"", ""solver"": ""xcsp:ACE@2.4"", ""output_dir"": ""results_comparison"", ""global_time_limit"": 600, ""max_tries"": 50, ""tuning_file"": ""tests/psa/ace.tuning.json"", ""hpo_strategy"": ""hamming"", ""global_time_strategy"": ""PERCENT"", ""percent"": 0.2, ""round_time_strategy"": ""STATIC"", ""time_evolution"": ""STATIC"", ""stop_strategy"": ""TIMEOUT""}",562,"{""varh"": ""RunRobin"", ""valh"": ""First"", ""saf"": ""True"", ""pc1"": ""True"", ""bdc"": ""1"", ""toh"": ""True"", ""ng"": ""NO"", ""lc"": ""2"", ""negative"": ""STR2"", ""generic2"": ""True"", ""sb"": ""NO""}",0.5843181670061313,0.6493227090104483,198,ExitStatus.OPTIMAL,False,False,0.6493227090104483
2025-06-09T12:16:25.297450,Hsp-aux-10405_c23.xml,"{""input"": ""tests/xcsp3/cop/UNKNOWN/Hsp-aux-10405_c23.xml"", ""solver"": ""xcsp:ACE@2.4"", ""output_dir"": ""results_comparison"", ""global_time_limit"": 600, ""max_tries"": 50, ""tuning_file"": ""tests/psa/ace.tuning.json"", ""hpo_strategy"": ""hamming"", ""global_time_strategy"": ""PERCENT"", ""percent"": 0.2, ""round_time_strategy"": ""STATIC"", ""time_evolution"": ""STATIC"", ""stop_strategy"": ""TIMEOUT""}",563,"{""varh"": ""Impact"", ""valh"": ""First"", ""saf"": ""True"", ""pc1"": ""True"", ""bdc"": ""100"", ""toh"": ""True"", ""ng"": ""NO"", ""lc"": ""5"", ""negative"": ""STR2"", ""generic2"": ""True"", ""sb"": ""NO""}",0.5843181670061313,1.37028916698182,,ExitStatus.UNKNOWN,False,False,1.37028916698182
2025-06-09T12:16:26.016921,Hsp-aux-10405_c23.xml,"{""input"": ""tests/xcsp3/cop/UNKNOWN/Hsp-aux-10405_c23.xml"", ""solver"": ""xcsp:ACE@2.4"", ""output_dir"": ""results_comparison"", ""global_time_limit"": 600, ""max_tries"": 50, ""tuning_file"": ""tests/psa/ace.tuning.json"", ""hpo_strategy"": ""hamming"", ""global_time_strategy"": ""PERCENT"", ""percent"": 0.2, ""round_time_strategy"": ""STATIC"", ""time_evolution"": ""STATIC"", ""stop_strategy"": ""TIMEOUT""}",564,"{""varh"": ""PickOnDom"", ""valh"": ""First"", ""saf"": ""False"", ""pc1"": ""True"", ""bdc"": ""1"", ""toh"": ""True"", ""ng"": ""NO"", ""lc"": ""5"", ""negative"": ""STR2"", ""generic2"": ""True"", ""sb"": ""NO""}",0.5843181670061313,0.6422072079731151,198,ExitStatus.OPTIMAL,False,False,0.6422072079731151
2025-06-09T12:16:27.451747,Hsp-aux-10405_c23.xml,"{""input"": ""tests/xcsp3/cop/UNKNOWN/Hsp-aux-10405_c23.xml"", ""solver"": ""xcsp:ACE@2.4"", ""output_dir"": ""results_comparison"", ""global_time_limit"": 600, ""max_tries"": 50, ""tuning_file"": ""tests/psa/ace.tuning.json"", ""hpo_strategy"": ""hamming"", ""global_time_strategy"": ""PERCENT"", ""percent"": 0.2, ""round_time_strategy"": ""STATIC"", ""time_evolution"": ""STATIC"", ""stop_strategy"": ""TIMEOUT""}",565,"{""varh"": ""Rand"", ""valh"": ""First"", ""saf"": ""False"", ""pc1"": ""True"", ""bdc"": ""1"", ""toh"": ""True"", ""ng"": ""NO"", ""lc"": ""5"", ""negative"": ""STR2"", ""generic2"": ""True"", ""sb"": ""NO""}",0.5843181670061313,1.3571777089964598,198,ExitStatus.FEASIBLE,False,False,1.3571777089964598
2025-06-09T12:16:28.145450,Hsp-aux-10405_c23.xml,"{""input"": ""tests/xcsp3/cop/UNKNOWN/Hsp-aux-10405_c23.xml"", ""solver"": ""xcsp:ACE@2.4"", ""output_dir"": ""results_comparison"", ""global_time_limit"": 600, ""max_tries"": 50, ""tuning_file"": ""tests/psa/ace.tuning.json"", ""hpo_strategy"": ""hamming"", ""global_time_strategy"": ""PERCENT"", ""percent"": 0.2, ""round_time_strategy"": ""STATIC"", ""time_evolution"": ""STATIC"", ""stop_strategy"": ""TIMEOUT""}",566,"{""varh"": ""Wdeg"", ""valh"": ""Vals"", ""saf"": ""True"", ""pc1"": ""True"", ""bdc"": ""1"", ""toh"": ""True"", ""ng"": ""NO"", ""lc"": ""5"", ""negative"": ""CT"", ""generic2"": ""True"", ""sb"": ""NO""}",0.5843181670061313,0.6165411669644527,198,ExitStatus.OPTIMAL,False,False,0.6165411669644527
2025-06-09T12:16:28.846828,Hsp-aux-10405_c23.xml,"{""input"": ""tests/xcsp3/cop/UNKNOWN/Hsp-aux-10405_c23.xml"", ""solver"": ""xcsp:ACE@2.4"", ""output_dir"": ""results_comparison"", ""global_time_limit"": 600, ""max_tries"": 50, ""tuning_file"": ""tests/psa/ace.tuning.json"", ""hpo_strategy"": ""hamming"", ""global_time_strategy"": ""PERCENT"", ""percent"": 0.2, ""round_time_strategy"": ""STATIC"", ""time_evolution"": ""STATIC"", ""stop_strategy"": ""TIMEOUT""}",567,"{""varh"": ""Wdeg"", ""valh"": ""First"", ""saf"": ""True"", ""pc1"": ""True"", ""bdc"": ""1"", ""toh"": ""True"", ""ng"": ""NO"", ""lc"": ""1"", ""negative"": ""CT"", ""generic2"": ""True"", ""sb"": ""NO""}",0.5843181670061313,0.6228659999906085,198,ExitStatus.OPTIMAL,False,False,0.6228659999906085
2025-06-09T12:16:30.066563,Hsp-aux-10405_c23.xml,"{""input"": ""tests/xcsp3/cop/UNKNOWN/Hsp-aux-10405_c23.xml"", ""solver"": ""xcsp:ACE@2.4"", ""output_dir"": ""results_comparison"", ""global_time_limit"": 600, ""max_tries"": 50, ""tuning_file"": ""tests/psa/ace.tuning.json"", ""hpo_strategy"": ""hamming"", ""global_time_strategy"": ""PERCENT"", ""percent"": 0.2, ""round_time_strategy"": ""STATIC"", ""time_evolution"": ""STATIC"", ""stop_strategy"": ""TIMEOUT""}",568,"{""varh"": ""FrbaOnDom"", ""valh"": ""Bivs3"", ""saf"": ""True"", ""pc1"": ""True"", ""bdc"": ""1"", ""toh"": ""True"", ""ng"": ""NO"", ""lc"": ""5"", ""negative"": ""STR2"", ""generic2"": ""True"", ""sb"": ""NO""}",0.5843181670061313,1.14226900000358,198,ExitStatus.OPTIMAL,False,False,1.14226900000358
2025-06-09T12:16:30.917461,Hsp-aux-10405_c23.xml,"{""input"": ""tests/xcsp3/cop/UNKNOWN/Hsp-aux-10405_c23.xml"", ""solver"": ""xcsp:ACE@2.4"", ""output_dir"": ""results_comparison"", ""global_time_limit"": 600, ""max_tries"": 50, ""tuning_file"": ""tests/psa/ace.tuning.json"", ""hpo_strategy"": ""hamming"", ""global_time_strategy"": ""PERCENT"", ""percent"": 0.2, ""round_time_strategy"": ""STATIC"", ""time_evolution"": ""STATIC"", ""stop_strategy"": ""TIMEOUT""}",569,"{""varh"": ""Wdeg"", ""valh"": ""Median"", ""saf"": ""True"", ""pc1"": ""True"", ""bdc"": ""1"", ""toh"": ""False"", ""ng"": ""NO"", ""lc"": ""5"", ""negative"": ""STR2"", ""generic2"": ""True"", ""sb"": ""NO""}",0.5843181670061313,0.7719972920021974,198,ExitStatus.OPTIMAL,False,False,0.7719972920021974
2025-06-09T12:16:31.650598,Hsp-aux-10405_c23.xml,"{""input"": ""tests/xcsp3/cop/UNKNOWN/Hsp-aux-10405_c23.xml"", ""solver"": ""xcsp:ACE@2.4"", ""output_dir"": ""results_comparison"", ""global_time_limit"": 600, ""max_tries"": 50, ""tuning_file"": ""tests/psa/ace.tuning.json"", ""hpo_strategy"": ""hamming"", ""global_time_strategy"": ""PERCENT"", ""percent"": 0.2, ""round_time_strategy"": ""STATIC"", ""time_evolution"": ""STATIC"", ""stop_strategy"": ""TIMEOUT""}",570,"{""varh"": ""FrbaOnDom"", ""valh"": ""First"", ""saf"": ""True"", ""pc1"": ""True"", ""bdc"": ""1"", ""toh"": ""True"", ""ng"": ""NO"", ""lc"": ""5"", ""negative"": ""VA"", ""generic2"": ""True"", ""sb"": ""NO""}",0.5843181670061313,0.6545705830212682,198,ExitStatus.OPTIMAL,False,False,0.6545705830212682
2025-06-09T12:16:32.482025,Hsp-aux-10405_c23.xml,"{""input"": ""tests/xcsp3/cop/UNKNOWN/Hsp-aux-10405_c23.xml"", ""solver"": ""xcsp:ACE@2.4"", ""output_dir"": ""results_comparison"", ""global_time_limit"": 600, ""max_tries"": 50, ""tuning_file"": ""tests/psa/ace.tuning.json"", ""hpo_strategy"": ""hamming"", ""global_time_strategy"": ""PERCENT"", ""percent"": 0.2, ""round_time_strategy"": ""STATIC"", ""time_evolution"": ""STATIC"", ""stop_strategy"": ""TIMEOUT""}",571,"{""varh"": ""PickOnDom"", ""valh"": ""Median"", ""saf"": ""True"", ""pc1"": ""True"", ""bdc"": ""1"", ""toh"": ""True"", ""ng"": ""NO"", ""lc"": ""5"", ""negative"": ""STR2"", ""generic2"": ""True"", ""sb"": ""NO""}",0.5843181670061313,0.7527519589639269,198,ExitStatus.OPTIMAL,False,False,0.7527519589639269
2025-06-09T12:16:33.344824,Hsp-aux-10405_c23.xml,"{""input"": ""tests/xcsp3/cop/UNKNOWN/Hsp-aux-10405_c23.xml"", ""solver"": ""xcsp:ACE@2.4"", ""output_dir"": ""results_comparison"", ""global_time_limit"": 600, ""max_tries"": 50, ""tuning_file"": ""tests/psa/ace.tuning.json"", ""hpo_strategy"": ""hamming"", ""global_time_strategy"": ""PERCENT"", ""percent"": 0.2, ""round_time_strategy"": ""STATIC"", ""time_evolution"": ""STATIC"", ""stop_strategy"": ""TIMEOUT""}",572,"{""varh"": ""Memory"", ""valh"": ""Median"", ""saf"": ""True"", ""pc1"": ""True"", ""bdc"": ""1"", ""toh"": ""True"", ""ng"": ""NO"", ""lc"": ""5"", ""negative"": ""STR2"", ""generic2"": ""True"", ""sb"": ""NO""}",0.5843181670061313,0.7852664579986595,198,ExitStatus.OPTIMAL,False,False,0.7852664579986595
2025-06-09T12:16:34.140180,Hsp-aux-10405_c23.xml,"{""input"": ""tests/xcsp3/cop/UNKNOWN/Hsp-aux-10405_c23.xml"", ""solver"": ""xcsp:ACE@2.4"", ""output_dir"": ""results_comparison"", ""global_time_limit"": 600, ""max_tries"": 50, ""tuning_file"": ""tests/psa/ace.tuning.json"", ""hpo_strategy"": ""hamming"", ""global_time_strategy"": ""PERCENT"", ""percent"": 0.2, ""round_time_strategy"": ""STATIC"", ""time_evolution"": ""STATIC"", ""stop_strategy"": ""TIMEOUT""}",573,"{""varh"": ""PickOnDom"", ""valh"": ""First"", ""saf"": ""True"", ""pc1"": ""False"", ""bdc"": ""1"", ""toh"": ""True"", ""ng"": ""NO"", ""lc"": ""5"", ""negative"": ""STR2"", ""generic2"": ""True"", ""sb"": ""NO""}",0.5843181670061313,0.7135615840088576,198,ExitStatus.OPTIMAL,False,False,0.7135615840088576
2025-06-09T12:16:34.847359,Hsp-aux-10405_c23.xml,"{""input"": ""tests/xcsp3/cop/UNKNOWN/Hsp-aux-10405_c23.xml"", ""solver"": ""xcsp:ACE@2.4"", ""output_dir"": ""results_comparison"", ""global_time_limit"": 600, ""max_tries"": 50, ""tuning_file"": ""tests/psa/ace.tuning.json"", ""hpo_strategy"": ""hamming"", ""global_time_strategy"": ""PERCENT"", ""percent"": 0.2, ""round_time_strategy"": ""STATIC"", ""time_evolution"": ""STATIC"", ""stop_strategy"": ""TIMEOUT""}",574,"{""varh"": ""Wdeg"", ""valh"": ""FlrsE"", ""saf"": ""True"", ""pc1"": ""True"", ""bdc"": ""1"", ""toh"": ""True"", ""ng"": ""NO"", ""lc"": ""10"", ""negative"": ""STR2"", ""generic2"": ""True"", ""sb"": ""NO""}",0.5843181670061313,0.6225809999741614,198,ExitStatus.OPTIMAL,False,False,0.6225809999741614
2025-06-09T12:16:35.554778,Hsp-aux-10405_c23.xml,"{""input"": ""tests/xcsp3/cop/UNKNOWN/Hsp-aux-10405_c23.xml"", ""solver"": ""xcsp:ACE@2.4"", ""output_dir"": ""results_comparison"", ""global_time_limit"": 600, ""max_tries"": 50, ""tuning_file"": ""tests/psa/ace.tuning.json"", ""hpo_strategy"": ""hamming"", ""global_time_strategy"": ""PERCENT"", ""percent"": 0.2, ""round_time_strategy"": ""STATIC"", ""time_evolution"": ""STATIC"", ""stop_strategy"": ""TIMEOUT""}",575,"{""varh"": ""Wdeg"", ""valh"": ""RunRobin"", ""saf"": ""True"", ""pc1"": ""True"", ""bdc"": ""1"", ""toh"": ""True"", ""ng"": ""NO"", ""lc"": ""0"", ""negative"": ""STR2"", ""generic2"": ""True"", ""sb"": ""NO""}",0.5843181670061313,0.6297869589761831,198,ExitStatus.OPTIMAL,False,False,0.6297869589761831
2025-06-09T12:16:36.997824,Hsp-aux-10405_c23.xml,"{""input"": ""tests/xcsp3/cop/UNKNOWN/Hsp-aux-10405_c23.xml"", ""solver"": ""xcsp:ACE@2.4"", ""output_dir"": ""results_comparison"", ""global_time_limit"": 600, ""max_tries"": 50, ""tuning_file"": ""tests/psa/ace.tuning.json"", ""hpo_strategy"": ""hamming"", ""global_time_strategy"": ""PERCENT"", ""percent"": 0.2, ""round_time_strategy"": ""STATIC"", ""time_evolution"": ""STATIC"", ""stop_strategy"": ""TIMEOUT""}",576,"{""varh"": ""Activity"", ""valh"": ""First"", ""saf"": ""True"", ""pc1"": ""True"", ""bdc"": ""1"", ""toh"": ""True"", ""ng"": ""NO"", ""lc"": ""5"", ""negative"": ""STR3"", ""generic2"": ""True"", ""sb"": ""NO""}",0.5843181670061313,1.3657969580381177,270,ExitStatus.FEASIBLE,False,False,1.3657969580381177
2025-06-09T12:16:37.741386,Hsp-aux-10405_c23.xml,"{""input"": ""tests/xcsp3/cop/UNKNOWN/Hsp-aux-10405_c23.xml"", ""solver"": ""xcsp:ACE@2.4"", ""output_dir"": ""results_comparison"", ""global_time_limit"": 600, ""max_tries"": 50, ""tuning_file"": ""tests/psa/ace.tuning.json"", ""hpo_strategy"": ""hamming"", ""global_time_strategy"": ""PERCENT"", ""percent"": 0.2, ""round_time_strategy"": ""STATIC"", ""time_evolution"": ""STATIC"", ""stop_strategy"": ""TIMEOUT""}",577,"{""varh"": ""Wdeg"", ""valh"": ""First"", ""saf"": ""True"", ""pc1"": ""True"", ""bdc"": ""1"", ""toh"": ""True"", ""ng"": ""NO"", ""lc"": ""0"", ""negative"": ""STR3"", ""generic2"": ""True"", ""sb"": ""NO""}",0.5843181670061313,0.6656028329744004,198,ExitStatus.OPTIMAL,False,False,0.6656028329744004
2025-06-09T12:16:39.186860,Hsp-aux-10405_c23.xml,"{""input"": ""tests/xcsp3/cop/UNKNOWN/Hsp-aux-10405_c23.xml"", ""solver"": ""xcsp:ACE@2.4"", ""output_dir"": ""results_comparison"", ""global_time_limit"": 600, ""max_tries"": 50, ""tuning_file"": ""tests/psa/ace.tuning.json"", ""hpo_strategy"": ""hamming"", ""global_time_strategy"": ""PERCENT"", ""percent"": 0.2, ""round_time_strategy"": ""STATIC"", ""time_evolution"": ""STATIC"", ""stop_strategy"": ""TIMEOUT""}",578,"{""varh"": ""Rand"", ""valh"": ""First"", ""saf"": ""True"", ""pc1"": ""True"", ""bdc"": ""1"", ""toh"": ""True"", ""ng"": ""NO"", ""lc"": ""1"", ""negative"": ""STR2"", ""generic2"": ""True"", ""sb"": ""NO""}",0.5843181670061313,1.3675395000027493,198,ExitStatus.FEASIBLE,False,False,1.3675395000027493
2025-06-09T12:16:40.623332,Hsp-aux-10405_c23.xml,"{""input"": ""tests/xcsp3/cop/UNKNOWN/Hsp-aux-10405_c23.xml"", ""solver"": ""xcsp:ACE@2.4"", ""output_dir"": ""results_comparison"", ""global_time_limit"": 600, ""max_tries"": 50, ""tuning_file"": ""tests/psa/ace.tuning.json"", ""hpo_strategy"": ""hamming"", ""global_time_strategy"": ""PERCENT"", ""percent"": 0.2, ""round_time_strategy"": ""STATIC"", ""time_evolution"": ""STATIC"", ""stop_strategy"": ""TIMEOUT""}",579,"{""varh"": ""Activity"", ""valh"": ""First"", ""saf"": ""True"", ""pc1"": ""True"", ""bdc"": ""1"", ""toh"": ""True"", ""ng"": ""NO"", ""lc"": ""5"", ""negative"": ""STR2"", ""generic2"": ""False"", ""sb"": ""NO""}",0.5843181670061313,1.359479500039015,270,ExitStatus.FEASIBLE,False,False,1.359479500039015
2025-06-09T12:16:42.068987,Hsp-aux-10405_c23.xml,"{""input"": ""tests/xcsp3/cop/UNKNOWN/Hsp-aux-10405_c23.xml"", ""solver"": ""xcsp:ACE@2.4"", ""output_dir"": ""results_comparison"", ""global_time_limit"": 600, ""max_tries"": 50, ""tuning_file"": ""tests/psa/ace.tuning.json"", ""hpo_strategy"": ""hamming"", ""global_time_strategy"": ""PERCENT"", ""percent"": 0.2, ""round_time_strategy"": ""STATIC"", ""time_evolution"": ""STATIC"", ""stop_strategy"": ""TIMEOUT""}",580,"{""varh"": ""Activity"", ""valh"": ""First"", ""saf"": ""True"", ""pc1"": ""True"", ""bdc"": ""1"", ""toh"": ""False"", ""ng"": ""NO"", ""lc"": ""5"", ""negative"": ""STR2"", ""generic2"": ""True"", ""sb"": ""NO""}",0.5843181670061313,1.368002791015897,270,ExitStatus.FEASIBLE,False,False,1.368002791015897
2025-06-09T12:16:43.881385,Hsp-aux-10405_c23.xml,"{""input"": ""tests/xcsp3/cop/UNKNOWN/Hsp-aux-10405_c23.xml"", ""solver"": ""xcsp:ACE@2.4"", ""output_dir"": ""results_comparison"", ""global_time_limit"": 600, ""max_tries"": 50, ""tuning_file"": ""tests/psa/ace.tuning.json"", ""hpo_strategy"": ""hamming"", ""global_time_strategy"": ""PERCENT"", ""percent"": 0.2, ""round_time_strategy"": ""STATIC"", ""time_evolution"": ""STATIC"", ""stop_strategy"": ""TIMEOUT""}",581,"{""varh"": ""Wdeg"", ""valh"": ""Conflicts"", ""saf"": ""True"", ""pc1"": ""True"", ""bdc"": ""1"", ""toh"": ""True"", ""ng"": ""NO"", ""lc"": ""2"", ""negative"": ""STR2"", ""generic2"": ""True"", ""sb"": ""NO""}",0.5843181670061313,1.735362334002275,,ExitStatus.UNKNOWN,False,False,1.735362334002275
2025-06-09T12:16:44.575306,Hsp-aux-10405_c23.xml,"{""input"": ""tests/xcsp3/cop/UNKNOWN/Hsp-aux-10405_c23.xml"", ""solver"": ""xcsp:ACE@2.4"", ""output_dir"": ""results_comparison"", ""global_time_limit"": 600, ""max_tries"": 50, ""tuning_file"": ""tests/psa/ace.tuning.json"", ""hpo_strategy"": ""hamming"", ""global_time_strategy"": ""PERCENT"", ""percent"": 0.2, ""round_time_strategy"": ""STATIC"", ""time_evolution"": ""STATIC"", ""stop_strategy"": ""TIMEOUT""}",582,"{""varh"": ""Wdeg"", ""valh"": ""Vals"", ""saf"": ""True"", ""pc1"": ""True"", ""bdc"": ""1"", ""toh"": ""True"", ""ng"": ""NO"", ""lc"": ""5"", ""negative"": ""V"", ""generic2"": ""True"", ""sb"": ""NO""}",0.5843181670061313,0.6165721249999478,198,ExitStatus.OPTIMAL,False,False,0.6165721249999478
2025-06-09T12:16:45.227634,Hsp-aux-10405_c23.xml,"{""input"": ""tests/xcsp3/cop/UNKNOWN/Hsp-aux-10405_c23.xml"", ""solver"": ""xcsp:ACE@2.4"", ""output_dir"": ""results_comparison"", ""global_time_limit"": 600, ""max_tries"": 50, ""tuning_file"": ""tests/psa/ace.tuning.json"", ""hpo_strategy"": ""hamming"", ""global_time_strategy"": ""PERCENT"", ""percent"": 0.2, ""round_time_strategy"": ""STATIC"", ""time_evolution"": ""STATIC"", ""stop_strategy"": ""TIMEOUT""}",583,"{""varh"": ""Wdeg"", ""valh"": ""Bivs3"", ""saf"": ""True"", ""pc1"": ""True"", ""bdc"": ""1000"", ""toh"": ""True"", ""ng"": ""NO"", ""lc"": ""5"", ""negative"": ""STR2"", ""generic2"": ""True"", ""sb"": ""NO""}",0.5843181670061313,0.5749606660101563,,ExitStatus.UNKNOWN,False,False,0.5749606660101563
2025-06-09T12:16:46.069136,Hsp-aux-10405_c23.xml,"{""input"": ""tests/xcsp3/cop/UNKNOWN/Hsp-aux-10405_c23.xml"", ""solver"": ""xcsp:ACE@2.4"", ""output_dir"": ""results_comparison"", ""global_time_limit"": 600, ""max_tries"": 50, ""tuning_file"": ""tests/psa/ace.tuning.json"", ""hpo_strategy"": ""hamming"", ""global_time_strategy"": ""PERCENT"", ""percent"": 0.2, ""round_time_strategy"": ""STATIC"", ""time_evolution"": ""STATIC"", ""stop_strategy"": ""TIMEOUT""}",584,"{""varh"": ""Wdeg"", ""valh"": ""Median"", ""saf"": ""True"", ""pc1"": ""True"", ""bdc"": ""1"", ""toh"": ""True"", ""ng"": ""NO"", ""lc"": ""5"", ""negative"": ""STR1N"", ""generic2"": ""True"", ""sb"": ""NO""}",0.5843181670061313,0.762386874994263,198,ExitStatus.OPTIMAL,False,False,0.762386874994263
2025-06-09T12:16:46.761828,Hsp-aux-10405_c23.xml,"{""input"": ""tests/xcsp3/cop/UNKNOWN/Hsp-aux-10405_c23.xml"", ""solver"": ""xcsp:ACE@2.4"", ""output_dir"": ""results_comparison"", ""global_time_limit"": 600, ""max_tries"": 50, ""tuning_file"": ""tests/psa/ace.tuning.json"", ""hpo_strategy"": ""hamming"", ""global_time_strategy"": ""PERCENT"", ""percent"": 0.2, ""round_time_strategy"": ""STATIC"", ""time_evolution"": ""STATIC"", ""stop_strategy"": ""TIMEOUT""}",585,"{""varh"": ""Wdeg"", ""valh"": ""First"", ""saf"": ""True"", ""pc1"": ""True"", ""bdc"": ""1"", ""toh"": ""True"", ""ng"": ""NO"", ""lc"": ""5"", ""negative"": ""V"", ""generic2"": ""False"", ""sb"": ""NO""}",0.5843181670061313,0.6149853329989128,198,ExitStatus.OPTIMAL,False,False,0.6149853329989128
2025-06-09T12:16:48.578447,Hsp-aux-10405_c23.xml,"{""input"": ""tests/xcsp3/cop/UNKNOWN/Hsp-aux-10405_c23.xml"", ""solver"": ""xcsp:ACE@2.4"", ""output_dir"": ""results_comparison"", ""global_time_limit"": 600, ""max_tries"": 50, ""tuning_file"": ""tests/psa/ace.tuning.json"", ""hpo_strategy"": ""hamming"", ""global_time_strategy"": ""PERCENT"", ""percent"": 0.2, ""round_time_strategy"": ""STATIC"", ""time_evolution"": ""STATIC"", ""stop_strategy"": ""TIMEOUT""}",586,"{""varh"": ""Lexico"", ""valh"": ""Conflicts"", ""saf"": ""True"", ""pc1"": ""True"", ""bdc"": ""1"", ""toh"": ""True"", ""ng"": ""NO"", ""lc"": ""5"", ""negative"": ""STR2"", ""generic2"": ""True"", ""sb"": ""NO""}",0.5843181670061313,1.738631375017576,,ExitStatus.UNKNOWN,False,False,1.738631375017576
2025-06-09T12:16:50.025380,Hsp-aux-10405_c23.xml,"{""input"": ""tests/xcsp3/cop/UNKNOWN/Hsp-aux-10405_c23.xml"", ""solver"": ""xcsp:ACE@2.4"", ""output_dir"": ""results_comparison"", ""global_time_limit"": 600, ""max_tries"": 50, ""tuning_file"": ""tests/psa/ace.tuning.json"", ""hpo_strategy"": ""hamming"", ""global_time_strategy"": ""PERCENT"", ""percent"": 0.2, ""round_time_strategy"": ""STATIC"", ""time_evolution"": ""STATIC"", ""stop_strategy"": ""TIMEOUT""}",587,"{""varh"": ""Activity"", ""valh"": ""First"", ""saf"": ""True"", ""pc1"": ""True"", ""bdc"": ""10"", ""toh"": ""True"", ""ng"": ""NO"", ""lc"": ""5"", ""negative"": ""STR2"", ""generic2"": ""True"", ""sb"": ""NO""}",0.5843181670061313,1.3699100409867242,270,ExitStatus.FEASIBLE,False,False,1.3699100409867242
2025-06-09T12:16:50.728729,Hsp-aux-10405_c23.xml,"{""input"": ""tests/xcsp3/cop/UNKNOWN/Hsp-aux-10405_c23.xml"", ""solver"": ""xcsp:ACE@2.4"", ""output_dir"": ""results_comparison"", ""global_time_limit"": 600, ""max_tries"": 50, ""tuning_file"": ""tests/psa/ace.tuning.json"", ""hpo_strategy"": ""hamming"", ""global_time_strategy"": ""PERCENT"", ""percent"": 0.2, ""round_time_strategy"": ""STATIC"", ""time_evolution"": ""STATIC"", ""stop_strategy"": ""TIMEOUT""}",588,"{""varh"": ""Wdeg"", ""valh"": ""Bivs3"", ""saf"": ""True"", ""pc1"": ""True"", ""bdc"": ""1"", ""toh"": ""True"", ""ng"": ""NO"", ""lc"": ""2"", ""negative"": ""STR2"", ""generic2"": ""True"", ""sb"": ""NO""}",0.5843181670061313,0.6220289159682579,198,ExitStatus.OPTIMAL,False,False,0.6220289159682579
2025-06-09T12:16:52.173328,Hsp-aux-10405_c23.xml,"{""input"": ""tests/xcsp3/cop/UNKNOWN/Hsp-aux-10405_c23.xml"", ""solver"": ""xcsp:ACE@2.4"", ""output_dir"": ""results_comparison"", ""global_time_limit"": 600, ""max_tries"": 50, ""tuning_file"": ""tests/psa/ace.tuning.json"", ""hpo_strategy"": ""hamming"", ""global_time_strategy"": ""PERCENT"", ""percent"": 0.2, ""round_time_strategy"": ""STATIC"", ""time_evolution"": ""STATIC"", ""stop_strategy"": ""TIMEOUT""}",589,"{""varh"": ""Impact"", ""valh"": ""First"", ""saf"": ""True"", ""pc1"": ""True"", ""bdc"": ""1"", ""toh"": ""True"", ""ng"": ""NO"", ""lc"": ""1"", ""negative"": ""STR2"", ""generic2"": ""True"", ""sb"": ""NO""}",0.5843181670061313,1.3666882920078933,,ExitStatus.UNKNOWN,False,False,1.3666882920078933
2025-06-09T12:16:52.822864,Hsp-aux-10405_c23.xml,"{""input"": ""tests/xcsp3/cop/UNKNOWN/Hsp-aux-10405_c23.xml"", ""solver"": ""xcsp:ACE@2.4"", ""output_dir"": ""results_comparison"", ""global_time_limit"": 600, ""max_tries"": 50, ""tuning_file"": ""tests/psa/ace.tuning.json"", ""hpo_strategy"": ""hamming"", ""global_time_strategy"": ""PERCENT"", ""percent"": 0.2, ""round_time_strategy"": ""STATIC"", ""time_evolution"": ""STATIC"", ""stop_strategy"": ""TIMEOUT""}",590,"{""varh"": ""WdegOnDom"", ""valh"": ""First"", ""saf"": ""True"", ""pc1"": ""True"", ""bdc"": ""1000"", ""toh"": ""True"", ""ng"": ""NO"", ""lc"": ""5"", ""negative"": ""STR2"", ""generic2"": ""True"", ""sb"": ""NO""}",0.5843181670061313,0.5711670000455342,,ExitStatus.UNKNOWN,False,False,0.5711670000455342
2025-06-09T12:16:53.514322,Hsp-aux-10405_c23.xml,"{""input"": ""tests/xcsp3/cop/UNKNOWN/Hsp-aux-10405_c23.xml"", ""solver"": ""xcsp:ACE@2.4"", ""output_dir"": ""results_comparison"", ""global_time_limit"": 600, ""max_tries"": 50, ""tuning_file"": ""tests/psa/ace.tuning.json"", ""hpo_strategy"": ""hamming"", ""global_time_strategy"": ""PERCENT"", ""percent"": 0.2, ""round_time_strategy"": ""STATIC"", ""time_evolution"": ""STATIC"", ""stop_strategy"": ""TIMEOUT""}",591,"{""varh"": ""Wdeg"", ""valh"": ""First"", ""saf"": ""True"", ""pc1"": ""True"", ""bdc"": ""1"", ""toh"": ""False"", ""ng"": ""NO"", ""lc"": ""5"", ""negative"": ""V"", ""generic2"": ""True"", ""sb"": ""NO""}",0.5843181670061313,0.6143313749926165,198,ExitStatus.OPTIMAL,False,False,0.6143313749926165
2025-06-09T12:16:54.165579,Hsp-aux-10405_c23.xml,"{""input"": ""tests/xcsp3/cop/UNKNOWN/Hsp-aux-10405_c23.xml"", ""solver"": ""xcsp:ACE@2.4"", ""output_dir"": ""results_comparison"", ""global_time_limit"": 600, ""max_tries"": 50, ""tuning_file"": ""tests/psa/ace.tuning.json"", ""hpo_strategy"": ""hamming"", ""global_time_strategy"": ""PERCENT"", ""percent"": 0.2, ""round_time_strategy"": ""STATIC"", ""time_evolution"": ""STATIC"", ""stop_strategy"": ""TIMEOUT""}",592,"{""varh"": ""WdegOnDom"", ""valh"": ""First"", ""saf"": ""True"", ""pc1"": ""True"", ""bdc"": ""100"", ""toh"": ""True"", ""ng"": ""NO"", ""lc"": ""5"", ""negative"": ""STR2"", ""generic2"": ""True"", ""sb"": ""NO""}",0.5843181670061313,0.5743550829938613,,ExitStatus.UNKNOWN,False,False,0.5743550829938613
2025-06-09T12:16:54.863909,Hsp-aux-10405_c23.xml,"{""input"": ""tests/xcsp3/cop/UNKNOWN/Hsp-aux-10405_c23.xml"", ""solver"": ""xcsp:ACE@2.4"", ""output_dir"": ""results_comparison"", ""global_time_limit"": 600, ""max_tries"": 50, ""tuning_file"": ""tests/psa/ace.tuning.json"", ""hpo_strategy"": ""hamming"", ""global_time_strategy"": ""PERCENT"", ""percent"": 0.2, ""round_time_strategy"": ""STATIC"", ""time_evolution"": ""STATIC"", ""stop_strategy"": ""TIMEOUT""}",593,"{""varh"": ""Wdeg"", ""valh"": ""Bivs3"", ""saf"": ""True"", ""pc1"": ""True"", ""bdc"": ""1"", ""toh"": ""True"", ""ng"": ""NO"", ""lc"": ""5"", ""negative"": ""CT"", ""generic2"": ""True"", ""sb"": ""NO""}",0.5843181670061313,0.6203327919938602,198,ExitStatus.OPTIMAL,False,False,0.6203327919938602
2025-06-09T12:16:55.543148,Hsp-aux-10405_c23.xml,"{""input"": ""tests/xcsp3/cop/UNKNOWN/Hsp-aux-10405_c23.xml"", ""solver"": ""xcsp:ACE@2.4"", ""output_dir"": ""results_comparison"", ""global_time_limit"": 600, ""max_tries"": 50, ""tuning_file"": ""tests/psa/ace.tuning.json"", ""hpo_strategy"": ""hamming"", ""global_time_strategy"": ""PERCENT"", ""percent"": 0.2, ""round_time_strategy"": ""STATIC"", ""time_evolution"": ""STATIC"", ""stop_strategy"": ""TIMEOUT""}",594,"{""varh"": ""Wdeg"", ""valh"": ""RunRobin"", ""saf"": ""True"", ""pc1"": ""True"", ""bdc"": ""1"", ""toh"": ""True"", ""ng"": ""NO"", ""lc"": ""5"", ""negative"": ""V"", ""generic2"": ""True"", ""sb"": ""NO""}",0.5843181670061313,0.6022437500068918,198,ExitStatus.OPTIMAL,False,False,0.6022437500068918
2025-06-09T12:16:56.238025,Hsp-aux-10405_c23.xml,"{""input"": ""tests/xcsp3/cop/UNKNOWN/Hsp-aux-10405_c23.xml"", ""solver"": ""xcsp:ACE@2.4"", ""output_dir"": ""results_comparison"", ""global_time_limit"": 600, ""max_tries"": 50, ""tuning_file"": ""tests/psa/ace.tuning.json"", ""hpo_strategy"": ""hamming"", ""global_time_strategy"": ""PERCENT"", ""percent"": 0.2, ""round_time_strategy"": ""STATIC"", ""time_evolution"": ""STATIC"", ""stop_strategy"": ""TIMEOUT""}",595,"{""varh"": ""Wdeg"", ""valh"": ""First"", ""saf"": ""True"", ""pc1"": ""True"", ""bdc"": ""1"", ""toh"": ""True"", ""ng"": ""NO"", ""lc"": ""10"", ""negative"": ""STR1"", ""generic2"": ""True"", ""sb"": ""NO""}",0.5843181670061313,0.6176615419681184,198,ExitStatus.OPTIMAL,False,False,0.6176615419681184
2025-06-09T12:16:56.928976,Hsp-aux-10405_c23.xml,"{""input"": ""tests/xcsp3/cop/UNKNOWN/Hsp-aux-10405_c23.xml"", ""solver"": ""xcsp:ACE@2.4"", ""output_dir"": ""results_comparison"", ""global_time_limit"": 600, ""max_tries"": 50, ""tuning_file"": ""tests/psa/ace.tuning.json"", ""hpo_strategy"": ""hamming"", ""global_time_strategy"": ""PERCENT"", ""percent"": 0.2, ""round_time_strategy"": ""STATIC"", ""time_evolution"": ""STATIC"", ""stop_strategy"": ""TIMEOUT""}",596,"{""varh"": ""WdegOnDom"", ""valh"": ""Vals"", ""saf"": ""True"", ""pc1"": ""True"", ""bdc"": ""1"", ""toh"": ""True"", ""ng"": ""NO"", ""lc"": ""5"", ""negative"": ""STR2"", ""generic2"": ""True"", ""sb"": ""NO""}",0.5843181670061313,0.6141095419880003,198,ExitStatus.OPTIMAL,False,False,0.6141095419880003
2025-06-09T12:16:57.660611,Hsp-aux-10405_c23.xml,"{""input"": ""tests/xcsp3/cop/UNKNOWN/Hsp-aux-10405_c23.xml"", ""solver"": ""xcsp:ACE@2.4"", ""output_dir"": ""results_comparison"", ""global_time_limit"": 600, ""max_tries"": 50, ""tuning_file"": ""tests/psa/ace.tuning.json"", ""hpo_strategy"": ""hamming"", ""global_time_strategy"": ""PERCENT"", ""percent"": 0.2, ""round_time_strategy"": ""STATIC"", ""time_evolution"": ""STATIC"", ""stop_strategy"": ""TIMEOUT""}",597,"{""varh"": ""FrbaOnDom"", ""valh"": ""First"", ""saf"": ""True"", ""pc1"": ""True"", ""bdc"": ""1"", ""toh"": ""True"", ""ng"": ""NO"", ""lc"": ""5"", ""negative"": ""CT"", ""generic2"": ""True"", ""sb"": ""NO""}",0.5843181670061313,0.6539889160194434,198,ExitStatus.OPTIMAL,False,False,0.6539889160194434
2025-06-09T12:16:59.095184,Hsp-aux-10405_c23.xml,"{""input"": ""tests/xcsp3/cop/UNKNOWN/Hsp-aux-10405_c23.xml"", ""solver"": ""xcsp:ACE@2.4"", ""output_dir"": ""results_comparison"", ""global_time_limit"": 600, ""max_tries"": 50, ""tuning_file"": ""tests/psa/ace.tuning.json"", ""hpo_strategy"": ""hamming"", ""global_time_strategy"": ""PERCENT"", ""percent"": 0.2, ""round_time_strategy"": ""STATIC"", ""time_evolution"": ""STATIC"", ""stop_strategy"": ""TIMEOUT""}",598,"{""varh"": ""Lexico"", ""valh"": ""First"", ""saf"": ""True"", ""pc1"": ""True"", ""bdc"": ""1"", ""toh"": ""True"", ""ng"": ""NO"", ""lc"": ""5"", ""negative"": ""STR0"", ""generic2"": ""True"", ""sb"": ""NO""}",0.5843181670061313,1.3557909579831176,,ExitStatus.UNKNOWN,False,False,1.3557909579831176
2025-06-09T12:16:59.997354,Hsp-aux-10405_c23.xml,"{""input"": ""tests/xcsp3/cop/UNKNOWN/Hsp-aux-10405_c23.xml"", ""solver"": ""xcsp:ACE@2.4"", ""output_dir"": ""results_comparison"", ""global_time_limit"": 600, ""max_tries"": 50, ""tuning_file"": ""tests/psa/ace.tuning.json"", ""hpo_strategy"": ""hamming"", ""global_time_strategy"": ""PERCENT"", ""percent"": 0.2, ""round_time_strategy"": ""STATIC"", ""time_evolution"": ""STATIC"", ""stop_strategy"": ""TIMEOUT""}",599,"{""varh"": ""Wdeg"", ""valh"": ""Last"", ""saf"": ""True"", ""pc1"": ""True"", ""bdc"": ""1"", ""toh"": ""True"", ""ng"": ""NO"", ""lc"": ""10"", ""negative"": ""STR2"", ""generic2"": ""True"", ""sb"": ""NO""}",0.5843181670061313,0.8268388329888694,198,ExitStatus.OPTIMAL,False,False,0.8268388329888694
2025-06-09T12:17:00.868241,Hsp-aux-10405_c23.xml,"{""input"": ""tests/xcsp3/cop/UNKNOWN/Hsp-aux-10405_c23.xml"", ""solver"": ""xcsp:ACE@2.4"", ""output_dir"": ""results_comparison"", ""global_time_limit"": 600, ""max_tries"": 50, ""tuning_file"": ""tests/psa/ace.tuning.json"", ""hpo_strategy"": ""hamming"", ""global_time_strategy"": ""PERCENT"", ""percent"": 0.2, ""round_time_strategy"": ""STATIC"", ""time_evolution"": ""STATIC"", ""stop_strategy"": ""TIMEOUT""}",600,"{""varh"": ""Wdeg"", ""valh"": ""Median"", ""saf"": ""True"", ""pc1"": ""True"", ""bdc"": ""1"", ""toh"": ""True"", ""ng"": ""NO"", ""lc"": ""5"", ""negative"": ""CT"", ""generic2"": ""True"", ""sb"": ""NO""}",0.5843181670061313,0.7922043749713339,198,ExitStatus.OPTIMAL,False,False,0.7922043749713339
2025-06-09T12:17:01.526783,Hsp-aux-10405_c23.xml,"{""input"": ""tests/xcsp3/cop/UNKNOWN/Hsp-aux-10405_c23.xml"", ""solver"": ""xcsp:ACE@2.4"", ""output_dir"": ""results_comparison"", ""global_time_limit"": 600, ""max_tries"": 50, ""tuning_file"": ""tests/psa/ace.tuning.json"", ""hpo_strategy"": ""hamming"", ""global_time_strategy"": ""PERCENT"", ""percent"": 0.2, ""round_time_strategy"": ""STATIC"", ""time_evolution"": ""STATIC"", ""stop_strategy"": ""TIMEOUT""}",601,"{""varh"": ""Wdeg"", ""valh"": ""First"", ""saf"": ""True"", ""pc1"": ""True"", ""bdc"": ""1"", ""toh"": ""False"", ""ng"": ""NO"", ""lc"": ""5"", ""negative"": ""STR2N"", ""generic2"": ""True"", ""sb"": ""NO""}",0.5821825420134701,0.5821825420134701,198,ExitStatus.OPTIMAL,True,True,0.5821825420134701
2025-06-09T12:17:02.243634,Hsp-aux-10405_c23.xml,"{""input"": ""tests/xcsp3/cop/UNKNOWN/Hsp-aux-10405_c23.xml"", ""solver"": ""xcsp:ACE@2.4"", ""output_dir"": ""results_comparison"", ""global_time_limit"": 600, ""max_tries"": 50, ""tuning_file"": ""tests/psa/ace.tuning.json"", ""hpo_strategy"": ""hamming"", ""global_time_strategy"": ""PERCENT"", ""percent"": 0.2, ""round_time_strategy"": ""STATIC"", ""time_evolution"": ""STATIC"", ""stop_strategy"": ""TIMEOUT""}",602,"{""varh"": ""PickOnDom"", ""valh"": ""First"", ""saf"": ""True"", ""pc1"": ""True"", ""bdc"": ""1"", ""toh"": ""False"", ""ng"": ""NO"", ""lc"": ""5"", ""negative"": ""STR2N"", ""generic2"": ""True"", ""sb"": ""NO""}",0.5821825420134701,0.6413927919929847,198,ExitStatus.OPTIMAL,False,False,0.6413927919929847
2025-06-09T12:17:03.100650,Hsp-aux-10405_c23.xml,"{""input"": ""tests/xcsp3/cop/UNKNOWN/Hsp-aux-10405_c23.xml"", ""solver"": ""xcsp:ACE@2.4"", ""output_dir"": ""results_comparison"", ""global_time_limit"": 600, ""max_tries"": 50, ""tuning_file"": ""tests/psa/ace.tuning.json"", ""hpo_strategy"": ""hamming"", ""global_time_strategy"": ""PERCENT"", ""percent"": 0.2, ""round_time_strategy"": ""STATIC"", ""time_evolution"": ""STATIC"", ""stop_strategy"": ""TIMEOUT""}",603,"{""varh"": ""Wdeg"", ""valh"": ""Median"", ""saf"": ""True"", ""pc1"": ""True"", ""bdc"": ""1"", ""toh"": ""False"", ""ng"": ""NO"", ""lc"": ""5"", ""negative"": ""STR2N"", ""generic2"": ""True"", ""sb"": ""NO""}",0.5821825420134701,0.7786086670239456,198,ExitStatus.OPTIMAL,False,False,0.7786086670239456
2025-06-09T12:17:03.793487,Hsp-aux-10405_c23.xml,"{""input"": ""tests/xcsp3/cop/UNKNOWN/Hsp-aux-10405_c23.xml"", ""solver"": ""xcsp:ACE@2.4"", ""output_dir"": ""results_comparison"", ""global_time_limit"": 600, ""max_tries"": 50, ""tuning_file"": ""tests/psa/ace.tuning.json"", ""hpo_strategy"": ""hamming"", ""global_time_strategy"": ""PERCENT"", ""percent"": 0.2, ""round_time_strategy"": ""STATIC"", ""time_evolution"": ""STATIC"", ""stop_strategy"": ""TIMEOUT""}",604,"{""varh"": ""Wdeg"", ""valh"": ""OccsR"", ""saf"": ""True"", ""pc1"": ""True"", ""bdc"": ""1"", ""toh"": ""False"", ""ng"": ""NO"", ""lc"": ""5"", ""negative"": ""STR2N"", ""generic2"": ""True"", ""sb"": ""NO""}",0.5821825420134701,0.6159614589996636,198,ExitStatus.OPTIMAL,False,False,0.6159614589996636
2025-06-09T12:17:04.490556,Hsp-aux-10405_c23.xml,"{""input"": ""tests/xcsp3/cop/UNKNOWN/Hsp-aux-10405_c23.xml"", ""solver"": ""xcsp:ACE@2.4"", ""output_dir"": ""results_comparison"", ""global_time_limit"": 600, ""max_tries"": 50, ""tuning_file"": ""tests/psa/ace.tuning.json"", ""hpo_strategy"": ""hamming"", ""global_time_strategy"": ""PERCENT"", ""percent"": 0.2, ""round_time_strategy"": ""STATIC"", ""time_evolution"": ""STATIC"", ""stop_strategy"": ""TIMEOUT""}",605,"{""varh"": ""Wdeg"", ""valh"": ""First"", ""saf"": ""True"", ""pc1"": ""False"", ""bdc"": ""1"", ""toh"": ""False"", ""ng"": ""NO"", ""lc"": ""5"", ""negative"": ""STR2N"", ""generic2"": ""True"", ""sb"": ""NO""}",0.5821825420134701,0.618869874975644,198,ExitStatus.OPTIMAL,False,False,0.618869874975644
2025-06-09T12:17:05.135031,Hsp-aux-10405_c23.xml,"{""input"": ""tests/xcsp3/cop/UNKNOWN/Hsp-aux-10405_c23.xml"", ""solver"": ""xcsp:ACE@2.4"", ""output_dir"": ""results_comparison"", ""global_time_limit"": 600, ""max_tries"": 50, ""tuning_file"": ""tests/psa/ace.tuning.json"", ""hpo_strategy"": ""hamming"", ""global_time_strategy"": ""PERCENT"", ""percent"": 0.2, ""round_time_strategy"": ""STATIC"", ""time_evolution"": ""STATIC"", ""stop_strategy"": ""TIMEOUT""}",606,"{""varh"": ""Wdeg"", ""valh"": ""First"", ""saf"": ""True"", ""pc1"": ""True"", ""bdc"": ""100"", ""toh"": ""False"", ""ng"": ""NO"", ""lc"": ""5"", ""negative"": ""STR2N"", ""generic2"": ""True"", ""sb"": ""NO""}",0.5821825420134701,0.5657804170041345,,ExitStatus.UNKNOWN,False,False,0.5657804170041345
2025-06-09T12:17:05.835428,Hsp-aux-10405_c23.xml,"{""input"": ""tests/xcsp3/cop/UNKNOWN/Hsp-aux-10405_c23.xml"", ""solver"": ""xcsp:ACE@2.4"", ""output_dir"": ""results_comparison"", ""global_time_limit"": 600, ""max_tries"": 50, ""tuning_file"": ""tests/psa/ace.tuning.json"", ""hpo_strategy"": ""hamming"", ""global_time_strategy"": ""PERCENT"", ""percent"": 0.2, ""round_time_strategy"": ""STATIC"", ""time_evolution"": ""STATIC"", ""stop_strategy"": ""TIMEOUT""}",607,"{""varh"": ""Wdeg"", ""valh"": ""FlrsE"", ""saf"": ""True"", ""pc1"": ""True"", ""bdc"": ""1"", ""toh"": ""False"", ""ng"": ""NO"", ""lc"": ""5"", ""negative"": ""STR2N"", ""generic2"": ""True"", ""sb"": ""NO""}",0.5821825420134701,0.6199073329917155,198,ExitStatus.OPTIMAL,False,False,0.6199073329917155
2025-06-09T12:17:06.558176,Hsp-aux-10405_c23.xml,"{""input"": ""tests/xcsp3/cop/UNKNOWN/Hsp-aux-10405_c23.xml"", ""solver"": ""xcsp:ACE@2.4"", ""output_dir"": ""results_comparison"", ""global_time_limit"": 600, ""max_tries"": 50, ""tuning_file"": ""tests/psa/ace.tuning.json"", ""hpo_strategy"": ""hamming"", ""global_time_strategy"": ""PERCENT"", ""percent"": 0.2, ""round_time_strategy"": ""STATIC"", ""time_evolution"": ""STATIC"", ""stop_strategy"": ""TIMEOUT""}",608,"{""varh"": ""Wdeg"", ""valh"": ""First"", ""saf"": ""True"", ""pc1"": ""True"", ""bdc"": ""10"", ""toh"": ""False"", ""ng"": ""NO"", ""lc"": ""5"", ""negative"": ""STR2N"", ""generic2"": ""True"", ""sb"": ""NO""}",0.5821825420134701,0.6420299159944989,198,ExitStatus.OPTIMAL,False,False,0.6420299159944989
2025-06-09T12:17:07.249125,Hsp-aux-10405_c23.xml,"{""input"": ""tests/xcsp3/cop/UNKNOWN/Hsp-aux-10405_c23.xml"", ""solver"": ""xcsp:ACE@2.4"", ""output_dir"": ""results_comparison"", ""global_time_limit"": 600, ""max_tries"": 50, ""tuning_file"": ""tests/psa/ace.tuning.json"", ""hpo_strategy"": ""hamming"", ""global_time_strategy"": ""PERCENT"", ""percent"": 0.2, ""round_time_strategy"": ""STATIC"", ""time_evolution"": ""STATIC"", ""stop_strategy"": ""TIMEOUT""}",609,"{""varh"": ""WdegOnDom"", ""valh"": ""First"", ""saf"": ""True"", ""pc1"": ""True"", ""bdc"": ""1"", ""toh"": ""False"", ""ng"": ""NO"", ""lc"": ""5"", ""negative"": ""STR2N"", ""generic2"": ""True"", ""sb"": ""NO""}",0.5821825420134701,0.6130338750081137,198,ExitStatus.OPTIMAL,False,False,0.6130338750081137
2025-06-09T12:17:07.910217,Hsp-aux-10405_c23.xml,"{""input"": ""tests/xcsp3/cop/UNKNOWN/Hsp-aux-10405_c23.xml"", ""solver"": ""xcsp:ACE@2.4"", ""output_dir"": ""results_comparison"", ""global_time_limit"": 600, ""max_tries"": 50, ""tuning_file"": ""tests/psa/ace.tuning.json"", ""hpo_strategy"": ""hamming"", ""global_time_strategy"": ""PERCENT"", ""percent"": 0.2, ""round_time_strategy"": ""STATIC"", ""time_evolution"": ""STATIC"", ""stop_strategy"": ""TIMEOUT""}",610,"{""varh"": ""Wdeg"", ""valh"": ""Bivs3"", ""saf"": ""True"", ""pc1"": ""True"", ""bdc"": ""1"", ""toh"": ""False"", ""ng"": ""NO"", ""lc"": ""5"", ""negative"": ""STR2N"", ""generic2"": ""True"", ""sb"": ""NO""}",0.5821825420134701,0.5832454999908805,198,ExitStatus.OPTIMAL,False,False,0.5832454999908805
2025-06-09T12:17:08.593236,Hsp-aux-10405_c23.xml,"{""input"": ""tests/xcsp3/cop/UNKNOWN/Hsp-aux-10405_c23.xml"", ""solver"": ""xcsp:ACE@2.4"", ""output_dir"": ""results_comparison"", ""global_time_limit"": 600, ""max_tries"": 50, ""tuning_file"": ""tests/psa/ace.tuning.json"", ""hpo_strategy"": ""hamming"", ""global_time_strategy"": ""PERCENT"", ""percent"": 0.2, ""round_time_strategy"": ""STATIC"", ""time_evolution"": ""STATIC"", ""stop_strategy"": ""TIMEOUT""}",611,"{""varh"": ""Wdeg"", ""valh"": ""First"", ""saf"": ""False"", ""pc1"": ""True"", ""bdc"": ""1"", ""toh"": ""False"", ""ng"": ""NO"", ""lc"": ""5"", ""negative"": ""STR2N"", ""generic2"": ""True"", ""sb"": ""NO""}",0.5821825420134701,0.6054175000172108,198,ExitStatus.OPTIMAL,False,False,0.6054175000172108
2025-06-09T12:17:09.239479,Hsp-aux-10405_c23.xml,"{""input"": ""tests/xcsp3/cop/UNKNOWN/Hsp-aux-10405_c23.xml"", ""solver"": ""xcsp:ACE@2.4"", ""output_dir"": ""results_comparison"", ""global_time_limit"": 600, ""max_tries"": 50, ""tuning_file"": ""tests/psa/ace.tuning.json"", ""hpo_strategy"": ""hamming"", ""global_time_strategy"": ""PERCENT"", ""percent"": 0.2, ""round_time_strategy"": ""STATIC"", ""time_evolution"": ""STATIC"", ""stop_strategy"": ""TIMEOUT""}",612,"{""varh"": ""Wdeg"", ""valh"": ""First"", ""saf"": ""True"", ""pc1"": ""True"", ""bdc"": ""1000"", ""toh"": ""False"", ""ng"": ""NO"", ""lc"": ""5"", ""negative"": ""STR2N"", ""generic2"": ""True"", ""sb"": ""NO""}",0.5821825420134701,0.5687727920012549,,ExitStatus.UNKNOWN,False,False,0.5687727920012549
2025-06-09T12:17:09.925664,Hsp-aux-10405_c23.xml,"{""input"": ""tests/xcsp3/cop/UNKNOWN/Hsp-aux-10405_c23.xml"", ""solver"": ""xcsp:ACE@2.4"", ""output_dir"": ""results_comparison"", ""global_time_limit"": 600, ""max_tries"": 50, ""tuning_file"": ""tests/psa/ace.tuning.json"", ""hpo_strategy"": ""hamming"", ""global_time_strategy"": ""PERCENT"", ""percent"": 0.2, ""round_time_strategy"": ""STATIC"", ""time_evolution"": ""STATIC"", ""stop_strategy"": ""TIMEOUT""}",613,"{""varh"": ""Wdeg"", ""valh"": ""First"", ""saf"": ""True"", ""pc1"": ""True"", ""bdc"": ""1"", ""toh"": ""False"", ""ng"": ""NO"", ""lc"": ""10"", ""negative"": ""STR2N"", ""generic2"": ""True"", ""sb"": ""NO""}",0.5821825420134701,0.6082200829987414,198,ExitStatus.OPTIMAL,False,False,0.6082200829987414
2025-06-09T12:17:11.368424,Hsp-aux-10405_c23.xml,"{""input"": ""tests/xcsp3/cop/UNKNOWN/Hsp-aux-10405_c23.xml"", ""solver"": ""xcsp:ACE@2.4"", ""output_dir"": ""results_comparison"", ""global_time_limit"": 600, ""max_tries"": 50, ""tuning_file"": ""tests/psa/ace.tuning.json"", ""hpo_strategy"": ""hamming"", ""global_time_strategy"": ""PERCENT"", ""percent"": 0.2, ""round_time_strategy"": ""STATIC"", ""time_evolution"": ""STATIC"", ""stop_strategy"": ""TIMEOUT""}",614,"{""varh"": ""Rand"", ""valh"": ""First"", ""saf"": ""True"", ""pc1"": ""True"", ""bdc"": ""1"", ""toh"": ""False"", ""ng"": ""NO"", ""lc"": ""5"", ""negative"": ""STR2N"", ""generic2"": ""True"", ""sb"": ""NO""}",0.5821825420134701,1.365340250020381,198,ExitStatus.FEASIBLE,False,False,1.365340250020381
2025-06-09T12:17:12.067659,Hsp-aux-10405_c23.xml,"{""input"": ""tests/xcsp3/cop/UNKNOWN/Hsp-aux-10405_c23.xml"", ""solver"": ""xcsp:ACE@2.4"", ""output_dir"": ""results_comparison"", ""global_time_limit"": 600, ""max_tries"": 50, ""tuning_file"": ""tests/psa/ace.tuning.json"", ""hpo_strategy"": ""hamming"", ""global_time_strategy"": ""PERCENT"", ""percent"": 0.2, ""round_time_strategy"": ""STATIC"", ""time_evolution"": ""STATIC"", ""stop_strategy"": ""TIMEOUT""}",615,"{""varh"": ""Wdeg"", ""valh"": ""Vals"", ""saf"": ""True"", ""pc1"": ""True"", ""bdc"": ""1"", ""toh"": ""False"", ""ng"": ""NO"", ""lc"": ""5"", ""negative"": ""STR2N"", ""generic2"": ""True"", ""sb"": ""NO""}",0.5821825420134701,0.6213562919874676,198,ExitStatus.OPTIMAL,False,False,0.6213562919874676
2025-06-09T12:17:13.495814,Hsp-aux-10405_c23.xml,"{""input"": ""tests/xcsp3/cop/UNKNOWN/Hsp-aux-10405_c23.xml"", ""solver"": ""xcsp:ACE@2.4"", ""output_dir"": ""results_comparison"", ""global_time_limit"": 600, ""max_tries"": 50, ""tuning_file"": ""tests/psa/ace.tuning.json"", ""hpo_strategy"": ""hamming"", ""global_time_strategy"": ""PERCENT"", ""percent"": 0.2, ""round_time_strategy"": ""STATIC"", ""time_evolution"": ""STATIC"", ""stop_strategy"": ""TIMEOUT""}",616,"{""varh"": ""Lexico"", ""valh"": ""First"", ""saf"": ""True"", ""pc1"": ""True"", ""bdc"": ""1"", ""toh"": ""False"", ""ng"": ""NO"", ""lc"": ""5"", ""negative"": ""STR2N"", ""generic2"": ""True"", ""sb"": ""NO""}",0.5821825420134701,1.3502317080274224,,ExitStatus.UNKNOWN,False,False,1.3502317080274224
2025-06-09T12:17:14.936438,Hsp-aux-10405_c23.xml,"{""input"": ""tests/xcsp3/cop/UNKNOWN/Hsp-aux-10405_c23.xml"", ""solver"": ""xcsp:ACE@2.4"", ""output_dir"": ""results_comparison"", ""global_time_limit"": 600, ""max_tries"": 50, ""tuning_file"": ""tests/psa/ace.tuning.json"", ""hpo_strategy"": ""hamming"", ""global_time_strategy"": ""PERCENT"", ""percent"": 0.2, ""round_time_strategy"": ""STATIC"", ""time_evolution"": ""STATIC"", ""stop_strategy"": ""TIMEOUT""}",617,"{""varh"": ""Activity"", ""valh"": ""First"", ""saf"": ""True"", ""pc1"": ""True"", ""bdc"": ""1"", ""toh"": ""False"", ""ng"": ""NO"", ""lc"": ""5"", ""negative"": ""STR2N"", ""generic2"": ""True"", ""sb"": ""NO""}",0.5821825420134701,1.3630974169936962,270,ExitStatus.FEASIBLE,False,False,1.3630974169936962
2025-06-09T12:17:15.629614,Hsp-aux-10405_c23.xml,"{""input"": ""tests/xcsp3/cop/UNKNOWN/Hsp-aux-10405_c23.xml"", ""solver"": ""xcsp:ACE@2.4"", ""output_dir"": ""results_comparison"", ""global_time_limit"": 600, ""max_tries"": 50, ""tuning_file"": ""tests/psa/ace.tuning.json"", ""hpo_strategy"": ""hamming"", ""global_time_strategy"": ""PERCENT"", ""percent"": 0.2, ""round_time_strategy"": ""STATIC"", ""time_evolution"": ""STATIC"", ""stop_strategy"": ""TIMEOUT""}",618,"{""varh"": ""Wdeg"", ""valh"": ""First"", ""saf"": ""True"", ""pc1"": ""True"", ""bdc"": ""1"", ""toh"": ""False"", ""ng"": ""NO"", ""lc"": ""5"", ""negative"": ""STR2N"", ""generic2"": ""False"", ""sb"": ""NO""}",0.5821825420134701,0.6140248749870807,198,ExitStatus.OPTIMAL,False,False,0.6140248749870807
2025-06-09T12:17:16.323327,Hsp-aux-10405_c23.xml,"{""input"": ""tests/xcsp3/cop/UNKNOWN/Hsp-aux-10405_c23.xml"", ""solver"": ""xcsp:ACE@2.4"", ""output_dir"": ""results_comparison"", ""global_time_limit"": 600, ""max_tries"": 50, ""tuning_file"": ""tests/psa/ace.tuning.json"", ""hpo_strategy"": ""hamming"", ""global_time_strategy"": ""PERCENT"", ""percent"": 0.2, ""round_time_strategy"": ""STATIC"", ""time_evolution"": ""STATIC"", ""stop_strategy"": ""TIMEOUT""}",619,"{""varh"": ""Wdeg"", ""valh"": ""Rand"", ""saf"": ""True"", ""pc1"": ""True"", ""bdc"": ""1"", ""toh"": ""False"", ""ng"": ""NO"", ""lc"": ""5"", ""negative"": ""STR2N"", ""generic2"": ""True"", ""sb"": ""NO""}",0.5821825420134701,0.6155854589887895,198,ExitStatus.OPTIMAL,False,False,0.6155854589887895
2025-06-09T12:17:17.017155,Hsp-aux-10405_c23.xml,"{""input"": ""tests/xcsp3/cop/UNKNOWN/Hsp-aux-10405_c23.xml"", ""solver"": ""xcsp:ACE@2.4"", ""output_dir"": ""results_comparison"", ""global_time_limit"": 600, ""max_tries"": 50, ""tuning_file"": ""tests/psa/ace.tuning.json"", ""hpo_strategy"": ""hamming"", ""global_time_strategy"": ""PERCENT"", ""percent"": 0.2, ""round_time_strategy"": ""STATIC"", ""time_evolution"": ""STATIC"", ""stop_strategy"": ""TIMEOUT""}",620,"{""varh"": ""Wdeg"", ""valh"": ""First"", ""saf"": ""True"", ""pc1"": ""True"", ""bdc"": ""1"", ""toh"": ""False"", ""ng"": ""NO"", ""lc"": ""1"", ""negative"": ""STR2N"", ""generic2"": ""True"", ""sb"": ""NO""}",0.5821825420134701,0.6163397080381401,198,ExitStatus.OPTIMAL,False,False,0.6163397080381401
2025-06-09T12:17:18.738511,Hsp-aux-10405_c23.xml,"{""input"": ""tests/xcsp3/cop/UNKNOWN/Hsp-aux-10405_c23.xml"", ""solver"": ""xcsp:ACE@2.4"", ""output_dir"": ""results_comparison"", ""global_time_limit"": 600, ""max_tries"": 50, ""tuning_file"": ""tests/psa/ace.tuning.json"", ""hpo_strategy"": ""hamming"", ""global_time_strategy"": ""PERCENT"", ""percent"": 0.2, ""round_time_strategy"": ""STATIC"", ""time_evolution"": ""STATIC"", ""stop_strategy"": ""TIMEOUT""}",621,"{""varh"": ""Wdeg"", ""valh"": ""Conflicts"", ""saf"": ""True"", ""pc1"": ""True"", ""bdc"": ""1"", ""toh"": ""False"", ""ng"": ""NO"", ""lc"": ""5"", ""negative"": ""STR2N"", ""generic2"": ""True"", ""sb"": ""NO""}",0.5821825420134701,1.6406440829741769,,ExitStatus.UNKNOWN,False,False,1.6406440829741769
2025-06-09T12:17:19.409434,Hsp-aux-10405_c23.xml,"{""input"": ""tests/xcsp3/cop/UNKNOWN/Hsp-aux-10405_c23.xml"", ""solver"": ""xcsp:ACE@2.4"", ""output_dir"": ""results_comparison"", ""global_time_limit"": 600, ""max_tries"": 50, ""tuning_file"": ""tests/psa/ace.tuning.json"", ""hpo_strategy"": ""hamming"", ""global_time_strategy"": ""PERCENT"", ""percent"": 0.2, ""round_time_strategy"": ""STATIC"", ""time_evolution"": ""STATIC"", ""stop_strategy"": ""TIMEOUT""}",622,"{""varh"": ""Wdeg"", ""valh"": ""First"", ""saf"": ""True"", ""pc1"": ""True"", ""bdc"": ""1"", ""toh"": ""False"", ""ng"": ""NO"", ""lc"": ""2"", ""negative"": ""STR2N"", ""generic2"": ""True"", ""sb"": ""NO""}",0.5821825420134701,0.594206249981653,198,ExitStatus.OPTIMAL,False,False,0.594206249981653
2025-06-09T12:17:20.848562,Hsp-aux-10405_c23.xml,"{""input"": ""tests/xcsp3/cop/UNKNOWN/Hsp-aux-10405_c23.xml"", ""solver"": ""xcsp:ACE@2.4"", ""output_dir"": ""results_comparison"", ""global_time_limit"": 600, ""max_tries"": 50, ""tuning_file"": ""tests/psa/ace.tuning.json"", ""hpo_strategy"": ""hamming"", ""global_time_strategy"": ""PERCENT"", ""percent"": 0.2, ""round_time_strategy"": ""STATIC"", ""time_evolution"": ""STATIC"", ""stop_strategy"": ""TIMEOUT""}",623,"{""varh"": ""Impact"", ""valh"": ""First"", ""saf"": ""True"", ""pc1"": ""True"", ""bdc"": ""1"", ""toh"": ""False"", ""ng"": ""NO"", ""lc"": ""5"", ""negative"": ""STR2N"", ""generic2"": ""True"", ""sb"": ""NO""}",0.5821825420134701,1.36061079101637,,ExitStatus.UNKNOWN,False,False,1.36061079101637
2025-06-09T12:17:21.823301,Hsp-aux-10405_c23.xml,"{""input"": ""tests/xcsp3/cop/UNKNOWN/Hsp-aux-10405_c23.xml"", ""solver"": ""xcsp:ACE@2.4"", ""output_dir"": ""results_comparison"", ""global_time_limit"": 600, ""max_tries"": 50, ""tuning_file"": ""tests/psa/ace.tuning.json"", ""hpo_strategy"": ""hamming"", ""global_time_strategy"": ""PERCENT"", ""percent"": 0.2, ""round_time_strategy"": ""STATIC"", ""time_evolution"": ""STATIC"", ""stop_strategy"": ""TIMEOUT""}",624,"{""varh"": ""Wdeg"", ""valh"": ""Last"", ""saf"": ""True"", ""pc1"": ""True"", ""bdc"": ""1"", ""toh"": ""False"", ""ng"": ""NO"", ""lc"": ""5"", ""negative"": ""STR2N"", ""generic2"": ""True"", ""sb"": ""NO""}",0.5821825420134701,0.8969143330468796,198,ExitStatus.OPTIMAL,False,False,0.8969143330468796
