timestamp,instance_name,cli_args,probe_round,hyperparameters,timeout_used,runtime_returned,objective_returned,status_returned,is_best_so_far_runtime,is_best_so_far_objective,bo_objective_reported
2025-06-07T22:53:40.503749,KidneyExchange-4-041_c23.xml,"{""input"": ""tests/xcsp3/cop/UNKNOWN/KidneyExchange-4-041_c23.xml"", ""solver"": ""xcsp:ACE@2.4"", ""output_dir"": ""results_comparison"", ""global_time_limit"": 600, ""max_tries"": 50, ""tuning_file"": ""tests/psa/ace.tuning.json"", ""hpo_strategy"": ""hamming"", ""global_time_strategy"": ""PERCENT"", ""percent"": 0.2, ""round_time_strategy"": ""STATIC"", ""time_evolution"": ""STATIC"", ""stop_strategy"": ""TIMEOUT""}",0,"{""varh"": ""Wdeg"", ""valh"": ""First"", ""saf"": ""False"", ""pc1"": ""True"", ""bdc"": ""1"", ""toh"": ""False"", ""ng"": ""NO"", ""lc"": ""2"", ""negative"": ""V"", ""generic2"": ""True"", ""sb"": ""NO""}",1.694263791985577,1.562962249998236,1,ExitStatus.FEASIBLE,True,False,1.562962249998236
2025-06-07T22:53:42.157090,KidneyExchange-4-041_c23.xml,"{""input"": ""tests/xcsp3/cop/UNKNOWN/KidneyExchange-4-041_c23.xml"", ""solver"": ""xcsp:ACE@2.4"", ""output_dir"": ""results_comparison"", ""global_time_limit"": 600, ""max_tries"": 50, ""tuning_file"": ""tests/psa/ace.tuning.json"", ""hpo_strategy"": ""hamming"", ""global_time_strategy"": ""PERCENT"", ""percent"": 0.2, ""round_time_strategy"": ""STATIC"", ""time_evolution"": ""STATIC"", ""stop_strategy"": ""TIMEOUT""}",1,"{""varh"": ""Wdeg"", ""valh"": ""First"", ""saf"": ""False"", ""pc1"": ""True"", ""bdc"": ""1"", ""toh"": ""False"", ""ng"": ""NO"", ""lc"": ""2"", ""negative"": ""STR0"", ""generic2"": ""True"", ""sb"": ""NO""}",1.694263791985577,1.5281430420000106,1,ExitStatus.OPTIMAL,True,False,1.5281430420000106
2025-06-07T22:53:43.793473,KidneyExchange-4-041_c23.xml,"{""input"": ""tests/xcsp3/cop/UNKNOWN/KidneyExchange-4-041_c23.xml"", ""solver"": ""xcsp:ACE@2.4"", ""output_dir"": ""results_comparison"", ""global_time_limit"": 600, ""max_tries"": 50, ""tuning_file"": ""tests/psa/ace.tuning.json"", ""hpo_strategy"": ""hamming"", ""global_time_strategy"": ""PERCENT"", ""percent"": 0.2, ""round_time_strategy"": ""STATIC"", ""time_evolution"": ""STATIC"", ""stop_strategy"": ""TIMEOUT""}",2,"{""varh"": ""Wdeg"", ""valh"": ""First"", ""saf"": ""False"", ""pc1"": ""True"", ""bdc"": ""1"", ""toh"": ""False"", ""ng"": ""NO"", ""lc"": ""2"", ""negative"": ""STR2"", ""generic2"": ""True"", ""sb"": ""NO""}",1.694263791985577,1.5091807919961866,1,ExitStatus.OPTIMAL,True,False,1.5091807919961866
2025-06-07T22:53:45.484880,KidneyExchange-4-041_c23.xml,"{""input"": ""tests/xcsp3/cop/UNKNOWN/KidneyExchange-4-041_c23.xml"", ""solver"": ""xcsp:ACE@2.4"", ""output_dir"": ""results_comparison"", ""global_time_limit"": 600, ""max_tries"": 50, ""tuning_file"": ""tests/psa/ace.tuning.json"", ""hpo_strategy"": ""hamming"", ""global_time_strategy"": ""PERCENT"", ""percent"": 0.2, ""round_time_strategy"": ""STATIC"", ""time_evolution"": ""STATIC"", ""stop_strategy"": ""TIMEOUT""}",3,"{""varh"": ""Wdeg"", ""valh"": ""FlrsE"", ""saf"": ""False"", ""pc1"": ""True"", ""bdc"": ""1"", ""toh"": ""False"", ""ng"": ""NO"", ""lc"": ""2"", ""negative"": ""V"", ""generic2"": ""True"", ""sb"": ""NO""}",1.694263791985577,1.5628626660036389,1,ExitStatus.FEASIBLE,False,False,1.5628626660036389
2025-06-07T22:53:47.172983,KidneyExchange-4-041_c23.xml,"{""input"": ""tests/xcsp3/cop/UNKNOWN/KidneyExchange-4-041_c23.xml"", ""solver"": ""xcsp:ACE@2.4"", ""output_dir"": ""results_comparison"", ""global_time_limit"": 600, ""max_tries"": 50, ""tuning_file"": ""tests/psa/ace.tuning.json"", ""hpo_strategy"": ""hamming"", ""global_time_strategy"": ""PERCENT"", ""percent"": 0.2, ""round_time_strategy"": ""STATIC"", ""time_evolution"": ""STATIC"", ""stop_strategy"": ""TIMEOUT""}",4,"{""varh"": ""Wdeg"", ""valh"": ""Bivs3"", ""saf"": ""False"", ""pc1"": ""True"", ""bdc"": ""1"", ""toh"": ""False"", ""ng"": ""NO"", ""lc"": ""2"", ""negative"": ""V"", ""generic2"": ""True"", ""sb"": ""NO""}",1.694263791985577,1.5592709170014132,1,ExitStatus.FEASIBLE,False,False,1.5592709170014132
2025-06-07T22:53:48.858624,KidneyExchange-4-041_c23.xml,"{""input"": ""tests/xcsp3/cop/UNKNOWN/KidneyExchange-4-041_c23.xml"", ""solver"": ""xcsp:ACE@2.4"", ""output_dir"": ""results_comparison"", ""global_time_limit"": 600, ""max_tries"": 50, ""tuning_file"": ""tests/psa/ace.tuning.json"", ""hpo_strategy"": ""hamming"", ""global_time_strategy"": ""PERCENT"", ""percent"": 0.2, ""round_time_strategy"": ""STATIC"", ""time_evolution"": ""STATIC"", ""stop_strategy"": ""TIMEOUT""}",5,"{""varh"": ""Lexico"", ""valh"": ""First"", ""saf"": ""False"", ""pc1"": ""True"", ""bdc"": ""1"", ""toh"": ""False"", ""ng"": ""NO"", ""lc"": ""2"", ""negative"": ""V"", ""generic2"": ""True"", ""sb"": ""NO""}",1.694263791985577,1.5591201249917503,-27,ExitStatus.FEASIBLE,False,False,1.5591201249917503
2025-06-07T22:53:50.542787,KidneyExchange-4-041_c23.xml,"{""input"": ""tests/xcsp3/cop/UNKNOWN/KidneyExchange-4-041_c23.xml"", ""solver"": ""xcsp:ACE@2.4"", ""output_dir"": ""results_comparison"", ""global_time_limit"": 600, ""max_tries"": 50, ""tuning_file"": ""tests/psa/ace.tuning.json"", ""hpo_strategy"": ""hamming"", ""global_time_strategy"": ""PERCENT"", ""percent"": 0.2, ""round_time_strategy"": ""STATIC"", ""time_evolution"": ""STATIC"", ""stop_strategy"": ""TIMEOUT""}",6,"{""varh"": ""Activity"", ""valh"": ""First"", ""saf"": ""False"", ""pc1"": ""True"", ""bdc"": ""1"", ""toh"": ""False"", ""ng"": ""NO"", ""lc"": ""2"", ""negative"": ""V"", ""generic2"": ""True"", ""sb"": ""NO""}",1.694263791985577,1.5579277079959866,-19,ExitStatus.FEASIBLE,False,False,1.5579277079959866
2025-06-07T22:53:52.228976,KidneyExchange-4-041_c23.xml,"{""input"": ""tests/xcsp3/cop/UNKNOWN/KidneyExchange-4-041_c23.xml"", ""solver"": ""xcsp:ACE@2.4"", ""output_dir"": ""results_comparison"", ""global_time_limit"": 600, ""max_tries"": 50, ""tuning_file"": ""tests/psa/ace.tuning.json"", ""hpo_strategy"": ""hamming"", ""global_time_strategy"": ""PERCENT"", ""percent"": 0.2, ""round_time_strategy"": ""STATIC"", ""time_evolution"": ""STATIC"", ""stop_strategy"": ""TIMEOUT""}",7,"{""varh"": ""Wdeg"", ""valh"": ""First"", ""saf"": ""False"", ""pc1"": ""True"", ""bdc"": ""1"", ""toh"": ""False"", ""ng"": ""NO"", ""lc"": ""1"", ""negative"": ""V"", ""generic2"": ""True"", ""sb"": ""NO""}",1.694263791985577,1.559697667020373,1,ExitStatus.FEASIBLE,False,False,1.559697667020373
2025-06-07T22:53:53.901554,KidneyExchange-4-041_c23.xml,"{""input"": ""tests/xcsp3/cop/UNKNOWN/KidneyExchange-4-041_c23.xml"", ""solver"": ""xcsp:ACE@2.4"", ""output_dir"": ""results_comparison"", ""global_time_limit"": 600, ""max_tries"": 50, ""tuning_file"": ""tests/psa/ace.tuning.json"", ""hpo_strategy"": ""hamming"", ""global_time_strategy"": ""PERCENT"", ""percent"": 0.2, ""round_time_strategy"": ""STATIC"", ""time_evolution"": ""STATIC"", ""stop_strategy"": ""TIMEOUT""}",8,"{""varh"": ""Wdeg"", ""valh"": ""OccsR"", ""saf"": ""False"", ""pc1"": ""True"", ""bdc"": ""1"", ""toh"": ""False"", ""ng"": ""NO"", ""lc"": ""2"", ""negative"": ""V"", ""generic2"": ""True"", ""sb"": ""NO""}",1.694263791985577,1.5452271249960177,1,ExitStatus.FEASIBLE,False,False,1.5452271249960177
2025-06-07T22:53:55.587257,KidneyExchange-4-041_c23.xml,"{""input"": ""tests/xcsp3/cop/UNKNOWN/KidneyExchange-4-041_c23.xml"", ""solver"": ""xcsp:ACE@2.4"", ""output_dir"": ""results_comparison"", ""global_time_limit"": 600, ""max_tries"": 50, ""tuning_file"": ""tests/psa/ace.tuning.json"", ""hpo_strategy"": ""hamming"", ""global_time_strategy"": ""PERCENT"", ""percent"": 0.2, ""round_time_strategy"": ""STATIC"", ""time_evolution"": ""STATIC"", ""stop_strategy"": ""TIMEOUT""}",9,"{""varh"": ""Memory"", ""valh"": ""First"", ""saf"": ""False"", ""pc1"": ""True"", ""bdc"": ""1"", ""toh"": ""False"", ""ng"": ""NO"", ""lc"": ""2"", ""negative"": ""V"", ""generic2"": ""True"", ""sb"": ""NO""}",1.694263791985577,1.5590236669813748,1,ExitStatus.FEASIBLE,False,False,1.5590236669813748
2025-06-07T22:53:57.254663,KidneyExchange-4-041_c23.xml,"{""input"": ""tests/xcsp3/cop/UNKNOWN/KidneyExchange-4-041_c23.xml"", ""solver"": ""xcsp:ACE@2.4"", ""output_dir"": ""results_comparison"", ""global_time_limit"": 600, ""max_tries"": 50, ""tuning_file"": ""tests/psa/ace.tuning.json"", ""hpo_strategy"": ""hamming"", ""global_time_strategy"": ""PERCENT"", ""percent"": 0.2, ""round_time_strategy"": ""STATIC"", ""time_evolution"": ""STATIC"", ""stop_strategy"": ""TIMEOUT""}",10,"{""varh"": ""Wdeg"", ""valh"": ""First"", ""saf"": ""False"", ""pc1"": ""True"", ""bdc"": ""1"", ""toh"": ""False"", ""ng"": ""NO"", ""lc"": ""2"", ""negative"": ""STR1"", ""generic2"": ""True"", ""sb"": ""NO""}",1.694263791985577,1.5382054169895127,1,ExitStatus.OPTIMAL,False,False,1.5382054169895127
2025-06-07T22:53:58.377310,KidneyExchange-4-041_c23.xml,"{""input"": ""tests/xcsp3/cop/UNKNOWN/KidneyExchange-4-041_c23.xml"", ""solver"": ""xcsp:ACE@2.4"", ""output_dir"": ""results_comparison"", ""global_time_limit"": 600, ""max_tries"": 50, ""tuning_file"": ""tests/psa/ace.tuning.json"", ""hpo_strategy"": ""hamming"", ""global_time_strategy"": ""PERCENT"", ""percent"": 0.2, ""round_time_strategy"": ""STATIC"", ""time_evolution"": ""STATIC"", ""stop_strategy"": ""TIMEOUT""}",11,"{""varh"": ""Wdeg"", ""valh"": ""First"", ""saf"": ""False"", ""pc1"": ""True"", ""bdc"": ""1000"", ""toh"": ""False"", ""ng"": ""NO"", ""lc"": ""2"", ""negative"": ""V"", ""generic2"": ""True"", ""sb"": ""NO""}",1.694263791985577,0.9900782080076169,,ExitStatus.UNKNOWN,False,False,0.9900782080076169
2025-06-07T22:54:00.047927,KidneyExchange-4-041_c23.xml,"{""input"": ""tests/xcsp3/cop/UNKNOWN/KidneyExchange-4-041_c23.xml"", ""solver"": ""xcsp:ACE@2.4"", ""output_dir"": ""results_comparison"", ""global_time_limit"": 600, ""max_tries"": 50, ""tuning_file"": ""tests/psa/ace.tuning.json"", ""hpo_strategy"": ""hamming"", ""global_time_strategy"": ""PERCENT"", ""percent"": 0.2, ""round_time_strategy"": ""STATIC"", ""time_evolution"": ""STATIC"", ""stop_strategy"": ""TIMEOUT""}",12,"{""varh"": ""WdegOnDom"", ""valh"": ""First"", ""saf"": ""False"", ""pc1"": ""True"", ""bdc"": ""1"", ""toh"": ""False"", ""ng"": ""NO"", ""lc"": ""2"", ""negative"": ""V"", ""generic2"": ""True"", ""sb"": ""NO""}",1.694263791985577,1.5571201670099981,1,ExitStatus.FEASIBLE,False,False,1.5571201670099981
2025-06-07T22:54:01.734973,KidneyExchange-4-041_c23.xml,"{""input"": ""tests/xcsp3/cop/UNKNOWN/KidneyExchange-4-041_c23.xml"", ""solver"": ""xcsp:ACE@2.4"", ""output_dir"": ""results_comparison"", ""global_time_limit"": 600, ""max_tries"": 50, ""tuning_file"": ""tests/psa/ace.tuning.json"", ""hpo_strategy"": ""hamming"", ""global_time_strategy"": ""PERCENT"", ""percent"": 0.2, ""round_time_strategy"": ""STATIC"", ""time_evolution"": ""STATIC"", ""stop_strategy"": ""TIMEOUT""}",13,"{""varh"": ""Wdeg"", ""valh"": ""First"", ""saf"": ""False"", ""pc1"": ""False"", ""bdc"": ""1"", ""toh"": ""False"", ""ng"": ""NO"", ""lc"": ""2"", ""negative"": ""V"", ""generic2"": ""True"", ""sb"": ""NO""}",1.694263791985577,1.56089425002574,1,ExitStatus.FEASIBLE,False,False,1.56089425002574
2025-06-07T22:54:03.412478,KidneyExchange-4-041_c23.xml,"{""input"": ""tests/xcsp3/cop/UNKNOWN/KidneyExchange-4-041_c23.xml"", ""solver"": ""xcsp:ACE@2.4"", ""output_dir"": ""results_comparison"", ""global_time_limit"": 600, ""max_tries"": 50, ""tuning_file"": ""tests/psa/ace.tuning.json"", ""hpo_strategy"": ""hamming"", ""global_time_strategy"": ""PERCENT"", ""percent"": 0.2, ""round_time_strategy"": ""STATIC"", ""time_evolution"": ""STATIC"", ""stop_strategy"": ""TIMEOUT""}",14,"{""varh"": ""Wdeg"", ""valh"": ""First"", ""saf"": ""False"", ""pc1"": ""True"", ""bdc"": ""1"", ""toh"": ""False"", ""ng"": ""NO"", ""lc"": ""2"", ""negative"": ""STR2N"", ""generic2"": ""True"", ""sb"": ""NO""}",1.694263791985577,1.5506708750035614,1,ExitStatus.FEASIBLE,False,False,1.5506708750035614
2025-06-07T22:54:05.054835,KidneyExchange-4-041_c23.xml,"{""input"": ""tests/xcsp3/cop/UNKNOWN/KidneyExchange-4-041_c23.xml"", ""solver"": ""xcsp:ACE@2.4"", ""output_dir"": ""results_comparison"", ""global_time_limit"": 600, ""max_tries"": 50, ""tuning_file"": ""tests/psa/ace.tuning.json"", ""hpo_strategy"": ""hamming"", ""global_time_strategy"": ""PERCENT"", ""percent"": 0.2, ""round_time_strategy"": ""STATIC"", ""time_evolution"": ""STATIC"", ""stop_strategy"": ""TIMEOUT""}",15,"{""varh"": ""Wdeg"", ""valh"": ""First"", ""saf"": ""False"", ""pc1"": ""True"", ""bdc"": ""1"", ""toh"": ""False"", ""ng"": ""NO"", ""lc"": ""2"", ""negative"": ""STR3"", ""generic2"": ""True"", ""sb"": ""NO""}",1.694263791985577,1.5138540409971029,1,ExitStatus.OPTIMAL,False,False,1.5138540409971029
2025-06-07T22:54:06.726272,KidneyExchange-4-041_c23.xml,"{""input"": ""tests/xcsp3/cop/UNKNOWN/KidneyExchange-4-041_c23.xml"", ""solver"": ""xcsp:ACE@2.4"", ""output_dir"": ""results_comparison"", ""global_time_limit"": 600, ""max_tries"": 50, ""tuning_file"": ""tests/psa/ace.tuning.json"", ""hpo_strategy"": ""hamming"", ""global_time_strategy"": ""PERCENT"", ""percent"": 0.2, ""round_time_strategy"": ""STATIC"", ""time_evolution"": ""STATIC"", ""stop_strategy"": ""TIMEOUT""}",16,"{""varh"": ""Rand"", ""valh"": ""First"", ""saf"": ""False"", ""pc1"": ""True"", ""bdc"": ""1"", ""toh"": ""False"", ""ng"": ""NO"", ""lc"": ""2"", ""negative"": ""V"", ""generic2"": ""True"", ""sb"": ""NO""}",1.694263791985577,1.5447371670161374,1,ExitStatus.FEASIBLE,False,False,1.5447371670161374
2025-06-07T22:54:08.400576,KidneyExchange-4-041_c23.xml,"{""input"": ""tests/xcsp3/cop/UNKNOWN/KidneyExchange-4-041_c23.xml"", ""solver"": ""xcsp:ACE@2.4"", ""output_dir"": ""results_comparison"", ""global_time_limit"": 600, ""max_tries"": 50, ""tuning_file"": ""tests/psa/ace.tuning.json"", ""hpo_strategy"": ""hamming"", ""global_time_strategy"": ""PERCENT"", ""percent"": 0.2, ""round_time_strategy"": ""STATIC"", ""time_evolution"": ""STATIC"", ""stop_strategy"": ""TIMEOUT""}",17,"{""varh"": ""Wdeg"", ""valh"": ""First"", ""saf"": ""True"", ""pc1"": ""True"", ""bdc"": ""1"", ""toh"": ""False"", ""ng"": ""NO"", ""lc"": ""2"", ""negative"": ""V"", ""generic2"": ""True"", ""sb"": ""NO""}",1.694263791985577,1.5462655419833027,1,ExitStatus.OPTIMAL,False,False,1.5462655419833027
2025-06-07T22:54:10.081917,KidneyExchange-4-041_c23.xml,"{""input"": ""tests/xcsp3/cop/UNKNOWN/KidneyExchange-4-041_c23.xml"", ""solver"": ""xcsp:ACE@2.4"", ""output_dir"": ""results_comparison"", ""global_time_limit"": 600, ""max_tries"": 50, ""tuning_file"": ""tests/psa/ace.tuning.json"", ""hpo_strategy"": ""hamming"", ""global_time_strategy"": ""PERCENT"", ""percent"": 0.2, ""round_time_strategy"": ""STATIC"", ""time_evolution"": ""STATIC"", ""stop_strategy"": ""TIMEOUT""}",18,"{""varh"": ""Wdeg"", ""valh"": ""First"", ""saf"": ""False"", ""pc1"": ""True"", ""bdc"": ""1"", ""toh"": ""False"", ""ng"": ""NO"", ""lc"": ""10"", ""negative"": ""V"", ""generic2"": ""True"", ""sb"": ""NO""}",1.694263791985577,1.5560421670088544,1,ExitStatus.FEASIBLE,False,False,1.5560421670088544
2025-06-07T22:54:11.752113,KidneyExchange-4-041_c23.xml,"{""input"": ""tests/xcsp3/cop/UNKNOWN/KidneyExchange-4-041_c23.xml"", ""solver"": ""xcsp:ACE@2.4"", ""output_dir"": ""results_comparison"", ""global_time_limit"": 600, ""max_tries"": 50, ""tuning_file"": ""tests/psa/ace.tuning.json"", ""hpo_strategy"": ""hamming"", ""global_time_strategy"": ""PERCENT"", ""percent"": 0.2, ""round_time_strategy"": ""STATIC"", ""time_evolution"": ""STATIC"", ""stop_strategy"": ""TIMEOUT""}",19,"{""varh"": ""FrbaOnDom"", ""valh"": ""First"", ""saf"": ""False"", ""pc1"": ""True"", ""bdc"": ""1"", ""toh"": ""False"", ""ng"": ""NO"", ""lc"": ""2"", ""negative"": ""V"", ""generic2"": ""True"", ""sb"": ""NO""}",1.694263791985577,1.5443587079935241,-3,ExitStatus.FEASIBLE,False,False,1.5443587079935241
2025-06-07T22:54:13.361595,KidneyExchange-4-041_c23.xml,"{""input"": ""tests/xcsp3/cop/UNKNOWN/KidneyExchange-4-041_c23.xml"", ""solver"": ""xcsp:ACE@2.4"", ""output_dir"": ""results_comparison"", ""global_time_limit"": 600, ""max_tries"": 50, ""tuning_file"": ""tests/psa/ace.tuning.json"", ""hpo_strategy"": ""hamming"", ""global_time_strategy"": ""PERCENT"", ""percent"": 0.2, ""round_time_strategy"": ""STATIC"", ""time_evolution"": ""STATIC"", ""stop_strategy"": ""TIMEOUT""}",20,"{""varh"": ""Wdeg"", ""valh"": ""Rand"", ""saf"": ""False"", ""pc1"": ""True"", ""bdc"": ""1"", ""toh"": ""False"", ""ng"": ""NO"", ""lc"": ""2"", ""negative"": ""V"", ""generic2"": ""True"", ""sb"": ""NO""}",1.694263791985577,1.4789317499962635,1,ExitStatus.OPTIMAL,True,False,1.4789317499962635
2025-06-07T22:54:15.075452,KidneyExchange-4-041_c23.xml,"{""input"": ""tests/xcsp3/cop/UNKNOWN/KidneyExchange-4-041_c23.xml"", ""solver"": ""xcsp:ACE@2.4"", ""output_dir"": ""results_comparison"", ""global_time_limit"": 600, ""max_tries"": 50, ""tuning_file"": ""tests/psa/ace.tuning.json"", ""hpo_strategy"": ""hamming"", ""global_time_strategy"": ""PERCENT"", ""percent"": 0.2, ""round_time_strategy"": ""STATIC"", ""time_evolution"": ""STATIC"", ""stop_strategy"": ""TIMEOUT""}",21,"{""varh"": ""Wdeg"", ""valh"": ""First"", ""saf"": ""False"", ""pc1"": ""True"", ""bdc"": ""1"", ""toh"": ""False"", ""ng"": ""NO"", ""lc"": ""2"", ""negative"": ""V"", ""generic2"": ""False"", ""sb"": ""NO""}",1.694263791985577,1.580254332977347,1,ExitStatus.FEASIBLE,False,False,1.580254332977347
2025-06-07T22:54:16.808523,KidneyExchange-4-041_c23.xml,"{""input"": ""tests/xcsp3/cop/UNKNOWN/KidneyExchange-4-041_c23.xml"", ""solver"": ""xcsp:ACE@2.4"", ""output_dir"": ""results_comparison"", ""global_time_limit"": 600, ""max_tries"": 50, ""tuning_file"": ""tests/psa/ace.tuning.json"", ""hpo_strategy"": ""hamming"", ""global_time_strategy"": ""PERCENT"", ""percent"": 0.2, ""round_time_strategy"": ""STATIC"", ""time_evolution"": ""STATIC"", ""stop_strategy"": ""TIMEOUT""}",22,"{""varh"": ""Wdeg"", ""valh"": ""First"", ""saf"": ""False"", ""pc1"": ""True"", ""bdc"": ""1"", ""toh"": ""False"", ""ng"": ""NO"", ""lc"": ""2"", ""negative"": ""VA"", ""generic2"": ""True"", ""sb"": ""NO""}",1.694263791985577,1.5562364580109715,1,ExitStatus.OPTIMAL,False,False,1.5562364580109715
2025-06-07T22:54:18.501329,KidneyExchange-4-041_c23.xml,"{""input"": ""tests/xcsp3/cop/UNKNOWN/KidneyExchange-4-041_c23.xml"", ""solver"": ""xcsp:ACE@2.4"", ""output_dir"": ""results_comparison"", ""global_time_limit"": 600, ""max_tries"": 50, ""tuning_file"": ""tests/psa/ace.tuning.json"", ""hpo_strategy"": ""hamming"", ""global_time_strategy"": ""PERCENT"", ""percent"": 0.2, ""round_time_strategy"": ""STATIC"", ""time_evolution"": ""STATIC"", ""stop_strategy"": ""TIMEOUT""}",23,"{""varh"": ""Wdeg"", ""valh"": ""RunRobin"", ""saf"": ""False"", ""pc1"": ""True"", ""bdc"": ""1"", ""toh"": ""False"", ""ng"": ""NO"", ""lc"": ""2"", ""negative"": ""V"", ""generic2"": ""True"", ""sb"": ""NO""}",1.694263791985577,1.567762208986096,1,ExitStatus.FEASIBLE,False,False,1.567762208986096
2025-06-07T22:54:20.183166,KidneyExchange-4-041_c23.xml,"{""input"": ""tests/xcsp3/cop/UNKNOWN/KidneyExchange-4-041_c23.xml"", ""solver"": ""xcsp:ACE@2.4"", ""output_dir"": ""results_comparison"", ""global_time_limit"": 600, ""max_tries"": 50, ""tuning_file"": ""tests/psa/ace.tuning.json"", ""hpo_strategy"": ""hamming"", ""global_time_strategy"": ""PERCENT"", ""percent"": 0.2, ""round_time_strategy"": ""STATIC"", ""time_evolution"": ""STATIC"", ""stop_strategy"": ""TIMEOUT""}",24,"{""varh"": ""Wdeg"", ""valh"": ""First"", ""saf"": ""False"", ""pc1"": ""True"", ""bdc"": ""1"", ""toh"": ""False"", ""ng"": ""NO"", ""lc"": ""2"", ""negative"": ""CT"", ""generic2"": ""True"", ""sb"": ""NO""}",1.694263791985577,1.5569216249859892,1,ExitStatus.FEASIBLE,False,False,1.5569216249859892
2025-06-07T22:54:21.907032,KidneyExchange-4-041_c23.xml,"{""input"": ""tests/xcsp3/cop/UNKNOWN/KidneyExchange-4-041_c23.xml"", ""solver"": ""xcsp:ACE@2.4"", ""output_dir"": ""results_comparison"", ""global_time_limit"": 600, ""max_tries"": 50, ""tuning_file"": ""tests/psa/ace.tuning.json"", ""hpo_strategy"": ""hamming"", ""global_time_strategy"": ""PERCENT"", ""percent"": 0.2, ""round_time_strategy"": ""STATIC"", ""time_evolution"": ""STATIC"", ""stop_strategy"": ""TIMEOUT""}",25,"{""varh"": ""Wdeg"", ""valh"": ""First"", ""saf"": ""False"", ""pc1"": ""True"", ""bdc"": ""1"", ""toh"": ""True"", ""ng"": ""NO"", ""lc"": ""2"", ""negative"": ""V"", ""generic2"": ""True"", ""sb"": ""NO""}",1.694263791985577,1.598556417011423,1,ExitStatus.FEASIBLE,False,False,1.598556417011423
2025-06-07T22:54:23.591358,KidneyExchange-4-041_c23.xml,"{""input"": ""tests/xcsp3/cop/UNKNOWN/KidneyExchange-4-041_c23.xml"", ""solver"": ""xcsp:ACE@2.4"", ""output_dir"": ""results_comparison"", ""global_time_limit"": 600, ""max_tries"": 50, ""tuning_file"": ""tests/psa/ace.tuning.json"", ""hpo_strategy"": ""hamming"", ""global_time_strategy"": ""PERCENT"", ""percent"": 0.2, ""round_time_strategy"": ""STATIC"", ""time_evolution"": ""STATIC"", ""stop_strategy"": ""TIMEOUT""}",26,"{""varh"": ""RunRobin"", ""valh"": ""First"", ""saf"": ""False"", ""pc1"": ""True"", ""bdc"": ""1"", ""toh"": ""False"", ""ng"": ""NO"", ""lc"": ""2"", ""negative"": ""V"", ""generic2"": ""True"", ""sb"": ""NO""}",1.694263791985577,1.5591172910062596,1,ExitStatus.FEASIBLE,False,False,1.5591172910062596
2025-06-07T22:54:25.166019,KidneyExchange-4-041_c23.xml,"{""input"": ""tests/xcsp3/cop/UNKNOWN/KidneyExchange-4-041_c23.xml"", ""solver"": ""xcsp:ACE@2.4"", ""output_dir"": ""results_comparison"", ""global_time_limit"": 600, ""max_tries"": 50, ""tuning_file"": ""tests/psa/ace.tuning.json"", ""hpo_strategy"": ""hamming"", ""global_time_strategy"": ""PERCENT"", ""percent"": 0.2, ""round_time_strategy"": ""STATIC"", ""time_evolution"": ""STATIC"", ""stop_strategy"": ""TIMEOUT""}",27,"{""varh"": ""Wdeg"", ""valh"": ""Last"", ""saf"": ""False"", ""pc1"": ""True"", ""bdc"": ""1"", ""toh"": ""False"", ""ng"": ""NO"", ""lc"": ""2"", ""negative"": ""V"", ""generic2"": ""True"", ""sb"": ""NO""}",1.694263791985577,1.4487311669799965,1,ExitStatus.OPTIMAL,True,False,1.4487311669799965
2025-06-07T22:54:26.851759,KidneyExchange-4-041_c23.xml,"{""input"": ""tests/xcsp3/cop/UNKNOWN/KidneyExchange-4-041_c23.xml"", ""solver"": ""xcsp:ACE@2.4"", ""output_dir"": ""results_comparison"", ""global_time_limit"": 600, ""max_tries"": 50, ""tuning_file"": ""tests/psa/ace.tuning.json"", ""hpo_strategy"": ""hamming"", ""global_time_strategy"": ""PERCENT"", ""percent"": 0.2, ""round_time_strategy"": ""STATIC"", ""time_evolution"": ""STATIC"", ""stop_strategy"": ""TIMEOUT""}",28,"{""varh"": ""PickOnDom"", ""valh"": ""First"", ""saf"": ""False"", ""pc1"": ""True"", ""bdc"": ""1"", ""toh"": ""False"", ""ng"": ""NO"", ""lc"": ""2"", ""negative"": ""V"", ""generic2"": ""True"", ""sb"": ""NO""}",1.694263791985577,1.5585447500052396,1,ExitStatus.FEASIBLE,False,False,1.5585447500052396
2025-06-07T22:54:28.339202,KidneyExchange-4-041_c23.xml,"{""input"": ""tests/xcsp3/cop/UNKNOWN/KidneyExchange-4-041_c23.xml"", ""solver"": ""xcsp:ACE@2.4"", ""output_dir"": ""results_comparison"", ""global_time_limit"": 600, ""max_tries"": 50, ""tuning_file"": ""tests/psa/ace.tuning.json"", ""hpo_strategy"": ""hamming"", ""global_time_strategy"": ""PERCENT"", ""percent"": 0.2, ""round_time_strategy"": ""STATIC"", ""time_evolution"": ""STATIC"", ""stop_strategy"": ""TIMEOUT""}",29,"{""varh"": ""Wdeg"", ""valh"": ""First"", ""saf"": ""False"", ""pc1"": ""True"", ""bdc"": ""10"", ""toh"": ""False"", ""ng"": ""NO"", ""lc"": ""2"", ""negative"": ""V"", ""generic2"": ""True"", ""sb"": ""NO""}",1.694263791985577,1.3609668750141282,-3,ExitStatus.OPTIMAL,False,False,1.3609668750141282
2025-06-07T22:54:30.025266,KidneyExchange-4-041_c23.xml,"{""input"": ""tests/xcsp3/cop/UNKNOWN/KidneyExchange-4-041_c23.xml"", ""solver"": ""xcsp:ACE@2.4"", ""output_dir"": ""results_comparison"", ""global_time_limit"": 600, ""max_tries"": 50, ""tuning_file"": ""tests/psa/ace.tuning.json"", ""hpo_strategy"": ""hamming"", ""global_time_strategy"": ""PERCENT"", ""percent"": 0.2, ""round_time_strategy"": ""STATIC"", ""time_evolution"": ""STATIC"", ""stop_strategy"": ""TIMEOUT""}",30,"{""varh"": ""Wdeg"", ""valh"": ""First"", ""saf"": ""False"", ""pc1"": ""True"", ""bdc"": ""1"", ""toh"": ""False"", ""ng"": ""NO"", ""lc"": ""5"", ""negative"": ""V"", ""generic2"": ""True"", ""sb"": ""NO""}",1.694263791985577,1.5516047079872806,1,ExitStatus.FEASIBLE,False,False,1.5516047079872806
2025-06-07T22:54:31.705746,KidneyExchange-4-041_c23.xml,"{""input"": ""tests/xcsp3/cop/UNKNOWN/KidneyExchange-4-041_c23.xml"", ""solver"": ""xcsp:ACE@2.4"", ""output_dir"": ""results_comparison"", ""global_time_limit"": 600, ""max_tries"": 50, ""tuning_file"": ""tests/psa/ace.tuning.json"", ""hpo_strategy"": ""hamming"", ""global_time_strategy"": ""PERCENT"", ""percent"": 0.2, ""round_time_strategy"": ""STATIC"", ""time_evolution"": ""STATIC"", ""stop_strategy"": ""TIMEOUT""}",31,"{""varh"": ""Impact"", ""valh"": ""First"", ""saf"": ""False"", ""pc1"": ""True"", ""bdc"": ""1"", ""toh"": ""False"", ""ng"": ""NO"", ""lc"": ""2"", ""negative"": ""V"", ""generic2"": ""True"", ""sb"": ""NO""}",1.694263791985577,1.5491047090035863,-27,ExitStatus.FEASIBLE,False,False,1.5491047090035863
2025-06-07T22:54:37.832682,KidneyExchange-4-041_c23.xml,"{""input"": ""tests/xcsp3/cop/UNKNOWN/KidneyExchange-4-041_c23.xml"", ""solver"": ""xcsp:ACE@2.4"", ""output_dir"": ""results_comparison"", ""global_time_limit"": 600, ""max_tries"": 50, ""tuning_file"": ""tests/psa/ace.tuning.json"", ""hpo_strategy"": ""hamming"", ""global_time_strategy"": ""PERCENT"", ""percent"": 0.2, ""round_time_strategy"": ""STATIC"", ""time_evolution"": ""STATIC"", ""stop_strategy"": ""TIMEOUT""}",32,"{""varh"": ""Wdeg"", ""valh"": ""Conflicts"", ""saf"": ""False"", ""pc1"": ""True"", ""bdc"": ""1"", ""toh"": ""False"", ""ng"": ""NO"", ""lc"": ""2"", ""negative"": ""V"", ""generic2"": ""True"", ""sb"": ""NO""}",1.694263791985577,1,,ExitStatus.UNKNOWN,False,False,1
2025-06-07T22:54:39.668647,KidneyExchange-4-041_c23.xml,"{""input"": ""tests/xcsp3/cop/UNKNOWN/KidneyExchange-4-041_c23.xml"", ""solver"": ""xcsp:ACE@2.4"", ""output_dir"": ""results_comparison"", ""global_time_limit"": 600, ""max_tries"": 50, ""tuning_file"": ""tests/psa/ace.tuning.json"", ""hpo_strategy"": ""hamming"", ""global_time_strategy"": ""PERCENT"", ""percent"": 0.2, ""round_time_strategy"": ""STATIC"", ""time_evolution"": ""STATIC"", ""stop_strategy"": ""TIMEOUT""}",33,"{""varh"": ""Wdeg"", ""valh"": ""First"", ""saf"": ""False"", ""pc1"": ""True"", ""bdc"": ""1"", ""toh"": ""False"", ""ng"": ""NO"", ""lc"": ""2"", ""negative"": ""STR1N"", ""generic2"": ""True"", ""sb"": ""NO""}",1.694263791985577,1.7166951669787522,1,ExitStatus.FEASIBLE,False,False,1.7166951669787522
2025-06-07T22:54:41.505221,KidneyExchange-4-041_c23.xml,"{""input"": ""tests/xcsp3/cop/UNKNOWN/KidneyExchange-4-041_c23.xml"", ""solver"": ""xcsp:ACE@2.4"", ""output_dir"": ""results_comparison"", ""global_time_limit"": 600, ""max_tries"": 50, ""tuning_file"": ""tests/psa/ace.tuning.json"", ""hpo_strategy"": ""hamming"", ""global_time_strategy"": ""PERCENT"", ""percent"": 0.2, ""round_time_strategy"": ""STATIC"", ""time_evolution"": ""STATIC"", ""stop_strategy"": ""TIMEOUT""}",34,"{""varh"": ""Wdeg"", ""valh"": ""Median"", ""saf"": ""False"", ""pc1"": ""True"", ""bdc"": ""1"", ""toh"": ""False"", ""ng"": ""NO"", ""lc"": ""2"", ""negative"": ""V"", ""generic2"": ""True"", ""sb"": ""NO""}",1.694263791985577,1.688063500012504,-1,ExitStatus.FEASIBLE,False,False,1.688063500012504
2025-06-07T22:54:42.972905,KidneyExchange-4-041_c23.xml,"{""input"": ""tests/xcsp3/cop/UNKNOWN/KidneyExchange-4-041_c23.xml"", ""solver"": ""xcsp:ACE@2.4"", ""output_dir"": ""results_comparison"", ""global_time_limit"": 600, ""max_tries"": 50, ""tuning_file"": ""tests/psa/ace.tuning.json"", ""hpo_strategy"": ""hamming"", ""global_time_strategy"": ""PERCENT"", ""percent"": 0.2, ""round_time_strategy"": ""STATIC"", ""time_evolution"": ""STATIC"", ""stop_strategy"": ""TIMEOUT""}",35,"{""varh"": ""Wdeg"", ""valh"": ""First"", ""saf"": ""False"", ""pc1"": ""True"", ""bdc"": ""100"", ""toh"": ""False"", ""ng"": ""NO"", ""lc"": ""2"", ""negative"": ""V"", ""generic2"": ""True"", ""sb"": ""NO""}",1.694263791985577,1.3189951250096783,,ExitStatus.UNKNOWN,False,False,1.3189951250096783
2025-06-07T22:54:44.786566,KidneyExchange-4-041_c23.xml,"{""input"": ""tests/xcsp3/cop/UNKNOWN/KidneyExchange-4-041_c23.xml"", ""solver"": ""xcsp:ACE@2.4"", ""output_dir"": ""results_comparison"", ""global_time_limit"": 600, ""max_tries"": 50, ""tuning_file"": ""tests/psa/ace.tuning.json"", ""hpo_strategy"": ""hamming"", ""global_time_strategy"": ""PERCENT"", ""percent"": 0.2, ""round_time_strategy"": ""STATIC"", ""time_evolution"": ""STATIC"", ""stop_strategy"": ""TIMEOUT""}",36,"{""varh"": ""Wdeg"", ""valh"": ""Vals"", ""saf"": ""False"", ""pc1"": ""True"", ""bdc"": ""1"", ""toh"": ""False"", ""ng"": ""NO"", ""lc"": ""2"", ""negative"": ""V"", ""generic2"": ""True"", ""sb"": ""NO""}",1.694263791985577,1.6744421660259832,-5,ExitStatus.FEASIBLE,False,False,1.6744421660259832
2025-06-07T22:54:46.615247,KidneyExchange-4-041_c23.xml,"{""input"": ""tests/xcsp3/cop/UNKNOWN/KidneyExchange-4-041_c23.xml"", ""solver"": ""xcsp:ACE@2.4"", ""output_dir"": ""results_comparison"", ""global_time_limit"": 600, ""max_tries"": 50, ""tuning_file"": ""tests/psa/ace.tuning.json"", ""hpo_strategy"": ""hamming"", ""global_time_strategy"": ""PERCENT"", ""percent"": 0.2, ""round_time_strategy"": ""STATIC"", ""time_evolution"": ""STATIC"", ""stop_strategy"": ""TIMEOUT""}",37,"{""varh"": ""Wdeg"", ""valh"": ""First"", ""saf"": ""False"", ""pc1"": ""True"", ""bdc"": ""1"", ""toh"": ""False"", ""ng"": ""NO"", ""lc"": ""0"", ""negative"": ""V"", ""generic2"": ""True"", ""sb"": ""NO""}",1.694263791985577,1.6817707500013057,-3,ExitStatus.FEASIBLE,False,False,1.6817707500013057
2025-06-07T22:54:48.469347,KidneyExchange-4-041_c23.xml,"{""input"": ""tests/xcsp3/cop/UNKNOWN/KidneyExchange-4-041_c23.xml"", ""solver"": ""xcsp:ACE@2.4"", ""output_dir"": ""results_comparison"", ""global_time_limit"": 600, ""max_tries"": 50, ""tuning_file"": ""tests/psa/ace.tuning.json"", ""hpo_strategy"": ""hamming"", ""global_time_strategy"": ""PERCENT"", ""percent"": 0.2, ""round_time_strategy"": ""STATIC"", ""time_evolution"": ""STATIC"", ""stop_strategy"": ""TIMEOUT""}",38,"{""varh"": ""Rand"", ""valh"": ""First"", ""saf"": ""False"", ""pc1"": ""True"", ""bdc"": ""1"", ""toh"": ""False"", ""ng"": ""NO"", ""lc"": ""5"", ""negative"": ""V"", ""generic2"": ""True"", ""sb"": ""NO""}",1.694263791985577,1.7056033330154605,1,ExitStatus.FEASIBLE,False,False,1.7056033330154605
2025-06-07T22:54:49.884224,KidneyExchange-4-041_c23.xml,"{""input"": ""tests/xcsp3/cop/UNKNOWN/KidneyExchange-4-041_c23.xml"", ""solver"": ""xcsp:ACE@2.4"", ""output_dir"": ""results_comparison"", ""global_time_limit"": 600, ""max_tries"": 50, ""tuning_file"": ""tests/psa/ace.tuning.json"", ""hpo_strategy"": ""hamming"", ""global_time_strategy"": ""PERCENT"", ""percent"": 0.2, ""round_time_strategy"": ""STATIC"", ""time_evolution"": ""STATIC"", ""stop_strategy"": ""TIMEOUT""}",39,"{""varh"": ""Wdeg"", ""valh"": ""First"", ""saf"": ""False"", ""pc1"": ""True"", ""bdc"": ""1000"", ""toh"": ""False"", ""ng"": ""NO"", ""lc"": ""10"", ""negative"": ""V"", ""generic2"": ""True"", ""sb"": ""NO""}",1.694263791985577,1.2682232499937527,,ExitStatus.UNKNOWN,False,False,1.2682232499937527
2025-06-07T22:54:51.707162,KidneyExchange-4-041_c23.xml,"{""input"": ""tests/xcsp3/cop/UNKNOWN/KidneyExchange-4-041_c23.xml"", ""solver"": ""xcsp:ACE@2.4"", ""output_dir"": ""results_comparison"", ""global_time_limit"": 600, ""max_tries"": 50, ""tuning_file"": ""tests/psa/ace.tuning.json"", ""hpo_strategy"": ""hamming"", ""global_time_strategy"": ""PERCENT"", ""percent"": 0.2, ""round_time_strategy"": ""STATIC"", ""time_evolution"": ""STATIC"", ""stop_strategy"": ""TIMEOUT""}",40,"{""varh"": ""Lexico"", ""valh"": ""Last"", ""saf"": ""False"", ""pc1"": ""True"", ""bdc"": ""1"", ""toh"": ""False"", ""ng"": ""NO"", ""lc"": ""2"", ""negative"": ""V"", ""generic2"": ""True"", ""sb"": ""NO""}",1.694263791985577,1.6851496250019409,-1,ExitStatus.FEASIBLE,False,False,1.6851496250019409
2025-06-07T22:54:53.525913,KidneyExchange-4-041_c23.xml,"{""input"": ""tests/xcsp3/cop/UNKNOWN/KidneyExchange-4-041_c23.xml"", ""solver"": ""xcsp:ACE@2.4"", ""output_dir"": ""results_comparison"", ""global_time_limit"": 600, ""max_tries"": 50, ""tuning_file"": ""tests/psa/ace.tuning.json"", ""hpo_strategy"": ""hamming"", ""global_time_strategy"": ""PERCENT"", ""percent"": 0.2, ""round_time_strategy"": ""STATIC"", ""time_evolution"": ""STATIC"", ""stop_strategy"": ""TIMEOUT""}",41,"{""varh"": ""Wdeg"", ""valh"": ""First"", ""saf"": ""False"", ""pc1"": ""True"", ""bdc"": ""1"", ""toh"": ""False"", ""ng"": ""NO"", ""lc"": ""5"", ""negative"": ""VA"", ""generic2"": ""True"", ""sb"": ""NO""}",1.694263791985577,1.6705941670225002,1,ExitStatus.FEASIBLE,False,False,1.6705941670225002
2025-06-07T22:54:55.361136,KidneyExchange-4-041_c23.xml,"{""input"": ""tests/xcsp3/cop/UNKNOWN/KidneyExchange-4-041_c23.xml"", ""solver"": ""xcsp:ACE@2.4"", ""output_dir"": ""results_comparison"", ""global_time_limit"": 600, ""max_tries"": 50, ""tuning_file"": ""tests/psa/ace.tuning.json"", ""hpo_strategy"": ""hamming"", ""global_time_strategy"": ""PERCENT"", ""percent"": 0.2, ""round_time_strategy"": ""STATIC"", ""time_evolution"": ""STATIC"", ""stop_strategy"": ""TIMEOUT""}",42,"{""varh"": ""Wdeg"", ""valh"": ""First"", ""saf"": ""False"", ""pc1"": ""True"", ""bdc"": ""10"", ""toh"": ""False"", ""ng"": ""NO"", ""lc"": ""1"", ""negative"": ""V"", ""generic2"": ""True"", ""sb"": ""NO""}",1.694263791985577,1.685475917009171,-3,ExitStatus.FEASIBLE,False,False,1.685475917009171
2025-06-07T22:55:01.512121,KidneyExchange-4-041_c23.xml,"{""input"": ""tests/xcsp3/cop/UNKNOWN/KidneyExchange-4-041_c23.xml"", ""solver"": ""xcsp:ACE@2.4"", ""output_dir"": ""results_comparison"", ""global_time_limit"": 600, ""max_tries"": 50, ""tuning_file"": ""tests/psa/ace.tuning.json"", ""hpo_strategy"": ""hamming"", ""global_time_strategy"": ""PERCENT"", ""percent"": 0.2, ""round_time_strategy"": ""STATIC"", ""time_evolution"": ""STATIC"", ""stop_strategy"": ""TIMEOUT""}",43,"{""varh"": ""Wdeg"", ""valh"": ""Conflicts"", ""saf"": ""False"", ""pc1"": ""True"", ""bdc"": ""100"", ""toh"": ""False"", ""ng"": ""NO"", ""lc"": ""2"", ""negative"": ""V"", ""generic2"": ""True"", ""sb"": ""NO""}",1.694263791985577,1,,ExitStatus.UNKNOWN,False,False,1
2025-06-07T22:55:03.517550,KidneyExchange-4-041_c23.xml,"{""input"": ""tests/xcsp3/cop/UNKNOWN/KidneyExchange-4-041_c23.xml"", ""solver"": ""xcsp:ACE@2.4"", ""output_dir"": ""results_comparison"", ""global_time_limit"": 600, ""max_tries"": 50, ""tuning_file"": ""tests/psa/ace.tuning.json"", ""hpo_strategy"": ""hamming"", ""global_time_strategy"": ""PERCENT"", ""percent"": 0.2, ""round_time_strategy"": ""STATIC"", ""time_evolution"": ""STATIC"", ""stop_strategy"": ""TIMEOUT""}",44,"{""varh"": ""Wdeg"", ""valh"": ""RunRobin"", ""saf"": ""False"", ""pc1"": ""True"", ""bdc"": ""1"", ""toh"": ""False"", ""ng"": ""NO"", ""lc"": ""10"", ""negative"": ""V"", ""generic2"": ""True"", ""sb"": ""NO""}",1.694263791985577,1.8545990829879884,-3,ExitStatus.FEASIBLE,False,False,1.8545990829879884
2025-06-07T22:55:05.518573,KidneyExchange-4-041_c23.xml,"{""input"": ""tests/xcsp3/cop/UNKNOWN/KidneyExchange-4-041_c23.xml"", ""solver"": ""xcsp:ACE@2.4"", ""output_dir"": ""results_comparison"", ""global_time_limit"": 600, ""max_tries"": 50, ""tuning_file"": ""tests/psa/ace.tuning.json"", ""hpo_strategy"": ""hamming"", ""global_time_strategy"": ""PERCENT"", ""percent"": 0.2, ""round_time_strategy"": ""STATIC"", ""time_evolution"": ""STATIC"", ""stop_strategy"": ""TIMEOUT""}",45,"{""varh"": ""Impact"", ""valh"": ""First"", ""saf"": ""False"", ""pc1"": ""True"", ""bdc"": ""1"", ""toh"": ""False"", ""ng"": ""NO"", ""lc"": ""1"", ""negative"": ""V"", ""generic2"": ""True"", ""sb"": ""NO""}",1.694263791985577,1.822737207985483,-27,ExitStatus.FEASIBLE,False,False,1.822737207985483
2025-06-07T22:55:11.694578,KidneyExchange-4-041_c23.xml,"{""input"": ""tests/xcsp3/cop/UNKNOWN/KidneyExchange-4-041_c23.xml"", ""solver"": ""xcsp:ACE@2.4"", ""output_dir"": ""results_comparison"", ""global_time_limit"": 600, ""max_tries"": 50, ""tuning_file"": ""tests/psa/ace.tuning.json"", ""hpo_strategy"": ""hamming"", ""global_time_strategy"": ""PERCENT"", ""percent"": 0.2, ""round_time_strategy"": ""STATIC"", ""time_evolution"": ""STATIC"", ""stop_strategy"": ""TIMEOUT""}",46,"{""varh"": ""Wdeg"", ""valh"": ""Conflicts"", ""saf"": ""False"", ""pc1"": ""True"", ""bdc"": ""1000"", ""toh"": ""False"", ""ng"": ""NO"", ""lc"": ""2"", ""negative"": ""V"", ""generic2"": ""True"", ""sb"": ""NO""}",1.694263791985577,1,,ExitStatus.UNKNOWN,False,False,1
2025-06-07T22:55:17.891621,KidneyExchange-4-041_c23.xml,"{""input"": ""tests/xcsp3/cop/UNKNOWN/KidneyExchange-4-041_c23.xml"", ""solver"": ""xcsp:ACE@2.4"", ""output_dir"": ""results_comparison"", ""global_time_limit"": 600, ""max_tries"": 50, ""tuning_file"": ""tests/psa/ace.tuning.json"", ""hpo_strategy"": ""hamming"", ""global_time_strategy"": ""PERCENT"", ""percent"": 0.2, ""round_time_strategy"": ""STATIC"", ""time_evolution"": ""STATIC"", ""stop_strategy"": ""TIMEOUT""}",47,"{""varh"": ""PickOnDom"", ""valh"": ""Conflicts"", ""saf"": ""False"", ""pc1"": ""True"", ""bdc"": ""1"", ""toh"": ""False"", ""ng"": ""NO"", ""lc"": ""2"", ""negative"": ""V"", ""generic2"": ""True"", ""sb"": ""NO""}",1.694263791985577,1,,ExitStatus.UNKNOWN,False,False,1
2025-06-07T22:55:19.821229,KidneyExchange-4-041_c23.xml,"{""input"": ""tests/xcsp3/cop/UNKNOWN/KidneyExchange-4-041_c23.xml"", ""solver"": ""xcsp:ACE@2.4"", ""output_dir"": ""results_comparison"", ""global_time_limit"": 600, ""max_tries"": 50, ""tuning_file"": ""tests/psa/ace.tuning.json"", ""hpo_strategy"": ""hamming"", ""global_time_strategy"": ""PERCENT"", ""percent"": 0.2, ""round_time_strategy"": ""STATIC"", ""time_evolution"": ""STATIC"", ""stop_strategy"": ""TIMEOUT""}",48,"{""varh"": ""Wdeg"", ""valh"": ""First"", ""saf"": ""False"", ""pc1"": ""True"", ""bdc"": ""100"", ""toh"": ""False"", ""ng"": ""NO"", ""lc"": ""2"", ""negative"": ""CT"", ""generic2"": ""True"", ""sb"": ""NO""}",1.694263791985577,1.7343215410073753,,ExitStatus.UNKNOWN,False,False,1.7343215410073753
2025-06-07T22:55:21.763346,KidneyExchange-4-041_c23.xml,"{""input"": ""tests/xcsp3/cop/UNKNOWN/KidneyExchange-4-041_c23.xml"", ""solver"": ""xcsp:ACE@2.4"", ""output_dir"": ""results_comparison"", ""global_time_limit"": 600, ""max_tries"": 50, ""tuning_file"": ""tests/psa/ace.tuning.json"", ""hpo_strategy"": ""hamming"", ""global_time_strategy"": ""PERCENT"", ""percent"": 0.2, ""round_time_strategy"": ""STATIC"", ""time_evolution"": ""STATIC"", ""stop_strategy"": ""TIMEOUT""}",49,"{""varh"": ""Memory"", ""valh"": ""First"", ""saf"": ""False"", ""pc1"": ""True"", ""bdc"": ""1000"", ""toh"": ""False"", ""ng"": ""NO"", ""lc"": ""2"", ""negative"": ""V"", ""generic2"": ""True"", ""sb"": ""NO""}",1.694263791985577,1.7211846669961233,,ExitStatus.UNKNOWN,False,False,1.7211846669961233
2025-06-07T22:55:27.981937,KidneyExchange-4-041_c23.xml,"{""input"": ""tests/xcsp3/cop/UNKNOWN/KidneyExchange-4-041_c23.xml"", ""solver"": ""xcsp:ACE@2.4"", ""output_dir"": ""results_comparison"", ""global_time_limit"": 600, ""max_tries"": 50, ""tuning_file"": ""tests/psa/ace.tuning.json"", ""hpo_strategy"": ""hamming"", ""global_time_strategy"": ""PERCENT"", ""percent"": 0.2, ""round_time_strategy"": ""STATIC"", ""time_evolution"": ""STATIC"", ""stop_strategy"": ""TIMEOUT""}",50,"{""varh"": ""Wdeg"", ""valh"": ""Conflicts"", ""saf"": ""False"", ""pc1"": ""True"", ""bdc"": ""1"", ""toh"": ""False"", ""ng"": ""NO"", ""lc"": ""1"", ""negative"": ""V"", ""generic2"": ""True"", ""sb"": ""NO""}",1.694263791985577,1,,ExitStatus.UNKNOWN,False,False,1
2025-06-07T22:55:34.176668,KidneyExchange-4-041_c23.xml,"{""input"": ""tests/xcsp3/cop/UNKNOWN/KidneyExchange-4-041_c23.xml"", ""solver"": ""xcsp:ACE@2.4"", ""output_dir"": ""results_comparison"", ""global_time_limit"": 600, ""max_tries"": 50, ""tuning_file"": ""tests/psa/ace.tuning.json"", ""hpo_strategy"": ""hamming"", ""global_time_strategy"": ""PERCENT"", ""percent"": 0.2, ""round_time_strategy"": ""STATIC"", ""time_evolution"": ""STATIC"", ""stop_strategy"": ""TIMEOUT""}",51,"{""varh"": ""Wdeg"", ""valh"": ""Conflicts"", ""saf"": ""False"", ""pc1"": ""True"", ""bdc"": ""10"", ""toh"": ""False"", ""ng"": ""NO"", ""lc"": ""2"", ""negative"": ""V"", ""generic2"": ""True"", ""sb"": ""NO""}",1.694263791985577,1,,ExitStatus.UNKNOWN,False,False,1
2025-06-07T22:55:36.414815,KidneyExchange-4-041_c23.xml,"{""input"": ""tests/xcsp3/cop/UNKNOWN/KidneyExchange-4-041_c23.xml"", ""solver"": ""xcsp:ACE@2.4"", ""output_dir"": ""results_comparison"", ""global_time_limit"": 600, ""max_tries"": 50, ""tuning_file"": ""tests/psa/ace.tuning.json"", ""hpo_strategy"": ""hamming"", ""global_time_strategy"": ""PERCENT"", ""percent"": 0.2, ""round_time_strategy"": ""STATIC"", ""time_evolution"": ""STATIC"", ""stop_strategy"": ""TIMEOUT""}",52,"{""varh"": ""Wdeg"", ""valh"": ""First"", ""saf"": ""False"", ""pc1"": ""True"", ""bdc"": ""1"", ""toh"": ""True"", ""ng"": ""NO"", ""lc"": ""2"", ""negative"": ""STR1"", ""generic2"": ""True"", ""sb"": ""NO""}",1.694263791985577,2.0261012080009095,-15,ExitStatus.FEASIBLE,False,False,2.0261012080009095
2025-06-07T22:55:38.619311,KidneyExchange-4-041_c23.xml,"{""input"": ""tests/xcsp3/cop/UNKNOWN/KidneyExchange-4-041_c23.xml"", ""solver"": ""xcsp:ACE@2.4"", ""output_dir"": ""results_comparison"", ""global_time_limit"": 600, ""max_tries"": 50, ""tuning_file"": ""tests/psa/ace.tuning.json"", ""hpo_strategy"": ""hamming"", ""global_time_strategy"": ""PERCENT"", ""percent"": 0.2, ""round_time_strategy"": ""STATIC"", ""time_evolution"": ""STATIC"", ""stop_strategy"": ""TIMEOUT""}",53,"{""varh"": ""PickOnDom"", ""valh"": ""First"", ""saf"": ""False"", ""pc1"": ""True"", ""bdc"": ""1"", ""toh"": ""False"", ""ng"": ""NO"", ""lc"": ""2"", ""negative"": ""STR1"", ""generic2"": ""True"", ""sb"": ""NO""}",1.694263791985577,1.962524125003256,-7,ExitStatus.FEASIBLE,False,False,1.962524125003256
2025-06-07T22:55:40.813912,KidneyExchange-4-041_c23.xml,"{""input"": ""tests/xcsp3/cop/UNKNOWN/KidneyExchange-4-041_c23.xml"", ""solver"": ""xcsp:ACE@2.4"", ""output_dir"": ""results_comparison"", ""global_time_limit"": 600, ""max_tries"": 50, ""tuning_file"": ""tests/psa/ace.tuning.json"", ""hpo_strategy"": ""hamming"", ""global_time_strategy"": ""PERCENT"", ""percent"": 0.2, ""round_time_strategy"": ""STATIC"", ""time_evolution"": ""STATIC"", ""stop_strategy"": ""TIMEOUT""}",54,"{""varh"": ""Wdeg"", ""valh"": ""First"", ""saf"": ""False"", ""pc1"": ""True"", ""bdc"": ""10"", ""toh"": ""False"", ""ng"": ""NO"", ""lc"": ""2"", ""negative"": ""CT"", ""generic2"": ""True"", ""sb"": ""NO""}",1.694263791985577,1.9999503750004806,-23,ExitStatus.FEASIBLE,False,False,1.9999503750004806
2025-06-07T22:55:43.023905,KidneyExchange-4-041_c23.xml,"{""input"": ""tests/xcsp3/cop/UNKNOWN/KidneyExchange-4-041_c23.xml"", ""solver"": ""xcsp:ACE@2.4"", ""output_dir"": ""results_comparison"", ""global_time_limit"": 600, ""max_tries"": 50, ""tuning_file"": ""tests/psa/ace.tuning.json"", ""hpo_strategy"": ""hamming"", ""global_time_strategy"": ""PERCENT"", ""percent"": 0.2, ""round_time_strategy"": ""STATIC"", ""time_evolution"": ""STATIC"", ""stop_strategy"": ""TIMEOUT""}",55,"{""varh"": ""Wdeg"", ""valh"": ""OccsR"", ""saf"": ""False"", ""pc1"": ""True"", ""bdc"": ""1"", ""toh"": ""False"", ""ng"": ""NO"", ""lc"": ""2"", ""negative"": ""STR1"", ""generic2"": ""True"", ""sb"": ""NO""}",1.694263791985577,1.9947372500027996,-11,ExitStatus.FEASIBLE,False,False,1.9947372500027996
2025-06-07T22:55:45.221135,KidneyExchange-4-041_c23.xml,"{""input"": ""tests/xcsp3/cop/UNKNOWN/KidneyExchange-4-041_c23.xml"", ""solver"": ""xcsp:ACE@2.4"", ""output_dir"": ""results_comparison"", ""global_time_limit"": 600, ""max_tries"": 50, ""tuning_file"": ""tests/psa/ace.tuning.json"", ""hpo_strategy"": ""hamming"", ""global_time_strategy"": ""PERCENT"", ""percent"": 0.2, ""round_time_strategy"": ""STATIC"", ""time_evolution"": ""STATIC"", ""stop_strategy"": ""TIMEOUT""}",56,"{""varh"": ""PickOnDom"", ""valh"": ""First"", ""saf"": ""False"", ""pc1"": ""True"", ""bdc"": ""1"", ""toh"": ""True"", ""ng"": ""NO"", ""lc"": ""2"", ""negative"": ""V"", ""generic2"": ""True"", ""sb"": ""NO""}",1.694263791985577,1.9889310830039904,-11,ExitStatus.FEASIBLE,False,False,1.9889310830039904
2025-06-07T22:55:47.534101,KidneyExchange-4-041_c23.xml,"{""input"": ""tests/xcsp3/cop/UNKNOWN/KidneyExchange-4-041_c23.xml"", ""solver"": ""xcsp:ACE@2.4"", ""output_dir"": ""results_comparison"", ""global_time_limit"": 600, ""max_tries"": 50, ""tuning_file"": ""tests/psa/ace.tuning.json"", ""hpo_strategy"": ""hamming"", ""global_time_strategy"": ""PERCENT"", ""percent"": 0.2, ""round_time_strategy"": ""STATIC"", ""time_evolution"": ""STATIC"", ""stop_strategy"": ""TIMEOUT""}",57,"{""varh"": ""Wdeg"", ""valh"": ""First"", ""saf"": ""False"", ""pc1"": ""True"", ""bdc"": ""1"", ""toh"": ""False"", ""ng"": ""NO"", ""lc"": ""1"", ""negative"": ""V"", ""generic2"": ""False"", ""sb"": ""NO""}",1.694263791985577,2.085394499998074,-29,ExitStatus.FEASIBLE,False,False,2.085394499998074
2025-06-07T22:55:50.384250,KidneyExchange-4-041_c23.xml,"{""input"": ""tests/xcsp3/cop/UNKNOWN/KidneyExchange-4-041_c23.xml"", ""solver"": ""xcsp:ACE@2.4"", ""output_dir"": ""results_comparison"", ""global_time_limit"": 600, ""max_tries"": 50, ""tuning_file"": ""tests/psa/ace.tuning.json"", ""hpo_strategy"": ""hamming"", ""global_time_strategy"": ""PERCENT"", ""percent"": 0.2, ""round_time_strategy"": ""STATIC"", ""time_evolution"": ""STATIC"", ""stop_strategy"": ""TIMEOUT""}",58,"{""varh"": ""Wdeg"", ""valh"": ""First"", ""saf"": ""False"", ""pc1"": ""True"", ""bdc"": ""1"", ""toh"": ""False"", ""ng"": ""NO"", ""lc"": ""1"", ""negative"": ""STR1"", ""generic2"": ""True"", ""sb"": ""NO""}",1.694263791985577,2.5975770830118563,-21,ExitStatus.FEASIBLE,False,False,2.5975770830118563
2025-06-07T22:55:52.748992,KidneyExchange-4-041_c23.xml,"{""input"": ""tests/xcsp3/cop/UNKNOWN/KidneyExchange-4-041_c23.xml"", ""solver"": ""xcsp:ACE@2.4"", ""output_dir"": ""results_comparison"", ""global_time_limit"": 600, ""max_tries"": 50, ""tuning_file"": ""tests/psa/ace.tuning.json"", ""hpo_strategy"": ""hamming"", ""global_time_strategy"": ""PERCENT"", ""percent"": 0.2, ""round_time_strategy"": ""STATIC"", ""time_evolution"": ""STATIC"", ""stop_strategy"": ""TIMEOUT""}",59,"{""varh"": ""Wdeg"", ""valh"": ""First"", ""saf"": ""False"", ""pc1"": ""True"", ""bdc"": ""1"", ""toh"": ""False"", ""ng"": ""NO"", ""lc"": ""5"", ""negative"": ""STR1N"", ""generic2"": ""True"", ""sb"": ""NO""}",1.694263791985577,2.1312211670156103,-15,ExitStatus.FEASIBLE,False,False,2.1312211670156103
2025-06-07T22:55:55.164106,KidneyExchange-4-041_c23.xml,"{""input"": ""tests/xcsp3/cop/UNKNOWN/KidneyExchange-4-041_c23.xml"", ""solver"": ""xcsp:ACE@2.4"", ""output_dir"": ""results_comparison"", ""global_time_limit"": 600, ""max_tries"": 50, ""tuning_file"": ""tests/psa/ace.tuning.json"", ""hpo_strategy"": ""hamming"", ""global_time_strategy"": ""PERCENT"", ""percent"": 0.2, ""round_time_strategy"": ""STATIC"", ""time_evolution"": ""STATIC"", ""stop_strategy"": ""TIMEOUT""}",60,"{""varh"": ""Wdeg"", ""valh"": ""First"", ""saf"": ""False"", ""pc1"": ""False"", ""bdc"": ""1"", ""toh"": ""False"", ""ng"": ""NO"", ""lc"": ""0"", ""negative"": ""V"", ""generic2"": ""True"", ""sb"": ""NO""}",1.694263791985577,2.179244375001872,-11,ExitStatus.FEASIBLE,False,False,2.179244375001872
2025-06-07T22:55:57.766519,KidneyExchange-4-041_c23.xml,"{""input"": ""tests/xcsp3/cop/UNKNOWN/KidneyExchange-4-041_c23.xml"", ""solver"": ""xcsp:ACE@2.4"", ""output_dir"": ""results_comparison"", ""global_time_limit"": 600, ""max_tries"": 50, ""tuning_file"": ""tests/psa/ace.tuning.json"", ""hpo_strategy"": ""hamming"", ""global_time_strategy"": ""PERCENT"", ""percent"": 0.2, ""round_time_strategy"": ""STATIC"", ""time_evolution"": ""STATIC"", ""stop_strategy"": ""TIMEOUT""}",61,"{""varh"": ""Wdeg"", ""valh"": ""Bivs3"", ""saf"": ""False"", ""pc1"": ""True"", ""bdc"": ""1"", ""toh"": ""False"", ""ng"": ""NO"", ""lc"": ""0"", ""negative"": ""V"", ""generic2"": ""True"", ""sb"": ""NO""}",1.694263791985577,2.3732854160189163,-15,ExitStatus.FEASIBLE,False,False,2.3732854160189163
2025-06-07T22:56:00.162451,KidneyExchange-4-041_c23.xml,"{""input"": ""tests/xcsp3/cop/UNKNOWN/KidneyExchange-4-041_c23.xml"", ""solver"": ""xcsp:ACE@2.4"", ""output_dir"": ""results_comparison"", ""global_time_limit"": 600, ""max_tries"": 50, ""tuning_file"": ""tests/psa/ace.tuning.json"", ""hpo_strategy"": ""hamming"", ""global_time_strategy"": ""PERCENT"", ""percent"": 0.2, ""round_time_strategy"": ""STATIC"", ""time_evolution"": ""STATIC"", ""stop_strategy"": ""TIMEOUT""}",62,"{""varh"": ""Wdeg"", ""valh"": ""Bivs3"", ""saf"": ""False"", ""pc1"": ""True"", ""bdc"": ""1"", ""toh"": ""False"", ""ng"": ""NO"", ""lc"": ""2"", ""negative"": ""STR1"", ""generic2"": ""True"", ""sb"": ""NO""}",1.694263791985577,2.160625207994599,,ExitStatus.UNKNOWN,False,False,2.160625207994599
2025-06-07T22:56:06.418213,KidneyExchange-4-041_c23.xml,"{""input"": ""tests/xcsp3/cop/UNKNOWN/KidneyExchange-4-041_c23.xml"", ""solver"": ""xcsp:ACE@2.4"", ""output_dir"": ""results_comparison"", ""global_time_limit"": 600, ""max_tries"": 50, ""tuning_file"": ""tests/psa/ace.tuning.json"", ""hpo_strategy"": ""hamming"", ""global_time_strategy"": ""PERCENT"", ""percent"": 0.2, ""round_time_strategy"": ""STATIC"", ""time_evolution"": ""STATIC"", ""stop_strategy"": ""TIMEOUT""}",63,"{""varh"": ""Lexico"", ""valh"": ""Conflicts"", ""saf"": ""False"", ""pc1"": ""True"", ""bdc"": ""1"", ""toh"": ""False"", ""ng"": ""NO"", ""lc"": ""2"", ""negative"": ""V"", ""generic2"": ""True"", ""sb"": ""NO""}",1.694263791985577,1,,ExitStatus.UNKNOWN,False,False,1
2025-06-07T22:56:08.945736,KidneyExchange-4-041_c23.xml,"{""input"": ""tests/xcsp3/cop/UNKNOWN/KidneyExchange-4-041_c23.xml"", ""solver"": ""xcsp:ACE@2.4"", ""output_dir"": ""results_comparison"", ""global_time_limit"": 600, ""max_tries"": 50, ""tuning_file"": ""tests/psa/ace.tuning.json"", ""hpo_strategy"": ""hamming"", ""global_time_strategy"": ""PERCENT"", ""percent"": 0.2, ""round_time_strategy"": ""STATIC"", ""time_evolution"": ""STATIC"", ""stop_strategy"": ""TIMEOUT""}",64,"{""varh"": ""Memory"", ""valh"": ""First"", ""saf"": ""False"", ""pc1"": ""True"", ""bdc"": ""1"", ""toh"": ""False"", ""ng"": ""NO"", ""lc"": ""2"", ""negative"": ""STR2N"", ""generic2"": ""True"", ""sb"": ""NO""}",1.694263791985577,2.2921976660145447,-23,ExitStatus.FEASIBLE,False,False,2.2921976660145447
2025-06-07T22:56:11.389051,KidneyExchange-4-041_c23.xml,"{""input"": ""tests/xcsp3/cop/UNKNOWN/KidneyExchange-4-041_c23.xml"", ""solver"": ""xcsp:ACE@2.4"", ""output_dir"": ""results_comparison"", ""global_time_limit"": 600, ""max_tries"": 50, ""tuning_file"": ""tests/psa/ace.tuning.json"", ""hpo_strategy"": ""hamming"", ""global_time_strategy"": ""PERCENT"", ""percent"": 0.2, ""round_time_strategy"": ""STATIC"", ""time_evolution"": ""STATIC"", ""stop_strategy"": ""TIMEOUT""}",65,"{""varh"": ""Wdeg"", ""valh"": ""Vals"", ""saf"": ""True"", ""pc1"": ""True"", ""bdc"": ""1"", ""toh"": ""False"", ""ng"": ""NO"", ""lc"": ""2"", ""negative"": ""V"", ""generic2"": ""True"", ""sb"": ""NO""}",1.694263791985577,2.15161966701271,-29,ExitStatus.FEASIBLE,False,False,2.15161966701271
2025-06-07T22:56:14.225962,KidneyExchange-4-041_c23.xml,"{""input"": ""tests/xcsp3/cop/UNKNOWN/KidneyExchange-4-041_c23.xml"", ""solver"": ""xcsp:ACE@2.4"", ""output_dir"": ""results_comparison"", ""global_time_limit"": 600, ""max_tries"": 50, ""tuning_file"": ""tests/psa/ace.tuning.json"", ""hpo_strategy"": ""hamming"", ""global_time_strategy"": ""PERCENT"", ""percent"": 0.2, ""round_time_strategy"": ""STATIC"", ""time_evolution"": ""STATIC"", ""stop_strategy"": ""TIMEOUT""}",66,"{""varh"": ""WdegOnDom"", ""valh"": ""First"", ""saf"": ""False"", ""pc1"": ""True"", ""bdc"": ""1"", ""toh"": ""False"", ""ng"": ""NO"", ""lc"": ""2"", ""negative"": ""STR1N"", ""generic2"": ""True"", ""sb"": ""NO""}",1.694263791985577,2.601880083006108,-17,ExitStatus.FEASIBLE,False,False,2.601880083006108
2025-06-07T22:56:20.535372,KidneyExchange-4-041_c23.xml,"{""input"": ""tests/xcsp3/cop/UNKNOWN/KidneyExchange-4-041_c23.xml"", ""solver"": ""xcsp:ACE@2.4"", ""output_dir"": ""results_comparison"", ""global_time_limit"": 600, ""max_tries"": 50, ""tuning_file"": ""tests/psa/ace.tuning.json"", ""hpo_strategy"": ""hamming"", ""global_time_strategy"": ""PERCENT"", ""percent"": 0.2, ""round_time_strategy"": ""STATIC"", ""time_evolution"": ""STATIC"", ""stop_strategy"": ""TIMEOUT""}",67,"{""varh"": ""Wdeg"", ""valh"": ""Conflicts"", ""saf"": ""False"", ""pc1"": ""True"", ""bdc"": ""1"", ""toh"": ""False"", ""ng"": ""NO"", ""lc"": ""2"", ""negative"": ""STR0"", ""generic2"": ""True"", ""sb"": ""NO""}",1.694263791985577,1,,ExitStatus.UNKNOWN,False,False,1
2025-06-07T22:56:23.101283,KidneyExchange-4-041_c23.xml,"{""input"": ""tests/xcsp3/cop/UNKNOWN/KidneyExchange-4-041_c23.xml"", ""solver"": ""xcsp:ACE@2.4"", ""output_dir"": ""results_comparison"", ""global_time_limit"": 600, ""max_tries"": 50, ""tuning_file"": ""tests/psa/ace.tuning.json"", ""hpo_strategy"": ""hamming"", ""global_time_strategy"": ""PERCENT"", ""percent"": 0.2, ""round_time_strategy"": ""STATIC"", ""time_evolution"": ""STATIC"", ""stop_strategy"": ""TIMEOUT""}",68,"{""varh"": ""Memory"", ""valh"": ""Last"", ""saf"": ""False"", ""pc1"": ""True"", ""bdc"": ""1"", ""toh"": ""False"", ""ng"": ""NO"", ""lc"": ""2"", ""negative"": ""V"", ""generic2"": ""True"", ""sb"": ""NO""}",1.694263791985577,2.3072927499888465,-1,ExitStatus.FEASIBLE,False,False,2.3072927499888465
2025-06-07T22:56:25.641040,KidneyExchange-4-041_c23.xml,"{""input"": ""tests/xcsp3/cop/UNKNOWN/KidneyExchange-4-041_c23.xml"", ""solver"": ""xcsp:ACE@2.4"", ""output_dir"": ""results_comparison"", ""global_time_limit"": 600, ""max_tries"": 50, ""tuning_file"": ""tests/psa/ace.tuning.json"", ""hpo_strategy"": ""hamming"", ""global_time_strategy"": ""PERCENT"", ""percent"": 0.2, ""round_time_strategy"": ""STATIC"", ""time_evolution"": ""STATIC"", ""stop_strategy"": ""TIMEOUT""}",69,"{""varh"": ""WdegOnDom"", ""valh"": ""First"", ""saf"": ""False"", ""pc1"": ""True"", ""bdc"": ""1"", ""toh"": ""False"", ""ng"": ""NO"", ""lc"": ""2"", ""negative"": ""STR1"", ""generic2"": ""True"", ""sb"": ""NO""}",1.694263791985577,2.281532082997728,-27,ExitStatus.FEASIBLE,False,False,2.281532082997728
2025-06-07T22:56:28.621393,KidneyExchange-4-041_c23.xml,"{""input"": ""tests/xcsp3/cop/UNKNOWN/KidneyExchange-4-041_c23.xml"", ""solver"": ""xcsp:ACE@2.4"", ""output_dir"": ""results_comparison"", ""global_time_limit"": 600, ""max_tries"": 50, ""tuning_file"": ""tests/psa/ace.tuning.json"", ""hpo_strategy"": ""hamming"", ""global_time_strategy"": ""PERCENT"", ""percent"": 0.2, ""round_time_strategy"": ""STATIC"", ""time_evolution"": ""STATIC"", ""stop_strategy"": ""TIMEOUT""}",70,"{""varh"": ""Wdeg"", ""valh"": ""Median"", ""saf"": ""False"", ""pc1"": ""True"", ""bdc"": ""1"", ""toh"": ""False"", ""ng"": ""NO"", ""lc"": ""2"", ""negative"": ""V"", ""generic2"": ""False"", ""sb"": ""NO""}",1.694263791985577,2.7176357500138693,-11,ExitStatus.FEASIBLE,False,False,2.7176357500138693
2025-06-07T22:56:32.093057,KidneyExchange-4-041_c23.xml,"{""input"": ""tests/xcsp3/cop/UNKNOWN/KidneyExchange-4-041_c23.xml"", ""solver"": ""xcsp:ACE@2.4"", ""output_dir"": ""results_comparison"", ""global_time_limit"": 600, ""max_tries"": 50, ""tuning_file"": ""tests/psa/ace.tuning.json"", ""hpo_strategy"": ""hamming"", ""global_time_strategy"": ""PERCENT"", ""percent"": 0.2, ""round_time_strategy"": ""STATIC"", ""time_evolution"": ""STATIC"", ""stop_strategy"": ""TIMEOUT""}",71,"{""varh"": ""Wdeg"", ""valh"": ""Median"", ""saf"": ""False"", ""pc1"": ""False"", ""bdc"": ""1"", ""toh"": ""False"", ""ng"": ""NO"", ""lc"": ""2"", ""negative"": ""V"", ""generic2"": ""True"", ""sb"": ""NO""}",1.694263791985577,3.2401085419987794,-9,ExitStatus.FEASIBLE,False,False,3.2401085419987794
2025-06-07T22:56:34.889564,KidneyExchange-4-041_c23.xml,"{""input"": ""tests/xcsp3/cop/UNKNOWN/KidneyExchange-4-041_c23.xml"", ""solver"": ""xcsp:ACE@2.4"", ""output_dir"": ""results_comparison"", ""global_time_limit"": 600, ""max_tries"": 50, ""tuning_file"": ""tests/psa/ace.tuning.json"", ""hpo_strategy"": ""hamming"", ""global_time_strategy"": ""PERCENT"", ""percent"": 0.2, ""round_time_strategy"": ""STATIC"", ""time_evolution"": ""STATIC"", ""stop_strategy"": ""TIMEOUT""}",72,"{""varh"": ""Memory"", ""valh"": ""First"", ""saf"": ""False"", ""pc1"": ""True"", ""bdc"": ""1"", ""toh"": ""False"", ""ng"": ""NO"", ""lc"": ""2"", ""negative"": ""STR1N"", ""generic2"": ""True"", ""sb"": ""NO""}",1.694263791985577,2.542532207997283,-29,ExitStatus.FEASIBLE,False,False,2.542532207997283
2025-06-07T22:56:37.542198,KidneyExchange-4-041_c23.xml,"{""input"": ""tests/xcsp3/cop/UNKNOWN/KidneyExchange-4-041_c23.xml"", ""solver"": ""xcsp:ACE@2.4"", ""output_dir"": ""results_comparison"", ""global_time_limit"": 600, ""max_tries"": 50, ""tuning_file"": ""tests/psa/ace.tuning.json"", ""hpo_strategy"": ""hamming"", ""global_time_strategy"": ""PERCENT"", ""percent"": 0.2, ""round_time_strategy"": ""STATIC"", ""time_evolution"": ""STATIC"", ""stop_strategy"": ""TIMEOUT""}",73,"{""varh"": ""Wdeg"", ""valh"": ""First"", ""saf"": ""True"", ""pc1"": ""True"", ""bdc"": ""1"", ""toh"": ""True"", ""ng"": ""NO"", ""lc"": ""2"", ""negative"": ""V"", ""generic2"": ""True"", ""sb"": ""NO""}",1.694263791985577,2.39924416699796,-29,ExitStatus.FEASIBLE,False,False,2.39924416699796
2025-06-07T22:56:40.253413,KidneyExchange-4-041_c23.xml,"{""input"": ""tests/xcsp3/cop/UNKNOWN/KidneyExchange-4-041_c23.xml"", ""solver"": ""xcsp:ACE@2.4"", ""output_dir"": ""results_comparison"", ""global_time_limit"": 600, ""max_tries"": 50, ""tuning_file"": ""tests/psa/ace.tuning.json"", ""hpo_strategy"": ""hamming"", ""global_time_strategy"": ""PERCENT"", ""percent"": 0.2, ""round_time_strategy"": ""STATIC"", ""time_evolution"": ""STATIC"", ""stop_strategy"": ""TIMEOUT""}",74,"{""varh"": ""Wdeg"", ""valh"": ""First"", ""saf"": ""False"", ""pc1"": ""True"", ""bdc"": ""1"", ""toh"": ""False"", ""ng"": ""NO"", ""lc"": ""1"", ""negative"": ""STR2N"", ""generic2"": ""True"", ""sb"": ""NO""}",1.694263791985577,2.464073790994007,-31,ExitStatus.FEASIBLE,False,False,2.464073790994007
2025-06-07T22:56:43.228917,KidneyExchange-4-041_c23.xml,"{""input"": ""tests/xcsp3/cop/UNKNOWN/KidneyExchange-4-041_c23.xml"", ""solver"": ""xcsp:ACE@2.4"", ""output_dir"": ""results_comparison"", ""global_time_limit"": 600, ""max_tries"": 50, ""tuning_file"": ""tests/psa/ace.tuning.json"", ""hpo_strategy"": ""hamming"", ""global_time_strategy"": ""PERCENT"", ""percent"": 0.2, ""round_time_strategy"": ""STATIC"", ""time_evolution"": ""STATIC"", ""stop_strategy"": ""TIMEOUT""}",75,"{""varh"": ""RunRobin"", ""valh"": ""First"", ""saf"": ""False"", ""pc1"": ""True"", ""bdc"": ""1"", ""toh"": ""False"", ""ng"": ""NO"", ""lc"": ""2"", ""negative"": ""STR0"", ""generic2"": ""True"", ""sb"": ""NO""}",1.694263791985577,2.6771767080063,-27,ExitStatus.FEASIBLE,False,False,2.6771767080063
2025-06-07T22:56:46.075759,KidneyExchange-4-041_c23.xml,"{""input"": ""tests/xcsp3/cop/UNKNOWN/KidneyExchange-4-041_c23.xml"", ""solver"": ""xcsp:ACE@2.4"", ""output_dir"": ""results_comparison"", ""global_time_limit"": 600, ""max_tries"": 50, ""tuning_file"": ""tests/psa/ace.tuning.json"", ""hpo_strategy"": ""hamming"", ""global_time_strategy"": ""PERCENT"", ""percent"": 0.2, ""round_time_strategy"": ""STATIC"", ""time_evolution"": ""STATIC"", ""stop_strategy"": ""TIMEOUT""}",76,"{""varh"": ""PickOnDom"", ""valh"": ""First"", ""saf"": ""False"", ""pc1"": ""True"", ""bdc"": ""1"", ""toh"": ""False"", ""ng"": ""NO"", ""lc"": ""2"", ""negative"": ""STR3"", ""generic2"": ""True"", ""sb"": ""NO""}",1.694263791985577,2.571261874982156,-27,ExitStatus.FEASIBLE,False,False,2.571261874982156
2025-06-07T22:56:50.112408,KidneyExchange-4-041_c23.xml,"{""input"": ""tests/xcsp3/cop/UNKNOWN/KidneyExchange-4-041_c23.xml"", ""solver"": ""xcsp:ACE@2.4"", ""output_dir"": ""results_comparison"", ""global_time_limit"": 600, ""max_tries"": 50, ""tuning_file"": ""tests/psa/ace.tuning.json"", ""hpo_strategy"": ""hamming"", ""global_time_strategy"": ""PERCENT"", ""percent"": 0.2, ""round_time_strategy"": ""STATIC"", ""time_evolution"": ""STATIC"", ""stop_strategy"": ""TIMEOUT""}",77,"{""varh"": ""WdegOnDom"", ""valh"": ""Bivs3"", ""saf"": ""False"", ""pc1"": ""True"", ""bdc"": ""1"", ""toh"": ""False"", ""ng"": ""NO"", ""lc"": ""2"", ""negative"": ""V"", ""generic2"": ""True"", ""sb"": ""NO""}",1.694263791985577,3.796393915981753,,ExitStatus.UNKNOWN,False,False,3.796393915981753
2025-06-07T22:56:53.152696,KidneyExchange-4-041_c23.xml,"{""input"": ""tests/xcsp3/cop/UNKNOWN/KidneyExchange-4-041_c23.xml"", ""solver"": ""xcsp:ACE@2.4"", ""output_dir"": ""results_comparison"", ""global_time_limit"": 600, ""max_tries"": 50, ""tuning_file"": ""tests/psa/ace.tuning.json"", ""hpo_strategy"": ""hamming"", ""global_time_strategy"": ""PERCENT"", ""percent"": 0.2, ""round_time_strategy"": ""STATIC"", ""time_evolution"": ""STATIC"", ""stop_strategy"": ""TIMEOUT""}",78,"{""varh"": ""RunRobin"", ""valh"": ""First"", ""saf"": ""False"", ""pc1"": ""True"", ""bdc"": ""1"", ""toh"": ""False"", ""ng"": ""NO"", ""lc"": ""2"", ""negative"": ""STR2"", ""generic2"": ""True"", ""sb"": ""NO""}",1.694263791985577,2.7536759999929927,-29,ExitStatus.FEASIBLE,False,False,2.7536759999929927
2025-06-07T22:56:56.042252,KidneyExchange-4-041_c23.xml,"{""input"": ""tests/xcsp3/cop/UNKNOWN/KidneyExchange-4-041_c23.xml"", ""solver"": ""xcsp:ACE@2.4"", ""output_dir"": ""results_comparison"", ""global_time_limit"": 600, ""max_tries"": 50, ""tuning_file"": ""tests/psa/ace.tuning.json"", ""hpo_strategy"": ""hamming"", ""global_time_strategy"": ""PERCENT"", ""percent"": 0.2, ""round_time_strategy"": ""STATIC"", ""time_evolution"": ""STATIC"", ""stop_strategy"": ""TIMEOUT""}",79,"{""varh"": ""Wdeg"", ""valh"": ""Median"", ""saf"": ""False"", ""pc1"": ""True"", ""bdc"": ""1"", ""toh"": ""True"", ""ng"": ""NO"", ""lc"": ""2"", ""negative"": ""V"", ""generic2"": ""True"", ""sb"": ""NO""}",1.694263791985577,2.6698685829760507,-11,ExitStatus.FEASIBLE,False,False,2.6698685829760507
2025-06-07T22:56:58.751543,KidneyExchange-4-041_c23.xml,"{""input"": ""tests/xcsp3/cop/UNKNOWN/KidneyExchange-4-041_c23.xml"", ""solver"": ""xcsp:ACE@2.4"", ""output_dir"": ""results_comparison"", ""global_time_limit"": 600, ""max_tries"": 50, ""tuning_file"": ""tests/psa/ace.tuning.json"", ""hpo_strategy"": ""hamming"", ""global_time_strategy"": ""PERCENT"", ""percent"": 0.2, ""round_time_strategy"": ""STATIC"", ""time_evolution"": ""STATIC"", ""stop_strategy"": ""TIMEOUT""}",80,"{""varh"": ""Wdeg"", ""valh"": ""First"", ""saf"": ""True"", ""pc1"": ""True"", ""bdc"": ""1"", ""toh"": ""False"", ""ng"": ""NO"", ""lc"": ""2"", ""negative"": ""STR3"", ""generic2"": ""True"", ""sb"": ""NO""}",1.694263791985577,2.480197541997768,-31,ExitStatus.FEASIBLE,False,False,2.480197541997768
2025-06-07T22:57:01.914967,KidneyExchange-4-041_c23.xml,"{""input"": ""tests/xcsp3/cop/UNKNOWN/KidneyExchange-4-041_c23.xml"", ""solver"": ""xcsp:ACE@2.4"", ""output_dir"": ""results_comparison"", ""global_time_limit"": 600, ""max_tries"": 50, ""tuning_file"": ""tests/psa/ace.tuning.json"", ""hpo_strategy"": ""hamming"", ""global_time_strategy"": ""PERCENT"", ""percent"": 0.2, ""round_time_strategy"": ""STATIC"", ""time_evolution"": ""STATIC"", ""stop_strategy"": ""TIMEOUT""}",81,"{""varh"": ""Wdeg"", ""valh"": ""FlrsE"", ""saf"": ""False"", ""pc1"": ""True"", ""bdc"": ""1"", ""toh"": ""False"", ""ng"": ""NO"", ""lc"": ""5"", ""negative"": ""V"", ""generic2"": ""True"", ""sb"": ""NO""}",1.694263791985577,2.914314708003076,-31,ExitStatus.FEASIBLE,False,False,2.914314708003076
2025-06-07T22:57:07.049249,KidneyExchange-4-041_c23.xml,"{""input"": ""tests/xcsp3/cop/UNKNOWN/KidneyExchange-4-041_c23.xml"", ""solver"": ""xcsp:ACE@2.4"", ""output_dir"": ""results_comparison"", ""global_time_limit"": 600, ""max_tries"": 50, ""tuning_file"": ""tests/psa/ace.tuning.json"", ""hpo_strategy"": ""hamming"", ""global_time_strategy"": ""PERCENT"", ""percent"": 0.2, ""round_time_strategy"": ""STATIC"", ""time_evolution"": ""STATIC"", ""stop_strategy"": ""TIMEOUT""}",82,"{""varh"": ""Memory"", ""valh"": ""Bivs3"", ""saf"": ""False"", ""pc1"": ""True"", ""bdc"": ""1"", ""toh"": ""False"", ""ng"": ""NO"", ""lc"": ""2"", ""negative"": ""V"", ""generic2"": ""True"", ""sb"": ""NO""}",1.694263791985577,4.876550958986627,-29,ExitStatus.FEASIBLE,False,False,4.876550958986627
2025-06-07T22:57:10.025125,KidneyExchange-4-041_c23.xml,"{""input"": ""tests/xcsp3/cop/UNKNOWN/KidneyExchange-4-041_c23.xml"", ""solver"": ""xcsp:ACE@2.4"", ""output_dir"": ""results_comparison"", ""global_time_limit"": 600, ""max_tries"": 50, ""tuning_file"": ""tests/psa/ace.tuning.json"", ""hpo_strategy"": ""hamming"", ""global_time_strategy"": ""PERCENT"", ""percent"": 0.2, ""round_time_strategy"": ""STATIC"", ""time_evolution"": ""STATIC"", ""stop_strategy"": ""TIMEOUT""}",83,"{""varh"": ""Wdeg"", ""valh"": ""RunRobin"", ""saf"": ""False"", ""pc1"": ""True"", ""bdc"": ""1"", ""toh"": ""False"", ""ng"": ""NO"", ""lc"": ""2"", ""negative"": ""STR1"", ""generic2"": ""True"", ""sb"": ""NO""}",1.694263791985577,2.6898681249876972,-29,ExitStatus.FEASIBLE,False,False,2.6898681249876972
2025-06-07T22:57:12.595889,KidneyExchange-4-041_c23.xml,"{""input"": ""tests/xcsp3/cop/UNKNOWN/KidneyExchange-4-041_c23.xml"", ""solver"": ""xcsp:ACE@2.4"", ""output_dir"": ""results_comparison"", ""global_time_limit"": 600, ""max_tries"": 50, ""tuning_file"": ""tests/psa/ace.tuning.json"", ""hpo_strategy"": ""hamming"", ""global_time_strategy"": ""PERCENT"", ""percent"": 0.2, ""round_time_strategy"": ""STATIC"", ""time_evolution"": ""STATIC"", ""stop_strategy"": ""TIMEOUT""}",84,"{""varh"": ""PickOnDom"", ""valh"": ""Bivs3"", ""saf"": ""False"", ""pc1"": ""True"", ""bdc"": ""1"", ""toh"": ""False"", ""ng"": ""NO"", ""lc"": ""2"", ""negative"": ""V"", ""generic2"": ""True"", ""sb"": ""NO""}",1.694263791985577,2.298443000006955,-31,ExitStatus.FEASIBLE,False,False,2.298443000006955
2025-06-07T22:57:15.570938,KidneyExchange-4-041_c23.xml,"{""input"": ""tests/xcsp3/cop/UNKNOWN/KidneyExchange-4-041_c23.xml"", ""solver"": ""xcsp:ACE@2.4"", ""output_dir"": ""results_comparison"", ""global_time_limit"": 600, ""max_tries"": 50, ""tuning_file"": ""tests/psa/ace.tuning.json"", ""hpo_strategy"": ""hamming"", ""global_time_strategy"": ""PERCENT"", ""percent"": 0.2, ""round_time_strategy"": ""STATIC"", ""time_evolution"": ""STATIC"", ""stop_strategy"": ""TIMEOUT""}",85,"{""varh"": ""RunRobin"", ""valh"": ""Bivs3"", ""saf"": ""False"", ""pc1"": ""True"", ""bdc"": ""1"", ""toh"": ""False"", ""ng"": ""NO"", ""lc"": ""2"", ""negative"": ""V"", ""generic2"": ""True"", ""sb"": ""NO""}",1.694263791985577,2.729918541997904,-31,ExitStatus.FEASIBLE,False,False,2.729918541997904
2025-06-07T22:57:18.776504,KidneyExchange-4-041_c23.xml,"{""input"": ""tests/xcsp3/cop/UNKNOWN/KidneyExchange-4-041_c23.xml"", ""solver"": ""xcsp:ACE@2.4"", ""output_dir"": ""results_comparison"", ""global_time_limit"": 600, ""max_tries"": 50, ""tuning_file"": ""tests/psa/ace.tuning.json"", ""hpo_strategy"": ""hamming"", ""global_time_strategy"": ""PERCENT"", ""percent"": 0.2, ""round_time_strategy"": ""STATIC"", ""time_evolution"": ""STATIC"", ""stop_strategy"": ""TIMEOUT""}",86,"{""varh"": ""FrbaOnDom"", ""valh"": ""First"", ""saf"": ""False"", ""pc1"": ""True"", ""bdc"": ""1"", ""toh"": ""False"", ""ng"": ""NO"", ""lc"": ""1"", ""negative"": ""V"", ""generic2"": ""True"", ""sb"": ""NO""}",1.694263791985577,2.9308311250060797,-17,ExitStatus.FEASIBLE,False,False,2.9308311250060797
2025-06-07T22:57:21.777156,KidneyExchange-4-041_c23.xml,"{""input"": ""tests/xcsp3/cop/UNKNOWN/KidneyExchange-4-041_c23.xml"", ""solver"": ""xcsp:ACE@2.4"", ""output_dir"": ""results_comparison"", ""global_time_limit"": 600, ""max_tries"": 50, ""tuning_file"": ""tests/psa/ace.tuning.json"", ""hpo_strategy"": ""hamming"", ""global_time_strategy"": ""PERCENT"", ""percent"": 0.2, ""round_time_strategy"": ""STATIC"", ""time_evolution"": ""STATIC"", ""stop_strategy"": ""TIMEOUT""}",87,"{""varh"": ""Rand"", ""valh"": ""First"", ""saf"": ""False"", ""pc1"": ""True"", ""bdc"": ""1"", ""toh"": ""False"", ""ng"": ""NO"", ""lc"": ""2"", ""negative"": ""STR2N"", ""generic2"": ""True"", ""sb"": ""NO""}",1.694263791985577,2.7349925829912536,,ExitStatus.UNKNOWN,False,False,2.7349925829912536
2025-06-07T22:57:24.701835,KidneyExchange-4-041_c23.xml,"{""input"": ""tests/xcsp3/cop/UNKNOWN/KidneyExchange-4-041_c23.xml"", ""solver"": ""xcsp:ACE@2.4"", ""output_dir"": ""results_comparison"", ""global_time_limit"": 600, ""max_tries"": 50, ""tuning_file"": ""tests/psa/ace.tuning.json"", ""hpo_strategy"": ""hamming"", ""global_time_strategy"": ""PERCENT"", ""percent"": 0.2, ""round_time_strategy"": ""STATIC"", ""time_evolution"": ""STATIC"", ""stop_strategy"": ""TIMEOUT""}",88,"{""varh"": ""Lexico"", ""valh"": ""First"", ""saf"": ""False"", ""pc1"": ""True"", ""bdc"": ""1000"", ""toh"": ""False"", ""ng"": ""NO"", ""lc"": ""2"", ""negative"": ""V"", ""generic2"": ""True"", ""sb"": ""NO""}",1.694263791985577,2.6801670000131708,,ExitStatus.UNKNOWN,False,False,2.6801670000131708
2025-06-07T22:57:27.564988,KidneyExchange-4-041_c23.xml,"{""input"": ""tests/xcsp3/cop/UNKNOWN/KidneyExchange-4-041_c23.xml"", ""solver"": ""xcsp:ACE@2.4"", ""output_dir"": ""results_comparison"", ""global_time_limit"": 600, ""max_tries"": 50, ""tuning_file"": ""tests/psa/ace.tuning.json"", ""hpo_strategy"": ""hamming"", ""global_time_strategy"": ""PERCENT"", ""percent"": 0.2, ""round_time_strategy"": ""STATIC"", ""time_evolution"": ""STATIC"", ""stop_strategy"": ""TIMEOUT""}",89,"{""varh"": ""Wdeg"", ""valh"": ""First"", ""saf"": ""True"", ""pc1"": ""True"", ""bdc"": ""1"", ""toh"": ""False"", ""ng"": ""NO"", ""lc"": ""2"", ""negative"": ""STR2"", ""generic2"": ""True"", ""sb"": ""NO""}",1.694263791985577,2.5918327079853043,-29,ExitStatus.FEASIBLE,False,False,2.5918327079853043
2025-06-07T22:57:30.810324,KidneyExchange-4-041_c23.xml,"{""input"": ""tests/xcsp3/cop/UNKNOWN/KidneyExchange-4-041_c23.xml"", ""solver"": ""xcsp:ACE@2.4"", ""output_dir"": ""results_comparison"", ""global_time_limit"": 600, ""max_tries"": 50, ""tuning_file"": ""tests/psa/ace.tuning.json"", ""hpo_strategy"": ""hamming"", ""global_time_strategy"": ""PERCENT"", ""percent"": 0.2, ""round_time_strategy"": ""STATIC"", ""time_evolution"": ""STATIC"", ""stop_strategy"": ""TIMEOUT""}",90,"{""varh"": ""PickOnDom"", ""valh"": ""Last"", ""saf"": ""False"", ""pc1"": ""True"", ""bdc"": ""1"", ""toh"": ""False"", ""ng"": ""NO"", ""lc"": ""2"", ""negative"": ""V"", ""generic2"": ""True"", ""sb"": ""NO""}",1.694263791985577,2.9929519169963896,-3,ExitStatus.FEASIBLE,False,False,2.9929519169963896
2025-06-07T22:57:33.544164,KidneyExchange-4-041_c23.xml,"{""input"": ""tests/xcsp3/cop/UNKNOWN/KidneyExchange-4-041_c23.xml"", ""solver"": ""xcsp:ACE@2.4"", ""output_dir"": ""results_comparison"", ""global_time_limit"": 600, ""max_tries"": 50, ""tuning_file"": ""tests/psa/ace.tuning.json"", ""hpo_strategy"": ""hamming"", ""global_time_strategy"": ""PERCENT"", ""percent"": 0.2, ""round_time_strategy"": ""STATIC"", ""time_evolution"": ""STATIC"", ""stop_strategy"": ""TIMEOUT""}",91,"{""varh"": ""Lexico"", ""valh"": ""RunRobin"", ""saf"": ""False"", ""pc1"": ""True"", ""bdc"": ""1"", ""toh"": ""False"", ""ng"": ""NO"", ""lc"": ""2"", ""negative"": ""V"", ""generic2"": ""True"", ""sb"": ""NO""}",1.694263791985577,2.462754457985284,-31,ExitStatus.FEASIBLE,False,False,2.462754457985284
2025-06-07T22:57:36.159802,KidneyExchange-4-041_c23.xml,"{""input"": ""tests/xcsp3/cop/UNKNOWN/KidneyExchange-4-041_c23.xml"", ""solver"": ""xcsp:ACE@2.4"", ""output_dir"": ""results_comparison"", ""global_time_limit"": 600, ""max_tries"": 50, ""tuning_file"": ""tests/psa/ace.tuning.json"", ""hpo_strategy"": ""hamming"", ""global_time_strategy"": ""PERCENT"", ""percent"": 0.2, ""round_time_strategy"": ""STATIC"", ""time_evolution"": ""STATIC"", ""stop_strategy"": ""TIMEOUT""}",92,"{""varh"": ""Wdeg"", ""valh"": ""First"", ""saf"": ""False"", ""pc1"": ""False"", ""bdc"": ""1"", ""toh"": ""False"", ""ng"": ""NO"", ""lc"": ""2"", ""negative"": ""STR1N"", ""generic2"": ""True"", ""sb"": ""NO""}",1.694263791985577,2.342386208008975,-15,ExitStatus.FEASIBLE,False,False,2.342386208008975
2025-06-07T22:57:38.944446,KidneyExchange-4-041_c23.xml,"{""input"": ""tests/xcsp3/cop/UNKNOWN/KidneyExchange-4-041_c23.xml"", ""solver"": ""xcsp:ACE@2.4"", ""output_dir"": ""results_comparison"", ""global_time_limit"": 600, ""max_tries"": 50, ""tuning_file"": ""tests/psa/ace.tuning.json"", ""hpo_strategy"": ""hamming"", ""global_time_strategy"": ""PERCENT"", ""percent"": 0.2, ""round_time_strategy"": ""STATIC"", ""time_evolution"": ""STATIC"", ""stop_strategy"": ""TIMEOUT""}",93,"{""varh"": ""Activity"", ""valh"": ""First"", ""saf"": ""False"", ""pc1"": ""True"", ""bdc"": ""100"", ""toh"": ""False"", ""ng"": ""NO"", ""lc"": ""2"", ""negative"": ""V"", ""generic2"": ""True"", ""sb"": ""NO""}",1.694263791985577,2.527218000002904,,ExitStatus.UNKNOWN,False,False,2.527218000002904
2025-06-07T22:57:42.495804,KidneyExchange-4-041_c23.xml,"{""input"": ""tests/xcsp3/cop/UNKNOWN/KidneyExchange-4-041_c23.xml"", ""solver"": ""xcsp:ACE@2.4"", ""output_dir"": ""results_comparison"", ""global_time_limit"": 600, ""max_tries"": 50, ""tuning_file"": ""tests/psa/ace.tuning.json"", ""hpo_strategy"": ""hamming"", ""global_time_strategy"": ""PERCENT"", ""percent"": 0.2, ""round_time_strategy"": ""STATIC"", ""time_evolution"": ""STATIC"", ""stop_strategy"": ""TIMEOUT""}",94,"{""varh"": ""Impact"", ""valh"": ""Bivs3"", ""saf"": ""False"", ""pc1"": ""True"", ""bdc"": ""1"", ""toh"": ""False"", ""ng"": ""NO"", ""lc"": ""2"", ""negative"": ""V"", ""generic2"": ""True"", ""sb"": ""NO""}",1.694263791985577,3.28585362501326,-34,ExitStatus.FEASIBLE,False,False,3.28585362501326
2025-06-07T22:57:45.372168,KidneyExchange-4-041_c23.xml,"{""input"": ""tests/xcsp3/cop/UNKNOWN/KidneyExchange-4-041_c23.xml"", ""solver"": ""xcsp:ACE@2.4"", ""output_dir"": ""results_comparison"", ""global_time_limit"": 600, ""max_tries"": 50, ""tuning_file"": ""tests/psa/ace.tuning.json"", ""hpo_strategy"": ""hamming"", ""global_time_strategy"": ""PERCENT"", ""percent"": 0.2, ""round_time_strategy"": ""STATIC"", ""time_evolution"": ""STATIC"", ""stop_strategy"": ""TIMEOUT""}",95,"{""varh"": ""Wdeg"", ""valh"": ""Median"", ""saf"": ""False"", ""pc1"": ""True"", ""bdc"": ""1"", ""toh"": ""False"", ""ng"": ""NO"", ""lc"": ""1"", ""negative"": ""V"", ""generic2"": ""True"", ""sb"": ""NO""}",1.694263791985577,2.629412250011228,-9,ExitStatus.FEASIBLE,False,False,2.629412250011228
2025-06-07T22:57:48.361518,KidneyExchange-4-041_c23.xml,"{""input"": ""tests/xcsp3/cop/UNKNOWN/KidneyExchange-4-041_c23.xml"", ""solver"": ""xcsp:ACE@2.4"", ""output_dir"": ""results_comparison"", ""global_time_limit"": 600, ""max_tries"": 50, ""tuning_file"": ""tests/psa/ace.tuning.json"", ""hpo_strategy"": ""hamming"", ""global_time_strategy"": ""PERCENT"", ""percent"": 0.2, ""round_time_strategy"": ""STATIC"", ""time_evolution"": ""STATIC"", ""stop_strategy"": ""TIMEOUT""}",96,"{""varh"": ""Rand"", ""valh"": ""First"", ""saf"": ""True"", ""pc1"": ""True"", ""bdc"": ""1"", ""toh"": ""False"", ""ng"": ""NO"", ""lc"": ""2"", ""negative"": ""V"", ""generic2"": ""True"", ""sb"": ""NO""}",1.694263791985577,2.7205775000038557,,ExitStatus.UNKNOWN,False,False,2.7205775000038557
2025-06-07T22:57:50.908225,KidneyExchange-4-041_c23.xml,"{""input"": ""tests/xcsp3/cop/UNKNOWN/KidneyExchange-4-041_c23.xml"", ""solver"": ""xcsp:ACE@2.4"", ""output_dir"": ""results_comparison"", ""global_time_limit"": 600, ""max_tries"": 50, ""tuning_file"": ""tests/psa/ace.tuning.json"", ""hpo_strategy"": ""hamming"", ""global_time_strategy"": ""PERCENT"", ""percent"": 0.2, ""round_time_strategy"": ""STATIC"", ""time_evolution"": ""STATIC"", ""stop_strategy"": ""TIMEOUT""}",97,"{""varh"": ""Rand"", ""valh"": ""First"", ""saf"": ""False"", ""pc1"": ""True"", ""bdc"": ""1"", ""toh"": ""False"", ""ng"": ""NO"", ""lc"": ""2"", ""negative"": ""STR1N"", ""generic2"": ""True"", ""sb"": ""NO""}",1.694263791985577,2.299679207993904,,ExitStatus.UNKNOWN,False,False,2.299679207993904
2025-06-07T22:57:53.801508,KidneyExchange-4-041_c23.xml,"{""input"": ""tests/xcsp3/cop/UNKNOWN/KidneyExchange-4-041_c23.xml"", ""solver"": ""xcsp:ACE@2.4"", ""output_dir"": ""results_comparison"", ""global_time_limit"": 600, ""max_tries"": 50, ""tuning_file"": ""tests/psa/ace.tuning.json"", ""hpo_strategy"": ""hamming"", ""global_time_strategy"": ""PERCENT"", ""percent"": 0.2, ""round_time_strategy"": ""STATIC"", ""time_evolution"": ""STATIC"", ""stop_strategy"": ""TIMEOUT""}",98,"{""varh"": ""FrbaOnDom"", ""valh"": ""First"", ""saf"": ""False"", ""pc1"": ""True"", ""bdc"": ""1"", ""toh"": ""False"", ""ng"": ""NO"", ""lc"": ""2"", ""negative"": ""STR1"", ""generic2"": ""True"", ""sb"": ""NO""}",1.694263791985577,2.542003249982372,-17,ExitStatus.FEASIBLE,False,False,2.542003249982372
2025-06-07T22:57:56.636403,KidneyExchange-4-041_c23.xml,"{""input"": ""tests/xcsp3/cop/UNKNOWN/KidneyExchange-4-041_c23.xml"", ""solver"": ""xcsp:ACE@2.4"", ""output_dir"": ""results_comparison"", ""global_time_limit"": 600, ""max_tries"": 50, ""tuning_file"": ""tests/psa/ace.tuning.json"", ""hpo_strategy"": ""hamming"", ""global_time_strategy"": ""PERCENT"", ""percent"": 0.2, ""round_time_strategy"": ""STATIC"", ""time_evolution"": ""STATIC"", ""stop_strategy"": ""TIMEOUT""}",99,"{""varh"": ""Rand"", ""valh"": ""First"", ""saf"": ""False"", ""pc1"": ""True"", ""bdc"": ""10"", ""toh"": ""False"", ""ng"": ""NO"", ""lc"": ""2"", ""negative"": ""V"", ""generic2"": ""True"", ""sb"": ""NO""}",1.694263791985577,2.488172167009907,,ExitStatus.UNKNOWN,False,False,2.488172167009907
2025-06-07T22:57:59.368821,KidneyExchange-4-041_c23.xml,"{""input"": ""tests/xcsp3/cop/UNKNOWN/KidneyExchange-4-041_c23.xml"", ""solver"": ""xcsp:ACE@2.4"", ""output_dir"": ""results_comparison"", ""global_time_limit"": 600, ""max_tries"": 50, ""tuning_file"": ""tests/psa/ace.tuning.json"", ""hpo_strategy"": ""hamming"", ""global_time_strategy"": ""PERCENT"", ""percent"": 0.2, ""round_time_strategy"": ""STATIC"", ""time_evolution"": ""STATIC"", ""stop_strategy"": ""TIMEOUT""}",100,"{""varh"": ""Wdeg"", ""valh"": ""First"", ""saf"": ""False"", ""pc1"": ""True"", ""bdc"": ""1"", ""toh"": ""False"", ""ng"": ""NO"", ""lc"": ""1"", ""negative"": ""STR1N"", ""generic2"": ""True"", ""sb"": ""NO""}",1.694263791985577,2.482877583010122,-29,ExitStatus.FEASIBLE,False,False,2.482877583010122
2025-06-07T22:58:02.097455,KidneyExchange-4-041_c23.xml,"{""input"": ""tests/xcsp3/cop/UNKNOWN/KidneyExchange-4-041_c23.xml"", ""solver"": ""xcsp:ACE@2.4"", ""output_dir"": ""results_comparison"", ""global_time_limit"": 600, ""max_tries"": 50, ""tuning_file"": ""tests/psa/ace.tuning.json"", ""hpo_strategy"": ""hamming"", ""global_time_strategy"": ""PERCENT"", ""percent"": 0.2, ""round_time_strategy"": ""STATIC"", ""time_evolution"": ""STATIC"", ""stop_strategy"": ""TIMEOUT""}",101,"{""varh"": ""Activity"", ""valh"": ""First"", ""saf"": ""False"", ""pc1"": ""True"", ""bdc"": ""1"", ""toh"": ""False"", ""ng"": ""NO"", ""lc"": ""2"", ""negative"": ""STR1N"", ""generic2"": ""True"", ""sb"": ""NO""}",1.694263791985577,2.4772768750262912,-23,ExitStatus.FEASIBLE,False,False,2.4772768750262912
2025-06-07T22:58:05.036753,KidneyExchange-4-041_c23.xml,"{""input"": ""tests/xcsp3/cop/UNKNOWN/KidneyExchange-4-041_c23.xml"", ""solver"": ""xcsp:ACE@2.4"", ""output_dir"": ""results_comparison"", ""global_time_limit"": 600, ""max_tries"": 50, ""tuning_file"": ""tests/psa/ace.tuning.json"", ""hpo_strategy"": ""hamming"", ""global_time_strategy"": ""PERCENT"", ""percent"": 0.2, ""round_time_strategy"": ""STATIC"", ""time_evolution"": ""STATIC"", ""stop_strategy"": ""TIMEOUT""}",102,"{""varh"": ""PickOnDom"", ""valh"": ""First"", ""saf"": ""False"", ""pc1"": ""True"", ""bdc"": ""1"", ""toh"": ""False"", ""ng"": ""NO"", ""lc"": ""2"", ""negative"": ""V"", ""generic2"": ""False"", ""sb"": ""NO""}",1.694263791985577,2.710871582996333,-29,ExitStatus.FEASIBLE,False,False,2.710871582996333
2025-06-07T22:58:07.485375,KidneyExchange-4-041_c23.xml,"{""input"": ""tests/xcsp3/cop/UNKNOWN/KidneyExchange-4-041_c23.xml"", ""solver"": ""xcsp:ACE@2.4"", ""output_dir"": ""results_comparison"", ""global_time_limit"": 600, ""max_tries"": 50, ""tuning_file"": ""tests/psa/ace.tuning.json"", ""hpo_strategy"": ""hamming"", ""global_time_strategy"": ""PERCENT"", ""percent"": 0.2, ""round_time_strategy"": ""STATIC"", ""time_evolution"": ""STATIC"", ""stop_strategy"": ""TIMEOUT""}",103,"{""varh"": ""Wdeg"", ""valh"": ""First"", ""saf"": ""False"", ""pc1"": ""False"", ""bdc"": ""1"", ""toh"": ""False"", ""ng"": ""NO"", ""lc"": ""2"", ""negative"": ""V"", ""generic2"": ""False"", ""sb"": ""NO""}",1.694263791985577,2.2116204999911133,-15,ExitStatus.FEASIBLE,False,False,2.2116204999911133
2025-06-07T22:58:10.433397,KidneyExchange-4-041_c23.xml,"{""input"": ""tests/xcsp3/cop/UNKNOWN/KidneyExchange-4-041_c23.xml"", ""solver"": ""xcsp:ACE@2.4"", ""output_dir"": ""results_comparison"", ""global_time_limit"": 600, ""max_tries"": 50, ""tuning_file"": ""tests/psa/ace.tuning.json"", ""hpo_strategy"": ""hamming"", ""global_time_strategy"": ""PERCENT"", ""percent"": 0.2, ""round_time_strategy"": ""STATIC"", ""time_evolution"": ""STATIC"", ""stop_strategy"": ""TIMEOUT""}",104,"{""varh"": ""Wdeg"", ""valh"": ""First"", ""saf"": ""False"", ""pc1"": ""True"", ""bdc"": ""1"", ""toh"": ""False"", ""ng"": ""NO"", ""lc"": ""2"", ""negative"": ""STR1"", ""generic2"": ""False"", ""sb"": ""NO""}",1.694263791985577,2.6986652500054333,-29,ExitStatus.FEASIBLE,False,False,2.6986652500054333
2025-06-07T22:58:16.744766,KidneyExchange-4-041_c23.xml,"{""input"": ""tests/xcsp3/cop/UNKNOWN/KidneyExchange-4-041_c23.xml"", ""solver"": ""xcsp:ACE@2.4"", ""output_dir"": ""results_comparison"", ""global_time_limit"": 600, ""max_tries"": 50, ""tuning_file"": ""tests/psa/ace.tuning.json"", ""hpo_strategy"": ""hamming"", ""global_time_strategy"": ""PERCENT"", ""percent"": 0.2, ""round_time_strategy"": ""STATIC"", ""time_evolution"": ""STATIC"", ""stop_strategy"": ""TIMEOUT""}",105,"{""varh"": ""Wdeg"", ""valh"": ""Conflicts"", ""saf"": ""False"", ""pc1"": ""True"", ""bdc"": ""1"", ""toh"": ""False"", ""ng"": ""NO"", ""lc"": ""5"", ""negative"": ""V"", ""generic2"": ""True"", ""sb"": ""NO""}",1.694263791985577,1,,ExitStatus.UNKNOWN,False,False,1
2025-06-07T22:58:20.082967,KidneyExchange-4-041_c23.xml,"{""input"": ""tests/xcsp3/cop/UNKNOWN/KidneyExchange-4-041_c23.xml"", ""solver"": ""xcsp:ACE@2.4"", ""output_dir"": ""results_comparison"", ""global_time_limit"": 600, ""max_tries"": 50, ""tuning_file"": ""tests/psa/ace.tuning.json"", ""hpo_strategy"": ""hamming"", ""global_time_strategy"": ""PERCENT"", ""percent"": 0.2, ""round_time_strategy"": ""STATIC"", ""time_evolution"": ""STATIC"", ""stop_strategy"": ""TIMEOUT""}",106,"{""varh"": ""Wdeg"", ""valh"": ""OccsR"", ""saf"": ""False"", ""pc1"": ""True"", ""bdc"": ""100"", ""toh"": ""False"", ""ng"": ""NO"", ""lc"": ""2"", ""negative"": ""V"", ""generic2"": ""True"", ""sb"": ""NO""}",1.694263791985577,3.0911350839887746,,ExitStatus.UNKNOWN,False,False,3.0911350839887746
2025-06-07T22:58:23.157067,KidneyExchange-4-041_c23.xml,"{""input"": ""tests/xcsp3/cop/UNKNOWN/KidneyExchange-4-041_c23.xml"", ""solver"": ""xcsp:ACE@2.4"", ""output_dir"": ""results_comparison"", ""global_time_limit"": 600, ""max_tries"": 50, ""tuning_file"": ""tests/psa/ace.tuning.json"", ""hpo_strategy"": ""hamming"", ""global_time_strategy"": ""PERCENT"", ""percent"": 0.2, ""round_time_strategy"": ""STATIC"", ""time_evolution"": ""STATIC"", ""stop_strategy"": ""TIMEOUT""}",107,"{""varh"": ""Wdeg"", ""valh"": ""First"", ""saf"": ""False"", ""pc1"": ""True"", ""bdc"": ""100"", ""toh"": ""False"", ""ng"": ""NO"", ""lc"": ""2"", ""negative"": ""STR0"", ""generic2"": ""True"", ""sb"": ""NO""}",1.694263791985577,2.846702415990876,,ExitStatus.UNKNOWN,False,False,2.846702415990876
2025-06-07T22:58:26.248288,KidneyExchange-4-041_c23.xml,"{""input"": ""tests/xcsp3/cop/UNKNOWN/KidneyExchange-4-041_c23.xml"", ""solver"": ""xcsp:ACE@2.4"", ""output_dir"": ""results_comparison"", ""global_time_limit"": 600, ""max_tries"": 50, ""tuning_file"": ""tests/psa/ace.tuning.json"", ""hpo_strategy"": ""hamming"", ""global_time_strategy"": ""PERCENT"", ""percent"": 0.2, ""round_time_strategy"": ""STATIC"", ""time_evolution"": ""STATIC"", ""stop_strategy"": ""TIMEOUT""}",108,"{""varh"": ""Wdeg"", ""valh"": ""First"", ""saf"": ""False"", ""pc1"": ""True"", ""bdc"": ""1"", ""toh"": ""False"", ""ng"": ""NO"", ""lc"": ""0"", ""negative"": ""STR1N"", ""generic2"": ""True"", ""sb"": ""NO""}",1.694263791985577,2.8525934159988537,-29,ExitStatus.FEASIBLE,False,False,2.8525934159988537
2025-06-07T22:58:29.452972,KidneyExchange-4-041_c23.xml,"{""input"": ""tests/xcsp3/cop/UNKNOWN/KidneyExchange-4-041_c23.xml"", ""solver"": ""xcsp:ACE@2.4"", ""output_dir"": ""results_comparison"", ""global_time_limit"": 600, ""max_tries"": 50, ""tuning_file"": ""tests/psa/ace.tuning.json"", ""hpo_strategy"": ""hamming"", ""global_time_strategy"": ""PERCENT"", ""percent"": 0.2, ""round_time_strategy"": ""STATIC"", ""time_evolution"": ""STATIC"", ""stop_strategy"": ""TIMEOUT""}",109,"{""varh"": ""Memory"", ""valh"": ""First"", ""saf"": ""False"", ""pc1"": ""True"", ""bdc"": ""1"", ""toh"": ""False"", ""ng"": ""NO"", ""lc"": ""2"", ""negative"": ""STR1"", ""generic2"": ""True"", ""sb"": ""NO""}",1.694263791985577,2.926686916995095,-34,ExitStatus.FEASIBLE,False,False,2.926686916995095
2025-06-07T22:58:32.636798,KidneyExchange-4-041_c23.xml,"{""input"": ""tests/xcsp3/cop/UNKNOWN/KidneyExchange-4-041_c23.xml"", ""solver"": ""xcsp:ACE@2.4"", ""output_dir"": ""results_comparison"", ""global_time_limit"": 600, ""max_tries"": 50, ""tuning_file"": ""tests/psa/ace.tuning.json"", ""hpo_strategy"": ""hamming"", ""global_time_strategy"": ""PERCENT"", ""percent"": 0.2, ""round_time_strategy"": ""STATIC"", ""time_evolution"": ""STATIC"", ""stop_strategy"": ""TIMEOUT""}",110,"{""varh"": ""Wdeg"", ""valh"": ""First"", ""saf"": ""False"", ""pc1"": ""False"", ""bdc"": ""1"", ""toh"": ""False"", ""ng"": ""NO"", ""lc"": ""2"", ""negative"": ""STR2N"", ""generic2"": ""True"", ""sb"": ""NO""}",1.694263791985577,2.8988657500012778,-29,ExitStatus.FEASIBLE,False,False,2.8988657500012778
2025-06-07T22:58:35.882870,KidneyExchange-4-041_c23.xml,"{""input"": ""tests/xcsp3/cop/UNKNOWN/KidneyExchange-4-041_c23.xml"", ""solver"": ""xcsp:ACE@2.4"", ""output_dir"": ""results_comparison"", ""global_time_limit"": 600, ""max_tries"": 50, ""tuning_file"": ""tests/psa/ace.tuning.json"", ""hpo_strategy"": ""hamming"", ""global_time_strategy"": ""PERCENT"", ""percent"": 0.2, ""round_time_strategy"": ""STATIC"", ""time_evolution"": ""STATIC"", ""stop_strategy"": ""TIMEOUT""}",111,"{""varh"": ""Wdeg"", ""valh"": ""First"", ""saf"": ""False"", ""pc1"": ""True"", ""bdc"": ""1"", ""toh"": ""False"", ""ng"": ""NO"", ""lc"": ""2"", ""negative"": ""STR0"", ""generic2"": ""False"", ""sb"": ""NO""}",1.694263791985577,2.967983833019389,-34,ExitStatus.FEASIBLE,False,False,2.967983833019389
2025-06-07T22:58:39.110267,KidneyExchange-4-041_c23.xml,"{""input"": ""tests/xcsp3/cop/UNKNOWN/KidneyExchange-4-041_c23.xml"", ""solver"": ""xcsp:ACE@2.4"", ""output_dir"": ""results_comparison"", ""global_time_limit"": 600, ""max_tries"": 50, ""tuning_file"": ""tests/psa/ace.tuning.json"", ""hpo_strategy"": ""hamming"", ""global_time_strategy"": ""PERCENT"", ""percent"": 0.2, ""round_time_strategy"": ""STATIC"", ""time_evolution"": ""STATIC"", ""stop_strategy"": ""TIMEOUT""}",112,"{""varh"": ""Wdeg"", ""valh"": ""RunRobin"", ""saf"": ""False"", ""pc1"": ""True"", ""bdc"": ""1"", ""toh"": ""False"", ""ng"": ""NO"", ""lc"": ""2"", ""negative"": ""V"", ""generic2"": ""False"", ""sb"": ""NO""}",1.694263791985577,2.9951962910126895,-34,ExitStatus.FEASIBLE,False,False,2.9951962910126895
2025-06-07T22:58:42.151761,KidneyExchange-4-041_c23.xml,"{""input"": ""tests/xcsp3/cop/UNKNOWN/KidneyExchange-4-041_c23.xml"", ""solver"": ""xcsp:ACE@2.4"", ""output_dir"": ""results_comparison"", ""global_time_limit"": 600, ""max_tries"": 50, ""tuning_file"": ""tests/psa/ace.tuning.json"", ""hpo_strategy"": ""hamming"", ""global_time_strategy"": ""PERCENT"", ""percent"": 0.2, ""round_time_strategy"": ""STATIC"", ""time_evolution"": ""STATIC"", ""stop_strategy"": ""TIMEOUT""}",113,"{""varh"": ""Wdeg"", ""valh"": ""First"", ""saf"": ""False"", ""pc1"": ""True"", ""bdc"": ""1"", ""toh"": ""False"", ""ng"": ""NO"", ""lc"": ""2"", ""negative"": ""STR1N"", ""generic2"": ""False"", ""sb"": ""NO""}",1.694263791985577,2.69153945799917,-34,ExitStatus.FEASIBLE,False,False,2.69153945799917
2025-06-07T22:58:45.173442,KidneyExchange-4-041_c23.xml,"{""input"": ""tests/xcsp3/cop/UNKNOWN/KidneyExchange-4-041_c23.xml"", ""solver"": ""xcsp:ACE@2.4"", ""output_dir"": ""results_comparison"", ""global_time_limit"": 600, ""max_tries"": 50, ""tuning_file"": ""tests/psa/ace.tuning.json"", ""hpo_strategy"": ""hamming"", ""global_time_strategy"": ""PERCENT"", ""percent"": 0.2, ""round_time_strategy"": ""STATIC"", ""time_evolution"": ""STATIC"", ""stop_strategy"": ""TIMEOUT""}",114,"{""varh"": ""PickOnDom"", ""valh"": ""First"", ""saf"": ""False"", ""pc1"": ""True"", ""bdc"": ""1"", ""toh"": ""False"", ""ng"": ""NO"", ""lc"": ""2"", ""negative"": ""STR2"", ""generic2"": ""True"", ""sb"": ""NO""}",1.694263791985577,2.65022329200292,-34,ExitStatus.FEASIBLE,False,False,2.65022329200292
2025-06-07T22:58:48.459904,KidneyExchange-4-041_c23.xml,"{""input"": ""tests/xcsp3/cop/UNKNOWN/KidneyExchange-4-041_c23.xml"", ""solver"": ""xcsp:ACE@2.4"", ""output_dir"": ""results_comparison"", ""global_time_limit"": 600, ""max_tries"": 50, ""tuning_file"": ""tests/psa/ace.tuning.json"", ""hpo_strategy"": ""hamming"", ""global_time_strategy"": ""PERCENT"", ""percent"": 0.2, ""round_time_strategy"": ""STATIC"", ""time_evolution"": ""STATIC"", ""stop_strategy"": ""TIMEOUT""}",115,"{""varh"": ""Activity"", ""valh"": ""First"", ""saf"": ""False"", ""pc1"": ""True"", ""bdc"": ""1"", ""toh"": ""False"", ""ng"": ""NO"", ""lc"": ""1"", ""negative"": ""V"", ""generic2"": ""True"", ""sb"": ""NO""}",1.694263791985577,3.0105810829845723,-23,ExitStatus.FEASIBLE,False,False,3.0105810829845723
2025-06-07T22:58:51.510593,KidneyExchange-4-041_c23.xml,"{""input"": ""tests/xcsp3/cop/UNKNOWN/KidneyExchange-4-041_c23.xml"", ""solver"": ""xcsp:ACE@2.4"", ""output_dir"": ""results_comparison"", ""global_time_limit"": 600, ""max_tries"": 50, ""tuning_file"": ""tests/psa/ace.tuning.json"", ""hpo_strategy"": ""hamming"", ""global_time_strategy"": ""PERCENT"", ""percent"": 0.2, ""round_time_strategy"": ""STATIC"", ""time_evolution"": ""STATIC"", ""stop_strategy"": ""TIMEOUT""}",116,"{""varh"": ""Wdeg"", ""valh"": ""First"", ""saf"": ""False"", ""pc1"": ""False"", ""bdc"": ""1"", ""toh"": ""False"", ""ng"": ""NO"", ""lc"": ""2"", ""negative"": ""STR0"", ""generic2"": ""True"", ""sb"": ""NO""}",1.694263791985577,2.8142105000151787,-31,ExitStatus.FEASIBLE,False,False,2.8142105000151787
2025-06-07T22:58:54.501122,KidneyExchange-4-041_c23.xml,"{""input"": ""tests/xcsp3/cop/UNKNOWN/KidneyExchange-4-041_c23.xml"", ""solver"": ""xcsp:ACE@2.4"", ""output_dir"": ""results_comparison"", ""global_time_limit"": 600, ""max_tries"": 50, ""tuning_file"": ""tests/psa/ace.tuning.json"", ""hpo_strategy"": ""hamming"", ""global_time_strategy"": ""PERCENT"", ""percent"": 0.2, ""round_time_strategy"": ""STATIC"", ""time_evolution"": ""STATIC"", ""stop_strategy"": ""TIMEOUT""}",117,"{""varh"": ""Wdeg"", ""valh"": ""FlrsE"", ""saf"": ""False"", ""pc1"": ""True"", ""bdc"": ""1"", ""toh"": ""False"", ""ng"": ""NO"", ""lc"": ""2"", ""negative"": ""VA"", ""generic2"": ""True"", ""sb"": ""NO""}",1.694263791985577,2.6562532920215745,-34,ExitStatus.FEASIBLE,False,False,2.6562532920215745
2025-06-07T22:58:57.778773,KidneyExchange-4-041_c23.xml,"{""input"": ""tests/xcsp3/cop/UNKNOWN/KidneyExchange-4-041_c23.xml"", ""solver"": ""xcsp:ACE@2.4"", ""output_dir"": ""results_comparison"", ""global_time_limit"": 600, ""max_tries"": 50, ""tuning_file"": ""tests/psa/ace.tuning.json"", ""hpo_strategy"": ""hamming"", ""global_time_strategy"": ""PERCENT"", ""percent"": 0.2, ""round_time_strategy"": ""STATIC"", ""time_evolution"": ""STATIC"", ""stop_strategy"": ""TIMEOUT""}",118,"{""varh"": ""PickOnDom"", ""valh"": ""Rand"", ""saf"": ""False"", ""pc1"": ""True"", ""bdc"": ""1"", ""toh"": ""False"", ""ng"": ""NO"", ""lc"": ""2"", ""negative"": ""V"", ""generic2"": ""True"", ""sb"": ""NO""}",1.694263791985577,2.9454417079978157,-7,ExitStatus.FEASIBLE,False,False,2.9454417079978157
2025-06-07T22:59:00.993672,KidneyExchange-4-041_c23.xml,"{""input"": ""tests/xcsp3/cop/UNKNOWN/KidneyExchange-4-041_c23.xml"", ""solver"": ""xcsp:ACE@2.4"", ""output_dir"": ""results_comparison"", ""global_time_limit"": 600, ""max_tries"": 50, ""tuning_file"": ""tests/psa/ace.tuning.json"", ""hpo_strategy"": ""hamming"", ""global_time_strategy"": ""PERCENT"", ""percent"": 0.2, ""round_time_strategy"": ""STATIC"", ""time_evolution"": ""STATIC"", ""stop_strategy"": ""TIMEOUT""}",119,"{""varh"": ""Wdeg"", ""valh"": ""Last"", ""saf"": ""False"", ""pc1"": ""True"", ""bdc"": ""1"", ""toh"": ""False"", ""ng"": ""NO"", ""lc"": ""2"", ""negative"": ""CT"", ""generic2"": ""True"", ""sb"": ""NO""}",1.694263791985577,2.956103083997732,,ExitStatus.UNKNOWN,False,False,2.956103083997732
2025-06-07T22:59:04.192080,KidneyExchange-4-041_c23.xml,"{""input"": ""tests/xcsp3/cop/UNKNOWN/KidneyExchange-4-041_c23.xml"", ""solver"": ""xcsp:ACE@2.4"", ""output_dir"": ""results_comparison"", ""global_time_limit"": 600, ""max_tries"": 50, ""tuning_file"": ""tests/psa/ace.tuning.json"", ""hpo_strategy"": ""hamming"", ""global_time_strategy"": ""PERCENT"", ""percent"": 0.2, ""round_time_strategy"": ""STATIC"", ""time_evolution"": ""STATIC"", ""stop_strategy"": ""TIMEOUT""}",120,"{""varh"": ""WdegOnDom"", ""valh"": ""First"", ""saf"": ""False"", ""pc1"": ""True"", ""bdc"": ""1"", ""toh"": ""False"", ""ng"": ""NO"", ""lc"": ""2"", ""negative"": ""VA"", ""generic2"": ""True"", ""sb"": ""NO""}",1.694263791985577,2.8860424169979524,-34,ExitStatus.FEASIBLE,False,False,2.8860424169979524
2025-06-07T22:59:07.064789,KidneyExchange-4-041_c23.xml,"{""input"": ""tests/xcsp3/cop/UNKNOWN/KidneyExchange-4-041_c23.xml"", ""solver"": ""xcsp:ACE@2.4"", ""output_dir"": ""results_comparison"", ""global_time_limit"": 600, ""max_tries"": 50, ""tuning_file"": ""tests/psa/ace.tuning.json"", ""hpo_strategy"": ""hamming"", ""global_time_strategy"": ""PERCENT"", ""percent"": 0.2, ""round_time_strategy"": ""STATIC"", ""time_evolution"": ""STATIC"", ""stop_strategy"": ""TIMEOUT""}",121,"{""varh"": ""PickOnDom"", ""valh"": ""First"", ""saf"": ""False"", ""pc1"": ""True"", ""bdc"": ""1"", ""toh"": ""False"", ""ng"": ""NO"", ""lc"": ""2"", ""negative"": ""STR0"", ""generic2"": ""True"", ""sb"": ""NO""}",1.694263791985577,2.547675249981694,-34,ExitStatus.FEASIBLE,False,False,2.547675249981694
2025-06-07T22:59:10.306885,KidneyExchange-4-041_c23.xml,"{""input"": ""tests/xcsp3/cop/UNKNOWN/KidneyExchange-4-041_c23.xml"", ""solver"": ""xcsp:ACE@2.4"", ""output_dir"": ""results_comparison"", ""global_time_limit"": 600, ""max_tries"": 50, ""tuning_file"": ""tests/psa/ace.tuning.json"", ""hpo_strategy"": ""hamming"", ""global_time_strategy"": ""PERCENT"", ""percent"": 0.2, ""round_time_strategy"": ""STATIC"", ""time_evolution"": ""STATIC"", ""stop_strategy"": ""TIMEOUT""}",122,"{""varh"": ""Wdeg"", ""valh"": ""Vals"", ""saf"": ""False"", ""pc1"": ""True"", ""bdc"": ""10"", ""toh"": ""False"", ""ng"": ""NO"", ""lc"": ""2"", ""negative"": ""V"", ""generic2"": ""True"", ""sb"": ""NO""}",1.694263791985577,2.930885041016154,-34,ExitStatus.FEASIBLE,False,False,2.930885041016154
2025-06-07T22:59:16.570853,KidneyExchange-4-041_c23.xml,"{""input"": ""tests/xcsp3/cop/UNKNOWN/KidneyExchange-4-041_c23.xml"", ""solver"": ""xcsp:ACE@2.4"", ""output_dir"": ""results_comparison"", ""global_time_limit"": 600, ""max_tries"": 50, ""tuning_file"": ""tests/psa/ace.tuning.json"", ""hpo_strategy"": ""hamming"", ""global_time_strategy"": ""PERCENT"", ""percent"": 0.2, ""round_time_strategy"": ""STATIC"", ""time_evolution"": ""STATIC"", ""stop_strategy"": ""TIMEOUT""}",123,"{""varh"": ""Wdeg"", ""valh"": ""Conflicts"", ""saf"": ""False"", ""pc1"": ""True"", ""bdc"": ""1"", ""toh"": ""False"", ""ng"": ""NO"", ""lc"": ""2"", ""negative"": ""V"", ""generic2"": ""False"", ""sb"": ""NO""}",1.694263791985577,1,,ExitStatus.UNKNOWN,False,False,1
2025-06-07T22:59:20.871341,KidneyExchange-4-041_c23.xml,"{""input"": ""tests/xcsp3/cop/UNKNOWN/KidneyExchange-4-041_c23.xml"", ""solver"": ""xcsp:ACE@2.4"", ""output_dir"": ""results_comparison"", ""global_time_limit"": 600, ""max_tries"": 50, ""tuning_file"": ""tests/psa/ace.tuning.json"", ""hpo_strategy"": ""hamming"", ""global_time_strategy"": ""PERCENT"", ""percent"": 0.2, ""round_time_strategy"": ""STATIC"", ""time_evolution"": ""STATIC"", ""stop_strategy"": ""TIMEOUT""}",124,"{""varh"": ""Wdeg"", ""valh"": ""First"", ""saf"": ""False"", ""pc1"": ""True"", ""bdc"": ""1"", ""toh"": ""False"", ""ng"": ""NO"", ""lc"": ""2"", ""negative"": ""VA"", ""generic2"": ""False"", ""sb"": ""NO""}",1.694263791985577,3.819997249986045,,ExitStatus.UNKNOWN,False,False,3.819997249986045
2025-06-07T22:59:24.723603,KidneyExchange-4-041_c23.xml,"{""input"": ""tests/xcsp3/cop/UNKNOWN/KidneyExchange-4-041_c23.xml"", ""solver"": ""xcsp:ACE@2.4"", ""output_dir"": ""results_comparison"", ""global_time_limit"": 600, ""max_tries"": 50, ""tuning_file"": ""tests/psa/ace.tuning.json"", ""hpo_strategy"": ""hamming"", ""global_time_strategy"": ""PERCENT"", ""percent"": 0.2, ""round_time_strategy"": ""STATIC"", ""time_evolution"": ""STATIC"", ""stop_strategy"": ""TIMEOUT""}",125,"{""varh"": ""Wdeg"", ""valh"": ""First"", ""saf"": ""False"", ""pc1"": ""True"", ""bdc"": ""1"", ""toh"": ""False"", ""ng"": ""NO"", ""lc"": ""10"", ""negative"": ""STR0"", ""generic2"": ""True"", ""sb"": ""NO""}",1.694263791985577,3.5499109579832293,,ExitStatus.UNKNOWN,False,False,3.5499109579832293
2025-06-07T22:59:28.430817,KidneyExchange-4-041_c23.xml,"{""input"": ""tests/xcsp3/cop/UNKNOWN/KidneyExchange-4-041_c23.xml"", ""solver"": ""xcsp:ACE@2.4"", ""output_dir"": ""results_comparison"", ""global_time_limit"": 600, ""max_tries"": 50, ""tuning_file"": ""tests/psa/ace.tuning.json"", ""hpo_strategy"": ""hamming"", ""global_time_strategy"": ""PERCENT"", ""percent"": 0.2, ""round_time_strategy"": ""STATIC"", ""time_evolution"": ""STATIC"", ""stop_strategy"": ""TIMEOUT""}",126,"{""varh"": ""RunRobin"", ""valh"": ""Vals"", ""saf"": ""False"", ""pc1"": ""True"", ""bdc"": ""1"", ""toh"": ""False"", ""ng"": ""NO"", ""lc"": ""2"", ""negative"": ""V"", ""generic2"": ""True"", ""sb"": ""NO""}",1.694263791985577,3.4212716670008376,,ExitStatus.UNKNOWN,False,False,3.4212716670008376
2025-06-07T22:59:32.115190,KidneyExchange-4-041_c23.xml,"{""input"": ""tests/xcsp3/cop/UNKNOWN/KidneyExchange-4-041_c23.xml"", ""solver"": ""xcsp:ACE@2.4"", ""output_dir"": ""results_comparison"", ""global_time_limit"": 600, ""max_tries"": 50, ""tuning_file"": ""tests/psa/ace.tuning.json"", ""hpo_strategy"": ""hamming"", ""global_time_strategy"": ""PERCENT"", ""percent"": 0.2, ""round_time_strategy"": ""STATIC"", ""time_evolution"": ""STATIC"", ""stop_strategy"": ""TIMEOUT""}",127,"{""varh"": ""Wdeg"", ""valh"": ""RunRobin"", ""saf"": ""False"", ""pc1"": ""True"", ""bdc"": ""1"", ""toh"": ""False"", ""ng"": ""NO"", ""lc"": ""0"", ""negative"": ""V"", ""generic2"": ""True"", ""sb"": ""NO""}",1.694263791985577,3.3947516250191256,,ExitStatus.UNKNOWN,False,False,3.3947516250191256
2025-06-07T22:59:36.246694,KidneyExchange-4-041_c23.xml,"{""input"": ""tests/xcsp3/cop/UNKNOWN/KidneyExchange-4-041_c23.xml"", ""solver"": ""xcsp:ACE@2.4"", ""output_dir"": ""results_comparison"", ""global_time_limit"": 600, ""max_tries"": 50, ""tuning_file"": ""tests/psa/ace.tuning.json"", ""hpo_strategy"": ""hamming"", ""global_time_strategy"": ""PERCENT"", ""percent"": 0.2, ""round_time_strategy"": ""STATIC"", ""time_evolution"": ""STATIC"", ""stop_strategy"": ""TIMEOUT""}",128,"{""varh"": ""PickOnDom"", ""valh"": ""First"", ""saf"": ""False"", ""pc1"": ""True"", ""bdc"": ""1"", ""toh"": ""False"", ""ng"": ""NO"", ""lc"": ""1"", ""negative"": ""V"", ""generic2"": ""True"", ""sb"": ""NO""}",1.694263791985577,3.8036860420252196,,ExitStatus.UNKNOWN,False,False,3.8036860420252196
2025-06-07T22:59:40.048948,KidneyExchange-4-041_c23.xml,"{""input"": ""tests/xcsp3/cop/UNKNOWN/KidneyExchange-4-041_c23.xml"", ""solver"": ""xcsp:ACE@2.4"", ""output_dir"": ""results_comparison"", ""global_time_limit"": 600, ""max_tries"": 50, ""tuning_file"": ""tests/psa/ace.tuning.json"", ""hpo_strategy"": ""hamming"", ""global_time_strategy"": ""PERCENT"", ""percent"": 0.2, ""round_time_strategy"": ""STATIC"", ""time_evolution"": ""STATIC"", ""stop_strategy"": ""TIMEOUT""}",129,"{""varh"": ""Rand"", ""valh"": ""First"", ""saf"": ""False"", ""pc1"": ""True"", ""bdc"": ""1"", ""toh"": ""False"", ""ng"": ""NO"", ""lc"": ""2"", ""negative"": ""VA"", ""generic2"": ""True"", ""sb"": ""NO""}",1.694263791985577,3.4726123749860562,,ExitStatus.UNKNOWN,False,False,3.4726123749860562
2025-06-07T22:59:44.219153,KidneyExchange-4-041_c23.xml,"{""input"": ""tests/xcsp3/cop/UNKNOWN/KidneyExchange-4-041_c23.xml"", ""solver"": ""xcsp:ACE@2.4"", ""output_dir"": ""results_comparison"", ""global_time_limit"": 600, ""max_tries"": 50, ""tuning_file"": ""tests/psa/ace.tuning.json"", ""hpo_strategy"": ""hamming"", ""global_time_strategy"": ""PERCENT"", ""percent"": 0.2, ""round_time_strategy"": ""STATIC"", ""time_evolution"": ""STATIC"", ""stop_strategy"": ""TIMEOUT""}",130,"{""varh"": ""Impact"", ""valh"": ""Median"", ""saf"": ""False"", ""pc1"": ""True"", ""bdc"": ""1"", ""toh"": ""False"", ""ng"": ""NO"", ""lc"": ""2"", ""negative"": ""V"", ""generic2"": ""True"", ""sb"": ""NO""}",1.694263791985577,3.8432297500257846,,ExitStatus.UNKNOWN,False,False,3.8432297500257846
2025-06-07T22:59:51.157514,KidneyExchange-4-041_c23.xml,"{""input"": ""tests/xcsp3/cop/UNKNOWN/KidneyExchange-4-041_c23.xml"", ""solver"": ""xcsp:ACE@2.4"", ""output_dir"": ""results_comparison"", ""global_time_limit"": 600, ""max_tries"": 50, ""tuning_file"": ""tests/psa/ace.tuning.json"", ""hpo_strategy"": ""hamming"", ""global_time_strategy"": ""PERCENT"", ""percent"": 0.2, ""round_time_strategy"": ""STATIC"", ""time_evolution"": ""STATIC"", ""stop_strategy"": ""TIMEOUT""}",131,"{""varh"": ""Wdeg"", ""valh"": ""Last"", ""saf"": ""False"", ""pc1"": ""True"", ""bdc"": ""1"", ""toh"": ""False"", ""ng"": ""NO"", ""lc"": ""2"", ""negative"": ""VA"", ""generic2"": ""True"", ""sb"": ""NO""}",1.694263791985577,1,,ExitStatus.UNKNOWN,False,False,1
2025-06-07T22:59:57.982038,KidneyExchange-4-041_c23.xml,"{""input"": ""tests/xcsp3/cop/UNKNOWN/KidneyExchange-4-041_c23.xml"", ""solver"": ""xcsp:ACE@2.4"", ""output_dir"": ""results_comparison"", ""global_time_limit"": 600, ""max_tries"": 50, ""tuning_file"": ""tests/psa/ace.tuning.json"", ""hpo_strategy"": ""hamming"", ""global_time_strategy"": ""PERCENT"", ""percent"": 0.2, ""round_time_strategy"": ""STATIC"", ""time_evolution"": ""STATIC"", ""stop_strategy"": ""TIMEOUT""}",132,"{""varh"": ""Wdeg"", ""valh"": ""First"", ""saf"": ""False"", ""pc1"": ""True"", ""bdc"": ""1"", ""toh"": ""True"", ""ng"": ""NO"", ""lc"": ""1"", ""negative"": ""V"", ""generic2"": ""True"", ""sb"": ""NO""}",1.694263791985577,1,,ExitStatus.UNKNOWN,False,False,1
2025-06-07T23:00:04.440684,KidneyExchange-4-041_c23.xml,"{""input"": ""tests/xcsp3/cop/UNKNOWN/KidneyExchange-4-041_c23.xml"", ""solver"": ""xcsp:ACE@2.4"", ""output_dir"": ""results_comparison"", ""global_time_limit"": 600, ""max_tries"": 50, ""tuning_file"": ""tests/psa/ace.tuning.json"", ""hpo_strategy"": ""hamming"", ""global_time_strategy"": ""PERCENT"", ""percent"": 0.2, ""round_time_strategy"": ""STATIC"", ""time_evolution"": ""STATIC"", ""stop_strategy"": ""TIMEOUT""}",133,"{""varh"": ""Wdeg"", ""valh"": ""Rand"", ""saf"": ""False"", ""pc1"": ""True"", ""bdc"": ""1"", ""toh"": ""False"", ""ng"": ""NO"", ""lc"": ""10"", ""negative"": ""V"", ""generic2"": ""True"", ""sb"": ""NO""}",1.694263791985577,1,,ExitStatus.UNKNOWN,False,False,1
2025-06-07T23:00:11.049764,KidneyExchange-4-041_c23.xml,"{""input"": ""tests/xcsp3/cop/UNKNOWN/KidneyExchange-4-041_c23.xml"", ""solver"": ""xcsp:ACE@2.4"", ""output_dir"": ""results_comparison"", ""global_time_limit"": 600, ""max_tries"": 50, ""tuning_file"": ""tests/psa/ace.tuning.json"", ""hpo_strategy"": ""hamming"", ""global_time_strategy"": ""PERCENT"", ""percent"": 0.2, ""round_time_strategy"": ""STATIC"", ""time_evolution"": ""STATIC"", ""stop_strategy"": ""TIMEOUT""}",134,"{""varh"": ""Wdeg"", ""valh"": ""First"", ""saf"": ""False"", ""pc1"": ""True"", ""bdc"": ""100"", ""toh"": ""False"", ""ng"": ""NO"", ""lc"": ""5"", ""negative"": ""V"", ""generic2"": ""True"", ""sb"": ""NO""}",1.694263791985577,5.704058583010919,,ExitStatus.UNKNOWN,False,False,5.704058583010919
2025-06-07T23:00:16.133700,KidneyExchange-4-041_c23.xml,"{""input"": ""tests/xcsp3/cop/UNKNOWN/KidneyExchange-4-041_c23.xml"", ""solver"": ""xcsp:ACE@2.4"", ""output_dir"": ""results_comparison"", ""global_time_limit"": 600, ""max_tries"": 50, ""tuning_file"": ""tests/psa/ace.tuning.json"", ""hpo_strategy"": ""hamming"", ""global_time_strategy"": ""PERCENT"", ""percent"": 0.2, ""round_time_strategy"": ""STATIC"", ""time_evolution"": ""STATIC"", ""stop_strategy"": ""TIMEOUT""}",135,"{""varh"": ""RunRobin"", ""valh"": ""First"", ""saf"": ""False"", ""pc1"": ""True"", ""bdc"": ""1"", ""toh"": ""False"", ""ng"": ""NO"", ""lc"": ""10"", ""negative"": ""V"", ""generic2"": ""True"", ""sb"": ""NO""}",1.694263791985577,4.719526875007432,,ExitStatus.UNKNOWN,False,False,4.719526875007432
2025-06-07T23:00:20.096887,KidneyExchange-4-041_c23.xml,"{""input"": ""tests/xcsp3/cop/UNKNOWN/KidneyExchange-4-041_c23.xml"", ""solver"": ""xcsp:ACE@2.4"", ""output_dir"": ""results_comparison"", ""global_time_limit"": 600, ""max_tries"": 50, ""tuning_file"": ""tests/psa/ace.tuning.json"", ""hpo_strategy"": ""hamming"", ""global_time_strategy"": ""PERCENT"", ""percent"": 0.2, ""round_time_strategy"": ""STATIC"", ""time_evolution"": ""STATIC"", ""stop_strategy"": ""TIMEOUT""}",136,"{""varh"": ""Memory"", ""valh"": ""First"", ""saf"": ""False"", ""pc1"": ""True"", ""bdc"": ""100"", ""toh"": ""False"", ""ng"": ""NO"", ""lc"": ""2"", ""negative"": ""V"", ""generic2"": ""True"", ""sb"": ""NO""}",1.694263791985577,3.6260328329808544,,ExitStatus.UNKNOWN,False,False,3.6260328329808544
2025-06-07T23:00:24.014122,KidneyExchange-4-041_c23.xml,"{""input"": ""tests/xcsp3/cop/UNKNOWN/KidneyExchange-4-041_c23.xml"", ""solver"": ""xcsp:ACE@2.4"", ""output_dir"": ""results_comparison"", ""global_time_limit"": 600, ""max_tries"": 50, ""tuning_file"": ""tests/psa/ace.tuning.json"", ""hpo_strategy"": ""hamming"", ""global_time_strategy"": ""PERCENT"", ""percent"": 0.2, ""round_time_strategy"": ""STATIC"", ""time_evolution"": ""STATIC"", ""stop_strategy"": ""TIMEOUT""}",137,"{""varh"": ""Impact"", ""valh"": ""Rand"", ""saf"": ""False"", ""pc1"": ""True"", ""bdc"": ""1"", ""toh"": ""False"", ""ng"": ""NO"", ""lc"": ""2"", ""negative"": ""V"", ""generic2"": ""True"", ""sb"": ""NO""}",1.694263791985577,3.6252064159780275,,ExitStatus.UNKNOWN,False,False,3.6252064159780275
2025-06-07T23:00:28.055896,KidneyExchange-4-041_c23.xml,"{""input"": ""tests/xcsp3/cop/UNKNOWN/KidneyExchange-4-041_c23.xml"", ""solver"": ""xcsp:ACE@2.4"", ""output_dir"": ""results_comparison"", ""global_time_limit"": 600, ""max_tries"": 50, ""tuning_file"": ""tests/psa/ace.tuning.json"", ""hpo_strategy"": ""hamming"", ""global_time_strategy"": ""PERCENT"", ""percent"": 0.2, ""round_time_strategy"": ""STATIC"", ""time_evolution"": ""STATIC"", ""stop_strategy"": ""TIMEOUT""}",138,"{""varh"": ""Wdeg"", ""valh"": ""Bivs3"", ""saf"": ""False"", ""pc1"": ""True"", ""bdc"": ""1"", ""toh"": ""False"", ""ng"": ""NO"", ""lc"": ""2"", ""negative"": ""STR1N"", ""generic2"": ""True"", ""sb"": ""NO""}",1.694263791985577,3.7536202920018695,,ExitStatus.UNKNOWN,False,False,3.7536202920018695
2025-06-07T23:00:32.485035,KidneyExchange-4-041_c23.xml,"{""input"": ""tests/xcsp3/cop/UNKNOWN/KidneyExchange-4-041_c23.xml"", ""solver"": ""xcsp:ACE@2.4"", ""output_dir"": ""results_comparison"", ""global_time_limit"": 600, ""max_tries"": 50, ""tuning_file"": ""tests/psa/ace.tuning.json"", ""hpo_strategy"": ""hamming"", ""global_time_strategy"": ""PERCENT"", ""percent"": 0.2, ""round_time_strategy"": ""STATIC"", ""time_evolution"": ""STATIC"", ""stop_strategy"": ""TIMEOUT""}",139,"{""varh"": ""RunRobin"", ""valh"": ""First"", ""saf"": ""False"", ""pc1"": ""True"", ""bdc"": ""1"", ""toh"": ""False"", ""ng"": ""NO"", ""lc"": ""2"", ""negative"": ""V"", ""generic2"": ""False"", ""sb"": ""NO""}",1.694263791985577,4.063163500017254,,ExitStatus.UNKNOWN,False,False,4.063163500017254
2025-06-07T23:00:36.829388,KidneyExchange-4-041_c23.xml,"{""input"": ""tests/xcsp3/cop/UNKNOWN/KidneyExchange-4-041_c23.xml"", ""solver"": ""xcsp:ACE@2.4"", ""output_dir"": ""results_comparison"", ""global_time_limit"": 600, ""max_tries"": 50, ""tuning_file"": ""tests/psa/ace.tuning.json"", ""hpo_strategy"": ""hamming"", ""global_time_strategy"": ""PERCENT"", ""percent"": 0.2, ""round_time_strategy"": ""STATIC"", ""time_evolution"": ""STATIC"", ""stop_strategy"": ""TIMEOUT""}",140,"{""varh"": ""Wdeg"", ""valh"": ""Vals"", ""saf"": ""False"", ""pc1"": ""True"", ""bdc"": ""1"", ""toh"": ""False"", ""ng"": ""NO"", ""lc"": ""2"", ""negative"": ""STR0"", ""generic2"": ""True"", ""sb"": ""NO""}",1.694263791985577,3.992041833989788,,ExitStatus.UNKNOWN,False,False,3.992041833989788
2025-06-07T23:00:40.384463,KidneyExchange-4-041_c23.xml,"{""input"": ""tests/xcsp3/cop/UNKNOWN/KidneyExchange-4-041_c23.xml"", ""solver"": ""xcsp:ACE@2.4"", ""output_dir"": ""results_comparison"", ""global_time_limit"": 600, ""max_tries"": 50, ""tuning_file"": ""tests/psa/ace.tuning.json"", ""hpo_strategy"": ""hamming"", ""global_time_strategy"": ""PERCENT"", ""percent"": 0.2, ""round_time_strategy"": ""STATIC"", ""time_evolution"": ""STATIC"", ""stop_strategy"": ""TIMEOUT""}",141,"{""varh"": ""WdegOnDom"", ""valh"": ""First"", ""saf"": ""False"", ""pc1"": ""True"", ""bdc"": ""1"", ""toh"": ""False"", ""ng"": ""NO"", ""lc"": ""1"", ""negative"": ""V"", ""generic2"": ""True"", ""sb"": ""NO""}",1.694263791985577,3.2113968750054482,,ExitStatus.UNKNOWN,False,False,3.2113968750054482
2025-06-07T23:00:43.796285,KidneyExchange-4-041_c23.xml,"{""input"": ""tests/xcsp3/cop/UNKNOWN/KidneyExchange-4-041_c23.xml"", ""solver"": ""xcsp:ACE@2.4"", ""output_dir"": ""results_comparison"", ""global_time_limit"": 600, ""max_tries"": 50, ""tuning_file"": ""tests/psa/ace.tuning.json"", ""hpo_strategy"": ""hamming"", ""global_time_strategy"": ""PERCENT"", ""percent"": 0.2, ""round_time_strategy"": ""STATIC"", ""time_evolution"": ""STATIC"", ""stop_strategy"": ""TIMEOUT""}",142,"{""varh"": ""Wdeg"", ""valh"": ""Rand"", ""saf"": ""False"", ""pc1"": ""True"", ""bdc"": ""1"", ""toh"": ""True"", ""ng"": ""NO"", ""lc"": ""2"", ""negative"": ""V"", ""generic2"": ""True"", ""sb"": ""NO""}",1.694263791985577,3.117520917003276,,ExitStatus.UNKNOWN,False,False,3.117520917003276
2025-06-07T23:00:47.035650,KidneyExchange-4-041_c23.xml,"{""input"": ""tests/xcsp3/cop/UNKNOWN/KidneyExchange-4-041_c23.xml"", ""solver"": ""xcsp:ACE@2.4"", ""output_dir"": ""results_comparison"", ""global_time_limit"": 600, ""max_tries"": 50, ""tuning_file"": ""tests/psa/ace.tuning.json"", ""hpo_strategy"": ""hamming"", ""global_time_strategy"": ""PERCENT"", ""percent"": 0.2, ""round_time_strategy"": ""STATIC"", ""time_evolution"": ""STATIC"", ""stop_strategy"": ""TIMEOUT""}",143,"{""varh"": ""RunRobin"", ""valh"": ""First"", ""saf"": ""False"", ""pc1"": ""True"", ""bdc"": ""1"", ""toh"": ""False"", ""ng"": ""NO"", ""lc"": ""0"", ""negative"": ""V"", ""generic2"": ""True"", ""sb"": ""NO""}",1.694263791985577,2.9957572080020327,-34,ExitStatus.FEASIBLE,False,False,2.9957572080020327
2025-06-07T23:00:50.285642,KidneyExchange-4-041_c23.xml,"{""input"": ""tests/xcsp3/cop/UNKNOWN/KidneyExchange-4-041_c23.xml"", ""solver"": ""xcsp:ACE@2.4"", ""output_dir"": ""results_comparison"", ""global_time_limit"": 600, ""max_tries"": 50, ""tuning_file"": ""tests/psa/ace.tuning.json"", ""hpo_strategy"": ""hamming"", ""global_time_strategy"": ""PERCENT"", ""percent"": 0.2, ""round_time_strategy"": ""STATIC"", ""time_evolution"": ""STATIC"", ""stop_strategy"": ""TIMEOUT""}",144,"{""varh"": ""FrbaOnDom"", ""valh"": ""Last"", ""saf"": ""False"", ""pc1"": ""True"", ""bdc"": ""1"", ""toh"": ""False"", ""ng"": ""NO"", ""lc"": ""2"", ""negative"": ""V"", ""generic2"": ""True"", ""sb"": ""NO""}",1.694263791985577,2.939577000011923,,ExitStatus.UNKNOWN,False,False,2.939577000011923
2025-06-07T23:00:54.273691,KidneyExchange-4-041_c23.xml,"{""input"": ""tests/xcsp3/cop/UNKNOWN/KidneyExchange-4-041_c23.xml"", ""solver"": ""xcsp:ACE@2.4"", ""output_dir"": ""results_comparison"", ""global_time_limit"": 600, ""max_tries"": 50, ""tuning_file"": ""tests/psa/ace.tuning.json"", ""hpo_strategy"": ""hamming"", ""global_time_strategy"": ""PERCENT"", ""percent"": 0.2, ""round_time_strategy"": ""STATIC"", ""time_evolution"": ""STATIC"", ""stop_strategy"": ""TIMEOUT""}",145,"{""varh"": ""Wdeg"", ""valh"": ""First"", ""saf"": ""False"", ""pc1"": ""True"", ""bdc"": ""100"", ""toh"": ""False"", ""ng"": ""NO"", ""lc"": ""2"", ""negative"": ""VA"", ""generic2"": ""True"", ""sb"": ""NO""}",1.694263791985577,3.610523874987848,,ExitStatus.UNKNOWN,False,False,3.610523874987848
2025-06-07T23:00:57.894942,KidneyExchange-4-041_c23.xml,"{""input"": ""tests/xcsp3/cop/UNKNOWN/KidneyExchange-4-041_c23.xml"", ""solver"": ""xcsp:ACE@2.4"", ""output_dir"": ""results_comparison"", ""global_time_limit"": 600, ""max_tries"": 50, ""tuning_file"": ""tests/psa/ace.tuning.json"", ""hpo_strategy"": ""hamming"", ""global_time_strategy"": ""PERCENT"", ""percent"": 0.2, ""round_time_strategy"": ""STATIC"", ""time_evolution"": ""STATIC"", ""stop_strategy"": ""TIMEOUT""}",146,"{""varh"": ""Wdeg"", ""valh"": ""First"", ""saf"": ""False"", ""pc1"": ""True"", ""bdc"": ""100"", ""toh"": ""False"", ""ng"": ""NO"", ""lc"": ""10"", ""negative"": ""V"", ""generic2"": ""True"", ""sb"": ""NO""}",1.694263791985577,3.331440708017908,,ExitStatus.UNKNOWN,False,False,3.331440708017908
2025-06-07T23:01:01.661579,KidneyExchange-4-041_c23.xml,"{""input"": ""tests/xcsp3/cop/UNKNOWN/KidneyExchange-4-041_c23.xml"", ""solver"": ""xcsp:ACE@2.4"", ""output_dir"": ""results_comparison"", ""global_time_limit"": 600, ""max_tries"": 50, ""tuning_file"": ""tests/psa/ace.tuning.json"", ""hpo_strategy"": ""hamming"", ""global_time_strategy"": ""PERCENT"", ""percent"": 0.2, ""round_time_strategy"": ""STATIC"", ""time_evolution"": ""STATIC"", ""stop_strategy"": ""TIMEOUT""}",147,"{""varh"": ""Wdeg"", ""valh"": ""Last"", ""saf"": ""True"", ""pc1"": ""True"", ""bdc"": ""1"", ""toh"": ""False"", ""ng"": ""NO"", ""lc"": ""2"", ""negative"": ""V"", ""generic2"": ""True"", ""sb"": ""NO""}",1.694263791985577,3.5170954589848407,,ExitStatus.UNKNOWN,False,False,3.5170954589848407
2025-06-07T23:01:05.416352,KidneyExchange-4-041_c23.xml,"{""input"": ""tests/xcsp3/cop/UNKNOWN/KidneyExchange-4-041_c23.xml"", ""solver"": ""xcsp:ACE@2.4"", ""output_dir"": ""results_comparison"", ""global_time_limit"": 600, ""max_tries"": 50, ""tuning_file"": ""tests/psa/ace.tuning.json"", ""hpo_strategy"": ""hamming"", ""global_time_strategy"": ""PERCENT"", ""percent"": 0.2, ""round_time_strategy"": ""STATIC"", ""time_evolution"": ""STATIC"", ""stop_strategy"": ""TIMEOUT""}",148,"{""varh"": ""Wdeg"", ""valh"": ""First"", ""saf"": ""False"", ""pc1"": ""True"", ""bdc"": ""1000"", ""toh"": ""False"", ""ng"": ""NO"", ""lc"": ""1"", ""negative"": ""V"", ""generic2"": ""True"", ""sb"": ""NO""}",1.694263791985577,3.3627221659990028,,ExitStatus.UNKNOWN,False,False,3.3627221659990028
2025-06-07T23:01:08.784806,KidneyExchange-4-041_c23.xml,"{""input"": ""tests/xcsp3/cop/UNKNOWN/KidneyExchange-4-041_c23.xml"", ""solver"": ""xcsp:ACE@2.4"", ""output_dir"": ""results_comparison"", ""global_time_limit"": 600, ""max_tries"": 50, ""tuning_file"": ""tests/psa/ace.tuning.json"", ""hpo_strategy"": ""hamming"", ""global_time_strategy"": ""PERCENT"", ""percent"": 0.2, ""round_time_strategy"": ""STATIC"", ""time_evolution"": ""STATIC"", ""stop_strategy"": ""TIMEOUT""}",149,"{""varh"": ""Impact"", ""valh"": ""First"", ""saf"": ""False"", ""pc1"": ""True"", ""bdc"": ""1"", ""toh"": ""False"", ""ng"": ""NO"", ""lc"": ""5"", ""negative"": ""V"", ""generic2"": ""True"", ""sb"": ""NO""}",1.694263791985577,3.038731209002435,,ExitStatus.UNKNOWN,False,False,3.038731209002435
2025-06-07T23:01:11.901757,KidneyExchange-4-041_c23.xml,"{""input"": ""tests/xcsp3/cop/UNKNOWN/KidneyExchange-4-041_c23.xml"", ""solver"": ""xcsp:ACE@2.4"", ""output_dir"": ""results_comparison"", ""global_time_limit"": 600, ""max_tries"": 50, ""tuning_file"": ""tests/psa/ace.tuning.json"", ""hpo_strategy"": ""hamming"", ""global_time_strategy"": ""PERCENT"", ""percent"": 0.2, ""round_time_strategy"": ""STATIC"", ""time_evolution"": ""STATIC"", ""stop_strategy"": ""TIMEOUT""}",150,"{""varh"": ""Wdeg"", ""valh"": ""First"", ""saf"": ""False"", ""pc1"": ""True"", ""bdc"": ""1"", ""toh"": ""False"", ""ng"": ""NO"", ""lc"": ""0"", ""negative"": ""STR2N"", ""generic2"": ""True"", ""sb"": ""NO""}",1.694263791985577,2.7437922499957494,,ExitStatus.UNKNOWN,False,False,2.7437922499957494
2025-06-07T23:01:15.698254,KidneyExchange-4-041_c23.xml,"{""input"": ""tests/xcsp3/cop/UNKNOWN/KidneyExchange-4-041_c23.xml"", ""solver"": ""xcsp:ACE@2.4"", ""output_dir"": ""results_comparison"", ""global_time_limit"": 600, ""max_tries"": 50, ""tuning_file"": ""tests/psa/ace.tuning.json"", ""hpo_strategy"": ""hamming"", ""global_time_strategy"": ""PERCENT"", ""percent"": 0.2, ""round_time_strategy"": ""STATIC"", ""time_evolution"": ""STATIC"", ""stop_strategy"": ""TIMEOUT""}",151,"{""varh"": ""FrbaOnDom"", ""valh"": ""First"", ""saf"": ""False"", ""pc1"": ""True"", ""bdc"": ""1"", ""toh"": ""True"", ""ng"": ""NO"", ""lc"": ""2"", ""negative"": ""V"", ""generic2"": ""True"", ""sb"": ""NO""}",1.694263791985577,3.277414250012953,,ExitStatus.UNKNOWN,False,False,3.277414250012953
2025-06-07T23:01:19.740361,KidneyExchange-4-041_c23.xml,"{""input"": ""tests/xcsp3/cop/UNKNOWN/KidneyExchange-4-041_c23.xml"", ""solver"": ""xcsp:ACE@2.4"", ""output_dir"": ""results_comparison"", ""global_time_limit"": 600, ""max_tries"": 50, ""tuning_file"": ""tests/psa/ace.tuning.json"", ""hpo_strategy"": ""hamming"", ""global_time_strategy"": ""PERCENT"", ""percent"": 0.2, ""round_time_strategy"": ""STATIC"", ""time_evolution"": ""STATIC"", ""stop_strategy"": ""TIMEOUT""}",152,"{""varh"": ""Wdeg"", ""valh"": ""OccsR"", ""saf"": ""False"", ""pc1"": ""True"", ""bdc"": ""1"", ""toh"": ""False"", ""ng"": ""NO"", ""lc"": ""2"", ""negative"": ""STR2"", ""generic2"": ""True"", ""sb"": ""NO""}",1.694263791985577,3.7086211669957265,,ExitStatus.UNKNOWN,False,False,3.7086211669957265
2025-06-07T23:01:23.699334,KidneyExchange-4-041_c23.xml,"{""input"": ""tests/xcsp3/cop/UNKNOWN/KidneyExchange-4-041_c23.xml"", ""solver"": ""xcsp:ACE@2.4"", ""output_dir"": ""results_comparison"", ""global_time_limit"": 600, ""max_tries"": 50, ""tuning_file"": ""tests/psa/ace.tuning.json"", ""hpo_strategy"": ""hamming"", ""global_time_strategy"": ""PERCENT"", ""percent"": 0.2, ""round_time_strategy"": ""STATIC"", ""time_evolution"": ""STATIC"", ""stop_strategy"": ""TIMEOUT""}",153,"{""varh"": ""Wdeg"", ""valh"": ""Last"", ""saf"": ""False"", ""pc1"": ""True"", ""bdc"": ""1000"", ""toh"": ""False"", ""ng"": ""NO"", ""lc"": ""2"", ""negative"": ""V"", ""generic2"": ""True"", ""sb"": ""NO""}",1.694263791985577,3.3585501660127193,,ExitStatus.UNKNOWN,False,False,3.3585501660127193
2025-06-07T23:01:27.331397,KidneyExchange-4-041_c23.xml,"{""input"": ""tests/xcsp3/cop/UNKNOWN/KidneyExchange-4-041_c23.xml"", ""solver"": ""xcsp:ACE@2.4"", ""output_dir"": ""results_comparison"", ""global_time_limit"": 600, ""max_tries"": 50, ""tuning_file"": ""tests/psa/ace.tuning.json"", ""hpo_strategy"": ""hamming"", ""global_time_strategy"": ""PERCENT"", ""percent"": 0.2, ""round_time_strategy"": ""STATIC"", ""time_evolution"": ""STATIC"", ""stop_strategy"": ""TIMEOUT""}",154,"{""varh"": ""WdegOnDom"", ""valh"": ""First"", ""saf"": ""False"", ""pc1"": ""True"", ""bdc"": ""1"", ""toh"": ""False"", ""ng"": ""NO"", ""lc"": ""2"", ""negative"": ""STR2"", ""generic2"": ""True"", ""sb"": ""NO""}",1.694263791985577,3.292402916995343,,ExitStatus.UNKNOWN,False,False,3.292402916995343
2025-06-07T23:01:31.454322,KidneyExchange-4-041_c23.xml,"{""input"": ""tests/xcsp3/cop/UNKNOWN/KidneyExchange-4-041_c23.xml"", ""solver"": ""xcsp:ACE@2.4"", ""output_dir"": ""results_comparison"", ""global_time_limit"": 600, ""max_tries"": 50, ""tuning_file"": ""tests/psa/ace.tuning.json"", ""hpo_strategy"": ""hamming"", ""global_time_strategy"": ""PERCENT"", ""percent"": 0.2, ""round_time_strategy"": ""STATIC"", ""time_evolution"": ""STATIC"", ""stop_strategy"": ""TIMEOUT""}",155,"{""varh"": ""Wdeg"", ""valh"": ""First"", ""saf"": ""False"", ""pc1"": ""True"", ""bdc"": ""1"", ""toh"": ""False"", ""ng"": ""NO"", ""lc"": ""5"", ""negative"": ""CT"", ""generic2"": ""True"", ""sb"": ""NO""}",1.694263791985577,3.6536447499820497,,ExitStatus.UNKNOWN,False,False,3.6536447499820497
2025-06-07T23:01:35.318091,KidneyExchange-4-041_c23.xml,"{""input"": ""tests/xcsp3/cop/UNKNOWN/KidneyExchange-4-041_c23.xml"", ""solver"": ""xcsp:ACE@2.4"", ""output_dir"": ""results_comparison"", ""global_time_limit"": 600, ""max_tries"": 50, ""tuning_file"": ""tests/psa/ace.tuning.json"", ""hpo_strategy"": ""hamming"", ""global_time_strategy"": ""PERCENT"", ""percent"": 0.2, ""round_time_strategy"": ""STATIC"", ""time_evolution"": ""STATIC"", ""stop_strategy"": ""TIMEOUT""}",156,"{""varh"": ""Impact"", ""valh"": ""Vals"", ""saf"": ""False"", ""pc1"": ""True"", ""bdc"": ""1"", ""toh"": ""False"", ""ng"": ""NO"", ""lc"": ""2"", ""negative"": ""V"", ""generic2"": ""True"", ""sb"": ""NO""}",1.694263791985577,3.603747666988056,,ExitStatus.UNKNOWN,False,False,3.603747666988056
2025-06-07T23:01:39.660540,KidneyExchange-4-041_c23.xml,"{""input"": ""tests/xcsp3/cop/UNKNOWN/KidneyExchange-4-041_c23.xml"", ""solver"": ""xcsp:ACE@2.4"", ""output_dir"": ""results_comparison"", ""global_time_limit"": 600, ""max_tries"": 50, ""tuning_file"": ""tests/psa/ace.tuning.json"", ""hpo_strategy"": ""hamming"", ""global_time_strategy"": ""PERCENT"", ""percent"": 0.2, ""round_time_strategy"": ""STATIC"", ""time_evolution"": ""STATIC"", ""stop_strategy"": ""TIMEOUT""}",157,"{""varh"": ""WdegOnDom"", ""valh"": ""First"", ""saf"": ""False"", ""pc1"": ""True"", ""bdc"": ""1"", ""toh"": ""False"", ""ng"": ""NO"", ""lc"": ""2"", ""negative"": ""CT"", ""generic2"": ""True"", ""sb"": ""NO""}",1.694263791985577,4.060938667011214,,ExitStatus.UNKNOWN,False,False,4.060938667011214
2025-06-07T23:01:44.175912,KidneyExchange-4-041_c23.xml,"{""input"": ""tests/xcsp3/cop/UNKNOWN/KidneyExchange-4-041_c23.xml"", ""solver"": ""xcsp:ACE@2.4"", ""output_dir"": ""results_comparison"", ""global_time_limit"": 600, ""max_tries"": 50, ""tuning_file"": ""tests/psa/ace.tuning.json"", ""hpo_strategy"": ""hamming"", ""global_time_strategy"": ""PERCENT"", ""percent"": 0.2, ""round_time_strategy"": ""STATIC"", ""time_evolution"": ""STATIC"", ""stop_strategy"": ""TIMEOUT""}",158,"{""varh"": ""Wdeg"", ""valh"": ""RunRobin"", ""saf"": ""False"", ""pc1"": ""True"", ""bdc"": ""1"", ""toh"": ""False"", ""ng"": ""NO"", ""lc"": ""5"", ""negative"": ""V"", ""generic2"": ""True"", ""sb"": ""NO""}",1.694263791985577,4.214721249998547,,ExitStatus.UNKNOWN,False,False,4.214721249998547
2025-06-07T23:01:47.976405,KidneyExchange-4-041_c23.xml,"{""input"": ""tests/xcsp3/cop/UNKNOWN/KidneyExchange-4-041_c23.xml"", ""solver"": ""xcsp:ACE@2.4"", ""output_dir"": ""results_comparison"", ""global_time_limit"": 600, ""max_tries"": 50, ""tuning_file"": ""tests/psa/ace.tuning.json"", ""hpo_strategy"": ""hamming"", ""global_time_strategy"": ""PERCENT"", ""percent"": 0.2, ""round_time_strategy"": ""STATIC"", ""time_evolution"": ""STATIC"", ""stop_strategy"": ""TIMEOUT""}",159,"{""varh"": ""Memory"", ""valh"": ""First"", ""saf"": ""False"", ""pc1"": ""True"", ""bdc"": ""1"", ""toh"": ""False"", ""ng"": ""NO"", ""lc"": ""2"", ""negative"": ""CT"", ""generic2"": ""True"", ""sb"": ""NO""}",1.694263791985577,3.5094001250108704,,ExitStatus.UNKNOWN,False,False,3.5094001250108704
2025-06-07T23:01:51.794046,KidneyExchange-4-041_c23.xml,"{""input"": ""tests/xcsp3/cop/UNKNOWN/KidneyExchange-4-041_c23.xml"", ""solver"": ""xcsp:ACE@2.4"", ""output_dir"": ""results_comparison"", ""global_time_limit"": 600, ""max_tries"": 50, ""tuning_file"": ""tests/psa/ace.tuning.json"", ""hpo_strategy"": ""hamming"", ""global_time_strategy"": ""PERCENT"", ""percent"": 0.2, ""round_time_strategy"": ""STATIC"", ""time_evolution"": ""STATIC"", ""stop_strategy"": ""TIMEOUT""}",160,"{""varh"": ""Lexico"", ""valh"": ""First"", ""saf"": ""False"", ""pc1"": ""True"", ""bdc"": ""1"", ""toh"": ""True"", ""ng"": ""NO"", ""lc"": ""2"", ""negative"": ""V"", ""generic2"": ""True"", ""sb"": ""NO""}",1.694263791985577,3.5257810409821104,,ExitStatus.UNKNOWN,False,False,3.5257810409821104
2025-06-07T23:01:56.365657,KidneyExchange-4-041_c23.xml,"{""input"": ""tests/xcsp3/cop/UNKNOWN/KidneyExchange-4-041_c23.xml"", ""solver"": ""xcsp:ACE@2.4"", ""output_dir"": ""results_comparison"", ""global_time_limit"": 600, ""max_tries"": 50, ""tuning_file"": ""tests/psa/ace.tuning.json"", ""hpo_strategy"": ""hamming"", ""global_time_strategy"": ""PERCENT"", ""percent"": 0.2, ""round_time_strategy"": ""STATIC"", ""time_evolution"": ""STATIC"", ""stop_strategy"": ""TIMEOUT""}",161,"{""varh"": ""Wdeg"", ""valh"": ""Rand"", ""saf"": ""False"", ""pc1"": ""True"", ""bdc"": ""1"", ""toh"": ""False"", ""ng"": ""NO"", ""lc"": ""2"", ""negative"": ""STR3"", ""generic2"": ""True"", ""sb"": ""NO""}",1.694263791985577,4.3251593750028405,,ExitStatus.UNKNOWN,False,False,4.3251593750028405
2025-06-07T23:02:00.214312,KidneyExchange-4-041_c23.xml,"{""input"": ""tests/xcsp3/cop/UNKNOWN/KidneyExchange-4-041_c23.xml"", ""solver"": ""xcsp:ACE@2.4"", ""output_dir"": ""results_comparison"", ""global_time_limit"": 600, ""max_tries"": 50, ""tuning_file"": ""tests/psa/ace.tuning.json"", ""hpo_strategy"": ""hamming"", ""global_time_strategy"": ""PERCENT"", ""percent"": 0.2, ""round_time_strategy"": ""STATIC"", ""time_evolution"": ""STATIC"", ""stop_strategy"": ""TIMEOUT""}",162,"{""varh"": ""WdegOnDom"", ""valh"": ""First"", ""saf"": ""False"", ""pc1"": ""True"", ""bdc"": ""1"", ""toh"": ""False"", ""ng"": ""NO"", ""lc"": ""0"", ""negative"": ""V"", ""generic2"": ""True"", ""sb"": ""NO""}",1.694263791985577,3.5557024169829674,,ExitStatus.UNKNOWN,False,False,3.5557024169829674
2025-06-07T23:02:04.149945,KidneyExchange-4-041_c23.xml,"{""input"": ""tests/xcsp3/cop/UNKNOWN/KidneyExchange-4-041_c23.xml"", ""solver"": ""xcsp:ACE@2.4"", ""output_dir"": ""results_comparison"", ""global_time_limit"": 600, ""max_tries"": 50, ""tuning_file"": ""tests/psa/ace.tuning.json"", ""hpo_strategy"": ""hamming"", ""global_time_strategy"": ""PERCENT"", ""percent"": 0.2, ""round_time_strategy"": ""STATIC"", ""time_evolution"": ""STATIC"", ""stop_strategy"": ""TIMEOUT""}",163,"{""varh"": ""Wdeg"", ""valh"": ""Last"", ""saf"": ""False"", ""pc1"": ""True"", ""bdc"": ""100"", ""toh"": ""False"", ""ng"": ""NO"", ""lc"": ""2"", ""negative"": ""V"", ""generic2"": ""True"", ""sb"": ""NO""}",1.694263791985577,3.604219667002326,,ExitStatus.UNKNOWN,False,False,3.604219667002326
2025-06-07T23:02:08.028089,KidneyExchange-4-041_c23.xml,"{""input"": ""tests/xcsp3/cop/UNKNOWN/KidneyExchange-4-041_c23.xml"", ""solver"": ""xcsp:ACE@2.4"", ""output_dir"": ""results_comparison"", ""global_time_limit"": 600, ""max_tries"": 50, ""tuning_file"": ""tests/psa/ace.tuning.json"", ""hpo_strategy"": ""hamming"", ""global_time_strategy"": ""PERCENT"", ""percent"": 0.2, ""round_time_strategy"": ""STATIC"", ""time_evolution"": ""STATIC"", ""stop_strategy"": ""TIMEOUT""}",164,"{""varh"": ""Wdeg"", ""valh"": ""First"", ""saf"": ""False"", ""pc1"": ""False"", ""bdc"": ""1"", ""toh"": ""False"", ""ng"": ""NO"", ""lc"": ""10"", ""negative"": ""V"", ""generic2"": ""True"", ""sb"": ""NO""}",1.694263791985577,3.592836249998072,-34,ExitStatus.FEASIBLE,False,False,3.592836249998072
2025-06-07T23:02:12.234328,KidneyExchange-4-041_c23.xml,"{""input"": ""tests/xcsp3/cop/UNKNOWN/KidneyExchange-4-041_c23.xml"", ""solver"": ""xcsp:ACE@2.4"", ""output_dir"": ""results_comparison"", ""global_time_limit"": 600, ""max_tries"": 50, ""tuning_file"": ""tests/psa/ace.tuning.json"", ""hpo_strategy"": ""hamming"", ""global_time_strategy"": ""PERCENT"", ""percent"": 0.2, ""round_time_strategy"": ""STATIC"", ""time_evolution"": ""STATIC"", ""stop_strategy"": ""TIMEOUT""}",165,"{""varh"": ""Lexico"", ""valh"": ""First"", ""saf"": ""False"", ""pc1"": ""True"", ""bdc"": ""1"", ""toh"": ""False"", ""ng"": ""NO"", ""lc"": ""2"", ""negative"": ""STR1"", ""generic2"": ""True"", ""sb"": ""NO""}",1.694263791985577,3.8757968330173753,,ExitStatus.UNKNOWN,False,False,3.8757968330173753
2025-06-07T23:02:16.112215,KidneyExchange-4-041_c23.xml,"{""input"": ""tests/xcsp3/cop/UNKNOWN/KidneyExchange-4-041_c23.xml"", ""solver"": ""xcsp:ACE@2.4"", ""output_dir"": ""results_comparison"", ""global_time_limit"": 600, ""max_tries"": 50, ""tuning_file"": ""tests/psa/ace.tuning.json"", ""hpo_strategy"": ""hamming"", ""global_time_strategy"": ""PERCENT"", ""percent"": 0.2, ""round_time_strategy"": ""STATIC"", ""time_evolution"": ""STATIC"", ""stop_strategy"": ""TIMEOUT""}",166,"{""varh"": ""Impact"", ""valh"": ""First"", ""saf"": ""False"", ""pc1"": ""True"", ""bdc"": ""1"", ""toh"": ""False"", ""ng"": ""NO"", ""lc"": ""2"", ""negative"": ""STR3"", ""generic2"": ""True"", ""sb"": ""NO""}",1.694263791985577,3.6413722909928765,,ExitStatus.UNKNOWN,False,False,3.6413722909928765
2025-06-07T23:02:19.462381,KidneyExchange-4-041_c23.xml,"{""input"": ""tests/xcsp3/cop/UNKNOWN/KidneyExchange-4-041_c23.xml"", ""solver"": ""xcsp:ACE@2.4"", ""output_dir"": ""results_comparison"", ""global_time_limit"": 600, ""max_tries"": 50, ""tuning_file"": ""tests/psa/ace.tuning.json"", ""hpo_strategy"": ""hamming"", ""global_time_strategy"": ""PERCENT"", ""percent"": 0.2, ""round_time_strategy"": ""STATIC"", ""time_evolution"": ""STATIC"", ""stop_strategy"": ""TIMEOUT""}",167,"{""varh"": ""Wdeg"", ""valh"": ""FlrsE"", ""saf"": ""False"", ""pc1"": ""True"", ""bdc"": ""1"", ""toh"": ""False"", ""ng"": ""NO"", ""lc"": ""2"", ""negative"": ""STR0"", ""generic2"": ""True"", ""sb"": ""NO""}",1.694263791985577,3.080011582991574,,ExitStatus.UNKNOWN,False,False,3.080011582991574
2025-06-07T23:02:23.174277,KidneyExchange-4-041_c23.xml,"{""input"": ""tests/xcsp3/cop/UNKNOWN/KidneyExchange-4-041_c23.xml"", ""solver"": ""xcsp:ACE@2.4"", ""output_dir"": ""results_comparison"", ""global_time_limit"": 600, ""max_tries"": 50, ""tuning_file"": ""tests/psa/ace.tuning.json"", ""hpo_strategy"": ""hamming"", ""global_time_strategy"": ""PERCENT"", ""percent"": 0.2, ""round_time_strategy"": ""STATIC"", ""time_evolution"": ""STATIC"", ""stop_strategy"": ""TIMEOUT""}",168,"{""varh"": ""Wdeg"", ""valh"": ""First"", ""saf"": ""False"", ""pc1"": ""False"", ""bdc"": ""10"", ""toh"": ""False"", ""ng"": ""NO"", ""lc"": ""2"", ""negative"": ""V"", ""generic2"": ""True"", ""sb"": ""NO""}",1.694263791985577,3.3717518330086023,-34,ExitStatus.FEASIBLE,False,False,3.3717518330086023
2025-06-07T23:02:27.008110,KidneyExchange-4-041_c23.xml,"{""input"": ""tests/xcsp3/cop/UNKNOWN/KidneyExchange-4-041_c23.xml"", ""solver"": ""xcsp:ACE@2.4"", ""output_dir"": ""results_comparison"", ""global_time_limit"": 600, ""max_tries"": 50, ""tuning_file"": ""tests/psa/ace.tuning.json"", ""hpo_strategy"": ""hamming"", ""global_time_strategy"": ""PERCENT"", ""percent"": 0.2, ""round_time_strategy"": ""STATIC"", ""time_evolution"": ""STATIC"", ""stop_strategy"": ""TIMEOUT""}",169,"{""varh"": ""Wdeg"", ""valh"": ""Conflicts"", ""saf"": ""False"", ""pc1"": ""True"", ""bdc"": ""1"", ""toh"": ""False"", ""ng"": ""NO"", ""lc"": ""2"", ""negative"": ""VA"", ""generic2"": ""True"", ""sb"": ""NO""}",1.694263791985577,3.447320665989537,,ExitStatus.UNKNOWN,False,False,3.447320665989537
2025-06-07T23:02:30.658771,KidneyExchange-4-041_c23.xml,"{""input"": ""tests/xcsp3/cop/UNKNOWN/KidneyExchange-4-041_c23.xml"", ""solver"": ""xcsp:ACE@2.4"", ""output_dir"": ""results_comparison"", ""global_time_limit"": 600, ""max_tries"": 50, ""tuning_file"": ""tests/psa/ace.tuning.json"", ""hpo_strategy"": ""hamming"", ""global_time_strategy"": ""PERCENT"", ""percent"": 0.2, ""round_time_strategy"": ""STATIC"", ""time_evolution"": ""STATIC"", ""stop_strategy"": ""TIMEOUT""}",170,"{""varh"": ""Activity"", ""valh"": ""First"", ""saf"": ""False"", ""pc1"": ""True"", ""bdc"": ""1"", ""toh"": ""False"", ""ng"": ""NO"", ""lc"": ""2"", ""negative"": ""STR3"", ""generic2"": ""True"", ""sb"": ""NO""}",1.694263791985577,3.3222146249900106,,ExitStatus.UNKNOWN,False,False,3.3222146249900106
2025-06-07T23:02:34.424794,KidneyExchange-4-041_c23.xml,"{""input"": ""tests/xcsp3/cop/UNKNOWN/KidneyExchange-4-041_c23.xml"", ""solver"": ""xcsp:ACE@2.4"", ""output_dir"": ""results_comparison"", ""global_time_limit"": 600, ""max_tries"": 50, ""tuning_file"": ""tests/psa/ace.tuning.json"", ""hpo_strategy"": ""hamming"", ""global_time_strategy"": ""PERCENT"", ""percent"": 0.2, ""round_time_strategy"": ""STATIC"", ""time_evolution"": ""STATIC"", ""stop_strategy"": ""TIMEOUT""}",171,"{""varh"": ""Wdeg"", ""valh"": ""OccsR"", ""saf"": ""False"", ""pc1"": ""True"", ""bdc"": ""1"", ""toh"": ""True"", ""ng"": ""NO"", ""lc"": ""2"", ""negative"": ""V"", ""generic2"": ""True"", ""sb"": ""NO""}",1.694263791985577,3.4407512079924345,,ExitStatus.UNKNOWN,False,False,3.4407512079924345
2025-06-07T23:02:38.565594,KidneyExchange-4-041_c23.xml,"{""input"": ""tests/xcsp3/cop/UNKNOWN/KidneyExchange-4-041_c23.xml"", ""solver"": ""xcsp:ACE@2.4"", ""output_dir"": ""results_comparison"", ""global_time_limit"": 600, ""max_tries"": 50, ""tuning_file"": ""tests/psa/ace.tuning.json"", ""hpo_strategy"": ""hamming"", ""global_time_strategy"": ""PERCENT"", ""percent"": 0.2, ""round_time_strategy"": ""STATIC"", ""time_evolution"": ""STATIC"", ""stop_strategy"": ""TIMEOUT""}",172,"{""varh"": ""Wdeg"", ""valh"": ""First"", ""saf"": ""False"", ""pc1"": ""True"", ""bdc"": ""1"", ""toh"": ""True"", ""ng"": ""NO"", ""lc"": ""2"", ""negative"": ""STR1N"", ""generic2"": ""True"", ""sb"": ""NO""}",1.694263791985577,3.686483708996093,,ExitStatus.UNKNOWN,False,False,3.686483708996093
2025-06-07T23:02:42.657373,KidneyExchange-4-041_c23.xml,"{""input"": ""tests/xcsp3/cop/UNKNOWN/KidneyExchange-4-041_c23.xml"", ""solver"": ""xcsp:ACE@2.4"", ""output_dir"": ""results_comparison"", ""global_time_limit"": 600, ""max_tries"": 50, ""tuning_file"": ""tests/psa/ace.tuning.json"", ""hpo_strategy"": ""hamming"", ""global_time_strategy"": ""PERCENT"", ""percent"": 0.2, ""round_time_strategy"": ""STATIC"", ""time_evolution"": ""STATIC"", ""stop_strategy"": ""TIMEOUT""}",173,"{""varh"": ""FrbaOnDom"", ""valh"": ""First"", ""saf"": ""True"", ""pc1"": ""True"", ""bdc"": ""1"", ""toh"": ""False"", ""ng"": ""NO"", ""lc"": ""2"", ""negative"": ""V"", ""generic2"": ""True"", ""sb"": ""NO""}",1.694263791985577,3.8028901670186315,,ExitStatus.UNKNOWN,False,False,3.8028901670186315
2025-06-07T23:02:46.216548,KidneyExchange-4-041_c23.xml,"{""input"": ""tests/xcsp3/cop/UNKNOWN/KidneyExchange-4-041_c23.xml"", ""solver"": ""xcsp:ACE@2.4"", ""output_dir"": ""results_comparison"", ""global_time_limit"": 600, ""max_tries"": 50, ""tuning_file"": ""tests/psa/ace.tuning.json"", ""hpo_strategy"": ""hamming"", ""global_time_strategy"": ""PERCENT"", ""percent"": 0.2, ""round_time_strategy"": ""STATIC"", ""time_evolution"": ""STATIC"", ""stop_strategy"": ""TIMEOUT""}",174,"{""varh"": ""Wdeg"", ""valh"": ""First"", ""saf"": ""False"", ""pc1"": ""True"", ""bdc"": ""1"", ""toh"": ""False"", ""ng"": ""NO"", ""lc"": ""1"", ""negative"": ""CT"", ""generic2"": ""True"", ""sb"": ""NO""}",1.694263791985577,3.2693609170091804,,ExitStatus.UNKNOWN,False,False,3.2693609170091804
2025-06-07T23:02:50.003627,KidneyExchange-4-041_c23.xml,"{""input"": ""tests/xcsp3/cop/UNKNOWN/KidneyExchange-4-041_c23.xml"", ""solver"": ""xcsp:ACE@2.4"", ""output_dir"": ""results_comparison"", ""global_time_limit"": 600, ""max_tries"": 50, ""tuning_file"": ""tests/psa/ace.tuning.json"", ""hpo_strategy"": ""hamming"", ""global_time_strategy"": ""PERCENT"", ""percent"": 0.2, ""round_time_strategy"": ""STATIC"", ""time_evolution"": ""STATIC"", ""stop_strategy"": ""TIMEOUT""}",175,"{""varh"": ""RunRobin"", ""valh"": ""First"", ""saf"": ""False"", ""pc1"": ""True"", ""bdc"": ""1"", ""toh"": ""False"", ""ng"": ""NO"", ""lc"": ""2"", ""negative"": ""STR3"", ""generic2"": ""True"", ""sb"": ""NO""}",1.694263791985577,3.549971208005445,,ExitStatus.UNKNOWN,False,False,3.549971208005445
2025-06-07T23:02:53.702677,KidneyExchange-4-041_c23.xml,"{""input"": ""tests/xcsp3/cop/UNKNOWN/KidneyExchange-4-041_c23.xml"", ""solver"": ""xcsp:ACE@2.4"", ""output_dir"": ""results_comparison"", ""global_time_limit"": 600, ""max_tries"": 50, ""tuning_file"": ""tests/psa/ace.tuning.json"", ""hpo_strategy"": ""hamming"", ""global_time_strategy"": ""PERCENT"", ""percent"": 0.2, ""round_time_strategy"": ""STATIC"", ""time_evolution"": ""STATIC"", ""stop_strategy"": ""TIMEOUT""}",176,"{""varh"": ""Wdeg"", ""valh"": ""First"", ""saf"": ""True"", ""pc1"": ""True"", ""bdc"": ""1"", ""toh"": ""False"", ""ng"": ""NO"", ""lc"": ""2"", ""negative"": ""CT"", ""generic2"": ""True"", ""sb"": ""NO""}",1.694263791985577,3.360780832997989,,ExitStatus.UNKNOWN,False,False,3.360780832997989
2025-06-07T23:02:57.473131,KidneyExchange-4-041_c23.xml,"{""input"": ""tests/xcsp3/cop/UNKNOWN/KidneyExchange-4-041_c23.xml"", ""solver"": ""xcsp:ACE@2.4"", ""output_dir"": ""results_comparison"", ""global_time_limit"": 600, ""max_tries"": 50, ""tuning_file"": ""tests/psa/ace.tuning.json"", ""hpo_strategy"": ""hamming"", ""global_time_strategy"": ""PERCENT"", ""percent"": 0.2, ""round_time_strategy"": ""STATIC"", ""time_evolution"": ""STATIC"", ""stop_strategy"": ""TIMEOUT""}",177,"{""varh"": ""Wdeg"", ""valh"": ""First"", ""saf"": ""False"", ""pc1"": ""True"", ""bdc"": ""100"", ""toh"": ""False"", ""ng"": ""NO"", ""lc"": ""2"", ""negative"": ""STR1"", ""generic2"": ""True"", ""sb"": ""NO""}",1.694263791985577,3.4782947920029983,,ExitStatus.UNKNOWN,False,False,3.4782947920029983
2025-06-07T23:03:03.269534,KidneyExchange-4-041_c23.xml,"{""input"": ""tests/xcsp3/cop/UNKNOWN/KidneyExchange-4-041_c23.xml"", ""solver"": ""xcsp:ACE@2.4"", ""output_dir"": ""results_comparison"", ""global_time_limit"": 600, ""max_tries"": 50, ""tuning_file"": ""tests/psa/ace.tuning.json"", ""hpo_strategy"": ""hamming"", ""global_time_strategy"": ""PERCENT"", ""percent"": 0.2, ""round_time_strategy"": ""STATIC"", ""time_evolution"": ""STATIC"", ""stop_strategy"": ""TIMEOUT""}",178,"{""varh"": ""Wdeg"", ""valh"": ""First"", ""saf"": ""False"", ""pc1"": ""True"", ""bdc"": ""1"", ""toh"": ""False"", ""ng"": ""NO"", ""lc"": ""0"", ""negative"": ""STR0"", ""generic2"": ""True"", ""sb"": ""NO""}",1.694263791985577,5.454266042012023,,ExitStatus.UNKNOWN,False,False,5.454266042012023
2025-06-07T23:03:07.464221,KidneyExchange-4-041_c23.xml,"{""input"": ""tests/xcsp3/cop/UNKNOWN/KidneyExchange-4-041_c23.xml"", ""solver"": ""xcsp:ACE@2.4"", ""output_dir"": ""results_comparison"", ""global_time_limit"": 600, ""max_tries"": 50, ""tuning_file"": ""tests/psa/ace.tuning.json"", ""hpo_strategy"": ""hamming"", ""global_time_strategy"": ""PERCENT"", ""percent"": 0.2, ""round_time_strategy"": ""STATIC"", ""time_evolution"": ""STATIC"", ""stop_strategy"": ""TIMEOUT""}",179,"{""varh"": ""Wdeg"", ""valh"": ""First"", ""saf"": ""False"", ""pc1"": ""True"", ""bdc"": ""1"", ""toh"": ""False"", ""ng"": ""NO"", ""lc"": ""10"", ""negative"": ""CT"", ""generic2"": ""True"", ""sb"": ""NO""}",1.694263791985577,3.722660375002306,,ExitStatus.UNKNOWN,False,False,3.722660375002306
2025-06-07T23:03:12.405289,KidneyExchange-4-041_c23.xml,"{""input"": ""tests/xcsp3/cop/UNKNOWN/KidneyExchange-4-041_c23.xml"", ""solver"": ""xcsp:ACE@2.4"", ""output_dir"": ""results_comparison"", ""global_time_limit"": 600, ""max_tries"": 50, ""tuning_file"": ""tests/psa/ace.tuning.json"", ""hpo_strategy"": ""hamming"", ""global_time_strategy"": ""PERCENT"", ""percent"": 0.2, ""round_time_strategy"": ""STATIC"", ""time_evolution"": ""STATIC"", ""stop_strategy"": ""TIMEOUT""}",180,"{""varh"": ""Wdeg"", ""valh"": ""First"", ""saf"": ""False"", ""pc1"": ""True"", ""bdc"": ""10"", ""toh"": ""False"", ""ng"": ""NO"", ""lc"": ""2"", ""negative"": ""STR2N"", ""generic2"": ""True"", ""sb"": ""NO""}",1.694263791985577,4.527160666999407,,ExitStatus.UNKNOWN,False,False,4.527160666999407
2025-06-07T23:03:16.861241,KidneyExchange-4-041_c23.xml,"{""input"": ""tests/xcsp3/cop/UNKNOWN/KidneyExchange-4-041_c23.xml"", ""solver"": ""xcsp:ACE@2.4"", ""output_dir"": ""results_comparison"", ""global_time_limit"": 600, ""max_tries"": 50, ""tuning_file"": ""tests/psa/ace.tuning.json"", ""hpo_strategy"": ""hamming"", ""global_time_strategy"": ""PERCENT"", ""percent"": 0.2, ""round_time_strategy"": ""STATIC"", ""time_evolution"": ""STATIC"", ""stop_strategy"": ""TIMEOUT""}",181,"{""varh"": ""FrbaOnDom"", ""valh"": ""First"", ""saf"": ""False"", ""pc1"": ""True"", ""bdc"": ""1"", ""toh"": ""False"", ""ng"": ""NO"", ""lc"": ""2"", ""negative"": ""STR0"", ""generic2"": ""True"", ""sb"": ""NO""}",1.694263791985577,4.102645292005036,,ExitStatus.UNKNOWN,False,False,4.102645292005036
2025-06-07T23:03:20.829438,KidneyExchange-4-041_c23.xml,"{""input"": ""tests/xcsp3/cop/UNKNOWN/KidneyExchange-4-041_c23.xml"", ""solver"": ""xcsp:ACE@2.4"", ""output_dir"": ""results_comparison"", ""global_time_limit"": 600, ""max_tries"": 50, ""tuning_file"": ""tests/psa/ace.tuning.json"", ""hpo_strategy"": ""hamming"", ""global_time_strategy"": ""PERCENT"", ""percent"": 0.2, ""round_time_strategy"": ""STATIC"", ""time_evolution"": ""STATIC"", ""stop_strategy"": ""TIMEOUT""}",182,"{""varh"": ""Wdeg"", ""valh"": ""Bivs3"", ""saf"": ""False"", ""pc1"": ""True"", ""bdc"": ""1"", ""toh"": ""False"", ""ng"": ""NO"", ""lc"": ""2"", ""negative"": ""STR3"", ""generic2"": ""True"", ""sb"": ""NO""}",1.694263791985577,3.5795305829960853,,ExitStatus.UNKNOWN,False,False,3.5795305829960853
2025-06-07T23:03:25.111529,KidneyExchange-4-041_c23.xml,"{""input"": ""tests/xcsp3/cop/UNKNOWN/KidneyExchange-4-041_c23.xml"", ""solver"": ""xcsp:ACE@2.4"", ""output_dir"": ""results_comparison"", ""global_time_limit"": 600, ""max_tries"": 50, ""tuning_file"": ""tests/psa/ace.tuning.json"", ""hpo_strategy"": ""hamming"", ""global_time_strategy"": ""PERCENT"", ""percent"": 0.2, ""round_time_strategy"": ""STATIC"", ""time_evolution"": ""STATIC"", ""stop_strategy"": ""TIMEOUT""}",183,"{""varh"": ""Wdeg"", ""valh"": ""Vals"", ""saf"": ""False"", ""pc1"": ""True"", ""bdc"": ""1"", ""toh"": ""False"", ""ng"": ""NO"", ""lc"": ""2"", ""negative"": ""STR1N"", ""generic2"": ""True"", ""sb"": ""NO""}",1.694263791985577,3.7376737500017043,,ExitStatus.UNKNOWN,False,False,3.7376737500017043
2025-06-07T23:03:29.092506,KidneyExchange-4-041_c23.xml,"{""input"": ""tests/xcsp3/cop/UNKNOWN/KidneyExchange-4-041_c23.xml"", ""solver"": ""xcsp:ACE@2.4"", ""output_dir"": ""results_comparison"", ""global_time_limit"": 600, ""max_tries"": 50, ""tuning_file"": ""tests/psa/ace.tuning.json"", ""hpo_strategy"": ""hamming"", ""global_time_strategy"": ""PERCENT"", ""percent"": 0.2, ""round_time_strategy"": ""STATIC"", ""time_evolution"": ""STATIC"", ""stop_strategy"": ""TIMEOUT""}",184,"{""varh"": ""Wdeg"", ""valh"": ""First"", ""saf"": ""False"", ""pc1"": ""True"", ""bdc"": ""1"", ""toh"": ""False"", ""ng"": ""NO"", ""lc"": ""2"", ""negative"": ""STR2N"", ""generic2"": ""False"", ""sb"": ""NO""}",1.694263791985577,3.6763119579991326,,ExitStatus.UNKNOWN,False,False,3.6763119579991326
2025-06-07T23:03:33.322497,KidneyExchange-4-041_c23.xml,"{""input"": ""tests/xcsp3/cop/UNKNOWN/KidneyExchange-4-041_c23.xml"", ""solver"": ""xcsp:ACE@2.4"", ""output_dir"": ""results_comparison"", ""global_time_limit"": 600, ""max_tries"": 50, ""tuning_file"": ""tests/psa/ace.tuning.json"", ""hpo_strategy"": ""hamming"", ""global_time_strategy"": ""PERCENT"", ""percent"": 0.2, ""round_time_strategy"": ""STATIC"", ""time_evolution"": ""STATIC"", ""stop_strategy"": ""TIMEOUT""}",185,"{""varh"": ""Activity"", ""valh"": ""First"", ""saf"": ""False"", ""pc1"": ""True"", ""bdc"": ""10"", ""toh"": ""False"", ""ng"": ""NO"", ""lc"": ""2"", ""negative"": ""V"", ""generic2"": ""True"", ""sb"": ""NO""}",1.694263791985577,3.8309786670142785,,ExitStatus.UNKNOWN,False,False,3.8309786670142785
2025-06-07T23:03:39.630312,KidneyExchange-4-041_c23.xml,"{""input"": ""tests/xcsp3/cop/UNKNOWN/KidneyExchange-4-041_c23.xml"", ""solver"": ""xcsp:ACE@2.4"", ""output_dir"": ""results_comparison"", ""global_time_limit"": 600, ""max_tries"": 50, ""tuning_file"": ""tests/psa/ace.tuning.json"", ""hpo_strategy"": ""hamming"", ""global_time_strategy"": ""PERCENT"", ""percent"": 0.2, ""round_time_strategy"": ""STATIC"", ""time_evolution"": ""STATIC"", ""stop_strategy"": ""TIMEOUT""}",186,"{""varh"": ""Wdeg"", ""valh"": ""Conflicts"", ""saf"": ""False"", ""pc1"": ""True"", ""bdc"": ""1"", ""toh"": ""False"", ""ng"": ""NO"", ""lc"": ""2"", ""negative"": ""STR3"", ""generic2"": ""True"", ""sb"": ""NO""}",1.694263791985577,1,,ExitStatus.UNKNOWN,False,False,1
2025-06-08T09:19:59.384657,KidneyExchange-4-041_c23.xml,"{""input"": ""tests/xcsp3/cop/UNKNOWN/KidneyExchange-4-041_c23.xml"", ""solver"": ""xcsp:ACE@2.4"", ""output_dir"": ""results_comparison"", ""global_time_limit"": 600, ""max_tries"": 50, ""tuning_file"": ""tests/psa/ace.tuning.json"", ""hpo_strategy"": ""hamming"", ""global_time_strategy"": ""PERCENT"", ""percent"": 0.2, ""round_time_strategy"": ""STATIC"", ""time_evolution"": ""STATIC"", ""stop_strategy"": ""TIMEOUT""}",0,"{""varh"": ""Wdeg"", ""valh"": ""First"", ""saf"": ""False"", ""pc1"": ""True"", ""bdc"": ""1"", ""toh"": ""False"", ""ng"": ""NO"", ""lc"": ""2"", ""negative"": ""V"", ""generic2"": ""True"", ""sb"": ""NO""}",1.609690542012686,1.3601022920047399,1,ExitStatus.OPTIMAL,True,False,1.3601022920047399
2025-06-08T09:20:01.073669,KidneyExchange-4-041_c23.xml,"{""input"": ""tests/xcsp3/cop/UNKNOWN/KidneyExchange-4-041_c23.xml"", ""solver"": ""xcsp:ACE@2.4"", ""output_dir"": ""results_comparison"", ""global_time_limit"": 600, ""max_tries"": 50, ""tuning_file"": ""tests/psa/ace.tuning.json"", ""hpo_strategy"": ""hamming"", ""global_time_strategy"": ""PERCENT"", ""percent"": 0.2, ""round_time_strategy"": ""STATIC"", ""time_evolution"": ""STATIC"", ""stop_strategy"": ""TIMEOUT""}",1,"{""varh"": ""Wdeg"", ""valh"": ""Median"", ""saf"": ""False"", ""pc1"": ""True"", ""bdc"": ""1"", ""toh"": ""False"", ""ng"": ""NO"", ""lc"": ""2"", ""negative"": ""V"", ""generic2"": ""True"", ""sb"": ""NO""}",1.609690542012686,1.5698039589915425,1,ExitStatus.FEASIBLE,False,False,1.5698039589915425
2025-06-08T09:20:02.730317,KidneyExchange-4-041_c23.xml,"{""input"": ""tests/xcsp3/cop/UNKNOWN/KidneyExchange-4-041_c23.xml"", ""solver"": ""xcsp:ACE@2.4"", ""output_dir"": ""results_comparison"", ""global_time_limit"": 600, ""max_tries"": 50, ""tuning_file"": ""tests/psa/ace.tuning.json"", ""hpo_strategy"": ""hamming"", ""global_time_strategy"": ""PERCENT"", ""percent"": 0.2, ""round_time_strategy"": ""STATIC"", ""time_evolution"": ""STATIC"", ""stop_strategy"": ""TIMEOUT""}",2,"{""varh"": ""Wdeg"", ""valh"": ""First"", ""saf"": ""False"", ""pc1"": ""True"", ""bdc"": ""1"", ""toh"": ""False"", ""ng"": ""NO"", ""lc"": ""2"", ""negative"": ""V"", ""generic2"": ""False"", ""sb"": ""NO""}",1.609690542012686,1.5432442500023171,1,ExitStatus.FEASIBLE,False,False,1.5432442500023171
2025-06-08T09:20:04.400482,KidneyExchange-4-041_c23.xml,"{""input"": ""tests/xcsp3/cop/UNKNOWN/KidneyExchange-4-041_c23.xml"", ""solver"": ""xcsp:ACE@2.4"", ""output_dir"": ""results_comparison"", ""global_time_limit"": 600, ""max_tries"": 50, ""tuning_file"": ""tests/psa/ace.tuning.json"", ""hpo_strategy"": ""hamming"", ""global_time_strategy"": ""PERCENT"", ""percent"": 0.2, ""round_time_strategy"": ""STATIC"", ""time_evolution"": ""STATIC"", ""stop_strategy"": ""TIMEOUT""}",3,"{""varh"": ""Wdeg"", ""valh"": ""OccsR"", ""saf"": ""False"", ""pc1"": ""True"", ""bdc"": ""1"", ""toh"": ""False"", ""ng"": ""NO"", ""lc"": ""2"", ""negative"": ""V"", ""generic2"": ""True"", ""sb"": ""NO""}",1.609690542012686,1.558023209014209,1,ExitStatus.FEASIBLE,False,False,1.558023209014209
2025-06-08T09:20:06.055083,KidneyExchange-4-041_c23.xml,"{""input"": ""tests/xcsp3/cop/UNKNOWN/KidneyExchange-4-041_c23.xml"", ""solver"": ""xcsp:ACE@2.4"", ""output_dir"": ""results_comparison"", ""global_time_limit"": 600, ""max_tries"": 50, ""tuning_file"": ""tests/psa/ace.tuning.json"", ""hpo_strategy"": ""hamming"", ""global_time_strategy"": ""PERCENT"", ""percent"": 0.2, ""round_time_strategy"": ""STATIC"", ""time_evolution"": ""STATIC"", ""stop_strategy"": ""TIMEOUT""}",4,"{""varh"": ""Wdeg"", ""valh"": ""First"", ""saf"": ""False"", ""pc1"": ""True"", ""bdc"": ""1"", ""toh"": ""False"", ""ng"": ""NO"", ""lc"": ""10"", ""negative"": ""V"", ""generic2"": ""True"", ""sb"": ""NO""}",1.609690542012686,1.5423794999951497,1,ExitStatus.FEASIBLE,False,False,1.5423794999951497
2025-06-08T09:20:07.116749,KidneyExchange-4-041_c23.xml,"{""input"": ""tests/xcsp3/cop/UNKNOWN/KidneyExchange-4-041_c23.xml"", ""solver"": ""xcsp:ACE@2.4"", ""output_dir"": ""results_comparison"", ""global_time_limit"": 600, ""max_tries"": 50, ""tuning_file"": ""tests/psa/ace.tuning.json"", ""hpo_strategy"": ""hamming"", ""global_time_strategy"": ""PERCENT"", ""percent"": 0.2, ""round_time_strategy"": ""STATIC"", ""time_evolution"": ""STATIC"", ""stop_strategy"": ""TIMEOUT""}",5,"{""varh"": ""Wdeg"", ""valh"": ""First"", ""saf"": ""False"", ""pc1"": ""True"", ""bdc"": ""100"", ""toh"": ""False"", ""ng"": ""NO"", ""lc"": ""2"", ""negative"": ""V"", ""generic2"": ""True"", ""sb"": ""NO""}",1.609690542012686,0.9507661250245292,,ExitStatus.UNKNOWN,False,False,0.9507661250245292
2025-06-08T09:20:08.640440,KidneyExchange-4-041_c23.xml,"{""input"": ""tests/xcsp3/cop/UNKNOWN/KidneyExchange-4-041_c23.xml"", ""solver"": ""xcsp:ACE@2.4"", ""output_dir"": ""results_comparison"", ""global_time_limit"": 600, ""max_tries"": 50, ""tuning_file"": ""tests/psa/ace.tuning.json"", ""hpo_strategy"": ""hamming"", ""global_time_strategy"": ""PERCENT"", ""percent"": 0.2, ""round_time_strategy"": ""STATIC"", ""time_evolution"": ""STATIC"", ""stop_strategy"": ""TIMEOUT""}",6,"{""varh"": ""Wdeg"", ""valh"": ""First"", ""saf"": ""False"", ""pc1"": ""True"", ""bdc"": ""1"", ""toh"": ""False"", ""ng"": ""NO"", ""lc"": ""2"", ""negative"": ""VA"", ""generic2"": ""True"", ""sb"": ""NO""}",1.609690542012686,1.4118932919809595,1,ExitStatus.OPTIMAL,False,False,1.4118932919809595
2025-06-08T09:20:10.130095,KidneyExchange-4-041_c23.xml,"{""input"": ""tests/xcsp3/cop/UNKNOWN/KidneyExchange-4-041_c23.xml"", ""solver"": ""xcsp:ACE@2.4"", ""output_dir"": ""results_comparison"", ""global_time_limit"": 600, ""max_tries"": 50, ""tuning_file"": ""tests/psa/ace.tuning.json"", ""hpo_strategy"": ""hamming"", ""global_time_strategy"": ""PERCENT"", ""percent"": 0.2, ""round_time_strategy"": ""STATIC"", ""time_evolution"": ""STATIC"", ""stop_strategy"": ""TIMEOUT""}",7,"{""varh"": ""Wdeg"", ""valh"": ""First"", ""saf"": ""False"", ""pc1"": ""True"", ""bdc"": ""1"", ""toh"": ""False"", ""ng"": ""NO"", ""lc"": ""2"", ""negative"": ""STR1"", ""generic2"": ""True"", ""sb"": ""NO""}",1.609690542012686,1.3765026250039227,1,ExitStatus.OPTIMAL,False,False,1.3765026250039227
2025-06-08T09:20:11.800746,KidneyExchange-4-041_c23.xml,"{""input"": ""tests/xcsp3/cop/UNKNOWN/KidneyExchange-4-041_c23.xml"", ""solver"": ""xcsp:ACE@2.4"", ""output_dir"": ""results_comparison"", ""global_time_limit"": 600, ""max_tries"": 50, ""tuning_file"": ""tests/psa/ace.tuning.json"", ""hpo_strategy"": ""hamming"", ""global_time_strategy"": ""PERCENT"", ""percent"": 0.2, ""round_time_strategy"": ""STATIC"", ""time_evolution"": ""STATIC"", ""stop_strategy"": ""TIMEOUT""}",8,"{""varh"": ""Wdeg"", ""valh"": ""First"", ""saf"": ""False"", ""pc1"": ""False"", ""bdc"": ""1"", ""toh"": ""False"", ""ng"": ""NO"", ""lc"": ""2"", ""negative"": ""V"", ""generic2"": ""True"", ""sb"": ""NO""}",1.609690542012686,1.5595330409996677,1,ExitStatus.FEASIBLE,False,False,1.5595330409996677
2025-06-08T09:20:13.258176,KidneyExchange-4-041_c23.xml,"{""input"": ""tests/xcsp3/cop/UNKNOWN/KidneyExchange-4-041_c23.xml"", ""solver"": ""xcsp:ACE@2.4"", ""output_dir"": ""results_comparison"", ""global_time_limit"": 600, ""max_tries"": 50, ""tuning_file"": ""tests/psa/ace.tuning.json"", ""hpo_strategy"": ""hamming"", ""global_time_strategy"": ""PERCENT"", ""percent"": 0.2, ""round_time_strategy"": ""STATIC"", ""time_evolution"": ""STATIC"", ""stop_strategy"": ""TIMEOUT""}",9,"{""varh"": ""Wdeg"", ""valh"": ""Rand"", ""saf"": ""False"", ""pc1"": ""True"", ""bdc"": ""1"", ""toh"": ""False"", ""ng"": ""NO"", ""lc"": ""2"", ""negative"": ""V"", ""generic2"": ""True"", ""sb"": ""NO""}",1.609690542012686,1.345350082992809,1,ExitStatus.OPTIMAL,True,False,1.345350082992809
2025-06-08T09:20:14.928113,KidneyExchange-4-041_c23.xml,"{""input"": ""tests/xcsp3/cop/UNKNOWN/KidneyExchange-4-041_c23.xml"", ""solver"": ""xcsp:ACE@2.4"", ""output_dir"": ""results_comparison"", ""global_time_limit"": 600, ""max_tries"": 50, ""tuning_file"": ""tests/psa/ace.tuning.json"", ""hpo_strategy"": ""hamming"", ""global_time_strategy"": ""PERCENT"", ""percent"": 0.2, ""round_time_strategy"": ""STATIC"", ""time_evolution"": ""STATIC"", ""stop_strategy"": ""TIMEOUT""}",10,"{""varh"": ""RunRobin"", ""valh"": ""First"", ""saf"": ""False"", ""pc1"": ""True"", ""bdc"": ""1"", ""toh"": ""False"", ""ng"": ""NO"", ""lc"": ""2"", ""negative"": ""V"", ""generic2"": ""True"", ""sb"": ""NO""}",1.609690542012686,1.5572201249888167,1,ExitStatus.FEASIBLE,False,False,1.5572201249888167
2025-06-08T09:20:16.593954,KidneyExchange-4-041_c23.xml,"{""input"": ""tests/xcsp3/cop/UNKNOWN/KidneyExchange-4-041_c23.xml"", ""solver"": ""xcsp:ACE@2.4"", ""output_dir"": ""results_comparison"", ""global_time_limit"": 600, ""max_tries"": 50, ""tuning_file"": ""tests/psa/ace.tuning.json"", ""hpo_strategy"": ""hamming"", ""global_time_strategy"": ""PERCENT"", ""percent"": 0.2, ""round_time_strategy"": ""STATIC"", ""time_evolution"": ""STATIC"", ""stop_strategy"": ""TIMEOUT""}",11,"{""varh"": ""Wdeg"", ""valh"": ""Vals"", ""saf"": ""False"", ""pc1"": ""True"", ""bdc"": ""1"", ""toh"": ""False"", ""ng"": ""NO"", ""lc"": ""2"", ""negative"": ""V"", ""generic2"": ""True"", ""sb"": ""NO""}",1.609690542012686,1.554468749993248,1,ExitStatus.FEASIBLE,False,False,1.554468749993248
2025-06-08T09:20:18.106639,KidneyExchange-4-041_c23.xml,"{""input"": ""tests/xcsp3/cop/UNKNOWN/KidneyExchange-4-041_c23.xml"", ""solver"": ""xcsp:ACE@2.4"", ""output_dir"": ""results_comparison"", ""global_time_limit"": 600, ""max_tries"": 50, ""tuning_file"": ""tests/psa/ace.tuning.json"", ""hpo_strategy"": ""hamming"", ""global_time_strategy"": ""PERCENT"", ""percent"": 0.2, ""round_time_strategy"": ""STATIC"", ""time_evolution"": ""STATIC"", ""stop_strategy"": ""TIMEOUT""}",12,"{""varh"": ""Wdeg"", ""valh"": ""Bivs3"", ""saf"": ""False"", ""pc1"": ""True"", ""bdc"": ""1"", ""toh"": ""False"", ""ng"": ""NO"", ""lc"": ""2"", ""negative"": ""V"", ""generic2"": ""True"", ""sb"": ""NO""}",1.609690542012686,1.4016018749971408,1,ExitStatus.OPTIMAL,False,False,1.4016018749971408
2025-06-08T09:20:19.773737,KidneyExchange-4-041_c23.xml,"{""input"": ""tests/xcsp3/cop/UNKNOWN/KidneyExchange-4-041_c23.xml"", ""solver"": ""xcsp:ACE@2.4"", ""output_dir"": ""results_comparison"", ""global_time_limit"": 600, ""max_tries"": 50, ""tuning_file"": ""tests/psa/ace.tuning.json"", ""hpo_strategy"": ""hamming"", ""global_time_strategy"": ""PERCENT"", ""percent"": 0.2, ""round_time_strategy"": ""STATIC"", ""time_evolution"": ""STATIC"", ""stop_strategy"": ""TIMEOUT""}",13,"{""varh"": ""Activity"", ""valh"": ""First"", ""saf"": ""False"", ""pc1"": ""True"", ""bdc"": ""1"", ""toh"": ""False"", ""ng"": ""NO"", ""lc"": ""2"", ""negative"": ""V"", ""generic2"": ""True"", ""sb"": ""NO""}",1.609690542012686,1.554611958010355,-19,ExitStatus.FEASIBLE,False,False,1.554611958010355
2025-06-08T09:20:21.194515,KidneyExchange-4-041_c23.xml,"{""input"": ""tests/xcsp3/cop/UNKNOWN/KidneyExchange-4-041_c23.xml"", ""solver"": ""xcsp:ACE@2.4"", ""output_dir"": ""results_comparison"", ""global_time_limit"": 600, ""max_tries"": 50, ""tuning_file"": ""tests/psa/ace.tuning.json"", ""hpo_strategy"": ""hamming"", ""global_time_strategy"": ""PERCENT"", ""percent"": 0.2, ""round_time_strategy"": ""STATIC"", ""time_evolution"": ""STATIC"", ""stop_strategy"": ""TIMEOUT""}",14,"{""varh"": ""Wdeg"", ""valh"": ""Last"", ""saf"": ""False"", ""pc1"": ""True"", ""bdc"": ""1"", ""toh"": ""False"", ""ng"": ""NO"", ""lc"": ""2"", ""negative"": ""V"", ""generic2"": ""True"", ""sb"": ""NO""}",1.609690542012686,1.3081376670161262,1,ExitStatus.OPTIMAL,True,False,1.3081376670161262
2025-06-08T09:20:22.867326,KidneyExchange-4-041_c23.xml,"{""input"": ""tests/xcsp3/cop/UNKNOWN/KidneyExchange-4-041_c23.xml"", ""solver"": ""xcsp:ACE@2.4"", ""output_dir"": ""results_comparison"", ""global_time_limit"": 600, ""max_tries"": 50, ""tuning_file"": ""tests/psa/ace.tuning.json"", ""hpo_strategy"": ""hamming"", ""global_time_strategy"": ""PERCENT"", ""percent"": 0.2, ""round_time_strategy"": ""STATIC"", ""time_evolution"": ""STATIC"", ""stop_strategy"": ""TIMEOUT""}",15,"{""varh"": ""Memory"", ""valh"": ""First"", ""saf"": ""False"", ""pc1"": ""True"", ""bdc"": ""1"", ""toh"": ""False"", ""ng"": ""NO"", ""lc"": ""2"", ""negative"": ""V"", ""generic2"": ""True"", ""sb"": ""NO""}",1.609690542012686,1.5588136659935117,-1,ExitStatus.FEASIBLE,False,False,1.5588136659935117
2025-06-08T09:20:24.363120,KidneyExchange-4-041_c23.xml,"{""input"": ""tests/xcsp3/cop/UNKNOWN/KidneyExchange-4-041_c23.xml"", ""solver"": ""xcsp:ACE@2.4"", ""output_dir"": ""results_comparison"", ""global_time_limit"": 600, ""max_tries"": 50, ""tuning_file"": ""tests/psa/ace.tuning.json"", ""hpo_strategy"": ""hamming"", ""global_time_strategy"": ""PERCENT"", ""percent"": 0.2, ""round_time_strategy"": ""STATIC"", ""time_evolution"": ""STATIC"", ""stop_strategy"": ""TIMEOUT""}",16,"{""varh"": ""Wdeg"", ""valh"": ""First"", ""saf"": ""True"", ""pc1"": ""True"", ""bdc"": ""1"", ""toh"": ""False"", ""ng"": ""NO"", ""lc"": ""2"", ""negative"": ""V"", ""generic2"": ""True"", ""sb"": ""NO""}",1.609690542012686,1.3695097919844557,1,ExitStatus.OPTIMAL,False,False,1.3695097919844557
2025-06-08T09:20:25.903544,KidneyExchange-4-041_c23.xml,"{""input"": ""tests/xcsp3/cop/UNKNOWN/KidneyExchange-4-041_c23.xml"", ""solver"": ""xcsp:ACE@2.4"", ""output_dir"": ""results_comparison"", ""global_time_limit"": 600, ""max_tries"": 50, ""tuning_file"": ""tests/psa/ace.tuning.json"", ""hpo_strategy"": ""hamming"", ""global_time_strategy"": ""PERCENT"", ""percent"": 0.2, ""round_time_strategy"": ""STATIC"", ""time_evolution"": ""STATIC"", ""stop_strategy"": ""TIMEOUT""}",17,"{""varh"": ""Wdeg"", ""valh"": ""First"", ""saf"": ""False"", ""pc1"": ""True"", ""bdc"": ""1"", ""toh"": ""True"", ""ng"": ""NO"", ""lc"": ""2"", ""negative"": ""V"", ""generic2"": ""True"", ""sb"": ""NO""}",1.609690542012686,1.417538500012597,1,ExitStatus.OPTIMAL,False,False,1.417538500012597
2025-06-08T09:20:27.418899,KidneyExchange-4-041_c23.xml,"{""input"": ""tests/xcsp3/cop/UNKNOWN/KidneyExchange-4-041_c23.xml"", ""solver"": ""xcsp:ACE@2.4"", ""output_dir"": ""results_comparison"", ""global_time_limit"": 600, ""max_tries"": 50, ""tuning_file"": ""tests/psa/ace.tuning.json"", ""hpo_strategy"": ""hamming"", ""global_time_strategy"": ""PERCENT"", ""percent"": 0.2, ""round_time_strategy"": ""STATIC"", ""time_evolution"": ""STATIC"", ""stop_strategy"": ""TIMEOUT""}",18,"{""varh"": ""Wdeg"", ""valh"": ""First"", ""saf"": ""False"", ""pc1"": ""True"", ""bdc"": ""1"", ""toh"": ""False"", ""ng"": ""NO"", ""lc"": ""2"", ""negative"": ""STR2N"", ""generic2"": ""True"", ""sb"": ""NO""}",1.609690542012686,1.3859661250025965,1,ExitStatus.OPTIMAL,False,False,1.3859661250025965
2025-06-08T09:20:28.901170,KidneyExchange-4-041_c23.xml,"{""input"": ""tests/xcsp3/cop/UNKNOWN/KidneyExchange-4-041_c23.xml"", ""solver"": ""xcsp:ACE@2.4"", ""output_dir"": ""results_comparison"", ""global_time_limit"": 600, ""max_tries"": 50, ""tuning_file"": ""tests/psa/ace.tuning.json"", ""hpo_strategy"": ""hamming"", ""global_time_strategy"": ""PERCENT"", ""percent"": 0.2, ""round_time_strategy"": ""STATIC"", ""time_evolution"": ""STATIC"", ""stop_strategy"": ""TIMEOUT""}",19,"{""varh"": ""Wdeg"", ""valh"": ""First"", ""saf"": ""False"", ""pc1"": ""True"", ""bdc"": ""1"", ""toh"": ""False"", ""ng"": ""NO"", ""lc"": ""2"", ""negative"": ""STR0"", ""generic2"": ""True"", ""sb"": ""NO""}",1.609690542012686,1.3626457920181565,1,ExitStatus.OPTIMAL,False,False,1.3626457920181565
2025-06-08T09:20:30.419544,KidneyExchange-4-041_c23.xml,"{""input"": ""tests/xcsp3/cop/UNKNOWN/KidneyExchange-4-041_c23.xml"", ""solver"": ""xcsp:ACE@2.4"", ""output_dir"": ""results_comparison"", ""global_time_limit"": 600, ""max_tries"": 50, ""tuning_file"": ""tests/psa/ace.tuning.json"", ""hpo_strategy"": ""hamming"", ""global_time_strategy"": ""PERCENT"", ""percent"": 0.2, ""round_time_strategy"": ""STATIC"", ""time_evolution"": ""STATIC"", ""stop_strategy"": ""TIMEOUT""}",20,"{""varh"": ""Wdeg"", ""valh"": ""First"", ""saf"": ""False"", ""pc1"": ""True"", ""bdc"": ""1"", ""toh"": ""False"", ""ng"": ""NO"", ""lc"": ""2"", ""negative"": ""STR2"", ""generic2"": ""True"", ""sb"": ""NO""}",1.609690542012686,1.4025796659989282,1,ExitStatus.OPTIMAL,False,False,1.4025796659989282
2025-06-08T09:20:32.008870,KidneyExchange-4-041_c23.xml,"{""input"": ""tests/xcsp3/cop/UNKNOWN/KidneyExchange-4-041_c23.xml"", ""solver"": ""xcsp:ACE@2.4"", ""output_dir"": ""results_comparison"", ""global_time_limit"": 600, ""max_tries"": 50, ""tuning_file"": ""tests/psa/ace.tuning.json"", ""hpo_strategy"": ""hamming"", ""global_time_strategy"": ""PERCENT"", ""percent"": 0.2, ""round_time_strategy"": ""STATIC"", ""time_evolution"": ""STATIC"", ""stop_strategy"": ""TIMEOUT""}",21,"{""varh"": ""Wdeg"", ""valh"": ""FlrsE"", ""saf"": ""False"", ""pc1"": ""True"", ""bdc"": ""1"", ""toh"": ""False"", ""ng"": ""NO"", ""lc"": ""2"", ""negative"": ""V"", ""generic2"": ""True"", ""sb"": ""NO""}",1.609690542012686,1.4613366670091636,1,ExitStatus.OPTIMAL,False,False,1.4613366670091636
2025-06-08T09:20:33.710519,KidneyExchange-4-041_c23.xml,"{""input"": ""tests/xcsp3/cop/UNKNOWN/KidneyExchange-4-041_c23.xml"", ""solver"": ""xcsp:ACE@2.4"", ""output_dir"": ""results_comparison"", ""global_time_limit"": 600, ""max_tries"": 50, ""tuning_file"": ""tests/psa/ace.tuning.json"", ""hpo_strategy"": ""hamming"", ""global_time_strategy"": ""PERCENT"", ""percent"": 0.2, ""round_time_strategy"": ""STATIC"", ""time_evolution"": ""STATIC"", ""stop_strategy"": ""TIMEOUT""}",22,"{""varh"": ""Lexico"", ""valh"": ""First"", ""saf"": ""False"", ""pc1"": ""True"", ""bdc"": ""1"", ""toh"": ""False"", ""ng"": ""NO"", ""lc"": ""2"", ""negative"": ""V"", ""generic2"": ""True"", ""sb"": ""NO""}",1.609690542012686,1.5645302500051912,-27,ExitStatus.FEASIBLE,False,False,1.5645302500051912
2025-06-08T09:20:35.254957,KidneyExchange-4-041_c23.xml,"{""input"": ""tests/xcsp3/cop/UNKNOWN/KidneyExchange-4-041_c23.xml"", ""solver"": ""xcsp:ACE@2.4"", ""output_dir"": ""results_comparison"", ""global_time_limit"": 600, ""max_tries"": 50, ""tuning_file"": ""tests/psa/ace.tuning.json"", ""hpo_strategy"": ""hamming"", ""global_time_strategy"": ""PERCENT"", ""percent"": 0.2, ""round_time_strategy"": ""STATIC"", ""time_evolution"": ""STATIC"", ""stop_strategy"": ""TIMEOUT""}",23,"{""varh"": ""WdegOnDom"", ""valh"": ""First"", ""saf"": ""False"", ""pc1"": ""True"", ""bdc"": ""1"", ""toh"": ""False"", ""ng"": ""NO"", ""lc"": ""2"", ""negative"": ""V"", ""generic2"": ""True"", ""sb"": ""NO""}",1.609690542012686,1.4114331669989042,1,ExitStatus.OPTIMAL,False,False,1.4114331669989042
2025-06-08T09:20:36.759185,KidneyExchange-4-041_c23.xml,"{""input"": ""tests/xcsp3/cop/UNKNOWN/KidneyExchange-4-041_c23.xml"", ""solver"": ""xcsp:ACE@2.4"", ""output_dir"": ""results_comparison"", ""global_time_limit"": 600, ""max_tries"": 50, ""tuning_file"": ""tests/psa/ace.tuning.json"", ""hpo_strategy"": ""hamming"", ""global_time_strategy"": ""PERCENT"", ""percent"": 0.2, ""round_time_strategy"": ""STATIC"", ""time_evolution"": ""STATIC"", ""stop_strategy"": ""TIMEOUT""}",24,"{""varh"": ""Wdeg"", ""valh"": ""First"", ""saf"": ""False"", ""pc1"": ""True"", ""bdc"": ""1"", ""toh"": ""False"", ""ng"": ""NO"", ""lc"": ""1"", ""negative"": ""V"", ""generic2"": ""True"", ""sb"": ""NO""}",1.609690542012686,1.3798882080009207,1,ExitStatus.OPTIMAL,False,False,1.3798882080009207
2025-06-08T09:20:38.325855,KidneyExchange-4-041_c23.xml,"{""input"": ""tests/xcsp3/cop/UNKNOWN/KidneyExchange-4-041_c23.xml"", ""solver"": ""xcsp:ACE@2.4"", ""output_dir"": ""results_comparison"", ""global_time_limit"": 600, ""max_tries"": 50, ""tuning_file"": ""tests/psa/ace.tuning.json"", ""hpo_strategy"": ""hamming"", ""global_time_strategy"": ""PERCENT"", ""percent"": 0.2, ""round_time_strategy"": ""STATIC"", ""time_evolution"": ""STATIC"", ""stop_strategy"": ""TIMEOUT""}",25,"{""varh"": ""Wdeg"", ""valh"": ""RunRobin"", ""saf"": ""False"", ""pc1"": ""True"", ""bdc"": ""1"", ""toh"": ""False"", ""ng"": ""NO"", ""lc"": ""2"", ""negative"": ""V"", ""generic2"": ""True"", ""sb"": ""NO""}",1.609690542012686,1.435806458001025,1,ExitStatus.OPTIMAL,False,False,1.435806458001025
2025-06-08T09:20:39.755453,KidneyExchange-4-041_c23.xml,"{""input"": ""tests/xcsp3/cop/UNKNOWN/KidneyExchange-4-041_c23.xml"", ""solver"": ""xcsp:ACE@2.4"", ""output_dir"": ""results_comparison"", ""global_time_limit"": 600, ""max_tries"": 50, ""tuning_file"": ""tests/psa/ace.tuning.json"", ""hpo_strategy"": ""hamming"", ""global_time_strategy"": ""PERCENT"", ""percent"": 0.2, ""round_time_strategy"": ""STATIC"", ""time_evolution"": ""STATIC"", ""stop_strategy"": ""TIMEOUT""}",26,"{""varh"": ""Wdeg"", ""valh"": ""First"", ""saf"": ""False"", ""pc1"": ""True"", ""bdc"": ""10"", ""toh"": ""False"", ""ng"": ""NO"", ""lc"": ""2"", ""negative"": ""V"", ""generic2"": ""True"", ""sb"": ""NO""}",1.609690542012686,1.2995594590029214,-3,ExitStatus.OPTIMAL,False,False,1.2995594590029214
2025-06-08T09:20:41.352217,KidneyExchange-4-041_c23.xml,"{""input"": ""tests/xcsp3/cop/UNKNOWN/KidneyExchange-4-041_c23.xml"", ""solver"": ""xcsp:ACE@2.4"", ""output_dir"": ""results_comparison"", ""global_time_limit"": 600, ""max_tries"": 50, ""tuning_file"": ""tests/psa/ace.tuning.json"", ""hpo_strategy"": ""hamming"", ""global_time_strategy"": ""PERCENT"", ""percent"": 0.2, ""round_time_strategy"": ""STATIC"", ""time_evolution"": ""STATIC"", ""stop_strategy"": ""TIMEOUT""}",27,"{""varh"": ""Wdeg"", ""valh"": ""First"", ""saf"": ""False"", ""pc1"": ""True"", ""bdc"": ""1"", ""toh"": ""False"", ""ng"": ""NO"", ""lc"": ""5"", ""negative"": ""V"", ""generic2"": ""True"", ""sb"": ""NO""}",1.609690542012686,1.4733563330082688,1,ExitStatus.OPTIMAL,False,False,1.4733563330082688
2025-06-08T09:20:43.044153,KidneyExchange-4-041_c23.xml,"{""input"": ""tests/xcsp3/cop/UNKNOWN/KidneyExchange-4-041_c23.xml"", ""solver"": ""xcsp:ACE@2.4"", ""output_dir"": ""results_comparison"", ""global_time_limit"": 600, ""max_tries"": 50, ""tuning_file"": ""tests/psa/ace.tuning.json"", ""hpo_strategy"": ""hamming"", ""global_time_strategy"": ""PERCENT"", ""percent"": 0.2, ""round_time_strategy"": ""STATIC"", ""time_evolution"": ""STATIC"", ""stop_strategy"": ""TIMEOUT""}",28,"{""varh"": ""Impact"", ""valh"": ""First"", ""saf"": ""False"", ""pc1"": ""True"", ""bdc"": ""1"", ""toh"": ""False"", ""ng"": ""NO"", ""lc"": ""2"", ""negative"": ""V"", ""generic2"": ""True"", ""sb"": ""NO""}",1.609690542012686,1.5635865419753827,-27,ExitStatus.FEASIBLE,False,False,1.5635865419753827
2025-06-08T09:20:44.725536,KidneyExchange-4-041_c23.xml,"{""input"": ""tests/xcsp3/cop/UNKNOWN/KidneyExchange-4-041_c23.xml"", ""solver"": ""xcsp:ACE@2.4"", ""output_dir"": ""results_comparison"", ""global_time_limit"": 600, ""max_tries"": 50, ""tuning_file"": ""tests/psa/ace.tuning.json"", ""hpo_strategy"": ""hamming"", ""global_time_strategy"": ""PERCENT"", ""percent"": 0.2, ""round_time_strategy"": ""STATIC"", ""time_evolution"": ""STATIC"", ""stop_strategy"": ""TIMEOUT""}",29,"{""varh"": ""PickOnDom"", ""valh"": ""First"", ""saf"": ""False"", ""pc1"": ""True"", ""bdc"": ""1"", ""toh"": ""False"", ""ng"": ""NO"", ""lc"": ""2"", ""negative"": ""V"", ""generic2"": ""True"", ""sb"": ""NO""}",1.609690542012686,1.5495070000179112,1,ExitStatus.FEASIBLE,False,False,1.5495070000179112
2025-06-08T09:20:45.813597,KidneyExchange-4-041_c23.xml,"{""input"": ""tests/xcsp3/cop/UNKNOWN/KidneyExchange-4-041_c23.xml"", ""solver"": ""xcsp:ACE@2.4"", ""output_dir"": ""results_comparison"", ""global_time_limit"": 600, ""max_tries"": 50, ""tuning_file"": ""tests/psa/ace.tuning.json"", ""hpo_strategy"": ""hamming"", ""global_time_strategy"": ""PERCENT"", ""percent"": 0.2, ""round_time_strategy"": ""STATIC"", ""time_evolution"": ""STATIC"", ""stop_strategy"": ""TIMEOUT""}",30,"{""varh"": ""Wdeg"", ""valh"": ""First"", ""saf"": ""False"", ""pc1"": ""True"", ""bdc"": ""1000"", ""toh"": ""False"", ""ng"": ""NO"", ""lc"": ""2"", ""negative"": ""V"", ""generic2"": ""True"", ""sb"": ""NO""}",1.609690542012686,0.9633797080023214,,ExitStatus.UNKNOWN,False,False,0.9633797080023214
2025-06-08T09:20:47.285072,KidneyExchange-4-041_c23.xml,"{""input"": ""tests/xcsp3/cop/UNKNOWN/KidneyExchange-4-041_c23.xml"", ""solver"": ""xcsp:ACE@2.4"", ""output_dir"": ""results_comparison"", ""global_time_limit"": 600, ""max_tries"": 50, ""tuning_file"": ""tests/psa/ace.tuning.json"", ""hpo_strategy"": ""hamming"", ""global_time_strategy"": ""PERCENT"", ""percent"": 0.2, ""round_time_strategy"": ""STATIC"", ""time_evolution"": ""STATIC"", ""stop_strategy"": ""TIMEOUT""}",31,"{""varh"": ""Wdeg"", ""valh"": ""First"", ""saf"": ""False"", ""pc1"": ""True"", ""bdc"": ""1"", ""toh"": ""False"", ""ng"": ""NO"", ""lc"": ""2"", ""negative"": ""STR3"", ""generic2"": ""True"", ""sb"": ""NO""}",1.609690542012686,1.3599651670083404,1,ExitStatus.OPTIMAL,False,False,1.3599651670083404
2025-06-08T09:20:48.713096,KidneyExchange-4-041_c23.xml,"{""input"": ""tests/xcsp3/cop/UNKNOWN/KidneyExchange-4-041_c23.xml"", ""solver"": ""xcsp:ACE@2.4"", ""output_dir"": ""results_comparison"", ""global_time_limit"": 600, ""max_tries"": 50, ""tuning_file"": ""tests/psa/ace.tuning.json"", ""hpo_strategy"": ""hamming"", ""global_time_strategy"": ""PERCENT"", ""percent"": 0.2, ""round_time_strategy"": ""STATIC"", ""time_evolution"": ""STATIC"", ""stop_strategy"": ""TIMEOUT""}",32,"{""varh"": ""Wdeg"", ""valh"": ""First"", ""saf"": ""False"", ""pc1"": ""True"", ""bdc"": ""1"", ""toh"": ""False"", ""ng"": ""NO"", ""lc"": ""2"", ""negative"": ""CT"", ""generic2"": ""True"", ""sb"": ""NO""}",1.609690542012686,1.3153812079981435,1,ExitStatus.OPTIMAL,False,False,1.3153812079981435
2025-06-08T09:20:50.143609,KidneyExchange-4-041_c23.xml,"{""input"": ""tests/xcsp3/cop/UNKNOWN/KidneyExchange-4-041_c23.xml"", ""solver"": ""xcsp:ACE@2.4"", ""output_dir"": ""results_comparison"", ""global_time_limit"": 600, ""max_tries"": 50, ""tuning_file"": ""tests/psa/ace.tuning.json"", ""hpo_strategy"": ""hamming"", ""global_time_strategy"": ""PERCENT"", ""percent"": 0.2, ""round_time_strategy"": ""STATIC"", ""time_evolution"": ""STATIC"", ""stop_strategy"": ""TIMEOUT""}",33,"{""varh"": ""Wdeg"", ""valh"": ""First"", ""saf"": ""False"", ""pc1"": ""True"", ""bdc"": ""1"", ""toh"": ""False"", ""ng"": ""NO"", ""lc"": ""2"", ""negative"": ""STR1N"", ""generic2"": ""True"", ""sb"": ""NO""}",1.609690542012686,1.3182209170190617,1,ExitStatus.OPTIMAL,False,False,1.3182209170190617
2025-06-08T09:20:56.263555,KidneyExchange-4-041_c23.xml,"{""input"": ""tests/xcsp3/cop/UNKNOWN/KidneyExchange-4-041_c23.xml"", ""solver"": ""xcsp:ACE@2.4"", ""output_dir"": ""results_comparison"", ""global_time_limit"": 600, ""max_tries"": 50, ""tuning_file"": ""tests/psa/ace.tuning.json"", ""hpo_strategy"": ""hamming"", ""global_time_strategy"": ""PERCENT"", ""percent"": 0.2, ""round_time_strategy"": ""STATIC"", ""time_evolution"": ""STATIC"", ""stop_strategy"": ""TIMEOUT""}",34,"{""varh"": ""Wdeg"", ""valh"": ""Conflicts"", ""saf"": ""False"", ""pc1"": ""True"", ""bdc"": ""1"", ""toh"": ""False"", ""ng"": ""NO"", ""lc"": ""2"", ""negative"": ""V"", ""generic2"": ""True"", ""sb"": ""NO""}",1.609690542012686,1,,ExitStatus.UNKNOWN,False,False,1
2025-06-08T09:20:57.961854,KidneyExchange-4-041_c23.xml,"{""input"": ""tests/xcsp3/cop/UNKNOWN/KidneyExchange-4-041_c23.xml"", ""solver"": ""xcsp:ACE@2.4"", ""output_dir"": ""results_comparison"", ""global_time_limit"": 600, ""max_tries"": 50, ""tuning_file"": ""tests/psa/ace.tuning.json"", ""hpo_strategy"": ""hamming"", ""global_time_strategy"": ""PERCENT"", ""percent"": 0.2, ""round_time_strategy"": ""STATIC"", ""time_evolution"": ""STATIC"", ""stop_strategy"": ""TIMEOUT""}",35,"{""varh"": ""Wdeg"", ""valh"": ""First"", ""saf"": ""False"", ""pc1"": ""True"", ""bdc"": ""1"", ""toh"": ""False"", ""ng"": ""NO"", ""lc"": ""0"", ""negative"": ""V"", ""generic2"": ""True"", ""sb"": ""NO""}",1.609690542012686,1.5906382499961182,-1,ExitStatus.FEASIBLE,False,False,1.5906382499961182
2025-06-08T09:20:59.697759,KidneyExchange-4-041_c23.xml,"{""input"": ""tests/xcsp3/cop/UNKNOWN/KidneyExchange-4-041_c23.xml"", ""solver"": ""xcsp:ACE@2.4"", ""output_dir"": ""results_comparison"", ""global_time_limit"": 600, ""max_tries"": 50, ""tuning_file"": ""tests/psa/ace.tuning.json"", ""hpo_strategy"": ""hamming"", ""global_time_strategy"": ""PERCENT"", ""percent"": 0.2, ""round_time_strategy"": ""STATIC"", ""time_evolution"": ""STATIC"", ""stop_strategy"": ""TIMEOUT""}",36,"{""varh"": ""Rand"", ""valh"": ""First"", ""saf"": ""False"", ""pc1"": ""True"", ""bdc"": ""1"", ""toh"": ""False"", ""ng"": ""NO"", ""lc"": ""2"", ""negative"": ""V"", ""generic2"": ""True"", ""sb"": ""NO""}",1.609690542012686,1.6101101670064963,-1,ExitStatus.FEASIBLE,False,False,1.6101101670064963
2025-06-08T09:21:01.464400,KidneyExchange-4-041_c23.xml,"{""input"": ""tests/xcsp3/cop/UNKNOWN/KidneyExchange-4-041_c23.xml"", ""solver"": ""xcsp:ACE@2.4"", ""output_dir"": ""results_comparison"", ""global_time_limit"": 600, ""max_tries"": 50, ""tuning_file"": ""tests/psa/ace.tuning.json"", ""hpo_strategy"": ""hamming"", ""global_time_strategy"": ""PERCENT"", ""percent"": 0.2, ""round_time_strategy"": ""STATIC"", ""time_evolution"": ""STATIC"", ""stop_strategy"": ""TIMEOUT""}",37,"{""varh"": ""FrbaOnDom"", ""valh"": ""First"", ""saf"": ""False"", ""pc1"": ""True"", ""bdc"": ""1"", ""toh"": ""False"", ""ng"": ""NO"", ""lc"": ""2"", ""negative"": ""V"", ""generic2"": ""True"", ""sb"": ""NO""}",1.609690542012686,1.5983356249926146,-3,ExitStatus.FEASIBLE,False,False,1.5983356249926146
2025-06-08T09:21:02.739858,KidneyExchange-4-041_c23.xml,"{""input"": ""tests/xcsp3/cop/UNKNOWN/KidneyExchange-4-041_c23.xml"", ""solver"": ""xcsp:ACE@2.4"", ""output_dir"": ""results_comparison"", ""global_time_limit"": 600, ""max_tries"": 50, ""tuning_file"": ""tests/psa/ace.tuning.json"", ""hpo_strategy"": ""hamming"", ""global_time_strategy"": ""PERCENT"", ""percent"": 0.2, ""round_time_strategy"": ""STATIC"", ""time_evolution"": ""STATIC"", ""stop_strategy"": ""TIMEOUT""}",38,"{""varh"": ""Wdeg"", ""valh"": ""Vals"", ""saf"": ""False"", ""pc1"": ""True"", ""bdc"": ""100"", ""toh"": ""False"", ""ng"": ""NO"", ""lc"": ""2"", ""negative"": ""V"", ""generic2"": ""True"", ""sb"": ""NO""}",1.609690542012686,1.1441849999828264,,ExitStatus.UNKNOWN,False,False,1.1441849999828264
2025-06-08T09:21:04.459997,KidneyExchange-4-041_c23.xml,"{""input"": ""tests/xcsp3/cop/UNKNOWN/KidneyExchange-4-041_c23.xml"", ""solver"": ""xcsp:ACE@2.4"", ""output_dir"": ""results_comparison"", ""global_time_limit"": 600, ""max_tries"": 50, ""tuning_file"": ""tests/psa/ace.tuning.json"", ""hpo_strategy"": ""hamming"", ""global_time_strategy"": ""PERCENT"", ""percent"": 0.2, ""round_time_strategy"": ""STATIC"", ""time_evolution"": ""STATIC"", ""stop_strategy"": ""TIMEOUT""}",39,"{""varh"": ""Wdeg"", ""valh"": ""First"", ""saf"": ""False"", ""pc1"": ""False"", ""bdc"": ""10"", ""toh"": ""False"", ""ng"": ""NO"", ""lc"": ""2"", ""negative"": ""V"", ""generic2"": ""True"", ""sb"": ""NO""}",1.609690542012686,1.5930628330097534,-3,ExitStatus.FEASIBLE,False,False,1.5930628330097534
2025-06-08T09:21:06.182042,KidneyExchange-4-041_c23.xml,"{""input"": ""tests/xcsp3/cop/UNKNOWN/KidneyExchange-4-041_c23.xml"", ""solver"": ""xcsp:ACE@2.4"", ""output_dir"": ""results_comparison"", ""global_time_limit"": 600, ""max_tries"": 50, ""tuning_file"": ""tests/psa/ace.tuning.json"", ""hpo_strategy"": ""hamming"", ""global_time_strategy"": ""PERCENT"", ""percent"": 0.2, ""round_time_strategy"": ""STATIC"", ""time_evolution"": ""STATIC"", ""stop_strategy"": ""TIMEOUT""}",40,"{""varh"": ""WdegOnDom"", ""valh"": ""OccsR"", ""saf"": ""False"", ""pc1"": ""True"", ""bdc"": ""1"", ""toh"": ""False"", ""ng"": ""NO"", ""lc"": ""2"", ""negative"": ""V"", ""generic2"": ""True"", ""sb"": ""NO""}",1.609690542012686,1.5941798329877201,1,ExitStatus.FEASIBLE,False,False,1.5941798329877201
2025-06-08T09:21:07.906723,KidneyExchange-4-041_c23.xml,"{""input"": ""tests/xcsp3/cop/UNKNOWN/KidneyExchange-4-041_c23.xml"", ""solver"": ""xcsp:ACE@2.4"", ""output_dir"": ""results_comparison"", ""global_time_limit"": 600, ""max_tries"": 50, ""tuning_file"": ""tests/psa/ace.tuning.json"", ""hpo_strategy"": ""hamming"", ""global_time_strategy"": ""PERCENT"", ""percent"": 0.2, ""round_time_strategy"": ""STATIC"", ""time_evolution"": ""STATIC"", ""stop_strategy"": ""TIMEOUT""}",41,"{""varh"": ""Wdeg"", ""valh"": ""First"", ""saf"": ""True"", ""pc1"": ""True"", ""bdc"": ""1"", ""toh"": ""False"", ""ng"": ""NO"", ""lc"": ""2"", ""negative"": ""STR3"", ""generic2"": ""True"", ""sb"": ""NO""}",1.609690542012686,1.59902662501554,1,ExitStatus.FEASIBLE,False,False,1.59902662501554
2025-06-08T09:21:09.628949,KidneyExchange-4-041_c23.xml,"{""input"": ""tests/xcsp3/cop/UNKNOWN/KidneyExchange-4-041_c23.xml"", ""solver"": ""xcsp:ACE@2.4"", ""output_dir"": ""results_comparison"", ""global_time_limit"": 600, ""max_tries"": 50, ""tuning_file"": ""tests/psa/ace.tuning.json"", ""hpo_strategy"": ""hamming"", ""global_time_strategy"": ""PERCENT"", ""percent"": 0.2, ""round_time_strategy"": ""STATIC"", ""time_evolution"": ""STATIC"", ""stop_strategy"": ""TIMEOUT""}",42,"{""varh"": ""Wdeg"", ""valh"": ""Last"", ""saf"": ""False"", ""pc1"": ""True"", ""bdc"": ""1"", ""toh"": ""False"", ""ng"": ""NO"", ""lc"": ""2"", ""negative"": ""STR3"", ""generic2"": ""True"", ""sb"": ""NO""}",1.609690542012686,1.5957876669999678,1,ExitStatus.FEASIBLE,False,False,1.5957876669999678
2025-06-08T09:21:11.343034,KidneyExchange-4-041_c23.xml,"{""input"": ""tests/xcsp3/cop/UNKNOWN/KidneyExchange-4-041_c23.xml"", ""solver"": ""xcsp:ACE@2.4"", ""output_dir"": ""results_comparison"", ""global_time_limit"": 600, ""max_tries"": 50, ""tuning_file"": ""tests/psa/ace.tuning.json"", ""hpo_strategy"": ""hamming"", ""global_time_strategy"": ""PERCENT"", ""percent"": 0.2, ""round_time_strategy"": ""STATIC"", ""time_evolution"": ""STATIC"", ""stop_strategy"": ""TIMEOUT""}",43,"{""varh"": ""WdegOnDom"", ""valh"": ""First"", ""saf"": ""False"", ""pc1"": ""True"", ""bdc"": ""1"", ""toh"": ""False"", ""ng"": ""NO"", ""lc"": ""1"", ""negative"": ""V"", ""generic2"": ""True"", ""sb"": ""NO""}",1.609690542012686,1.5872614170075394,1,ExitStatus.FEASIBLE,False,False,1.5872614170075394
2025-06-08T09:21:17.477861,KidneyExchange-4-041_c23.xml,"{""input"": ""tests/xcsp3/cop/UNKNOWN/KidneyExchange-4-041_c23.xml"", ""solver"": ""xcsp:ACE@2.4"", ""output_dir"": ""results_comparison"", ""global_time_limit"": 600, ""max_tries"": 50, ""tuning_file"": ""tests/psa/ace.tuning.json"", ""hpo_strategy"": ""hamming"", ""global_time_strategy"": ""PERCENT"", ""percent"": 0.2, ""round_time_strategy"": ""STATIC"", ""time_evolution"": ""STATIC"", ""stop_strategy"": ""TIMEOUT""}",44,"{""varh"": ""Wdeg"", ""valh"": ""Conflicts"", ""saf"": ""False"", ""pc1"": ""False"", ""bdc"": ""1"", ""toh"": ""False"", ""ng"": ""NO"", ""lc"": ""2"", ""negative"": ""V"", ""generic2"": ""True"", ""sb"": ""NO""}",1.609690542012686,1,,ExitStatus.UNKNOWN,False,False,1
2025-06-08T09:21:19.308760,KidneyExchange-4-041_c23.xml,"{""input"": ""tests/xcsp3/cop/UNKNOWN/KidneyExchange-4-041_c23.xml"", ""solver"": ""xcsp:ACE@2.4"", ""output_dir"": ""results_comparison"", ""global_time_limit"": 600, ""max_tries"": 50, ""tuning_file"": ""tests/psa/ace.tuning.json"", ""hpo_strategy"": ""hamming"", ""global_time_strategy"": ""PERCENT"", ""percent"": 0.2, ""round_time_strategy"": ""STATIC"", ""time_evolution"": ""STATIC"", ""stop_strategy"": ""TIMEOUT""}",45,"{""varh"": ""Lexico"", ""valh"": ""RunRobin"", ""saf"": ""False"", ""pc1"": ""True"", ""bdc"": ""1"", ""toh"": ""False"", ""ng"": ""NO"", ""lc"": ""2"", ""negative"": ""V"", ""generic2"": ""True"", ""sb"": ""NO""}",1.609690542012686,1.7243061669869348,-23,ExitStatus.FEASIBLE,False,False,1.7243061669869348
2025-06-08T09:21:21.212423,KidneyExchange-4-041_c23.xml,"{""input"": ""tests/xcsp3/cop/UNKNOWN/KidneyExchange-4-041_c23.xml"", ""solver"": ""xcsp:ACE@2.4"", ""output_dir"": ""results_comparison"", ""global_time_limit"": 600, ""max_tries"": 50, ""tuning_file"": ""tests/psa/ace.tuning.json"", ""hpo_strategy"": ""hamming"", ""global_time_strategy"": ""PERCENT"", ""percent"": 0.2, ""round_time_strategy"": ""STATIC"", ""time_evolution"": ""STATIC"", ""stop_strategy"": ""TIMEOUT""}",46,"{""varh"": ""Wdeg"", ""valh"": ""First"", ""saf"": ""False"", ""pc1"": ""True"", ""bdc"": ""1"", ""toh"": ""False"", ""ng"": ""NO"", ""lc"": ""0"", ""negative"": ""STR3"", ""generic2"": ""True"", ""sb"": ""NO""}",1.609690542012686,1.751935082982527,-3,ExitStatus.FEASIBLE,False,False,1.751935082982527
2025-06-08T09:21:22.752354,KidneyExchange-4-041_c23.xml,"{""input"": ""tests/xcsp3/cop/UNKNOWN/KidneyExchange-4-041_c23.xml"", ""solver"": ""xcsp:ACE@2.4"", ""output_dir"": ""results_comparison"", ""global_time_limit"": 600, ""max_tries"": 50, ""tuning_file"": ""tests/psa/ace.tuning.json"", ""hpo_strategy"": ""hamming"", ""global_time_strategy"": ""PERCENT"", ""percent"": 0.2, ""round_time_strategy"": ""STATIC"", ""time_evolution"": ""STATIC"", ""stop_strategy"": ""TIMEOUT""}",47,"{""varh"": ""Wdeg"", ""valh"": ""First"", ""saf"": ""False"", ""pc1"": ""True"", ""bdc"": ""1000"", ""toh"": ""False"", ""ng"": ""NO"", ""lc"": ""2"", ""negative"": ""STR0"", ""generic2"": ""True"", ""sb"": ""NO""}",1.609690542012686,1.3828442079829983,,ExitStatus.UNKNOWN,False,False,1.3828442079829983
2025-06-08T09:21:24.644481,KidneyExchange-4-041_c23.xml,"{""input"": ""tests/xcsp3/cop/UNKNOWN/KidneyExchange-4-041_c23.xml"", ""solver"": ""xcsp:ACE@2.4"", ""output_dir"": ""results_comparison"", ""global_time_limit"": 600, ""max_tries"": 50, ""tuning_file"": ""tests/psa/ace.tuning.json"", ""hpo_strategy"": ""hamming"", ""global_time_strategy"": ""PERCENT"", ""percent"": 0.2, ""round_time_strategy"": ""STATIC"", ""time_evolution"": ""STATIC"", ""stop_strategy"": ""TIMEOUT""}",48,"{""varh"": ""Wdeg"", ""valh"": ""First"", ""saf"": ""False"", ""pc1"": ""True"", ""bdc"": ""1"", ""toh"": ""True"", ""ng"": ""NO"", ""lc"": ""10"", ""negative"": ""V"", ""generic2"": ""True"", ""sb"": ""NO""}",1.609690542012686,1.7547341249883175,-1,ExitStatus.FEASIBLE,False,False,1.7547341249883175
2025-06-08T09:21:26.137427,KidneyExchange-4-041_c23.xml,"{""input"": ""tests/xcsp3/cop/UNKNOWN/KidneyExchange-4-041_c23.xml"", ""solver"": ""xcsp:ACE@2.4"", ""output_dir"": ""results_comparison"", ""global_time_limit"": 600, ""max_tries"": 50, ""tuning_file"": ""tests/psa/ace.tuning.json"", ""hpo_strategy"": ""hamming"", ""global_time_strategy"": ""PERCENT"", ""percent"": 0.2, ""round_time_strategy"": ""STATIC"", ""time_evolution"": ""STATIC"", ""stop_strategy"": ""TIMEOUT""}",49,"{""varh"": ""Wdeg"", ""valh"": ""First"", ""saf"": ""False"", ""pc1"": ""False"", ""bdc"": ""100"", ""toh"": ""False"", ""ng"": ""NO"", ""lc"": ""2"", ""negative"": ""V"", ""generic2"": ""True"", ""sb"": ""NO""}",1.609690542012686,1.353088291012682,,ExitStatus.UNKNOWN,False,False,1.353088291012682
2025-06-08T09:21:28.021514,KidneyExchange-4-041_c23.xml,"{""input"": ""tests/xcsp3/cop/UNKNOWN/KidneyExchange-4-041_c23.xml"", ""solver"": ""xcsp:ACE@2.4"", ""output_dir"": ""results_comparison"", ""global_time_limit"": 600, ""max_tries"": 50, ""tuning_file"": ""tests/psa/ace.tuning.json"", ""hpo_strategy"": ""hamming"", ""global_time_strategy"": ""PERCENT"", ""percent"": 0.2, ""round_time_strategy"": ""STATIC"", ""time_evolution"": ""STATIC"", ""stop_strategy"": ""TIMEOUT""}",50,"{""varh"": ""Impact"", ""valh"": ""Median"", ""saf"": ""False"", ""pc1"": ""True"", ""bdc"": ""1"", ""toh"": ""False"", ""ng"": ""NO"", ""lc"": ""2"", ""negative"": ""V"", ""generic2"": ""True"", ""sb"": ""NO""}",1.609690542012686,1.7488617089984473,-7,ExitStatus.FEASIBLE,False,False,1.7488617089984473
2025-06-08T09:21:29.546039,KidneyExchange-4-041_c23.xml,"{""input"": ""tests/xcsp3/cop/UNKNOWN/KidneyExchange-4-041_c23.xml"", ""solver"": ""xcsp:ACE@2.4"", ""output_dir"": ""results_comparison"", ""global_time_limit"": 600, ""max_tries"": 50, ""tuning_file"": ""tests/psa/ace.tuning.json"", ""hpo_strategy"": ""hamming"", ""global_time_strategy"": ""PERCENT"", ""percent"": 0.2, ""round_time_strategy"": ""STATIC"", ""time_evolution"": ""STATIC"", ""stop_strategy"": ""TIMEOUT""}",51,"{""varh"": ""PickOnDom"", ""valh"": ""First"", ""saf"": ""False"", ""pc1"": ""True"", ""bdc"": ""1000"", ""toh"": ""False"", ""ng"": ""NO"", ""lc"": ""2"", ""negative"": ""V"", ""generic2"": ""True"", ""sb"": ""NO""}",1.609690542012686,1.3811650419957004,,ExitStatus.UNKNOWN,False,False,1.3811650419957004
2025-06-08T09:21:31.437093,KidneyExchange-4-041_c23.xml,"{""input"": ""tests/xcsp3/cop/UNKNOWN/KidneyExchange-4-041_c23.xml"", ""solver"": ""xcsp:ACE@2.4"", ""output_dir"": ""results_comparison"", ""global_time_limit"": 600, ""max_tries"": 50, ""tuning_file"": ""tests/psa/ace.tuning.json"", ""hpo_strategy"": ""hamming"", ""global_time_strategy"": ""PERCENT"", ""percent"": 0.2, ""round_time_strategy"": ""STATIC"", ""time_evolution"": ""STATIC"", ""stop_strategy"": ""TIMEOUT""}",52,"{""varh"": ""Activity"", ""valh"": ""First"", ""saf"": ""False"", ""pc1"": ""True"", ""bdc"": ""1"", ""toh"": ""False"", ""ng"": ""NO"", ""lc"": ""2"", ""negative"": ""STR0"", ""generic2"": ""True"", ""sb"": ""NO""}",1.609690542012686,1.758314334001625,-23,ExitStatus.FEASIBLE,False,False,1.758314334001625
2025-06-08T09:21:33.337279,KidneyExchange-4-041_c23.xml,"{""input"": ""tests/xcsp3/cop/UNKNOWN/KidneyExchange-4-041_c23.xml"", ""solver"": ""xcsp:ACE@2.4"", ""output_dir"": ""results_comparison"", ""global_time_limit"": 600, ""max_tries"": 50, ""tuning_file"": ""tests/psa/ace.tuning.json"", ""hpo_strategy"": ""hamming"", ""global_time_strategy"": ""PERCENT"", ""percent"": 0.2, ""round_time_strategy"": ""STATIC"", ""time_evolution"": ""STATIC"", ""stop_strategy"": ""TIMEOUT""}",53,"{""varh"": ""Memory"", ""valh"": ""First"", ""saf"": ""False"", ""pc1"": ""True"", ""bdc"": ""1"", ""toh"": ""False"", ""ng"": ""NO"", ""lc"": ""2"", ""negative"": ""STR1N"", ""generic2"": ""True"", ""sb"": ""NO""}",1.609690542012686,1.7522867499792483,-3,ExitStatus.FEASIBLE,False,False,1.7522867499792483
2025-06-08T09:21:35.224744,KidneyExchange-4-041_c23.xml,"{""input"": ""tests/xcsp3/cop/UNKNOWN/KidneyExchange-4-041_c23.xml"", ""solver"": ""xcsp:ACE@2.4"", ""output_dir"": ""results_comparison"", ""global_time_limit"": 600, ""max_tries"": 50, ""tuning_file"": ""tests/psa/ace.tuning.json"", ""hpo_strategy"": ""hamming"", ""global_time_strategy"": ""PERCENT"", ""percent"": 0.2, ""round_time_strategy"": ""STATIC"", ""time_evolution"": ""STATIC"", ""stop_strategy"": ""TIMEOUT""}",54,"{""varh"": ""Memory"", ""valh"": ""First"", ""saf"": ""False"", ""pc1"": ""True"", ""bdc"": ""1"", ""toh"": ""False"", ""ng"": ""NO"", ""lc"": ""2"", ""negative"": ""STR2"", ""generic2"": ""True"", ""sb"": ""NO""}",1.609690542012686,1.7479074590082746,-3,ExitStatus.FEASIBLE,False,False,1.7479074590082746
2025-06-08T09:21:37.118902,KidneyExchange-4-041_c23.xml,"{""input"": ""tests/xcsp3/cop/UNKNOWN/KidneyExchange-4-041_c23.xml"", ""solver"": ""xcsp:ACE@2.4"", ""output_dir"": ""results_comparison"", ""global_time_limit"": 600, ""max_tries"": 50, ""tuning_file"": ""tests/psa/ace.tuning.json"", ""hpo_strategy"": ""hamming"", ""global_time_strategy"": ""PERCENT"", ""percent"": 0.2, ""round_time_strategy"": ""STATIC"", ""time_evolution"": ""STATIC"", ""stop_strategy"": ""TIMEOUT""}",55,"{""varh"": ""RunRobin"", ""valh"": ""First"", ""saf"": ""False"", ""pc1"": ""True"", ""bdc"": ""1"", ""toh"": ""False"", ""ng"": ""NO"", ""lc"": ""2"", ""negative"": ""V"", ""generic2"": ""False"", ""sb"": ""NO""}",1.609690542012686,1.7517753340071067,-7,ExitStatus.FEASIBLE,False,False,1.7517753340071067
2025-06-08T09:21:39.016293,KidneyExchange-4-041_c23.xml,"{""input"": ""tests/xcsp3/cop/UNKNOWN/KidneyExchange-4-041_c23.xml"", ""solver"": ""xcsp:ACE@2.4"", ""output_dir"": ""results_comparison"", ""global_time_limit"": 600, ""max_tries"": 50, ""tuning_file"": ""tests/psa/ace.tuning.json"", ""hpo_strategy"": ""hamming"", ""global_time_strategy"": ""PERCENT"", ""percent"": 0.2, ""round_time_strategy"": ""STATIC"", ""time_evolution"": ""STATIC"", ""stop_strategy"": ""TIMEOUT""}",56,"{""varh"": ""Wdeg"", ""valh"": ""Vals"", ""saf"": ""False"", ""pc1"": ""True"", ""bdc"": ""1"", ""toh"": ""True"", ""ng"": ""NO"", ""lc"": ""2"", ""negative"": ""V"", ""generic2"": ""True"", ""sb"": ""NO""}",1.609690542012686,1.75466904201312,-5,ExitStatus.FEASIBLE,False,False,1.75466904201312
2025-06-08T09:21:40.908840,KidneyExchange-4-041_c23.xml,"{""input"": ""tests/xcsp3/cop/UNKNOWN/KidneyExchange-4-041_c23.xml"", ""solver"": ""xcsp:ACE@2.4"", ""output_dir"": ""results_comparison"", ""global_time_limit"": 600, ""max_tries"": 50, ""tuning_file"": ""tests/psa/ace.tuning.json"", ""hpo_strategy"": ""hamming"", ""global_time_strategy"": ""PERCENT"", ""percent"": 0.2, ""round_time_strategy"": ""STATIC"", ""time_evolution"": ""STATIC"", ""stop_strategy"": ""TIMEOUT""}",57,"{""varh"": ""Wdeg"", ""valh"": ""First"", ""saf"": ""False"", ""pc1"": ""False"", ""bdc"": ""1"", ""toh"": ""False"", ""ng"": ""NO"", ""lc"": ""2"", ""negative"": ""STR2"", ""generic2"": ""True"", ""sb"": ""NO""}",1.609690542012686,1.7494041250029113,-3,ExitStatus.FEASIBLE,False,False,1.7494041250029113
2025-06-08T09:21:42.818774,KidneyExchange-4-041_c23.xml,"{""input"": ""tests/xcsp3/cop/UNKNOWN/KidneyExchange-4-041_c23.xml"", ""solver"": ""xcsp:ACE@2.4"", ""output_dir"": ""results_comparison"", ""global_time_limit"": 600, ""max_tries"": 50, ""tuning_file"": ""tests/psa/ace.tuning.json"", ""hpo_strategy"": ""hamming"", ""global_time_strategy"": ""PERCENT"", ""percent"": 0.2, ""round_time_strategy"": ""STATIC"", ""time_evolution"": ""STATIC"", ""stop_strategy"": ""TIMEOUT""}",58,"{""varh"": ""WdegOnDom"", ""valh"": ""Vals"", ""saf"": ""False"", ""pc1"": ""True"", ""bdc"": ""1"", ""toh"": ""False"", ""ng"": ""NO"", ""lc"": ""2"", ""negative"": ""V"", ""generic2"": ""True"", ""sb"": ""NO""}",1.609690542012686,1.7600216249993537,1,ExitStatus.FEASIBLE,False,False,1.7600216249993537
2025-06-08T09:21:44.706771,KidneyExchange-4-041_c23.xml,"{""input"": ""tests/xcsp3/cop/UNKNOWN/KidneyExchange-4-041_c23.xml"", ""solver"": ""xcsp:ACE@2.4"", ""output_dir"": ""results_comparison"", ""global_time_limit"": 600, ""max_tries"": 50, ""tuning_file"": ""tests/psa/ace.tuning.json"", ""hpo_strategy"": ""hamming"", ""global_time_strategy"": ""PERCENT"", ""percent"": 0.2, ""round_time_strategy"": ""STATIC"", ""time_evolution"": ""STATIC"", ""stop_strategy"": ""TIMEOUT""}",59,"{""varh"": ""Wdeg"", ""valh"": ""First"", ""saf"": ""False"", ""pc1"": ""True"", ""bdc"": ""1"", ""toh"": ""True"", ""ng"": ""NO"", ""lc"": ""2"", ""negative"": ""STR2N"", ""generic2"": ""True"", ""sb"": ""NO""}",1.609690542012686,1.7484964579925872,1,ExitStatus.FEASIBLE,False,False,1.7484964579925872
2025-06-08T09:21:46.253099,KidneyExchange-4-041_c23.xml,"{""input"": ""tests/xcsp3/cop/UNKNOWN/KidneyExchange-4-041_c23.xml"", ""solver"": ""xcsp:ACE@2.4"", ""output_dir"": ""results_comparison"", ""global_time_limit"": 600, ""max_tries"": 50, ""tuning_file"": ""tests/psa/ace.tuning.json"", ""hpo_strategy"": ""hamming"", ""global_time_strategy"": ""PERCENT"", ""percent"": 0.2, ""round_time_strategy"": ""STATIC"", ""time_evolution"": ""STATIC"", ""stop_strategy"": ""TIMEOUT""}",60,"{""varh"": ""Wdeg"", ""valh"": ""FlrsE"", ""saf"": ""False"", ""pc1"": ""True"", ""bdc"": ""1000"", ""toh"": ""False"", ""ng"": ""NO"", ""lc"": ""2"", ""negative"": ""V"", ""generic2"": ""True"", ""sb"": ""NO""}",1.609690542012686,1.4008443750208244,,ExitStatus.UNKNOWN,False,False,1.4008443750208244
2025-06-08T09:21:48.142277,KidneyExchange-4-041_c23.xml,"{""input"": ""tests/xcsp3/cop/UNKNOWN/KidneyExchange-4-041_c23.xml"", ""solver"": ""xcsp:ACE@2.4"", ""output_dir"": ""results_comparison"", ""global_time_limit"": 600, ""max_tries"": 50, ""tuning_file"": ""tests/psa/ace.tuning.json"", ""hpo_strategy"": ""hamming"", ""global_time_strategy"": ""PERCENT"", ""percent"": 0.2, ""round_time_strategy"": ""STATIC"", ""time_evolution"": ""STATIC"", ""stop_strategy"": ""TIMEOUT""}",61,"{""varh"": ""Wdeg"", ""valh"": ""First"", ""saf"": ""False"", ""pc1"": ""True"", ""bdc"": ""1"", ""toh"": ""False"", ""ng"": ""NO"", ""lc"": ""10"", ""negative"": ""STR2N"", ""generic2"": ""True"", ""sb"": ""NO""}",1.609690542012686,1.754259417008143,-1,ExitStatus.FEASIBLE,False,False,1.754259417008143
2025-06-08T09:21:50.022131,KidneyExchange-4-041_c23.xml,"{""input"": ""tests/xcsp3/cop/UNKNOWN/KidneyExchange-4-041_c23.xml"", ""solver"": ""xcsp:ACE@2.4"", ""output_dir"": ""results_comparison"", ""global_time_limit"": 600, ""max_tries"": 50, ""tuning_file"": ""tests/psa/ace.tuning.json"", ""hpo_strategy"": ""hamming"", ""global_time_strategy"": ""PERCENT"", ""percent"": 0.2, ""round_time_strategy"": ""STATIC"", ""time_evolution"": ""STATIC"", ""stop_strategy"": ""TIMEOUT""}",62,"{""varh"": ""Wdeg"", ""valh"": ""First"", ""saf"": ""False"", ""pc1"": ""True"", ""bdc"": ""1"", ""toh"": ""False"", ""ng"": ""NO"", ""lc"": ""2"", ""negative"": ""STR2"", ""generic2"": ""False"", ""sb"": ""NO""}",1.609690542012686,1.7352099590061698,-7,ExitStatus.FEASIBLE,False,False,1.7352099590061698
2025-06-08T09:21:51.925988,KidneyExchange-4-041_c23.xml,"{""input"": ""tests/xcsp3/cop/UNKNOWN/KidneyExchange-4-041_c23.xml"", ""solver"": ""xcsp:ACE@2.4"", ""output_dir"": ""results_comparison"", ""global_time_limit"": 600, ""max_tries"": 50, ""tuning_file"": ""tests/psa/ace.tuning.json"", ""hpo_strategy"": ""hamming"", ""global_time_strategy"": ""PERCENT"", ""percent"": 0.2, ""round_time_strategy"": ""STATIC"", ""time_evolution"": ""STATIC"", ""stop_strategy"": ""TIMEOUT""}",63,"{""varh"": ""Activity"", ""valh"": ""First"", ""saf"": ""False"", ""pc1"": ""True"", ""bdc"": ""1"", ""toh"": ""False"", ""ng"": ""NO"", ""lc"": ""2"", ""negative"": ""CT"", ""generic2"": ""True"", ""sb"": ""NO""}",1.609690542012686,1.756798415997764,-23,ExitStatus.FEASIBLE,False,False,1.756798415997764
2025-06-08T09:21:53.817482,KidneyExchange-4-041_c23.xml,"{""input"": ""tests/xcsp3/cop/UNKNOWN/KidneyExchange-4-041_c23.xml"", ""solver"": ""xcsp:ACE@2.4"", ""output_dir"": ""results_comparison"", ""global_time_limit"": 600, ""max_tries"": 50, ""tuning_file"": ""tests/psa/ace.tuning.json"", ""hpo_strategy"": ""hamming"", ""global_time_strategy"": ""PERCENT"", ""percent"": 0.2, ""round_time_strategy"": ""STATIC"", ""time_evolution"": ""STATIC"", ""stop_strategy"": ""TIMEOUT""}",64,"{""varh"": ""Wdeg"", ""valh"": ""Last"", ""saf"": ""True"", ""pc1"": ""True"", ""bdc"": ""1"", ""toh"": ""False"", ""ng"": ""NO"", ""lc"": ""2"", ""negative"": ""V"", ""generic2"": ""True"", ""sb"": ""NO""}",1.609690542012686,1.7469877499970607,1,ExitStatus.FEASIBLE,False,False,1.7469877499970607
2025-06-08T09:21:55.716489,KidneyExchange-4-041_c23.xml,"{""input"": ""tests/xcsp3/cop/UNKNOWN/KidneyExchange-4-041_c23.xml"", ""solver"": ""xcsp:ACE@2.4"", ""output_dir"": ""results_comparison"", ""global_time_limit"": 600, ""max_tries"": 50, ""tuning_file"": ""tests/psa/ace.tuning.json"", ""hpo_strategy"": ""hamming"", ""global_time_strategy"": ""PERCENT"", ""percent"": 0.2, ""round_time_strategy"": ""STATIC"", ""time_evolution"": ""STATIC"", ""stop_strategy"": ""TIMEOUT""}",65,"{""varh"": ""Wdeg"", ""valh"": ""Rand"", ""saf"": ""False"", ""pc1"": ""True"", ""bdc"": ""1"", ""toh"": ""False"", ""ng"": ""NO"", ""lc"": ""2"", ""negative"": ""V"", ""generic2"": ""False"", ""sb"": ""NO""}",1.609690542012686,1.7531829169893172,1,ExitStatus.FEASIBLE,False,False,1.7531829169893172
2025-06-08T09:21:57.614526,KidneyExchange-4-041_c23.xml,"{""input"": ""tests/xcsp3/cop/UNKNOWN/KidneyExchange-4-041_c23.xml"", ""solver"": ""xcsp:ACE@2.4"", ""output_dir"": ""results_comparison"", ""global_time_limit"": 600, ""max_tries"": 50, ""tuning_file"": ""tests/psa/ace.tuning.json"", ""hpo_strategy"": ""hamming"", ""global_time_strategy"": ""PERCENT"", ""percent"": 0.2, ""round_time_strategy"": ""STATIC"", ""time_evolution"": ""STATIC"", ""stop_strategy"": ""TIMEOUT""}",66,"{""varh"": ""Impact"", ""valh"": ""Vals"", ""saf"": ""False"", ""pc1"": ""True"", ""bdc"": ""1"", ""toh"": ""False"", ""ng"": ""NO"", ""lc"": ""2"", ""negative"": ""V"", ""generic2"": ""True"", ""sb"": ""NO""}",1.609690542012686,1.7540164579986595,-27,ExitStatus.FEASIBLE,False,False,1.7540164579986595
2025-06-08T09:21:59.179849,KidneyExchange-4-041_c23.xml,"{""input"": ""tests/xcsp3/cop/UNKNOWN/KidneyExchange-4-041_c23.xml"", ""solver"": ""xcsp:ACE@2.4"", ""output_dir"": ""results_comparison"", ""global_time_limit"": 600, ""max_tries"": 50, ""tuning_file"": ""tests/psa/ace.tuning.json"", ""hpo_strategy"": ""hamming"", ""global_time_strategy"": ""PERCENT"", ""percent"": 0.2, ""round_time_strategy"": ""STATIC"", ""time_evolution"": ""STATIC"", ""stop_strategy"": ""TIMEOUT""}",67,"{""varh"": ""Wdeg"", ""valh"": ""FlrsE"", ""saf"": ""False"", ""pc1"": ""True"", ""bdc"": ""100"", ""toh"": ""False"", ""ng"": ""NO"", ""lc"": ""2"", ""negative"": ""V"", ""generic2"": ""True"", ""sb"": ""NO""}",1.609690542012686,1.4197327079891693,,ExitStatus.UNKNOWN,False,False,1.4197327079891693
2025-06-08T09:22:01.082836,KidneyExchange-4-041_c23.xml,"{""input"": ""tests/xcsp3/cop/UNKNOWN/KidneyExchange-4-041_c23.xml"", ""solver"": ""xcsp:ACE@2.4"", ""output_dir"": ""results_comparison"", ""global_time_limit"": 600, ""max_tries"": 50, ""tuning_file"": ""tests/psa/ace.tuning.json"", ""hpo_strategy"": ""hamming"", ""global_time_strategy"": ""PERCENT"", ""percent"": 0.2, ""round_time_strategy"": ""STATIC"", ""time_evolution"": ""STATIC"", ""stop_strategy"": ""TIMEOUT""}",68,"{""varh"": ""Wdeg"", ""valh"": ""Rand"", ""saf"": ""False"", ""pc1"": ""True"", ""bdc"": ""1"", ""toh"": ""False"", ""ng"": ""NO"", ""lc"": ""2"", ""negative"": ""STR1N"", ""generic2"": ""True"", ""sb"": ""NO""}",1.609690542012686,1.7607101250032429,1,ExitStatus.FEASIBLE,False,False,1.7607101250032429
2025-06-08T09:22:02.998366,KidneyExchange-4-041_c23.xml,"{""input"": ""tests/xcsp3/cop/UNKNOWN/KidneyExchange-4-041_c23.xml"", ""solver"": ""xcsp:ACE@2.4"", ""output_dir"": ""results_comparison"", ""global_time_limit"": 600, ""max_tries"": 50, ""tuning_file"": ""tests/psa/ace.tuning.json"", ""hpo_strategy"": ""hamming"", ""global_time_strategy"": ""PERCENT"", ""percent"": 0.2, ""round_time_strategy"": ""STATIC"", ""time_evolution"": ""STATIC"", ""stop_strategy"": ""TIMEOUT""}",69,"{""varh"": ""Memory"", ""valh"": ""First"", ""saf"": ""False"", ""pc1"": ""True"", ""bdc"": ""1"", ""toh"": ""False"", ""ng"": ""NO"", ""lc"": ""2"", ""negative"": ""CT"", ""generic2"": ""True"", ""sb"": ""NO""}",1.609690542012686,1.7707341659988742,-3,ExitStatus.FEASIBLE,False,False,1.7707341659988742
2025-06-08T09:22:04.885853,KidneyExchange-4-041_c23.xml,"{""input"": ""tests/xcsp3/cop/UNKNOWN/KidneyExchange-4-041_c23.xml"", ""solver"": ""xcsp:ACE@2.4"", ""output_dir"": ""results_comparison"", ""global_time_limit"": 600, ""max_tries"": 50, ""tuning_file"": ""tests/psa/ace.tuning.json"", ""hpo_strategy"": ""hamming"", ""global_time_strategy"": ""PERCENT"", ""percent"": 0.2, ""round_time_strategy"": ""STATIC"", ""time_evolution"": ""STATIC"", ""stop_strategy"": ""TIMEOUT""}",70,"{""varh"": ""RunRobin"", ""valh"": ""Bivs3"", ""saf"": ""False"", ""pc1"": ""True"", ""bdc"": ""1"", ""toh"": ""False"", ""ng"": ""NO"", ""lc"": ""2"", ""negative"": ""V"", ""generic2"": ""True"", ""sb"": ""NO""}",1.609690542012686,1.740979124995647,-5,ExitStatus.FEASIBLE,False,False,1.740979124995647
2025-06-08T09:22:06.410499,KidneyExchange-4-041_c23.xml,"{""input"": ""tests/xcsp3/cop/UNKNOWN/KidneyExchange-4-041_c23.xml"", ""solver"": ""xcsp:ACE@2.4"", ""output_dir"": ""results_comparison"", ""global_time_limit"": 600, ""max_tries"": 50, ""tuning_file"": ""tests/psa/ace.tuning.json"", ""hpo_strategy"": ""hamming"", ""global_time_strategy"": ""PERCENT"", ""percent"": 0.2, ""round_time_strategy"": ""STATIC"", ""time_evolution"": ""STATIC"", ""stop_strategy"": ""TIMEOUT""}",71,"{""varh"": ""Wdeg"", ""valh"": ""Last"", ""saf"": ""False"", ""pc1"": ""True"", ""bdc"": ""1000"", ""toh"": ""False"", ""ng"": ""NO"", ""lc"": ""2"", ""negative"": ""V"", ""generic2"": ""True"", ""sb"": ""NO""}",1.609690542012686,1.378373792016646,,ExitStatus.UNKNOWN,False,False,1.378373792016646
2025-06-08T09:22:08.294315,KidneyExchange-4-041_c23.xml,"{""input"": ""tests/xcsp3/cop/UNKNOWN/KidneyExchange-4-041_c23.xml"", ""solver"": ""xcsp:ACE@2.4"", ""output_dir"": ""results_comparison"", ""global_time_limit"": 600, ""max_tries"": 50, ""tuning_file"": ""tests/psa/ace.tuning.json"", ""hpo_strategy"": ""hamming"", ""global_time_strategy"": ""PERCENT"", ""percent"": 0.2, ""round_time_strategy"": ""STATIC"", ""time_evolution"": ""STATIC"", ""stop_strategy"": ""TIMEOUT""}",72,"{""varh"": ""Wdeg"", ""valh"": ""Bivs3"", ""saf"": ""False"", ""pc1"": ""True"", ""bdc"": ""1"", ""toh"": ""False"", ""ng"": ""NO"", ""lc"": ""5"", ""negative"": ""V"", ""generic2"": ""True"", ""sb"": ""NO""}",1.609690542012686,1.743966082984116,-3,ExitStatus.FEASIBLE,False,False,1.743966082984116
2025-06-08T09:22:09.822267,KidneyExchange-4-041_c23.xml,"{""input"": ""tests/xcsp3/cop/UNKNOWN/KidneyExchange-4-041_c23.xml"", ""solver"": ""xcsp:ACE@2.4"", ""output_dir"": ""results_comparison"", ""global_time_limit"": 600, ""max_tries"": 50, ""tuning_file"": ""tests/psa/ace.tuning.json"", ""hpo_strategy"": ""hamming"", ""global_time_strategy"": ""PERCENT"", ""percent"": 0.2, ""round_time_strategy"": ""STATIC"", ""time_evolution"": ""STATIC"", ""stop_strategy"": ""TIMEOUT""}",73,"{""varh"": ""Wdeg"", ""valh"": ""First"", ""saf"": ""False"", ""pc1"": ""True"", ""bdc"": ""1000"", ""toh"": ""False"", ""ng"": ""NO"", ""lc"": ""10"", ""negative"": ""V"", ""generic2"": ""True"", ""sb"": ""NO""}",1.609690542012686,1.382856834010454,,ExitStatus.UNKNOWN,False,False,1.382856834010454
2025-06-08T09:22:11.717160,KidneyExchange-4-041_c23.xml,"{""input"": ""tests/xcsp3/cop/UNKNOWN/KidneyExchange-4-041_c23.xml"", ""solver"": ""xcsp:ACE@2.4"", ""output_dir"": ""results_comparison"", ""global_time_limit"": 600, ""max_tries"": 50, ""tuning_file"": ""tests/psa/ace.tuning.json"", ""hpo_strategy"": ""hamming"", ""global_time_strategy"": ""PERCENT"", ""percent"": 0.2, ""round_time_strategy"": ""STATIC"", ""time_evolution"": ""STATIC"", ""stop_strategy"": ""TIMEOUT""}",74,"{""varh"": ""Rand"", ""valh"": ""First"", ""saf"": ""False"", ""pc1"": ""True"", ""bdc"": ""1"", ""toh"": ""False"", ""ng"": ""NO"", ""lc"": ""10"", ""negative"": ""V"", ""generic2"": ""True"", ""sb"": ""NO""}",1.609690542012686,1.7582765409897547,-1,ExitStatus.FEASIBLE,False,False,1.7582765409897547
2025-06-08T09:22:13.609502,KidneyExchange-4-041_c23.xml,"{""input"": ""tests/xcsp3/cop/UNKNOWN/KidneyExchange-4-041_c23.xml"", ""solver"": ""xcsp:ACE@2.4"", ""output_dir"": ""results_comparison"", ""global_time_limit"": 600, ""max_tries"": 50, ""tuning_file"": ""tests/psa/ace.tuning.json"", ""hpo_strategy"": ""hamming"", ""global_time_strategy"": ""PERCENT"", ""percent"": 0.2, ""round_time_strategy"": ""STATIC"", ""time_evolution"": ""STATIC"", ""stop_strategy"": ""TIMEOUT""}",75,"{""varh"": ""Lexico"", ""valh"": ""First"", ""saf"": ""False"", ""pc1"": ""True"", ""bdc"": ""1"", ""toh"": ""False"", ""ng"": ""NO"", ""lc"": ""1"", ""negative"": ""V"", ""generic2"": ""True"", ""sb"": ""NO""}",1.609690542012686,1.74851266600308,-27,ExitStatus.FEASIBLE,False,False,1.74851266600308
2025-06-08T09:22:15.507063,KidneyExchange-4-041_c23.xml,"{""input"": ""tests/xcsp3/cop/UNKNOWN/KidneyExchange-4-041_c23.xml"", ""solver"": ""xcsp:ACE@2.4"", ""output_dir"": ""results_comparison"", ""global_time_limit"": 600, ""max_tries"": 50, ""tuning_file"": ""tests/psa/ace.tuning.json"", ""hpo_strategy"": ""hamming"", ""global_time_strategy"": ""PERCENT"", ""percent"": 0.2, ""round_time_strategy"": ""STATIC"", ""time_evolution"": ""STATIC"", ""stop_strategy"": ""TIMEOUT""}",76,"{""varh"": ""Lexico"", ""valh"": ""First"", ""saf"": ""False"", ""pc1"": ""True"", ""bdc"": ""1"", ""toh"": ""False"", ""ng"": ""NO"", ""lc"": ""2"", ""negative"": ""CT"", ""generic2"": ""True"", ""sb"": ""NO""}",1.609690542012686,1.7518054169777315,-27,ExitStatus.FEASIBLE,False,False,1.7518054169777315
2025-06-08T09:22:17.405102,KidneyExchange-4-041_c23.xml,"{""input"": ""tests/xcsp3/cop/UNKNOWN/KidneyExchange-4-041_c23.xml"", ""solver"": ""xcsp:ACE@2.4"", ""output_dir"": ""results_comparison"", ""global_time_limit"": 600, ""max_tries"": 50, ""tuning_file"": ""tests/psa/ace.tuning.json"", ""hpo_strategy"": ""hamming"", ""global_time_strategy"": ""PERCENT"", ""percent"": 0.2, ""round_time_strategy"": ""STATIC"", ""time_evolution"": ""STATIC"", ""stop_strategy"": ""TIMEOUT""}",77,"{""varh"": ""FrbaOnDom"", ""valh"": ""RunRobin"", ""saf"": ""False"", ""pc1"": ""True"", ""bdc"": ""1"", ""toh"": ""False"", ""ng"": ""NO"", ""lc"": ""2"", ""negative"": ""V"", ""generic2"": ""True"", ""sb"": ""NO""}",1.609690542012686,1.753379458998097,-3,ExitStatus.FEASIBLE,False,False,1.753379458998097
2025-06-08T09:22:19.325974,KidneyExchange-4-041_c23.xml,"{""input"": ""tests/xcsp3/cop/UNKNOWN/KidneyExchange-4-041_c23.xml"", ""solver"": ""xcsp:ACE@2.4"", ""output_dir"": ""results_comparison"", ""global_time_limit"": 600, ""max_tries"": 50, ""tuning_file"": ""tests/psa/ace.tuning.json"", ""hpo_strategy"": ""hamming"", ""global_time_strategy"": ""PERCENT"", ""percent"": 0.2, ""round_time_strategy"": ""STATIC"", ""time_evolution"": ""STATIC"", ""stop_strategy"": ""TIMEOUT""}",78,"{""varh"": ""Wdeg"", ""valh"": ""FlrsE"", ""saf"": ""False"", ""pc1"": ""True"", ""bdc"": ""1"", ""toh"": ""False"", ""ng"": ""NO"", ""lc"": ""10"", ""negative"": ""V"", ""generic2"": ""True"", ""sb"": ""NO""}",1.609690542012686,1.775789834005991,1,ExitStatus.FEASIBLE,False,False,1.775789834005991
2025-06-08T09:22:21.241653,KidneyExchange-4-041_c23.xml,"{""input"": ""tests/xcsp3/cop/UNKNOWN/KidneyExchange-4-041_c23.xml"", ""solver"": ""xcsp:ACE@2.4"", ""output_dir"": ""results_comparison"", ""global_time_limit"": 600, ""max_tries"": 50, ""tuning_file"": ""tests/psa/ace.tuning.json"", ""hpo_strategy"": ""hamming"", ""global_time_strategy"": ""PERCENT"", ""percent"": 0.2, ""round_time_strategy"": ""STATIC"", ""time_evolution"": ""STATIC"", ""stop_strategy"": ""TIMEOUT""}",79,"{""varh"": ""Wdeg"", ""valh"": ""RunRobin"", ""saf"": ""False"", ""pc1"": ""True"", ""bdc"": ""1"", ""toh"": ""False"", ""ng"": ""NO"", ""lc"": ""2"", ""negative"": ""STR1"", ""generic2"": ""True"", ""sb"": ""NO""}",1.609690542012686,1.7695524579903577,1,ExitStatus.FEASIBLE,False,False,1.7695524579903577
2025-06-08T09:22:23.148435,KidneyExchange-4-041_c23.xml,"{""input"": ""tests/xcsp3/cop/UNKNOWN/KidneyExchange-4-041_c23.xml"", ""solver"": ""xcsp:ACE@2.4"", ""output_dir"": ""results_comparison"", ""global_time_limit"": 600, ""max_tries"": 50, ""tuning_file"": ""tests/psa/ace.tuning.json"", ""hpo_strategy"": ""hamming"", ""global_time_strategy"": ""PERCENT"", ""percent"": 0.2, ""round_time_strategy"": ""STATIC"", ""time_evolution"": ""STATIC"", ""stop_strategy"": ""TIMEOUT""}",80,"{""varh"": ""Memory"", ""valh"": ""RunRobin"", ""saf"": ""False"", ""pc1"": ""True"", ""bdc"": ""1"", ""toh"": ""False"", ""ng"": ""NO"", ""lc"": ""2"", ""negative"": ""V"", ""generic2"": ""True"", ""sb"": ""NO""}",1.609690542012686,1.7629130829882342,-5,ExitStatus.FEASIBLE,False,False,1.7629130829882342
2025-06-08T09:22:24.724670,KidneyExchange-4-041_c23.xml,"{""input"": ""tests/xcsp3/cop/UNKNOWN/KidneyExchange-4-041_c23.xml"", ""solver"": ""xcsp:ACE@2.4"", ""output_dir"": ""results_comparison"", ""global_time_limit"": 600, ""max_tries"": 50, ""tuning_file"": ""tests/psa/ace.tuning.json"", ""hpo_strategy"": ""hamming"", ""global_time_strategy"": ""PERCENT"", ""percent"": 0.2, ""round_time_strategy"": ""STATIC"", ""time_evolution"": ""STATIC"", ""stop_strategy"": ""TIMEOUT""}",81,"{""varh"": ""Wdeg"", ""valh"": ""First"", ""saf"": ""False"", ""pc1"": ""True"", ""bdc"": ""1000"", ""toh"": ""False"", ""ng"": ""NO"", ""lc"": ""2"", ""negative"": ""V"", ""generic2"": ""False"", ""sb"": ""NO""}",1.609690542012686,1.4313222089840565,,ExitStatus.UNKNOWN,False,False,1.4313222089840565
2025-06-08T09:22:26.261261,KidneyExchange-4-041_c23.xml,"{""input"": ""tests/xcsp3/cop/UNKNOWN/KidneyExchange-4-041_c23.xml"", ""solver"": ""xcsp:ACE@2.4"", ""output_dir"": ""results_comparison"", ""global_time_limit"": 600, ""max_tries"": 50, ""tuning_file"": ""tests/psa/ace.tuning.json"", ""hpo_strategy"": ""hamming"", ""global_time_strategy"": ""PERCENT"", ""percent"": 0.2, ""round_time_strategy"": ""STATIC"", ""time_evolution"": ""STATIC"", ""stop_strategy"": ""TIMEOUT""}",82,"{""varh"": ""Wdeg"", ""valh"": ""First"", ""saf"": ""False"", ""pc1"": ""True"", ""bdc"": ""100"", ""toh"": ""False"", ""ng"": ""NO"", ""lc"": ""2"", ""negative"": ""STR0"", ""generic2"": ""True"", ""sb"": ""NO""}",1.609690542012686,1.4005122920207214,,ExitStatus.UNKNOWN,False,False,1.4005122920207214
2025-06-08T09:22:28.149606,KidneyExchange-4-041_c23.xml,"{""input"": ""tests/xcsp3/cop/UNKNOWN/KidneyExchange-4-041_c23.xml"", ""solver"": ""xcsp:ACE@2.4"", ""output_dir"": ""results_comparison"", ""global_time_limit"": 600, ""max_tries"": 50, ""tuning_file"": ""tests/psa/ace.tuning.json"", ""hpo_strategy"": ""hamming"", ""global_time_strategy"": ""PERCENT"", ""percent"": 0.2, ""round_time_strategy"": ""STATIC"", ""time_evolution"": ""STATIC"", ""stop_strategy"": ""TIMEOUT""}",83,"{""varh"": ""Wdeg"", ""valh"": ""Rand"", ""saf"": ""False"", ""pc1"": ""True"", ""bdc"": ""1"", ""toh"": ""False"", ""ng"": ""NO"", ""lc"": ""5"", ""negative"": ""V"", ""generic2"": ""True"", ""sb"": ""NO""}",1.609690542012686,1.7516196249925997,1,ExitStatus.FEASIBLE,False,False,1.7516196249925997
2025-06-08T09:22:29.676285,KidneyExchange-4-041_c23.xml,"{""input"": ""tests/xcsp3/cop/UNKNOWN/KidneyExchange-4-041_c23.xml"", ""solver"": ""xcsp:ACE@2.4"", ""output_dir"": ""results_comparison"", ""global_time_limit"": 600, ""max_tries"": 50, ""tuning_file"": ""tests/psa/ace.tuning.json"", ""hpo_strategy"": ""hamming"", ""global_time_strategy"": ""PERCENT"", ""percent"": 0.2, ""round_time_strategy"": ""STATIC"", ""time_evolution"": ""STATIC"", ""stop_strategy"": ""TIMEOUT""}",84,"{""varh"": ""Wdeg"", ""valh"": ""First"", ""saf"": ""False"", ""pc1"": ""True"", ""bdc"": ""100"", ""toh"": ""False"", ""ng"": ""NO"", ""lc"": ""2"", ""negative"": ""CT"", ""generic2"": ""True"", ""sb"": ""NO""}",1.609690542012686,1.3860820409900043,,ExitStatus.UNKNOWN,False,False,1.3860820409900043
2025-06-08T09:22:31.193604,KidneyExchange-4-041_c23.xml,"{""input"": ""tests/xcsp3/cop/UNKNOWN/KidneyExchange-4-041_c23.xml"", ""solver"": ""xcsp:ACE@2.4"", ""output_dir"": ""results_comparison"", ""global_time_limit"": 600, ""max_tries"": 50, ""tuning_file"": ""tests/psa/ace.tuning.json"", ""hpo_strategy"": ""hamming"", ""global_time_strategy"": ""PERCENT"", ""percent"": 0.2, ""round_time_strategy"": ""STATIC"", ""time_evolution"": ""STATIC"", ""stop_strategy"": ""TIMEOUT""}",85,"{""varh"": ""Activity"", ""valh"": ""First"", ""saf"": ""False"", ""pc1"": ""True"", ""bdc"": ""1000"", ""toh"": ""False"", ""ng"": ""NO"", ""lc"": ""2"", ""negative"": ""V"", ""generic2"": ""True"", ""sb"": ""NO""}",1.609690542012686,1.3815159580262844,,ExitStatus.UNKNOWN,False,False,1.3815159580262844
2025-06-08T09:22:33.078620,KidneyExchange-4-041_c23.xml,"{""input"": ""tests/xcsp3/cop/UNKNOWN/KidneyExchange-4-041_c23.xml"", ""solver"": ""xcsp:ACE@2.4"", ""output_dir"": ""results_comparison"", ""global_time_limit"": 600, ""max_tries"": 50, ""tuning_file"": ""tests/psa/ace.tuning.json"", ""hpo_strategy"": ""hamming"", ""global_time_strategy"": ""PERCENT"", ""percent"": 0.2, ""round_time_strategy"": ""STATIC"", ""time_evolution"": ""STATIC"", ""stop_strategy"": ""TIMEOUT""}",86,"{""varh"": ""FrbaOnDom"", ""valh"": ""Bivs3"", ""saf"": ""False"", ""pc1"": ""True"", ""bdc"": ""1"", ""toh"": ""False"", ""ng"": ""NO"", ""lc"": ""2"", ""negative"": ""V"", ""generic2"": ""True"", ""sb"": ""NO""}",1.609690542012686,1.7541164580034092,-7,ExitStatus.FEASIBLE,False,False,1.7541164580034092
2025-06-08T09:22:39.229557,KidneyExchange-4-041_c23.xml,"{""input"": ""tests/xcsp3/cop/UNKNOWN/KidneyExchange-4-041_c23.xml"", ""solver"": ""xcsp:ACE@2.4"", ""output_dir"": ""results_comparison"", ""global_time_limit"": 600, ""max_tries"": 50, ""tuning_file"": ""tests/psa/ace.tuning.json"", ""hpo_strategy"": ""hamming"", ""global_time_strategy"": ""PERCENT"", ""percent"": 0.2, ""round_time_strategy"": ""STATIC"", ""time_evolution"": ""STATIC"", ""stop_strategy"": ""TIMEOUT""}",87,"{""varh"": ""Wdeg"", ""valh"": ""Conflicts"", ""saf"": ""False"", ""pc1"": ""True"", ""bdc"": ""1"", ""toh"": ""False"", ""ng"": ""NO"", ""lc"": ""2"", ""negative"": ""STR3"", ""generic2"": ""True"", ""sb"": ""NO""}",1.609690542012686,1,,ExitStatus.UNKNOWN,False,False,1
2025-06-08T09:22:41.272249,KidneyExchange-4-041_c23.xml,"{""input"": ""tests/xcsp3/cop/UNKNOWN/KidneyExchange-4-041_c23.xml"", ""solver"": ""xcsp:ACE@2.4"", ""output_dir"": ""results_comparison"", ""global_time_limit"": 600, ""max_tries"": 50, ""tuning_file"": ""tests/psa/ace.tuning.json"", ""hpo_strategy"": ""hamming"", ""global_time_strategy"": ""PERCENT"", ""percent"": 0.2, ""round_time_strategy"": ""STATIC"", ""time_evolution"": ""STATIC"", ""stop_strategy"": ""TIMEOUT""}",88,"{""varh"": ""Wdeg"", ""valh"": ""RunRobin"", ""saf"": ""False"", ""pc1"": ""True"", ""bdc"": ""10"", ""toh"": ""False"", ""ng"": ""NO"", ""lc"": ""2"", ""negative"": ""V"", ""generic2"": ""True"", ""sb"": ""NO""}",1.609690542012686,1.9000182090094313,-3,ExitStatus.FEASIBLE,False,False,1.9000182090094313
2025-06-08T09:22:43.325725,KidneyExchange-4-041_c23.xml,"{""input"": ""tests/xcsp3/cop/UNKNOWN/KidneyExchange-4-041_c23.xml"", ""solver"": ""xcsp:ACE@2.4"", ""output_dir"": ""results_comparison"", ""global_time_limit"": 600, ""max_tries"": 50, ""tuning_file"": ""tests/psa/ace.tuning.json"", ""hpo_strategy"": ""hamming"", ""global_time_strategy"": ""PERCENT"", ""percent"": 0.2, ""round_time_strategy"": ""STATIC"", ""time_evolution"": ""STATIC"", ""stop_strategy"": ""TIMEOUT""}",89,"{""varh"": ""Wdeg"", ""valh"": ""FlrsE"", ""saf"": ""False"", ""pc1"": ""True"", ""bdc"": ""1"", ""toh"": ""False"", ""ng"": ""NO"", ""lc"": ""2"", ""negative"": ""STR1"", ""generic2"": ""True"", ""sb"": ""NO""}",1.609690542012686,1.8826323749963194,-9,ExitStatus.FEASIBLE,False,False,1.8826323749963194
2025-06-08T09:22:45.396803,KidneyExchange-4-041_c23.xml,"{""input"": ""tests/xcsp3/cop/UNKNOWN/KidneyExchange-4-041_c23.xml"", ""solver"": ""xcsp:ACE@2.4"", ""output_dir"": ""results_comparison"", ""global_time_limit"": 600, ""max_tries"": 50, ""tuning_file"": ""tests/psa/ace.tuning.json"", ""hpo_strategy"": ""hamming"", ""global_time_strategy"": ""PERCENT"", ""percent"": 0.2, ""round_time_strategy"": ""STATIC"", ""time_evolution"": ""STATIC"", ""stop_strategy"": ""TIMEOUT""}",90,"{""varh"": ""Wdeg"", ""valh"": ""First"", ""saf"": ""False"", ""pc1"": ""True"", ""bdc"": ""1"", ""toh"": ""False"", ""ng"": ""NO"", ""lc"": ""0"", ""negative"": ""STR2"", ""generic2"": ""True"", ""sb"": ""NO""}",1.609690542012686,1.8839496249856893,-5,ExitStatus.FEASIBLE,False,False,1.8839496249856893
2025-06-08T09:22:47.447000,KidneyExchange-4-041_c23.xml,"{""input"": ""tests/xcsp3/cop/UNKNOWN/KidneyExchange-4-041_c23.xml"", ""solver"": ""xcsp:ACE@2.4"", ""output_dir"": ""results_comparison"", ""global_time_limit"": 600, ""max_tries"": 50, ""tuning_file"": ""tests/psa/ace.tuning.json"", ""hpo_strategy"": ""hamming"", ""global_time_strategy"": ""PERCENT"", ""percent"": 0.2, ""round_time_strategy"": ""STATIC"", ""time_evolution"": ""STATIC"", ""stop_strategy"": ""TIMEOUT""}",91,"{""varh"": ""RunRobin"", ""valh"": ""First"", ""saf"": ""True"", ""pc1"": ""True"", ""bdc"": ""1"", ""toh"": ""False"", ""ng"": ""NO"", ""lc"": ""2"", ""negative"": ""V"", ""generic2"": ""True"", ""sb"": ""NO""}",1.609690542012686,1.8798047500022221,-7,ExitStatus.FEASIBLE,False,False,1.8798047500022221
2025-06-08T09:22:49.506414,KidneyExchange-4-041_c23.xml,"{""input"": ""tests/xcsp3/cop/UNKNOWN/KidneyExchange-4-041_c23.xml"", ""solver"": ""xcsp:ACE@2.4"", ""output_dir"": ""results_comparison"", ""global_time_limit"": 600, ""max_tries"": 50, ""tuning_file"": ""tests/psa/ace.tuning.json"", ""hpo_strategy"": ""hamming"", ""global_time_strategy"": ""PERCENT"", ""percent"": 0.2, ""round_time_strategy"": ""STATIC"", ""time_evolution"": ""STATIC"", ""stop_strategy"": ""TIMEOUT""}",92,"{""varh"": ""PickOnDom"", ""valh"": ""RunRobin"", ""saf"": ""False"", ""pc1"": ""True"", ""bdc"": ""1"", ""toh"": ""False"", ""ng"": ""NO"", ""lc"": ""2"", ""negative"": ""V"", ""generic2"": ""True"", ""sb"": ""NO""}",1.609690542012686,1.883928499999456,-1,ExitStatus.FEASIBLE,False,False,1.883928499999456
2025-06-08T09:22:51.563435,KidneyExchange-4-041_c23.xml,"{""input"": ""tests/xcsp3/cop/UNKNOWN/KidneyExchange-4-041_c23.xml"", ""solver"": ""xcsp:ACE@2.4"", ""output_dir"": ""results_comparison"", ""global_time_limit"": 600, ""max_tries"": 50, ""tuning_file"": ""tests/psa/ace.tuning.json"", ""hpo_strategy"": ""hamming"", ""global_time_strategy"": ""PERCENT"", ""percent"": 0.2, ""round_time_strategy"": ""STATIC"", ""time_evolution"": ""STATIC"", ""stop_strategy"": ""TIMEOUT""}",93,"{""varh"": ""Wdeg"", ""valh"": ""Bivs3"", ""saf"": ""False"", ""pc1"": ""True"", ""bdc"": ""1"", ""toh"": ""False"", ""ng"": ""NO"", ""lc"": ""2"", ""negative"": ""STR1N"", ""generic2"": ""True"", ""sb"": ""NO""}",1.609690542012686,1.8821696670202073,1,ExitStatus.FEASIBLE,False,False,1.8821696670202073
2025-06-08T09:22:53.611962,KidneyExchange-4-041_c23.xml,"{""input"": ""tests/xcsp3/cop/UNKNOWN/KidneyExchange-4-041_c23.xml"", ""solver"": ""xcsp:ACE@2.4"", ""output_dir"": ""results_comparison"", ""global_time_limit"": 600, ""max_tries"": 50, ""tuning_file"": ""tests/psa/ace.tuning.json"", ""hpo_strategy"": ""hamming"", ""global_time_strategy"": ""PERCENT"", ""percent"": 0.2, ""round_time_strategy"": ""STATIC"", ""time_evolution"": ""STATIC"", ""stop_strategy"": ""TIMEOUT""}",94,"{""varh"": ""Wdeg"", ""valh"": ""First"", ""saf"": ""False"", ""pc1"": ""True"", ""bdc"": ""10"", ""toh"": ""False"", ""ng"": ""NO"", ""lc"": ""2"", ""negative"": ""STR1N"", ""generic2"": ""True"", ""sb"": ""NO""}",1.609690542012686,1.8747865000041202,-3,ExitStatus.FEASIBLE,False,False,1.8747865000041202
2025-06-08T09:22:55.668930,KidneyExchange-4-041_c23.xml,"{""input"": ""tests/xcsp3/cop/UNKNOWN/KidneyExchange-4-041_c23.xml"", ""solver"": ""xcsp:ACE@2.4"", ""output_dir"": ""results_comparison"", ""global_time_limit"": 600, ""max_tries"": 50, ""tuning_file"": ""tests/psa/ace.tuning.json"", ""hpo_strategy"": ""hamming"", ""global_time_strategy"": ""PERCENT"", ""percent"": 0.2, ""round_time_strategy"": ""STATIC"", ""time_evolution"": ""STATIC"", ""stop_strategy"": ""TIMEOUT""}",95,"{""varh"": ""FrbaOnDom"", ""valh"": ""First"", ""saf"": ""False"", ""pc1"": ""True"", ""bdc"": ""1"", ""toh"": ""False"", ""ng"": ""NO"", ""lc"": ""0"", ""negative"": ""V"", ""generic2"": ""True"", ""sb"": ""NO""}",1.609690542012686,1.886057957977755,-7,ExitStatus.FEASIBLE,False,False,1.886057957977755
2025-06-08T09:22:57.731662,KidneyExchange-4-041_c23.xml,"{""input"": ""tests/xcsp3/cop/UNKNOWN/KidneyExchange-4-041_c23.xml"", ""solver"": ""xcsp:ACE@2.4"", ""output_dir"": ""results_comparison"", ""global_time_limit"": 600, ""max_tries"": 50, ""tuning_file"": ""tests/psa/ace.tuning.json"", ""hpo_strategy"": ""hamming"", ""global_time_strategy"": ""PERCENT"", ""percent"": 0.2, ""round_time_strategy"": ""STATIC"", ""time_evolution"": ""STATIC"", ""stop_strategy"": ""TIMEOUT""}",96,"{""varh"": ""Wdeg"", ""valh"": ""Rand"", ""saf"": ""False"", ""pc1"": ""True"", ""bdc"": ""1"", ""toh"": ""False"", ""ng"": ""NO"", ""lc"": ""2"", ""negative"": ""CT"", ""generic2"": ""True"", ""sb"": ""NO""}",1.609690542012686,1.8884631249820814,1,ExitStatus.FEASIBLE,False,False,1.8884631249820814
2025-06-08T09:22:59.782906,KidneyExchange-4-041_c23.xml,"{""input"": ""tests/xcsp3/cop/UNKNOWN/KidneyExchange-4-041_c23.xml"", ""solver"": ""xcsp:ACE@2.4"", ""output_dir"": ""results_comparison"", ""global_time_limit"": 600, ""max_tries"": 50, ""tuning_file"": ""tests/psa/ace.tuning.json"", ""hpo_strategy"": ""hamming"", ""global_time_strategy"": ""PERCENT"", ""percent"": 0.2, ""round_time_strategy"": ""STATIC"", ""time_evolution"": ""STATIC"", ""stop_strategy"": ""TIMEOUT""}",97,"{""varh"": ""PickOnDom"", ""valh"": ""FlrsE"", ""saf"": ""False"", ""pc1"": ""True"", ""bdc"": ""1"", ""toh"": ""False"", ""ng"": ""NO"", ""lc"": ""2"", ""negative"": ""V"", ""generic2"": ""True"", ""sb"": ""NO""}",1.609690542012686,1.8787875830021221,-3,ExitStatus.FEASIBLE,False,False,1.8787875830021221
2025-06-08T09:23:01.835568,KidneyExchange-4-041_c23.xml,"{""input"": ""tests/xcsp3/cop/UNKNOWN/KidneyExchange-4-041_c23.xml"", ""solver"": ""xcsp:ACE@2.4"", ""output_dir"": ""results_comparison"", ""global_time_limit"": 600, ""max_tries"": 50, ""tuning_file"": ""tests/psa/ace.tuning.json"", ""hpo_strategy"": ""hamming"", ""global_time_strategy"": ""PERCENT"", ""percent"": 0.2, ""round_time_strategy"": ""STATIC"", ""time_evolution"": ""STATIC"", ""stop_strategy"": ""TIMEOUT""}",98,"{""varh"": ""Wdeg"", ""valh"": ""First"", ""saf"": ""False"", ""pc1"": ""True"", ""bdc"": ""1"", ""toh"": ""False"", ""ng"": ""NO"", ""lc"": ""1"", ""negative"": ""CT"", ""generic2"": ""True"", ""sb"": ""NO""}",1.609690542012686,1.8783727079862729,-5,ExitStatus.FEASIBLE,False,False,1.8783727079862729
2025-06-08T09:23:03.873472,KidneyExchange-4-041_c23.xml,"{""input"": ""tests/xcsp3/cop/UNKNOWN/KidneyExchange-4-041_c23.xml"", ""solver"": ""xcsp:ACE@2.4"", ""output_dir"": ""results_comparison"", ""global_time_limit"": 600, ""max_tries"": 50, ""tuning_file"": ""tests/psa/ace.tuning.json"", ""hpo_strategy"": ""hamming"", ""global_time_strategy"": ""PERCENT"", ""percent"": 0.2, ""round_time_strategy"": ""STATIC"", ""time_evolution"": ""STATIC"", ""stop_strategy"": ""TIMEOUT""}",99,"{""varh"": ""Impact"", ""valh"": ""First"", ""saf"": ""False"", ""pc1"": ""True"", ""bdc"": ""1"", ""toh"": ""False"", ""ng"": ""NO"", ""lc"": ""10"", ""negative"": ""V"", ""generic2"": ""True"", ""sb"": ""NO""}",1.609690542012686,1.8637052090198267,-27,ExitStatus.FEASIBLE,False,False,1.8637052090198267
2025-06-08T09:23:05.932444,KidneyExchange-4-041_c23.xml,"{""input"": ""tests/xcsp3/cop/UNKNOWN/KidneyExchange-4-041_c23.xml"", ""solver"": ""xcsp:ACE@2.4"", ""output_dir"": ""results_comparison"", ""global_time_limit"": 600, ""max_tries"": 50, ""tuning_file"": ""tests/psa/ace.tuning.json"", ""hpo_strategy"": ""hamming"", ""global_time_strategy"": ""PERCENT"", ""percent"": 0.2, ""round_time_strategy"": ""STATIC"", ""time_evolution"": ""STATIC"", ""stop_strategy"": ""TIMEOUT""}",100,"{""varh"": ""FrbaOnDom"", ""valh"": ""FlrsE"", ""saf"": ""False"", ""pc1"": ""True"", ""bdc"": ""1"", ""toh"": ""False"", ""ng"": ""NO"", ""lc"": ""2"", ""negative"": ""V"", ""generic2"": ""True"", ""sb"": ""NO""}",1.609690542012686,1.8807946250017267,-7,ExitStatus.FEASIBLE,False,False,1.8807946250017267
2025-06-08T09:23:07.981332,KidneyExchange-4-041_c23.xml,"{""input"": ""tests/xcsp3/cop/UNKNOWN/KidneyExchange-4-041_c23.xml"", ""solver"": ""xcsp:ACE@2.4"", ""output_dir"": ""results_comparison"", ""global_time_limit"": 600, ""max_tries"": 50, ""tuning_file"": ""tests/psa/ace.tuning.json"", ""hpo_strategy"": ""hamming"", ""global_time_strategy"": ""PERCENT"", ""percent"": 0.2, ""round_time_strategy"": ""STATIC"", ""time_evolution"": ""STATIC"", ""stop_strategy"": ""TIMEOUT""}",101,"{""varh"": ""Wdeg"", ""valh"": ""OccsR"", ""saf"": ""False"", ""pc1"": ""True"", ""bdc"": ""1"", ""toh"": ""False"", ""ng"": ""NO"", ""lc"": ""2"", ""negative"": ""STR3"", ""generic2"": ""True"", ""sb"": ""NO""}",1.609690542012686,1.8790750000043772,-7,ExitStatus.FEASIBLE,False,False,1.8790750000043772
2025-06-08T09:23:10.035041,KidneyExchange-4-041_c23.xml,"{""input"": ""tests/xcsp3/cop/UNKNOWN/KidneyExchange-4-041_c23.xml"", ""solver"": ""xcsp:ACE@2.4"", ""output_dir"": ""results_comparison"", ""global_time_limit"": 600, ""max_tries"": 50, ""tuning_file"": ""tests/psa/ace.tuning.json"", ""hpo_strategy"": ""hamming"", ""global_time_strategy"": ""PERCENT"", ""percent"": 0.2, ""round_time_strategy"": ""STATIC"", ""time_evolution"": ""STATIC"", ""stop_strategy"": ""TIMEOUT""}",102,"{""varh"": ""Wdeg"", ""valh"": ""FlrsE"", ""saf"": ""False"", ""pc1"": ""True"", ""bdc"": ""1"", ""toh"": ""False"", ""ng"": ""NO"", ""lc"": ""2"", ""negative"": ""STR1N"", ""generic2"": ""True"", ""sb"": ""NO""}",1.609690542012686,1.881232625019038,-1,ExitStatus.FEASIBLE,False,False,1.881232625019038
2025-06-08T09:23:12.089201,KidneyExchange-4-041_c23.xml,"{""input"": ""tests/xcsp3/cop/UNKNOWN/KidneyExchange-4-041_c23.xml"", ""solver"": ""xcsp:ACE@2.4"", ""output_dir"": ""results_comparison"", ""global_time_limit"": 600, ""max_tries"": 50, ""tuning_file"": ""tests/psa/ace.tuning.json"", ""hpo_strategy"": ""hamming"", ""global_time_strategy"": ""PERCENT"", ""percent"": 0.2, ""round_time_strategy"": ""STATIC"", ""time_evolution"": ""STATIC"", ""stop_strategy"": ""TIMEOUT""}",103,"{""varh"": ""Wdeg"", ""valh"": ""Last"", ""saf"": ""False"", ""pc1"": ""True"", ""bdc"": ""1"", ""toh"": ""True"", ""ng"": ""NO"", ""lc"": ""2"", ""negative"": ""V"", ""generic2"": ""True"", ""sb"": ""NO""}",1.609690542012686,1.8813921670080163,1,ExitStatus.FEASIBLE,False,False,1.8813921670080163
2025-06-08T09:23:14.135802,KidneyExchange-4-041_c23.xml,"{""input"": ""tests/xcsp3/cop/UNKNOWN/KidneyExchange-4-041_c23.xml"", ""solver"": ""xcsp:ACE@2.4"", ""output_dir"": ""results_comparison"", ""global_time_limit"": 600, ""max_tries"": 50, ""tuning_file"": ""tests/psa/ace.tuning.json"", ""hpo_strategy"": ""hamming"", ""global_time_strategy"": ""PERCENT"", ""percent"": 0.2, ""round_time_strategy"": ""STATIC"", ""time_evolution"": ""STATIC"", ""stop_strategy"": ""TIMEOUT""}",104,"{""varh"": ""Impact"", ""valh"": ""First"", ""saf"": ""False"", ""pc1"": ""True"", ""bdc"": ""1"", ""toh"": ""False"", ""ng"": ""NO"", ""lc"": ""2"", ""negative"": ""CT"", ""generic2"": ""True"", ""sb"": ""NO""}",1.609690542012686,1.8758779170166235,-27,ExitStatus.FEASIBLE,False,False,1.8758779170166235
2025-06-08T09:23:20.329386,KidneyExchange-4-041_c23.xml,"{""input"": ""tests/xcsp3/cop/UNKNOWN/KidneyExchange-4-041_c23.xml"", ""solver"": ""xcsp:ACE@2.4"", ""output_dir"": ""results_comparison"", ""global_time_limit"": 600, ""max_tries"": 50, ""tuning_file"": ""tests/psa/ace.tuning.json"", ""hpo_strategy"": ""hamming"", ""global_time_strategy"": ""PERCENT"", ""percent"": 0.2, ""round_time_strategy"": ""STATIC"", ""time_evolution"": ""STATIC"", ""stop_strategy"": ""TIMEOUT""}",105,"{""varh"": ""Wdeg"", ""valh"": ""Conflicts"", ""saf"": ""False"", ""pc1"": ""True"", ""bdc"": ""1"", ""toh"": ""False"", ""ng"": ""NO"", ""lc"": ""2"", ""negative"": ""VA"", ""generic2"": ""True"", ""sb"": ""NO""}",1.609690542012686,1,,ExitStatus.UNKNOWN,False,False,1
2025-06-08T09:23:22.396178,KidneyExchange-4-041_c23.xml,"{""input"": ""tests/xcsp3/cop/UNKNOWN/KidneyExchange-4-041_c23.xml"", ""solver"": ""xcsp:ACE@2.4"", ""output_dir"": ""results_comparison"", ""global_time_limit"": 600, ""max_tries"": 50, ""tuning_file"": ""tests/psa/ace.tuning.json"", ""hpo_strategy"": ""hamming"", ""global_time_strategy"": ""PERCENT"", ""percent"": 0.2, ""round_time_strategy"": ""STATIC"", ""time_evolution"": ""STATIC"", ""stop_strategy"": ""TIMEOUT""}",106,"{""varh"": ""Wdeg"", ""valh"": ""OccsR"", ""saf"": ""False"", ""pc1"": ""True"", ""bdc"": ""1"", ""toh"": ""False"", ""ng"": ""NO"", ""lc"": ""2"", ""negative"": ""VA"", ""generic2"": ""True"", ""sb"": ""NO""}",1.609690542012686,1.9061550839978736,-7,ExitStatus.FEASIBLE,False,False,1.9061550839978736
2025-06-08T09:23:24.491691,KidneyExchange-4-041_c23.xml,"{""input"": ""tests/xcsp3/cop/UNKNOWN/KidneyExchange-4-041_c23.xml"", ""solver"": ""xcsp:ACE@2.4"", ""output_dir"": ""results_comparison"", ""global_time_limit"": 600, ""max_tries"": 50, ""tuning_file"": ""tests/psa/ace.tuning.json"", ""hpo_strategy"": ""hamming"", ""global_time_strategy"": ""PERCENT"", ""percent"": 0.2, ""round_time_strategy"": ""STATIC"", ""time_evolution"": ""STATIC"", ""stop_strategy"": ""TIMEOUT""}",107,"{""varh"": ""Wdeg"", ""valh"": ""First"", ""saf"": ""False"", ""pc1"": ""True"", ""bdc"": ""10"", ""toh"": ""False"", ""ng"": ""NO"", ""lc"": ""2"", ""negative"": ""VA"", ""generic2"": ""True"", ""sb"": ""NO""}",1.609690542012686,1.9072449169761967,-3,ExitStatus.FEASIBLE,False,False,1.9072449169761967
2025-06-08T09:23:26.582421,KidneyExchange-4-041_c23.xml,"{""input"": ""tests/xcsp3/cop/UNKNOWN/KidneyExchange-4-041_c23.xml"", ""solver"": ""xcsp:ACE@2.4"", ""output_dir"": ""results_comparison"", ""global_time_limit"": 600, ""max_tries"": 50, ""tuning_file"": ""tests/psa/ace.tuning.json"", ""hpo_strategy"": ""hamming"", ""global_time_strategy"": ""PERCENT"", ""percent"": 0.2, ""round_time_strategy"": ""STATIC"", ""time_evolution"": ""STATIC"", ""stop_strategy"": ""TIMEOUT""}",108,"{""varh"": ""PickOnDom"", ""valh"": ""First"", ""saf"": ""True"", ""pc1"": ""True"", ""bdc"": ""1"", ""toh"": ""False"", ""ng"": ""NO"", ""lc"": ""2"", ""negative"": ""V"", ""generic2"": ""True"", ""sb"": ""NO""}",1.609690542012686,1.906749999994645,-5,ExitStatus.FEASIBLE,False,False,1.906749999994645
2025-06-08T09:23:28.663274,KidneyExchange-4-041_c23.xml,"{""input"": ""tests/xcsp3/cop/UNKNOWN/KidneyExchange-4-041_c23.xml"", ""solver"": ""xcsp:ACE@2.4"", ""output_dir"": ""results_comparison"", ""global_time_limit"": 600, ""max_tries"": 50, ""tuning_file"": ""tests/psa/ace.tuning.json"", ""hpo_strategy"": ""hamming"", ""global_time_strategy"": ""PERCENT"", ""percent"": 0.2, ""round_time_strategy"": ""STATIC"", ""time_evolution"": ""STATIC"", ""stop_strategy"": ""TIMEOUT""}",109,"{""varh"": ""Wdeg"", ""valh"": ""First"", ""saf"": ""False"", ""pc1"": ""True"", ""bdc"": ""1"", ""toh"": ""False"", ""ng"": ""NO"", ""lc"": ""1"", ""negative"": ""STR1N"", ""generic2"": ""True"", ""sb"": ""NO""}",1.609690542012686,1.9033874169981573,-5,ExitStatus.FEASIBLE,False,False,1.9033874169981573
2025-06-08T09:23:30.739368,KidneyExchange-4-041_c23.xml,"{""input"": ""tests/xcsp3/cop/UNKNOWN/KidneyExchange-4-041_c23.xml"", ""solver"": ""xcsp:ACE@2.4"", ""output_dir"": ""results_comparison"", ""global_time_limit"": 600, ""max_tries"": 50, ""tuning_file"": ""tests/psa/ace.tuning.json"", ""hpo_strategy"": ""hamming"", ""global_time_strategy"": ""PERCENT"", ""percent"": 0.2, ""round_time_strategy"": ""STATIC"", ""time_evolution"": ""STATIC"", ""stop_strategy"": ""TIMEOUT""}",110,"{""varh"": ""Impact"", ""valh"": ""First"", ""saf"": ""False"", ""pc1"": ""True"", ""bdc"": ""1"", ""toh"": ""False"", ""ng"": ""NO"", ""lc"": ""2"", ""negative"": ""STR1"", ""generic2"": ""True"", ""sb"": ""NO""}",1.609690542012686,1.9002844170026947,-27,ExitStatus.FEASIBLE,False,False,1.9002844170026947
2025-06-08T09:23:32.823478,KidneyExchange-4-041_c23.xml,"{""input"": ""tests/xcsp3/cop/UNKNOWN/KidneyExchange-4-041_c23.xml"", ""solver"": ""xcsp:ACE@2.4"", ""output_dir"": ""results_comparison"", ""global_time_limit"": 600, ""max_tries"": 50, ""tuning_file"": ""tests/psa/ace.tuning.json"", ""hpo_strategy"": ""hamming"", ""global_time_strategy"": ""PERCENT"", ""percent"": 0.2, ""round_time_strategy"": ""STATIC"", ""time_evolution"": ""STATIC"", ""stop_strategy"": ""TIMEOUT""}",111,"{""varh"": ""WdegOnDom"", ""valh"": ""Bivs3"", ""saf"": ""False"", ""pc1"": ""True"", ""bdc"": ""1"", ""toh"": ""False"", ""ng"": ""NO"", ""lc"": ""2"", ""negative"": ""V"", ""generic2"": ""True"", ""sb"": ""NO""}",1.609690542012686,1.9019300829968415,-9,ExitStatus.FEASIBLE,False,False,1.9019300829968415
2025-06-08T09:23:34.899167,KidneyExchange-4-041_c23.xml,"{""input"": ""tests/xcsp3/cop/UNKNOWN/KidneyExchange-4-041_c23.xml"", ""solver"": ""xcsp:ACE@2.4"", ""output_dir"": ""results_comparison"", ""global_time_limit"": 600, ""max_tries"": 50, ""tuning_file"": ""tests/psa/ace.tuning.json"", ""hpo_strategy"": ""hamming"", ""global_time_strategy"": ""PERCENT"", ""percent"": 0.2, ""round_time_strategy"": ""STATIC"", ""time_evolution"": ""STATIC"", ""stop_strategy"": ""TIMEOUT""}",112,"{""varh"": ""Wdeg"", ""valh"": ""Rand"", ""saf"": ""False"", ""pc1"": ""True"", ""bdc"": ""10"", ""toh"": ""False"", ""ng"": ""NO"", ""lc"": ""2"", ""negative"": ""V"", ""generic2"": ""True"", ""sb"": ""NO""}",1.609690542012686,1.9026105419907253,-7,ExitStatus.FEASIBLE,False,False,1.9026105419907253
2025-06-08T09:23:36.962449,KidneyExchange-4-041_c23.xml,"{""input"": ""tests/xcsp3/cop/UNKNOWN/KidneyExchange-4-041_c23.xml"", ""solver"": ""xcsp:ACE@2.4"", ""output_dir"": ""results_comparison"", ""global_time_limit"": 600, ""max_tries"": 50, ""tuning_file"": ""tests/psa/ace.tuning.json"", ""hpo_strategy"": ""hamming"", ""global_time_strategy"": ""PERCENT"", ""percent"": 0.2, ""round_time_strategy"": ""STATIC"", ""time_evolution"": ""STATIC"", ""stop_strategy"": ""TIMEOUT""}",113,"{""varh"": ""Wdeg"", ""valh"": ""Vals"", ""saf"": ""False"", ""pc1"": ""False"", ""bdc"": ""1"", ""toh"": ""False"", ""ng"": ""NO"", ""lc"": ""2"", ""negative"": ""V"", ""generic2"": ""True"", ""sb"": ""NO""}",1.609690542012686,1.883966916007921,-5,ExitStatus.FEASIBLE,False,False,1.883966916007921
2025-06-08T09:23:39.047616,KidneyExchange-4-041_c23.xml,"{""input"": ""tests/xcsp3/cop/UNKNOWN/KidneyExchange-4-041_c23.xml"", ""solver"": ""xcsp:ACE@2.4"", ""output_dir"": ""results_comparison"", ""global_time_limit"": 600, ""max_tries"": 50, ""tuning_file"": ""tests/psa/ace.tuning.json"", ""hpo_strategy"": ""hamming"", ""global_time_strategy"": ""PERCENT"", ""percent"": 0.2, ""round_time_strategy"": ""STATIC"", ""time_evolution"": ""STATIC"", ""stop_strategy"": ""TIMEOUT""}",114,"{""varh"": ""FrbaOnDom"", ""valh"": ""Median"", ""saf"": ""False"", ""pc1"": ""True"", ""bdc"": ""1"", ""toh"": ""False"", ""ng"": ""NO"", ""lc"": ""2"", ""negative"": ""V"", ""generic2"": ""True"", ""sb"": ""NO""}",1.609690542012686,1.9041462499881163,1,ExitStatus.FEASIBLE,False,False,1.9041462499881163
2025-06-08T09:23:41.134122,KidneyExchange-4-041_c23.xml,"{""input"": ""tests/xcsp3/cop/UNKNOWN/KidneyExchange-4-041_c23.xml"", ""solver"": ""xcsp:ACE@2.4"", ""output_dir"": ""results_comparison"", ""global_time_limit"": 600, ""max_tries"": 50, ""tuning_file"": ""tests/psa/ace.tuning.json"", ""hpo_strategy"": ""hamming"", ""global_time_strategy"": ""PERCENT"", ""percent"": 0.2, ""round_time_strategy"": ""STATIC"", ""time_evolution"": ""STATIC"", ""stop_strategy"": ""TIMEOUT""}",115,"{""varh"": ""Wdeg"", ""valh"": ""Bivs3"", ""saf"": ""False"", ""pc1"": ""True"", ""bdc"": ""1"", ""toh"": ""False"", ""ng"": ""NO"", ""lc"": ""10"", ""negative"": ""V"", ""generic2"": ""True"", ""sb"": ""NO""}",1.609690542012686,1.9087682910030708,-9,ExitStatus.FEASIBLE,False,False,1.9087682910030708
2025-06-08T09:23:43.215861,KidneyExchange-4-041_c23.xml,"{""input"": ""tests/xcsp3/cop/UNKNOWN/KidneyExchange-4-041_c23.xml"", ""solver"": ""xcsp:ACE@2.4"", ""output_dir"": ""results_comparison"", ""global_time_limit"": 600, ""max_tries"": 50, ""tuning_file"": ""tests/psa/ace.tuning.json"", ""hpo_strategy"": ""hamming"", ""global_time_strategy"": ""PERCENT"", ""percent"": 0.2, ""round_time_strategy"": ""STATIC"", ""time_evolution"": ""STATIC"", ""stop_strategy"": ""TIMEOUT""}",116,"{""varh"": ""PickOnDom"", ""valh"": ""First"", ""saf"": ""False"", ""pc1"": ""True"", ""bdc"": ""1"", ""toh"": ""False"", ""ng"": ""NO"", ""lc"": ""2"", ""negative"": ""STR2N"", ""generic2"": ""True"", ""sb"": ""NO""}",1.609690542012686,1.8985841670073569,-5,ExitStatus.FEASIBLE,False,False,1.8985841670073569
2025-06-08T09:23:45.293440,KidneyExchange-4-041_c23.xml,"{""input"": ""tests/xcsp3/cop/UNKNOWN/KidneyExchange-4-041_c23.xml"", ""solver"": ""xcsp:ACE@2.4"", ""output_dir"": ""results_comparison"", ""global_time_limit"": 600, ""max_tries"": 50, ""tuning_file"": ""tests/psa/ace.tuning.json"", ""hpo_strategy"": ""hamming"", ""global_time_strategy"": ""PERCENT"", ""percent"": 0.2, ""round_time_strategy"": ""STATIC"", ""time_evolution"": ""STATIC"", ""stop_strategy"": ""TIMEOUT""}",117,"{""varh"": ""Wdeg"", ""valh"": ""First"", ""saf"": ""True"", ""pc1"": ""True"", ""bdc"": ""1"", ""toh"": ""True"", ""ng"": ""NO"", ""lc"": ""2"", ""negative"": ""V"", ""generic2"": ""True"", ""sb"": ""NO""}",1.609690542012686,1.9055317909806035,-5,ExitStatus.FEASIBLE,False,False,1.9055317909806035
2025-06-08T09:23:47.092915,KidneyExchange-4-041_c23.xml,"{""input"": ""tests/xcsp3/cop/UNKNOWN/KidneyExchange-4-041_c23.xml"", ""solver"": ""xcsp:ACE@2.4"", ""output_dir"": ""results_comparison"", ""global_time_limit"": 600, ""max_tries"": 50, ""tuning_file"": ""tests/psa/ace.tuning.json"", ""hpo_strategy"": ""hamming"", ""global_time_strategy"": ""PERCENT"", ""percent"": 0.2, ""round_time_strategy"": ""STATIC"", ""time_evolution"": ""STATIC"", ""stop_strategy"": ""TIMEOUT""}",118,"{""varh"": ""Wdeg"", ""valh"": ""Bivs3"", ""saf"": ""False"", ""pc1"": ""True"", ""bdc"": ""1000"", ""toh"": ""False"", ""ng"": ""NO"", ""lc"": ""2"", ""negative"": ""V"", ""generic2"": ""True"", ""sb"": ""NO""}",1.609690542012686,1.6227029580040835,,ExitStatus.UNKNOWN,False,False,1.6227029580040835
2025-06-08T09:23:49.180011,KidneyExchange-4-041_c23.xml,"{""input"": ""tests/xcsp3/cop/UNKNOWN/KidneyExchange-4-041_c23.xml"", ""solver"": ""xcsp:ACE@2.4"", ""output_dir"": ""results_comparison"", ""global_time_limit"": 600, ""max_tries"": 50, ""tuning_file"": ""tests/psa/ace.tuning.json"", ""hpo_strategy"": ""hamming"", ""global_time_strategy"": ""PERCENT"", ""percent"": 0.2, ""round_time_strategy"": ""STATIC"", ""time_evolution"": ""STATIC"", ""stop_strategy"": ""TIMEOUT""}",119,"{""varh"": ""Wdeg"", ""valh"": ""Vals"", ""saf"": ""False"", ""pc1"": ""True"", ""bdc"": ""1"", ""toh"": ""False"", ""ng"": ""NO"", ""lc"": ""2"", ""negative"": ""CT"", ""generic2"": ""True"", ""sb"": ""NO""}",1.609690542012686,1.9116023750102613,-5,ExitStatus.FEASIBLE,False,False,1.9116023750102613
2025-06-08T09:23:51.242239,KidneyExchange-4-041_c23.xml,"{""input"": ""tests/xcsp3/cop/UNKNOWN/KidneyExchange-4-041_c23.xml"", ""solver"": ""xcsp:ACE@2.4"", ""output_dir"": ""results_comparison"", ""global_time_limit"": 600, ""max_tries"": 50, ""tuning_file"": ""tests/psa/ace.tuning.json"", ""hpo_strategy"": ""hamming"", ""global_time_strategy"": ""PERCENT"", ""percent"": 0.2, ""round_time_strategy"": ""STATIC"", ""time_evolution"": ""STATIC"", ""stop_strategy"": ""TIMEOUT""}",120,"{""varh"": ""Wdeg"", ""valh"": ""Vals"", ""saf"": ""False"", ""pc1"": ""True"", ""bdc"": ""10"", ""toh"": ""False"", ""ng"": ""NO"", ""lc"": ""2"", ""negative"": ""V"", ""generic2"": ""True"", ""sb"": ""NO""}",1.609690542012686,1.8855216249939986,-23,ExitStatus.FEASIBLE,False,False,1.8855216249939986
2025-06-08T09:23:53.056415,KidneyExchange-4-041_c23.xml,"{""input"": ""tests/xcsp3/cop/UNKNOWN/KidneyExchange-4-041_c23.xml"", ""solver"": ""xcsp:ACE@2.4"", ""output_dir"": ""results_comparison"", ""global_time_limit"": 600, ""max_tries"": 50, ""tuning_file"": ""tests/psa/ace.tuning.json"", ""hpo_strategy"": ""hamming"", ""global_time_strategy"": ""PERCENT"", ""percent"": 0.2, ""round_time_strategy"": ""STATIC"", ""time_evolution"": ""STATIC"", ""stop_strategy"": ""TIMEOUT""}",121,"{""varh"": ""WdegOnDom"", ""valh"": ""First"", ""saf"": ""False"", ""pc1"": ""True"", ""bdc"": ""1000"", ""toh"": ""False"", ""ng"": ""NO"", ""lc"": ""2"", ""negative"": ""V"", ""generic2"": ""True"", ""sb"": ""NO""}",1.609690542012686,1.635834957996849,,ExitStatus.UNKNOWN,False,False,1.635834957996849
2025-06-08T09:23:55.126178,KidneyExchange-4-041_c23.xml,"{""input"": ""tests/xcsp3/cop/UNKNOWN/KidneyExchange-4-041_c23.xml"", ""solver"": ""xcsp:ACE@2.4"", ""output_dir"": ""results_comparison"", ""global_time_limit"": 600, ""max_tries"": 50, ""tuning_file"": ""tests/psa/ace.tuning.json"", ""hpo_strategy"": ""hamming"", ""global_time_strategy"": ""PERCENT"", ""percent"": 0.2, ""round_time_strategy"": ""STATIC"", ""time_evolution"": ""STATIC"", ""stop_strategy"": ""TIMEOUT""}",122,"{""varh"": ""Wdeg"", ""valh"": ""First"", ""saf"": ""False"", ""pc1"": ""False"", ""bdc"": ""1"", ""toh"": ""False"", ""ng"": ""NO"", ""lc"": ""2"", ""negative"": ""VA"", ""generic2"": ""True"", ""sb"": ""NO""}",1.609690542012686,1.8943445410113782,-5,ExitStatus.FEASIBLE,False,False,1.8943445410113782
2025-06-08T09:23:57.193474,KidneyExchange-4-041_c23.xml,"{""input"": ""tests/xcsp3/cop/UNKNOWN/KidneyExchange-4-041_c23.xml"", ""solver"": ""xcsp:ACE@2.4"", ""output_dir"": ""results_comparison"", ""global_time_limit"": 600, ""max_tries"": 50, ""tuning_file"": ""tests/psa/ace.tuning.json"", ""hpo_strategy"": ""hamming"", ""global_time_strategy"": ""PERCENT"", ""percent"": 0.2, ""round_time_strategy"": ""STATIC"", ""time_evolution"": ""STATIC"", ""stop_strategy"": ""TIMEOUT""}",123,"{""varh"": ""Memory"", ""valh"": ""First"", ""saf"": ""False"", ""pc1"": ""True"", ""bdc"": ""1"", ""toh"": ""False"", ""ng"": ""NO"", ""lc"": ""5"", ""negative"": ""V"", ""generic2"": ""True"", ""sb"": ""NO""}",1.609690542012686,1.8901181250112131,-3,ExitStatus.FEASIBLE,False,False,1.8901181250112131
2025-06-08T09:24:03.389203,KidneyExchange-4-041_c23.xml,"{""input"": ""tests/xcsp3/cop/UNKNOWN/KidneyExchange-4-041_c23.xml"", ""solver"": ""xcsp:ACE@2.4"", ""output_dir"": ""results_comparison"", ""global_time_limit"": 600, ""max_tries"": 50, ""tuning_file"": ""tests/psa/ace.tuning.json"", ""hpo_strategy"": ""hamming"", ""global_time_strategy"": ""PERCENT"", ""percent"": 0.2, ""round_time_strategy"": ""STATIC"", ""time_evolution"": ""STATIC"", ""stop_strategy"": ""TIMEOUT""}",124,"{""varh"": ""Wdeg"", ""valh"": ""Conflicts"", ""saf"": ""False"", ""pc1"": ""True"", ""bdc"": ""1"", ""toh"": ""False"", ""ng"": ""NO"", ""lc"": ""2"", ""negative"": ""STR2"", ""generic2"": ""True"", ""sb"": ""NO""}",1.609690542012686,1,,ExitStatus.UNKNOWN,False,False,1
2025-06-08T09:24:05.521158,KidneyExchange-4-041_c23.xml,"{""input"": ""tests/xcsp3/cop/UNKNOWN/KidneyExchange-4-041_c23.xml"", ""solver"": ""xcsp:ACE@2.4"", ""output_dir"": ""results_comparison"", ""global_time_limit"": 600, ""max_tries"": 50, ""tuning_file"": ""tests/psa/ace.tuning.json"", ""hpo_strategy"": ""hamming"", ""global_time_strategy"": ""PERCENT"", ""percent"": 0.2, ""round_time_strategy"": ""STATIC"", ""time_evolution"": ""STATIC"", ""stop_strategy"": ""TIMEOUT""}",125,"{""varh"": ""PickOnDom"", ""valh"": ""First"", ""saf"": ""False"", ""pc1"": ""True"", ""bdc"": ""1"", ""toh"": ""False"", ""ng"": ""NO"", ""lc"": ""2"", ""negative"": ""CT"", ""generic2"": ""True"", ""sb"": ""NO""}",1.609690542012686,1.9618246669997461,-5,ExitStatus.FEASIBLE,False,False,1.9618246669997461
2025-06-08T09:24:07.638863,KidneyExchange-4-041_c23.xml,"{""input"": ""tests/xcsp3/cop/UNKNOWN/KidneyExchange-4-041_c23.xml"", ""solver"": ""xcsp:ACE@2.4"", ""output_dir"": ""results_comparison"", ""global_time_limit"": 600, ""max_tries"": 50, ""tuning_file"": ""tests/psa/ace.tuning.json"", ""hpo_strategy"": ""hamming"", ""global_time_strategy"": ""PERCENT"", ""percent"": 0.2, ""round_time_strategy"": ""STATIC"", ""time_evolution"": ""STATIC"", ""stop_strategy"": ""TIMEOUT""}",126,"{""varh"": ""Activity"", ""valh"": ""First"", ""saf"": ""False"", ""pc1"": ""True"", ""bdc"": ""1"", ""toh"": ""False"", ""ng"": ""NO"", ""lc"": ""2"", ""negative"": ""STR2"", ""generic2"": ""True"", ""sb"": ""NO""}",1.609690542012686,1.9225592909788247,-23,ExitStatus.FEASIBLE,False,False,1.9225592909788247
2025-06-08T09:24:09.487573,KidneyExchange-4-041_c23.xml,"{""input"": ""tests/xcsp3/cop/UNKNOWN/KidneyExchange-4-041_c23.xml"", ""solver"": ""xcsp:ACE@2.4"", ""output_dir"": ""results_comparison"", ""global_time_limit"": 600, ""max_tries"": 50, ""tuning_file"": ""tests/psa/ace.tuning.json"", ""hpo_strategy"": ""hamming"", ""global_time_strategy"": ""PERCENT"", ""percent"": 0.2, ""round_time_strategy"": ""STATIC"", ""time_evolution"": ""STATIC"", ""stop_strategy"": ""TIMEOUT""}",127,"{""varh"": ""Wdeg"", ""valh"": ""First"", ""saf"": ""False"", ""pc1"": ""True"", ""bdc"": ""1000"", ""toh"": ""False"", ""ng"": ""NO"", ""lc"": ""2"", ""negative"": ""STR3"", ""generic2"": ""True"", ""sb"": ""NO""}",1.609690542012686,1.6711681660090107,,ExitStatus.UNKNOWN,False,False,1.6711681660090107
2025-06-08T09:24:11.709406,KidneyExchange-4-041_c23.xml,"{""input"": ""tests/xcsp3/cop/UNKNOWN/KidneyExchange-4-041_c23.xml"", ""solver"": ""xcsp:ACE@2.4"", ""output_dir"": ""results_comparison"", ""global_time_limit"": 600, ""max_tries"": 50, ""tuning_file"": ""tests/psa/ace.tuning.json"", ""hpo_strategy"": ""hamming"", ""global_time_strategy"": ""PERCENT"", ""percent"": 0.2, ""round_time_strategy"": ""STATIC"", ""time_evolution"": ""STATIC"", ""stop_strategy"": ""TIMEOUT""}",128,"{""varh"": ""Impact"", ""valh"": ""First"", ""saf"": ""False"", ""pc1"": ""True"", ""bdc"": ""1"", ""toh"": ""False"", ""ng"": ""NO"", ""lc"": ""2"", ""negative"": ""STR2N"", ""generic2"": ""True"", ""sb"": ""NO""}",1.609690542012686,2.032540499989409,-27,ExitStatus.FEASIBLE,False,False,2.032540499989409
2025-06-08T09:24:13.567417,KidneyExchange-4-041_c23.xml,"{""input"": ""tests/xcsp3/cop/UNKNOWN/KidneyExchange-4-041_c23.xml"", ""solver"": ""xcsp:ACE@2.4"", ""output_dir"": ""results_comparison"", ""global_time_limit"": 600, ""max_tries"": 50, ""tuning_file"": ""tests/psa/ace.tuning.json"", ""hpo_strategy"": ""hamming"", ""global_time_strategy"": ""PERCENT"", ""percent"": 0.2, ""round_time_strategy"": ""STATIC"", ""time_evolution"": ""STATIC"", ""stop_strategy"": ""TIMEOUT""}",129,"{""varh"": ""Wdeg"", ""valh"": ""Last"", ""saf"": ""False"", ""pc1"": ""True"", ""bdc"": ""100"", ""toh"": ""False"", ""ng"": ""NO"", ""lc"": ""2"", ""negative"": ""V"", ""generic2"": ""True"", ""sb"": ""NO""}",1.609690542012686,1.6750106670078821,,ExitStatus.UNKNOWN,False,False,1.6750106670078821
2025-06-08T09:24:15.692746,KidneyExchange-4-041_c23.xml,"{""input"": ""tests/xcsp3/cop/UNKNOWN/KidneyExchange-4-041_c23.xml"", ""solver"": ""xcsp:ACE@2.4"", ""output_dir"": ""results_comparison"", ""global_time_limit"": 600, ""max_tries"": 50, ""tuning_file"": ""tests/psa/ace.tuning.json"", ""hpo_strategy"": ""hamming"", ""global_time_strategy"": ""PERCENT"", ""percent"": 0.2, ""round_time_strategy"": ""STATIC"", ""time_evolution"": ""STATIC"", ""stop_strategy"": ""TIMEOUT""}",130,"{""varh"": ""RunRobin"", ""valh"": ""RunRobin"", ""saf"": ""False"", ""pc1"": ""True"", ""bdc"": ""1"", ""toh"": ""False"", ""ng"": ""NO"", ""lc"": ""2"", ""negative"": ""V"", ""generic2"": ""True"", ""sb"": ""NO""}",1.609690542012686,1.9412078330060467,-11,ExitStatus.FEASIBLE,False,False,1.9412078330060467
2025-06-08T09:24:17.810683,KidneyExchange-4-041_c23.xml,"{""input"": ""tests/xcsp3/cop/UNKNOWN/KidneyExchange-4-041_c23.xml"", ""solver"": ""xcsp:ACE@2.4"", ""output_dir"": ""results_comparison"", ""global_time_limit"": 600, ""max_tries"": 50, ""tuning_file"": ""tests/psa/ace.tuning.json"", ""hpo_strategy"": ""hamming"", ""global_time_strategy"": ""PERCENT"", ""percent"": 0.2, ""round_time_strategy"": ""STATIC"", ""time_evolution"": ""STATIC"", ""stop_strategy"": ""TIMEOUT""}",131,"{""varh"": ""Wdeg"", ""valh"": ""RunRobin"", ""saf"": ""False"", ""pc1"": ""True"", ""bdc"": ""1"", ""toh"": ""False"", ""ng"": ""NO"", ""lc"": ""2"", ""negative"": ""STR2"", ""generic2"": ""True"", ""sb"": ""NO""}",1.609690542012686,1.941695042012725,-5,ExitStatus.FEASIBLE,False,False,1.941695042012725
2025-06-08T09:24:19.951383,KidneyExchange-4-041_c23.xml,"{""input"": ""tests/xcsp3/cop/UNKNOWN/KidneyExchange-4-041_c23.xml"", ""solver"": ""xcsp:ACE@2.4"", ""output_dir"": ""results_comparison"", ""global_time_limit"": 600, ""max_tries"": 50, ""tuning_file"": ""tests/psa/ace.tuning.json"", ""hpo_strategy"": ""hamming"", ""global_time_strategy"": ""PERCENT"", ""percent"": 0.2, ""round_time_strategy"": ""STATIC"", ""time_evolution"": ""STATIC"", ""stop_strategy"": ""TIMEOUT""}",132,"{""varh"": ""Lexico"", ""valh"": ""First"", ""saf"": ""False"", ""pc1"": ""True"", ""bdc"": ""1"", ""toh"": ""False"", ""ng"": ""NO"", ""lc"": ""10"", ""negative"": ""V"", ""generic2"": ""True"", ""sb"": ""NO""}",1.609690542012686,1.9465534170158207,-27,ExitStatus.FEASIBLE,False,False,1.9465534170158207
2025-06-08T09:24:22.067796,KidneyExchange-4-041_c23.xml,"{""input"": ""tests/xcsp3/cop/UNKNOWN/KidneyExchange-4-041_c23.xml"", ""solver"": ""xcsp:ACE@2.4"", ""output_dir"": ""results_comparison"", ""global_time_limit"": 600, ""max_tries"": 50, ""tuning_file"": ""tests/psa/ace.tuning.json"", ""hpo_strategy"": ""hamming"", ""global_time_strategy"": ""PERCENT"", ""percent"": 0.2, ""round_time_strategy"": ""STATIC"", ""time_evolution"": ""STATIC"", ""stop_strategy"": ""TIMEOUT""}",133,"{""varh"": ""Lexico"", ""valh"": ""OccsR"", ""saf"": ""False"", ""pc1"": ""True"", ""bdc"": ""1"", ""toh"": ""False"", ""ng"": ""NO"", ""lc"": ""2"", ""negative"": ""V"", ""generic2"": ""True"", ""sb"": ""NO""}",1.609690542012686,1.9373951669840608,-19,ExitStatus.FEASIBLE,False,False,1.9373951669840608
2025-06-08T09:24:24.174090,KidneyExchange-4-041_c23.xml,"{""input"": ""tests/xcsp3/cop/UNKNOWN/KidneyExchange-4-041_c23.xml"", ""solver"": ""xcsp:ACE@2.4"", ""output_dir"": ""results_comparison"", ""global_time_limit"": 600, ""max_tries"": 50, ""tuning_file"": ""tests/psa/ace.tuning.json"", ""hpo_strategy"": ""hamming"", ""global_time_strategy"": ""PERCENT"", ""percent"": 0.2, ""round_time_strategy"": ""STATIC"", ""time_evolution"": ""STATIC"", ""stop_strategy"": ""TIMEOUT""}",134,"{""varh"": ""Wdeg"", ""valh"": ""FlrsE"", ""saf"": ""False"", ""pc1"": ""True"", ""bdc"": ""1"", ""toh"": ""False"", ""ng"": ""NO"", ""lc"": ""0"", ""negative"": ""V"", ""generic2"": ""True"", ""sb"": ""NO""}",1.609690542012686,1.9217629580234643,-11,ExitStatus.FEASIBLE,False,False,1.9217629580234643
2025-06-08T09:24:26.297444,KidneyExchange-4-041_c23.xml,"{""input"": ""tests/xcsp3/cop/UNKNOWN/KidneyExchange-4-041_c23.xml"", ""solver"": ""xcsp:ACE@2.4"", ""output_dir"": ""results_comparison"", ""global_time_limit"": 600, ""max_tries"": 50, ""tuning_file"": ""tests/psa/ace.tuning.json"", ""hpo_strategy"": ""hamming"", ""global_time_strategy"": ""PERCENT"", ""percent"": 0.2, ""round_time_strategy"": ""STATIC"", ""time_evolution"": ""STATIC"", ""stop_strategy"": ""TIMEOUT""}",135,"{""varh"": ""Wdeg"", ""valh"": ""Bivs3"", ""saf"": ""False"", ""pc1"": ""True"", ""bdc"": ""1"", ""toh"": ""False"", ""ng"": ""NO"", ""lc"": ""0"", ""negative"": ""V"", ""generic2"": ""True"", ""sb"": ""NO""}",1.609690542012686,1.9278282499872148,-15,ExitStatus.FEASIBLE,False,False,1.9278282499872148
2025-06-08T09:24:28.420794,KidneyExchange-4-041_c23.xml,"{""input"": ""tests/xcsp3/cop/UNKNOWN/KidneyExchange-4-041_c23.xml"", ""solver"": ""xcsp:ACE@2.4"", ""output_dir"": ""results_comparison"", ""global_time_limit"": 600, ""max_tries"": 50, ""tuning_file"": ""tests/psa/ace.tuning.json"", ""hpo_strategy"": ""hamming"", ""global_time_strategy"": ""PERCENT"", ""percent"": 0.2, ""round_time_strategy"": ""STATIC"", ""time_evolution"": ""STATIC"", ""stop_strategy"": ""TIMEOUT""}",136,"{""varh"": ""Impact"", ""valh"": ""First"", ""saf"": ""False"", ""pc1"": ""True"", ""bdc"": ""1"", ""toh"": ""False"", ""ng"": ""NO"", ""lc"": ""1"", ""negative"": ""V"", ""generic2"": ""True"", ""sb"": ""NO""}",1.609690542012686,1.940105624991702,-27,ExitStatus.FEASIBLE,False,False,1.940105624991702
2025-06-08T09:24:30.309851,KidneyExchange-4-041_c23.xml,"{""input"": ""tests/xcsp3/cop/UNKNOWN/KidneyExchange-4-041_c23.xml"", ""solver"": ""xcsp:ACE@2.4"", ""output_dir"": ""results_comparison"", ""global_time_limit"": 600, ""max_tries"": 50, ""tuning_file"": ""tests/psa/ace.tuning.json"", ""hpo_strategy"": ""hamming"", ""global_time_strategy"": ""PERCENT"", ""percent"": 0.2, ""round_time_strategy"": ""STATIC"", ""time_evolution"": ""STATIC"", ""stop_strategy"": ""TIMEOUT""}",137,"{""varh"": ""FrbaOnDom"", ""valh"": ""First"", ""saf"": ""False"", ""pc1"": ""True"", ""bdc"": ""1000"", ""toh"": ""False"", ""ng"": ""NO"", ""lc"": ""2"", ""negative"": ""V"", ""generic2"": ""True"", ""sb"": ""NO""}",1.609690542012686,1.690155832999153,,ExitStatus.UNKNOWN,False,False,1.690155832999153
2025-06-08T09:24:32.433660,KidneyExchange-4-041_c23.xml,"{""input"": ""tests/xcsp3/cop/UNKNOWN/KidneyExchange-4-041_c23.xml"", ""solver"": ""xcsp:ACE@2.4"", ""output_dir"": ""results_comparison"", ""global_time_limit"": 600, ""max_tries"": 50, ""tuning_file"": ""tests/psa/ace.tuning.json"", ""hpo_strategy"": ""hamming"", ""global_time_strategy"": ""PERCENT"", ""percent"": 0.2, ""round_time_strategy"": ""STATIC"", ""time_evolution"": ""STATIC"", ""stop_strategy"": ""TIMEOUT""}",138,"{""varh"": ""WdegOnDom"", ""valh"": ""RunRobin"", ""saf"": ""False"", ""pc1"": ""True"", ""bdc"": ""1"", ""toh"": ""False"", ""ng"": ""NO"", ""lc"": ""2"", ""negative"": ""V"", ""generic2"": ""True"", ""sb"": ""NO""}",1.609690542012686,1.9393600829935167,-9,ExitStatus.FEASIBLE,False,False,1.9393600829935167
2025-06-08T09:24:34.550278,KidneyExchange-4-041_c23.xml,"{""input"": ""tests/xcsp3/cop/UNKNOWN/KidneyExchange-4-041_c23.xml"", ""solver"": ""xcsp:ACE@2.4"", ""output_dir"": ""results_comparison"", ""global_time_limit"": 600, ""max_tries"": 50, ""tuning_file"": ""tests/psa/ace.tuning.json"", ""hpo_strategy"": ""hamming"", ""global_time_strategy"": ""PERCENT"", ""percent"": 0.2, ""round_time_strategy"": ""STATIC"", ""time_evolution"": ""STATIC"", ""stop_strategy"": ""TIMEOUT""}",139,"{""varh"": ""Wdeg"", ""valh"": ""Last"", ""saf"": ""False"", ""pc1"": ""True"", ""bdc"": ""1"", ""toh"": ""False"", ""ng"": ""NO"", ""lc"": ""0"", ""negative"": ""V"", ""generic2"": ""True"", ""sb"": ""NO""}",1.609690542012686,1.9276793749886565,1,ExitStatus.FEASIBLE,False,False,1.9276793749886565
2025-06-08T09:24:36.673695,KidneyExchange-4-041_c23.xml,"{""input"": ""tests/xcsp3/cop/UNKNOWN/KidneyExchange-4-041_c23.xml"", ""solver"": ""xcsp:ACE@2.4"", ""output_dir"": ""results_comparison"", ""global_time_limit"": 600, ""max_tries"": 50, ""tuning_file"": ""tests/psa/ace.tuning.json"", ""hpo_strategy"": ""hamming"", ""global_time_strategy"": ""PERCENT"", ""percent"": 0.2, ""round_time_strategy"": ""STATIC"", ""time_evolution"": ""STATIC"", ""stop_strategy"": ""TIMEOUT""}",140,"{""varh"": ""FrbaOnDom"", ""valh"": ""First"", ""saf"": ""False"", ""pc1"": ""True"", ""bdc"": ""1"", ""toh"": ""False"", ""ng"": ""NO"", ""lc"": ""2"", ""negative"": ""CT"", ""generic2"": ""True"", ""sb"": ""NO""}",1.609690542012686,1.9381286250136327,-7,ExitStatus.FEASIBLE,False,False,1.9381286250136327
2025-06-08T09:24:38.790252,KidneyExchange-4-041_c23.xml,"{""input"": ""tests/xcsp3/cop/UNKNOWN/KidneyExchange-4-041_c23.xml"", ""solver"": ""xcsp:ACE@2.4"", ""output_dir"": ""results_comparison"", ""global_time_limit"": 600, ""max_tries"": 50, ""tuning_file"": ""tests/psa/ace.tuning.json"", ""hpo_strategy"": ""hamming"", ""global_time_strategy"": ""PERCENT"", ""percent"": 0.2, ""round_time_strategy"": ""STATIC"", ""time_evolution"": ""STATIC"", ""stop_strategy"": ""TIMEOUT""}",141,"{""varh"": ""FrbaOnDom"", ""valh"": ""First"", ""saf"": ""False"", ""pc1"": ""True"", ""bdc"": ""1"", ""toh"": ""False"", ""ng"": ""NO"", ""lc"": ""2"", ""negative"": ""V"", ""generic2"": ""False"", ""sb"": ""NO""}",1.609690542012686,1.9178923750005197,-7,ExitStatus.FEASIBLE,False,False,1.9178923750005197
2025-06-08T09:24:40.921883,KidneyExchange-4-041_c23.xml,"{""input"": ""tests/xcsp3/cop/UNKNOWN/KidneyExchange-4-041_c23.xml"", ""solver"": ""xcsp:ACE@2.4"", ""output_dir"": ""results_comparison"", ""global_time_limit"": 600, ""max_tries"": 50, ""tuning_file"": ""tests/psa/ace.tuning.json"", ""hpo_strategy"": ""hamming"", ""global_time_strategy"": ""PERCENT"", ""percent"": 0.2, ""round_time_strategy"": ""STATIC"", ""time_evolution"": ""STATIC"", ""stop_strategy"": ""TIMEOUT""}",142,"{""varh"": ""Memory"", ""valh"": ""First"", ""saf"": ""False"", ""pc1"": ""True"", ""bdc"": ""1"", ""toh"": ""False"", ""ng"": ""NO"", ""lc"": ""2"", ""negative"": ""STR2N"", ""generic2"": ""True"", ""sb"": ""NO""}",1.609690542012686,1.9399655839952175,-3,ExitStatus.FEASIBLE,False,False,1.9399655839952175
2025-06-08T09:24:43.060528,KidneyExchange-4-041_c23.xml,"{""input"": ""tests/xcsp3/cop/UNKNOWN/KidneyExchange-4-041_c23.xml"", ""solver"": ""xcsp:ACE@2.4"", ""output_dir"": ""results_comparison"", ""global_time_limit"": 600, ""max_tries"": 50, ""tuning_file"": ""tests/psa/ace.tuning.json"", ""hpo_strategy"": ""hamming"", ""global_time_strategy"": ""PERCENT"", ""percent"": 0.2, ""round_time_strategy"": ""STATIC"", ""time_evolution"": ""STATIC"", ""stop_strategy"": ""TIMEOUT""}",143,"{""varh"": ""Wdeg"", ""valh"": ""First"", ""saf"": ""False"", ""pc1"": ""False"", ""bdc"": ""1"", ""toh"": ""False"", ""ng"": ""NO"", ""lc"": ""2"", ""negative"": ""STR3"", ""generic2"": ""True"", ""sb"": ""NO""}",1.609690542012686,1.945130457985215,-5,ExitStatus.FEASIBLE,False,False,1.945130457985215
2025-06-08T09:24:45.175880,KidneyExchange-4-041_c23.xml,"{""input"": ""tests/xcsp3/cop/UNKNOWN/KidneyExchange-4-041_c23.xml"", ""solver"": ""xcsp:ACE@2.4"", ""output_dir"": ""results_comparison"", ""global_time_limit"": 600, ""max_tries"": 50, ""tuning_file"": ""tests/psa/ace.tuning.json"", ""hpo_strategy"": ""hamming"", ""global_time_strategy"": ""PERCENT"", ""percent"": 0.2, ""round_time_strategy"": ""STATIC"", ""time_evolution"": ""STATIC"", ""stop_strategy"": ""TIMEOUT""}",144,"{""varh"": ""Memory"", ""valh"": ""First"", ""saf"": ""False"", ""pc1"": ""True"", ""bdc"": ""1"", ""toh"": ""False"", ""ng"": ""NO"", ""lc"": ""0"", ""negative"": ""V"", ""generic2"": ""True"", ""sb"": ""NO""}",1.609690542012686,1.929350250022253,-3,ExitStatus.FEASIBLE,False,False,1.929350250022253
2025-06-08T09:24:47.295729,KidneyExchange-4-041_c23.xml,"{""input"": ""tests/xcsp3/cop/UNKNOWN/KidneyExchange-4-041_c23.xml"", ""solver"": ""xcsp:ACE@2.4"", ""output_dir"": ""results_comparison"", ""global_time_limit"": 600, ""max_tries"": 50, ""tuning_file"": ""tests/psa/ace.tuning.json"", ""hpo_strategy"": ""hamming"", ""global_time_strategy"": ""PERCENT"", ""percent"": 0.2, ""round_time_strategy"": ""STATIC"", ""time_evolution"": ""STATIC"", ""stop_strategy"": ""TIMEOUT""}",145,"{""varh"": ""PickOnDom"", ""valh"": ""First"", ""saf"": ""False"", ""pc1"": ""True"", ""bdc"": ""1"", ""toh"": ""False"", ""ng"": ""NO"", ""lc"": ""2"", ""negative"": ""STR1N"", ""generic2"": ""True"", ""sb"": ""NO""}",1.609690542012686,1.9254270840028767,-5,ExitStatus.FEASIBLE,False,False,1.9254270840028767
2025-06-08T09:24:53.493857,KidneyExchange-4-041_c23.xml,"{""input"": ""tests/xcsp3/cop/UNKNOWN/KidneyExchange-4-041_c23.xml"", ""solver"": ""xcsp:ACE@2.4"", ""output_dir"": ""results_comparison"", ""global_time_limit"": 600, ""max_tries"": 50, ""tuning_file"": ""tests/psa/ace.tuning.json"", ""hpo_strategy"": ""hamming"", ""global_time_strategy"": ""PERCENT"", ""percent"": 0.2, ""round_time_strategy"": ""STATIC"", ""time_evolution"": ""STATIC"", ""stop_strategy"": ""TIMEOUT""}",146,"{""varh"": ""Wdeg"", ""valh"": ""Conflicts"", ""saf"": ""False"", ""pc1"": ""True"", ""bdc"": ""1"", ""toh"": ""False"", ""ng"": ""NO"", ""lc"": ""5"", ""negative"": ""V"", ""generic2"": ""True"", ""sb"": ""NO""}",1.609690542012686,1,,ExitStatus.UNKNOWN,False,False,1
2025-06-08T09:24:55.648398,KidneyExchange-4-041_c23.xml,"{""input"": ""tests/xcsp3/cop/UNKNOWN/KidneyExchange-4-041_c23.xml"", ""solver"": ""xcsp:ACE@2.4"", ""output_dir"": ""results_comparison"", ""global_time_limit"": 600, ""max_tries"": 50, ""tuning_file"": ""tests/psa/ace.tuning.json"", ""hpo_strategy"": ""hamming"", ""global_time_strategy"": ""PERCENT"", ""percent"": 0.2, ""round_time_strategy"": ""STATIC"", ""time_evolution"": ""STATIC"", ""stop_strategy"": ""TIMEOUT""}",147,"{""varh"": ""Rand"", ""valh"": ""First"", ""saf"": ""False"", ""pc1"": ""False"", ""bdc"": ""1"", ""toh"": ""False"", ""ng"": ""NO"", ""lc"": ""2"", ""negative"": ""V"", ""generic2"": ""True"", ""sb"": ""NO""}",1.609690542012686,1.9797505000024103,-9,ExitStatus.FEASIBLE,False,False,1.9797505000024103
2025-06-08T09:24:57.834169,KidneyExchange-4-041_c23.xml,"{""input"": ""tests/xcsp3/cop/UNKNOWN/KidneyExchange-4-041_c23.xml"", ""solver"": ""xcsp:ACE@2.4"", ""output_dir"": ""results_comparison"", ""global_time_limit"": 600, ""max_tries"": 50, ""tuning_file"": ""tests/psa/ace.tuning.json"", ""hpo_strategy"": ""hamming"", ""global_time_strategy"": ""PERCENT"", ""percent"": 0.2, ""round_time_strategy"": ""STATIC"", ""time_evolution"": ""STATIC"", ""stop_strategy"": ""TIMEOUT""}",148,"{""varh"": ""PickOnDom"", ""valh"": ""First"", ""saf"": ""False"", ""pc1"": ""True"", ""bdc"": ""10"", ""toh"": ""False"", ""ng"": ""NO"", ""lc"": ""2"", ""negative"": ""V"", ""generic2"": ""True"", ""sb"": ""NO""}",1.609690542012686,1.9872324579919223,-14,ExitStatus.FEASIBLE,False,False,1.9872324579919223
2025-06-08T09:25:00.013061,KidneyExchange-4-041_c23.xml,"{""input"": ""tests/xcsp3/cop/UNKNOWN/KidneyExchange-4-041_c23.xml"", ""solver"": ""xcsp:ACE@2.4"", ""output_dir"": ""results_comparison"", ""global_time_limit"": 600, ""max_tries"": 50, ""tuning_file"": ""tests/psa/ace.tuning.json"", ""hpo_strategy"": ""hamming"", ""global_time_strategy"": ""PERCENT"", ""percent"": 0.2, ""round_time_strategy"": ""STATIC"", ""time_evolution"": ""STATIC"", ""stop_strategy"": ""TIMEOUT""}",149,"{""varh"": ""Wdeg"", ""valh"": ""First"", ""saf"": ""True"", ""pc1"": ""True"", ""bdc"": ""1"", ""toh"": ""False"", ""ng"": ""NO"", ""lc"": ""2"", ""negative"": ""STR2N"", ""generic2"": ""True"", ""sb"": ""NO""}",1.609690542012686,1.9865347919985652,-13,ExitStatus.FEASIBLE,False,False,1.9865347919985652
2025-06-08T09:25:01.966929,KidneyExchange-4-041_c23.xml,"{""input"": ""tests/xcsp3/cop/UNKNOWN/KidneyExchange-4-041_c23.xml"", ""solver"": ""xcsp:ACE@2.4"", ""output_dir"": ""results_comparison"", ""global_time_limit"": 600, ""max_tries"": 50, ""tuning_file"": ""tests/psa/ace.tuning.json"", ""hpo_strategy"": ""hamming"", ""global_time_strategy"": ""PERCENT"", ""percent"": 0.2, ""round_time_strategy"": ""STATIC"", ""time_evolution"": ""STATIC"", ""stop_strategy"": ""TIMEOUT""}",150,"{""varh"": ""Wdeg"", ""valh"": ""First"", ""saf"": ""False"", ""pc1"": ""True"", ""bdc"": ""1000"", ""toh"": ""False"", ""ng"": ""NO"", ""lc"": ""2"", ""negative"": ""STR1"", ""generic2"": ""True"", ""sb"": ""NO""}",1.609690542012686,1.7719637499831151,,ExitStatus.UNKNOWN,False,False,1.7719637499831151
2025-06-08T09:25:04.171461,KidneyExchange-4-041_c23.xml,"{""input"": ""tests/xcsp3/cop/UNKNOWN/KidneyExchange-4-041_c23.xml"", ""solver"": ""xcsp:ACE@2.4"", ""output_dir"": ""results_comparison"", ""global_time_limit"": 600, ""max_tries"": 50, ""tuning_file"": ""tests/psa/ace.tuning.json"", ""hpo_strategy"": ""hamming"", ""global_time_strategy"": ""PERCENT"", ""percent"": 0.2, ""round_time_strategy"": ""STATIC"", ""time_evolution"": ""STATIC"", ""stop_strategy"": ""TIMEOUT""}",151,"{""varh"": ""Wdeg"", ""valh"": ""First"", ""saf"": ""False"", ""pc1"": ""False"", ""bdc"": ""1"", ""toh"": ""False"", ""ng"": ""NO"", ""lc"": ""2"", ""negative"": ""STR0"", ""generic2"": ""True"", ""sb"": ""NO""}",1.609690542012686,2.0156578340101987,-5,ExitStatus.FEASIBLE,False,False,2.0156578340101987
2025-06-08T09:25:06.308254,KidneyExchange-4-041_c23.xml,"{""input"": ""tests/xcsp3/cop/UNKNOWN/KidneyExchange-4-041_c23.xml"", ""solver"": ""xcsp:ACE@2.4"", ""output_dir"": ""results_comparison"", ""global_time_limit"": 600, ""max_tries"": 50, ""tuning_file"": ""tests/psa/ace.tuning.json"", ""hpo_strategy"": ""hamming"", ""global_time_strategy"": ""PERCENT"", ""percent"": 0.2, ""round_time_strategy"": ""STATIC"", ""time_evolution"": ""STATIC"", ""stop_strategy"": ""TIMEOUT""}",152,"{""varh"": ""WdegOnDom"", ""valh"": ""First"", ""saf"": ""False"", ""pc1"": ""True"", ""bdc"": ""1"", ""toh"": ""False"", ""ng"": ""NO"", ""lc"": ""2"", ""negative"": ""STR1"", ""generic2"": ""True"", ""sb"": ""NO""}",1.609690542012686,1.946457542013377,-9,ExitStatus.FEASIBLE,False,False,1.946457542013377
2025-06-08T09:25:08.469029,KidneyExchange-4-041_c23.xml,"{""input"": ""tests/xcsp3/cop/UNKNOWN/KidneyExchange-4-041_c23.xml"", ""solver"": ""xcsp:ACE@2.4"", ""output_dir"": ""results_comparison"", ""global_time_limit"": 600, ""max_tries"": 50, ""tuning_file"": ""tests/psa/ace.tuning.json"", ""hpo_strategy"": ""hamming"", ""global_time_strategy"": ""PERCENT"", ""percent"": 0.2, ""round_time_strategy"": ""STATIC"", ""time_evolution"": ""STATIC"", ""stop_strategy"": ""TIMEOUT""}",153,"{""varh"": ""Wdeg"", ""valh"": ""First"", ""saf"": ""False"", ""pc1"": ""False"", ""bdc"": ""1"", ""toh"": ""False"", ""ng"": ""NO"", ""lc"": ""2"", ""negative"": ""STR1"", ""generic2"": ""True"", ""sb"": ""NO""}",1.609690542012686,1.96679595799651,-5,ExitStatus.FEASIBLE,False,False,1.96679595799651
2025-06-08T09:25:10.647138,KidneyExchange-4-041_c23.xml,"{""input"": ""tests/xcsp3/cop/UNKNOWN/KidneyExchange-4-041_c23.xml"", ""solver"": ""xcsp:ACE@2.4"", ""output_dir"": ""results_comparison"", ""global_time_limit"": 600, ""max_tries"": 50, ""tuning_file"": ""tests/psa/ace.tuning.json"", ""hpo_strategy"": ""hamming"", ""global_time_strategy"": ""PERCENT"", ""percent"": 0.2, ""round_time_strategy"": ""STATIC"", ""time_evolution"": ""STATIC"", ""stop_strategy"": ""TIMEOUT""}",154,"{""varh"": ""Wdeg"", ""valh"": ""RunRobin"", ""saf"": ""False"", ""pc1"": ""True"", ""bdc"": ""1"", ""toh"": ""False"", ""ng"": ""NO"", ""lc"": ""2"", ""negative"": ""STR1N"", ""generic2"": ""True"", ""sb"": ""NO""}",1.609690542012686,1.9892701250209939,-13,ExitStatus.FEASIBLE,False,False,1.9892701250209939
2025-06-08T09:25:12.854106,KidneyExchange-4-041_c23.xml,"{""input"": ""tests/xcsp3/cop/UNKNOWN/KidneyExchange-4-041_c23.xml"", ""solver"": ""xcsp:ACE@2.4"", ""output_dir"": ""results_comparison"", ""global_time_limit"": 600, ""max_tries"": 50, ""tuning_file"": ""tests/psa/ace.tuning.json"", ""hpo_strategy"": ""hamming"", ""global_time_strategy"": ""PERCENT"", ""percent"": 0.2, ""round_time_strategy"": ""STATIC"", ""time_evolution"": ""STATIC"", ""stop_strategy"": ""TIMEOUT""}",155,"{""varh"": ""Lexico"", ""valh"": ""First"", ""saf"": ""False"", ""pc1"": ""True"", ""bdc"": ""1"", ""toh"": ""False"", ""ng"": ""NO"", ""lc"": ""2"", ""negative"": ""V"", ""generic2"": ""False"", ""sb"": ""NO""}",1.609690542012686,1.9977533750061411,-27,ExitStatus.FEASIBLE,False,False,1.9977533750061411
2025-06-08T09:25:19.080774,KidneyExchange-4-041_c23.xml,"{""input"": ""tests/xcsp3/cop/UNKNOWN/KidneyExchange-4-041_c23.xml"", ""solver"": ""xcsp:ACE@2.4"", ""output_dir"": ""results_comparison"", ""global_time_limit"": 600, ""max_tries"": 50, ""tuning_file"": ""tests/psa/ace.tuning.json"", ""hpo_strategy"": ""hamming"", ""global_time_strategy"": ""PERCENT"", ""percent"": 0.2, ""round_time_strategy"": ""STATIC"", ""time_evolution"": ""STATIC"", ""stop_strategy"": ""TIMEOUT""}",156,"{""varh"": ""Wdeg"", ""valh"": ""Conflicts"", ""saf"": ""False"", ""pc1"": ""True"", ""bdc"": ""1"", ""toh"": ""False"", ""ng"": ""NO"", ""lc"": ""2"", ""negative"": ""CT"", ""generic2"": ""True"", ""sb"": ""NO""}",1.609690542012686,1,,ExitStatus.UNKNOWN,False,False,1
2025-06-08T09:25:21.306136,KidneyExchange-4-041_c23.xml,"{""input"": ""tests/xcsp3/cop/UNKNOWN/KidneyExchange-4-041_c23.xml"", ""solver"": ""xcsp:ACE@2.4"", ""output_dir"": ""results_comparison"", ""global_time_limit"": 600, ""max_tries"": 50, ""tuning_file"": ""tests/psa/ace.tuning.json"", ""hpo_strategy"": ""hamming"", ""global_time_strategy"": ""PERCENT"", ""percent"": 0.2, ""round_time_strategy"": ""STATIC"", ""time_evolution"": ""STATIC"", ""stop_strategy"": ""TIMEOUT""}",157,"{""varh"": ""Impact"", ""valh"": ""First"", ""saf"": ""False"", ""pc1"": ""True"", ""bdc"": ""1"", ""toh"": ""False"", ""ng"": ""NO"", ""lc"": ""2"", ""negative"": ""STR0"", ""generic2"": ""True"", ""sb"": ""NO""}",1.609690542012686,2.028443791990867,-27,ExitStatus.FEASIBLE,False,False,2.028443791990867
2025-06-08T09:25:23.545116,KidneyExchange-4-041_c23.xml,"{""input"": ""tests/xcsp3/cop/UNKNOWN/KidneyExchange-4-041_c23.xml"", ""solver"": ""xcsp:ACE@2.4"", ""output_dir"": ""results_comparison"", ""global_time_limit"": 600, ""max_tries"": 50, ""tuning_file"": ""tests/psa/ace.tuning.json"", ""hpo_strategy"": ""hamming"", ""global_time_strategy"": ""PERCENT"", ""percent"": 0.2, ""round_time_strategy"": ""STATIC"", ""time_evolution"": ""STATIC"", ""stop_strategy"": ""TIMEOUT""}",158,"{""varh"": ""Lexico"", ""valh"": ""Rand"", ""saf"": ""False"", ""pc1"": ""True"", ""bdc"": ""1"", ""toh"": ""False"", ""ng"": ""NO"", ""lc"": ""2"", ""negative"": ""V"", ""generic2"": ""True"", ""sb"": ""NO""}",1.609690542012686,2.0125042909930926,-5,ExitStatus.FEASIBLE,False,False,2.0125042909930926
2025-06-08T09:25:25.856556,KidneyExchange-4-041_c23.xml,"{""input"": ""tests/xcsp3/cop/UNKNOWN/KidneyExchange-4-041_c23.xml"", ""solver"": ""xcsp:ACE@2.4"", ""output_dir"": ""results_comparison"", ""global_time_limit"": 600, ""max_tries"": 50, ""tuning_file"": ""tests/psa/ace.tuning.json"", ""hpo_strategy"": ""hamming"", ""global_time_strategy"": ""PERCENT"", ""percent"": 0.2, ""round_time_strategy"": ""STATIC"", ""time_evolution"": ""STATIC"", ""stop_strategy"": ""TIMEOUT""}",159,"{""varh"": ""Wdeg"", ""valh"": ""First"", ""saf"": ""False"", ""pc1"": ""True"", ""bdc"": ""1"", ""toh"": ""False"", ""ng"": ""NO"", ""lc"": ""0"", ""negative"": ""STR1N"", ""generic2"": ""True"", ""sb"": ""NO""}",1.609690542012686,2.1179035840032157,-15,ExitStatus.FEASIBLE,False,False,2.1179035840032157
2025-06-08T09:25:28.108777,KidneyExchange-4-041_c23.xml,"{""input"": ""tests/xcsp3/cop/UNKNOWN/KidneyExchange-4-041_c23.xml"", ""solver"": ""xcsp:ACE@2.4"", ""output_dir"": ""results_comparison"", ""global_time_limit"": 600, ""max_tries"": 50, ""tuning_file"": ""tests/psa/ace.tuning.json"", ""hpo_strategy"": ""hamming"", ""global_time_strategy"": ""PERCENT"", ""percent"": 0.2, ""round_time_strategy"": ""STATIC"", ""time_evolution"": ""STATIC"", ""stop_strategy"": ""TIMEOUT""}",160,"{""varh"": ""Wdeg"", ""valh"": ""First"", ""saf"": ""False"", ""pc1"": ""False"", ""bdc"": ""1"", ""toh"": ""False"", ""ng"": ""NO"", ""lc"": ""5"", ""negative"": ""V"", ""generic2"": ""True"", ""sb"": ""NO""}",1.609690542012686,2.045534458011389,-9,ExitStatus.FEASIBLE,False,False,2.045534458011389
2025-06-08T09:25:30.356120,KidneyExchange-4-041_c23.xml,"{""input"": ""tests/xcsp3/cop/UNKNOWN/KidneyExchange-4-041_c23.xml"", ""solver"": ""xcsp:ACE@2.4"", ""output_dir"": ""results_comparison"", ""global_time_limit"": 600, ""max_tries"": 50, ""tuning_file"": ""tests/psa/ace.tuning.json"", ""hpo_strategy"": ""hamming"", ""global_time_strategy"": ""PERCENT"", ""percent"": 0.2, ""round_time_strategy"": ""STATIC"", ""time_evolution"": ""STATIC"", ""stop_strategy"": ""TIMEOUT""}",161,"{""varh"": ""Wdeg"", ""valh"": ""Last"", ""saf"": ""False"", ""pc1"": ""True"", ""bdc"": ""1"", ""toh"": ""False"", ""ng"": ""NO"", ""lc"": ""2"", ""negative"": ""STR1"", ""generic2"": ""True"", ""sb"": ""NO""}",1.609690542012686,2.0437842090032063,1,ExitStatus.FEASIBLE,False,False,2.0437842090032063
2025-06-08T09:25:32.403914,KidneyExchange-4-041_c23.xml,"{""input"": ""tests/xcsp3/cop/UNKNOWN/KidneyExchange-4-041_c23.xml"", ""solver"": ""xcsp:ACE@2.4"", ""output_dir"": ""results_comparison"", ""global_time_limit"": 600, ""max_tries"": 50, ""tuning_file"": ""tests/psa/ace.tuning.json"", ""hpo_strategy"": ""hamming"", ""global_time_strategy"": ""PERCENT"", ""percent"": 0.2, ""round_time_strategy"": ""STATIC"", ""time_evolution"": ""STATIC"", ""stop_strategy"": ""TIMEOUT""}",162,"{""varh"": ""Wdeg"", ""valh"": ""OccsR"", ""saf"": ""False"", ""pc1"": ""True"", ""bdc"": ""1000"", ""toh"": ""False"", ""ng"": ""NO"", ""lc"": ""2"", ""negative"": ""V"", ""generic2"": ""True"", ""sb"": ""NO""}",1.609690542012686,1.8455763749952894,,ExitStatus.UNKNOWN,False,False,1.8455763749952894
2025-06-08T09:25:34.663067,KidneyExchange-4-041_c23.xml,"{""input"": ""tests/xcsp3/cop/UNKNOWN/KidneyExchange-4-041_c23.xml"", ""solver"": ""xcsp:ACE@2.4"", ""output_dir"": ""results_comparison"", ""global_time_limit"": 600, ""max_tries"": 50, ""tuning_file"": ""tests/psa/ace.tuning.json"", ""hpo_strategy"": ""hamming"", ""global_time_strategy"": ""PERCENT"", ""percent"": 0.2, ""round_time_strategy"": ""STATIC"", ""time_evolution"": ""STATIC"", ""stop_strategy"": ""TIMEOUT""}",163,"{""varh"": ""Lexico"", ""valh"": ""First"", ""saf"": ""False"", ""pc1"": ""True"", ""bdc"": ""1"", ""toh"": ""False"", ""ng"": ""NO"", ""lc"": ""0"", ""negative"": ""V"", ""generic2"": ""True"", ""sb"": ""NO""}",1.609690542012686,2.046781082986854,-27,ExitStatus.FEASIBLE,False,False,2.046781082986854
2025-06-08T09:25:40.888954,KidneyExchange-4-041_c23.xml,"{""input"": ""tests/xcsp3/cop/UNKNOWN/KidneyExchange-4-041_c23.xml"", ""solver"": ""xcsp:ACE@2.4"", ""output_dir"": ""results_comparison"", ""global_time_limit"": 600, ""max_tries"": 50, ""tuning_file"": ""tests/psa/ace.tuning.json"", ""hpo_strategy"": ""hamming"", ""global_time_strategy"": ""PERCENT"", ""percent"": 0.2, ""round_time_strategy"": ""STATIC"", ""time_evolution"": ""STATIC"", ""stop_strategy"": ""TIMEOUT""}",164,"{""varh"": ""Wdeg"", ""valh"": ""Conflicts"", ""saf"": ""False"", ""pc1"": ""True"", ""bdc"": ""100"", ""toh"": ""False"", ""ng"": ""NO"", ""lc"": ""2"", ""negative"": ""V"", ""generic2"": ""True"", ""sb"": ""NO""}",1.609690542012686,1,,ExitStatus.UNKNOWN,False,False,1
2025-06-08T09:25:43.250682,KidneyExchange-4-041_c23.xml,"{""input"": ""tests/xcsp3/cop/UNKNOWN/KidneyExchange-4-041_c23.xml"", ""solver"": ""xcsp:ACE@2.4"", ""output_dir"": ""results_comparison"", ""global_time_limit"": 600, ""max_tries"": 50, ""tuning_file"": ""tests/psa/ace.tuning.json"", ""hpo_strategy"": ""hamming"", ""global_time_strategy"": ""PERCENT"", ""percent"": 0.2, ""round_time_strategy"": ""STATIC"", ""time_evolution"": ""STATIC"", ""stop_strategy"": ""TIMEOUT""}",165,"{""varh"": ""Wdeg"", ""valh"": ""First"", ""saf"": ""True"", ""pc1"": ""True"", ""bdc"": ""10"", ""toh"": ""False"", ""ng"": ""NO"", ""lc"": ""2"", ""negative"": ""V"", ""generic2"": ""True"", ""sb"": ""NO""}",1.609690542012686,2.1571944169991184,-23,ExitStatus.FEASIBLE,False,False,2.1571944169991184
2025-06-08T09:25:45.674340,KidneyExchange-4-041_c23.xml,"{""input"": ""tests/xcsp3/cop/UNKNOWN/KidneyExchange-4-041_c23.xml"", ""solver"": ""xcsp:ACE@2.4"", ""output_dir"": ""results_comparison"", ""global_time_limit"": 600, ""max_tries"": 50, ""tuning_file"": ""tests/psa/ace.tuning.json"", ""hpo_strategy"": ""hamming"", ""global_time_strategy"": ""PERCENT"", ""percent"": 0.2, ""round_time_strategy"": ""STATIC"", ""time_evolution"": ""STATIC"", ""stop_strategy"": ""TIMEOUT""}",166,"{""varh"": ""Impact"", ""valh"": ""First"", ""saf"": ""False"", ""pc1"": ""True"", ""bdc"": ""1"", ""toh"": ""False"", ""ng"": ""NO"", ""lc"": ""2"", ""negative"": ""V"", ""generic2"": ""False"", ""sb"": ""NO""}",1.609690542012686,2.209404708002694,-27,ExitStatus.FEASIBLE,False,False,2.209404708002694
2025-06-08T09:25:48.185504,KidneyExchange-4-041_c23.xml,"{""input"": ""tests/xcsp3/cop/UNKNOWN/KidneyExchange-4-041_c23.xml"", ""solver"": ""xcsp:ACE@2.4"", ""output_dir"": ""results_comparison"", ""global_time_limit"": 600, ""max_tries"": 50, ""tuning_file"": ""tests/psa/ace.tuning.json"", ""hpo_strategy"": ""hamming"", ""global_time_strategy"": ""PERCENT"", ""percent"": 0.2, ""round_time_strategy"": ""STATIC"", ""time_evolution"": ""STATIC"", ""stop_strategy"": ""TIMEOUT""}",167,"{""varh"": ""Wdeg"", ""valh"": ""OccsR"", ""saf"": ""False"", ""pc1"": ""True"", ""bdc"": ""1"", ""toh"": ""False"", ""ng"": ""NO"", ""lc"": ""2"", ""negative"": ""V"", ""generic2"": ""False"", ""sb"": ""NO""}",1.609690542012686,2.2655795410100836,-15,ExitStatus.FEASIBLE,False,False,2.2655795410100836
2025-06-08T09:25:50.465748,KidneyExchange-4-041_c23.xml,"{""input"": ""tests/xcsp3/cop/UNKNOWN/KidneyExchange-4-041_c23.xml"", ""solver"": ""xcsp:ACE@2.4"", ""output_dir"": ""results_comparison"", ""global_time_limit"": 600, ""max_tries"": 50, ""tuning_file"": ""tests/psa/ace.tuning.json"", ""hpo_strategy"": ""hamming"", ""global_time_strategy"": ""PERCENT"", ""percent"": 0.2, ""round_time_strategy"": ""STATIC"", ""time_evolution"": ""STATIC"", ""stop_strategy"": ""TIMEOUT""}",168,"{""varh"": ""RunRobin"", ""valh"": ""First"", ""saf"": ""False"", ""pc1"": ""True"", ""bdc"": ""1"", ""toh"": ""False"", ""ng"": ""NO"", ""lc"": ""5"", ""negative"": ""V"", ""generic2"": ""True"", ""sb"": ""NO""}",1.609690542012686,2.068212707992643,-27,ExitStatus.FEASIBLE,False,False,2.068212707992643
2025-06-08T09:25:52.725899,KidneyExchange-4-041_c23.xml,"{""input"": ""tests/xcsp3/cop/UNKNOWN/KidneyExchange-4-041_c23.xml"", ""solver"": ""xcsp:ACE@2.4"", ""output_dir"": ""results_comparison"", ""global_time_limit"": 600, ""max_tries"": 50, ""tuning_file"": ""tests/psa/ace.tuning.json"", ""hpo_strategy"": ""hamming"", ""global_time_strategy"": ""PERCENT"", ""percent"": 0.2, ""round_time_strategy"": ""STATIC"", ""time_evolution"": ""STATIC"", ""stop_strategy"": ""TIMEOUT""}",169,"{""varh"": ""Wdeg"", ""valh"": ""Median"", ""saf"": ""False"", ""pc1"": ""True"", ""bdc"": ""100"", ""toh"": ""False"", ""ng"": ""NO"", ""lc"": ""2"", ""negative"": ""V"", ""generic2"": ""True"", ""sb"": ""NO""}",1.609690542012686,2.04977450001752,,ExitStatus.UNKNOWN,False,False,2.04977450001752
2025-06-08T09:25:55.064400,KidneyExchange-4-041_c23.xml,"{""input"": ""tests/xcsp3/cop/UNKNOWN/KidneyExchange-4-041_c23.xml"", ""solver"": ""xcsp:ACE@2.4"", ""output_dir"": ""results_comparison"", ""global_time_limit"": 600, ""max_tries"": 50, ""tuning_file"": ""tests/psa/ace.tuning.json"", ""hpo_strategy"": ""hamming"", ""global_time_strategy"": ""PERCENT"", ""percent"": 0.2, ""round_time_strategy"": ""STATIC"", ""time_evolution"": ""STATIC"", ""stop_strategy"": ""TIMEOUT""}",170,"{""varh"": ""Wdeg"", ""valh"": ""First"", ""saf"": ""False"", ""pc1"": ""True"", ""bdc"": ""1"", ""toh"": ""False"", ""ng"": ""NO"", ""lc"": ""2"", ""negative"": ""STR1N"", ""generic2"": ""False"", ""sb"": ""NO""}",1.609690542012686,2.1191901249985676,-15,ExitStatus.FEASIBLE,False,False,2.1191901249985676
2025-06-08T09:25:57.377224,KidneyExchange-4-041_c23.xml,"{""input"": ""tests/xcsp3/cop/UNKNOWN/KidneyExchange-4-041_c23.xml"", ""solver"": ""xcsp:ACE@2.4"", ""output_dir"": ""results_comparison"", ""global_time_limit"": 600, ""max_tries"": 50, ""tuning_file"": ""tests/psa/ace.tuning.json"", ""hpo_strategy"": ""hamming"", ""global_time_strategy"": ""PERCENT"", ""percent"": 0.2, ""round_time_strategy"": ""STATIC"", ""time_evolution"": ""STATIC"", ""stop_strategy"": ""TIMEOUT""}",171,"{""varh"": ""Wdeg"", ""valh"": ""FlrsE"", ""saf"": ""False"", ""pc1"": ""True"", ""bdc"": ""1"", ""toh"": ""False"", ""ng"": ""NO"", ""lc"": ""2"", ""negative"": ""V"", ""generic2"": ""False"", ""sb"": ""NO""}",1.609690542012686,2.1085557079932187,-15,ExitStatus.FEASIBLE,False,False,2.1085557079932187
2025-06-08T09:25:59.745176,KidneyExchange-4-041_c23.xml,"{""input"": ""tests/xcsp3/cop/UNKNOWN/KidneyExchange-4-041_c23.xml"", ""solver"": ""xcsp:ACE@2.4"", ""output_dir"": ""results_comparison"", ""global_time_limit"": 600, ""max_tries"": 50, ""tuning_file"": ""tests/psa/ace.tuning.json"", ""hpo_strategy"": ""hamming"", ""global_time_strategy"": ""PERCENT"", ""percent"": 0.2, ""round_time_strategy"": ""STATIC"", ""time_evolution"": ""STATIC"", ""stop_strategy"": ""TIMEOUT""}",172,"{""varh"": ""Impact"", ""valh"": ""Rand"", ""saf"": ""False"", ""pc1"": ""True"", ""bdc"": ""1"", ""toh"": ""False"", ""ng"": ""NO"", ""lc"": ""2"", ""negative"": ""V"", ""generic2"": ""True"", ""sb"": ""NO""}",1.609690542012686,2.1646933750016615,-7,ExitStatus.FEASIBLE,False,False,2.1646933750016615
2025-06-08T09:26:02.052717,KidneyExchange-4-041_c23.xml,"{""input"": ""tests/xcsp3/cop/UNKNOWN/KidneyExchange-4-041_c23.xml"", ""solver"": ""xcsp:ACE@2.4"", ""output_dir"": ""results_comparison"", ""global_time_limit"": 600, ""max_tries"": 50, ""tuning_file"": ""tests/psa/ace.tuning.json"", ""hpo_strategy"": ""hamming"", ""global_time_strategy"": ""PERCENT"", ""percent"": 0.2, ""round_time_strategy"": ""STATIC"", ""time_evolution"": ""STATIC"", ""stop_strategy"": ""TIMEOUT""}",173,"{""varh"": ""Memory"", ""valh"": ""First"", ""saf"": ""False"", ""pc1"": ""True"", ""bdc"": ""100"", ""toh"": ""False"", ""ng"": ""NO"", ""lc"": ""2"", ""negative"": ""V"", ""generic2"": ""True"", ""sb"": ""NO""}",1.609690542012686,2.058128416974796,,ExitStatus.UNKNOWN,False,False,2.058128416974796
2025-06-08T09:26:04.381433,KidneyExchange-4-041_c23.xml,"{""input"": ""tests/xcsp3/cop/UNKNOWN/KidneyExchange-4-041_c23.xml"", ""solver"": ""xcsp:ACE@2.4"", ""output_dir"": ""results_comparison"", ""global_time_limit"": 600, ""max_tries"": 50, ""tuning_file"": ""tests/psa/ace.tuning.json"", ""hpo_strategy"": ""hamming"", ""global_time_strategy"": ""PERCENT"", ""percent"": 0.2, ""round_time_strategy"": ""STATIC"", ""time_evolution"": ""STATIC"", ""stop_strategy"": ""TIMEOUT""}",174,"{""varh"": ""Activity"", ""valh"": ""First"", ""saf"": ""False"", ""pc1"": ""True"", ""bdc"": ""100"", ""toh"": ""False"", ""ng"": ""NO"", ""lc"": ""2"", ""negative"": ""V"", ""generic2"": ""True"", ""sb"": ""NO""}",1.609690542012686,2.1195162500080187,,ExitStatus.UNKNOWN,False,False,2.1195162500080187
2025-06-08T09:26:06.697872,KidneyExchange-4-041_c23.xml,"{""input"": ""tests/xcsp3/cop/UNKNOWN/KidneyExchange-4-041_c23.xml"", ""solver"": ""xcsp:ACE@2.4"", ""output_dir"": ""results_comparison"", ""global_time_limit"": 600, ""max_tries"": 50, ""tuning_file"": ""tests/psa/ace.tuning.json"", ""hpo_strategy"": ""hamming"", ""global_time_strategy"": ""PERCENT"", ""percent"": 0.2, ""round_time_strategy"": ""STATIC"", ""time_evolution"": ""STATIC"", ""stop_strategy"": ""TIMEOUT""}",175,"{""varh"": ""Memory"", ""valh"": ""First"", ""saf"": ""False"", ""pc1"": ""True"", ""bdc"": ""1"", ""toh"": ""False"", ""ng"": ""NO"", ""lc"": ""2"", ""negative"": ""VA"", ""generic2"": ""True"", ""sb"": ""NO""}",1.609690542012686,2.103502790996572,-27,ExitStatus.FEASIBLE,False,False,2.103502790996572
2025-06-08T09:26:09.057070,KidneyExchange-4-041_c23.xml,"{""input"": ""tests/xcsp3/cop/UNKNOWN/KidneyExchange-4-041_c23.xml"", ""solver"": ""xcsp:ACE@2.4"", ""output_dir"": ""results_comparison"", ""global_time_limit"": 600, ""max_tries"": 50, ""tuning_file"": ""tests/psa/ace.tuning.json"", ""hpo_strategy"": ""hamming"", ""global_time_strategy"": ""PERCENT"", ""percent"": 0.2, ""round_time_strategy"": ""STATIC"", ""time_evolution"": ""STATIC"", ""stop_strategy"": ""TIMEOUT""}",176,"{""varh"": ""FrbaOnDom"", ""valh"": ""First"", ""saf"": ""False"", ""pc1"": ""True"", ""bdc"": ""1"", ""toh"": ""False"", ""ng"": ""NO"", ""lc"": ""5"", ""negative"": ""V"", ""generic2"": ""True"", ""sb"": ""NO""}",1.609690542012686,2.153030999994371,-15,ExitStatus.FEASIBLE,False,False,2.153030999994371
2025-06-08T09:26:11.444186,KidneyExchange-4-041_c23.xml,"{""input"": ""tests/xcsp3/cop/UNKNOWN/KidneyExchange-4-041_c23.xml"", ""solver"": ""xcsp:ACE@2.4"", ""output_dir"": ""results_comparison"", ""global_time_limit"": 600, ""max_tries"": 50, ""tuning_file"": ""tests/psa/ace.tuning.json"", ""hpo_strategy"": ""hamming"", ""global_time_strategy"": ""PERCENT"", ""percent"": 0.2, ""round_time_strategy"": ""STATIC"", ""time_evolution"": ""STATIC"", ""stop_strategy"": ""TIMEOUT""}",177,"{""varh"": ""Wdeg"", ""valh"": ""Vals"", ""saf"": ""False"", ""pc1"": ""True"", ""bdc"": ""1"", ""toh"": ""False"", ""ng"": ""NO"", ""lc"": ""2"", ""negative"": ""STR3"", ""generic2"": ""True"", ""sb"": ""NO""}",1.609690542012686,2.181673042010516,-29,ExitStatus.FEASIBLE,False,False,2.181673042010516
2025-06-08T09:26:13.777173,KidneyExchange-4-041_c23.xml,"{""input"": ""tests/xcsp3/cop/UNKNOWN/KidneyExchange-4-041_c23.xml"", ""solver"": ""xcsp:ACE@2.4"", ""output_dir"": ""results_comparison"", ""global_time_limit"": 600, ""max_tries"": 50, ""tuning_file"": ""tests/psa/ace.tuning.json"", ""hpo_strategy"": ""hamming"", ""global_time_strategy"": ""PERCENT"", ""percent"": 0.2, ""round_time_strategy"": ""STATIC"", ""time_evolution"": ""STATIC"", ""stop_strategy"": ""TIMEOUT""}",178,"{""varh"": ""Wdeg"", ""valh"": ""Last"", ""saf"": ""False"", ""pc1"": ""True"", ""bdc"": ""1"", ""toh"": ""False"", ""ng"": ""NO"", ""lc"": ""2"", ""negative"": ""CT"", ""generic2"": ""True"", ""sb"": ""NO""}",1.609690542012686,2.1286588750081137,-1,ExitStatus.FEASIBLE,False,False,2.1286588750081137
2025-06-08T09:26:20.021308,KidneyExchange-4-041_c23.xml,"{""input"": ""tests/xcsp3/cop/UNKNOWN/KidneyExchange-4-041_c23.xml"", ""solver"": ""xcsp:ACE@2.4"", ""output_dir"": ""results_comparison"", ""global_time_limit"": 600, ""max_tries"": 50, ""tuning_file"": ""tests/psa/ace.tuning.json"", ""hpo_strategy"": ""hamming"", ""global_time_strategy"": ""PERCENT"", ""percent"": 0.2, ""round_time_strategy"": ""STATIC"", ""time_evolution"": ""STATIC"", ""stop_strategy"": ""TIMEOUT""}",179,"{""varh"": ""Wdeg"", ""valh"": ""Conflicts"", ""saf"": ""False"", ""pc1"": ""True"", ""bdc"": ""1"", ""toh"": ""False"", ""ng"": ""NO"", ""lc"": ""10"", ""negative"": ""V"", ""generic2"": ""True"", ""sb"": ""NO""}",1.609690542012686,1,,ExitStatus.UNKNOWN,False,False,1
2025-06-08T09:26:22.661772,KidneyExchange-4-041_c23.xml,"{""input"": ""tests/xcsp3/cop/UNKNOWN/KidneyExchange-4-041_c23.xml"", ""solver"": ""xcsp:ACE@2.4"", ""output_dir"": ""results_comparison"", ""global_time_limit"": 600, ""max_tries"": 50, ""tuning_file"": ""tests/psa/ace.tuning.json"", ""hpo_strategy"": ""hamming"", ""global_time_strategy"": ""PERCENT"", ""percent"": 0.2, ""round_time_strategy"": ""STATIC"", ""time_evolution"": ""STATIC"", ""stop_strategy"": ""TIMEOUT""}",180,"{""varh"": ""PickOnDom"", ""valh"": ""OccsR"", ""saf"": ""False"", ""pc1"": ""True"", ""bdc"": ""1"", ""toh"": ""False"", ""ng"": ""NO"", ""lc"": ""2"", ""negative"": ""V"", ""generic2"": ""True"", ""sb"": ""NO""}",1.609690542012686,2.3588279170216992,-19,ExitStatus.FEASIBLE,False,False,2.3588279170216992
2025-06-08T09:26:25.234951,KidneyExchange-4-041_c23.xml,"{""input"": ""tests/xcsp3/cop/UNKNOWN/KidneyExchange-4-041_c23.xml"", ""solver"": ""xcsp:ACE@2.4"", ""output_dir"": ""results_comparison"", ""global_time_limit"": 600, ""max_tries"": 50, ""tuning_file"": ""tests/psa/ace.tuning.json"", ""hpo_strategy"": ""hamming"", ""global_time_strategy"": ""PERCENT"", ""percent"": 0.2, ""round_time_strategy"": ""STATIC"", ""time_evolution"": ""STATIC"", ""stop_strategy"": ""TIMEOUT""}",181,"{""varh"": ""Memory"", ""valh"": ""FlrsE"", ""saf"": ""False"", ""pc1"": ""True"", ""bdc"": ""1"", ""toh"": ""False"", ""ng"": ""NO"", ""lc"": ""2"", ""negative"": ""V"", ""generic2"": ""True"", ""sb"": ""NO""}",1.609690542012686,2.35279783300939,-29,ExitStatus.FEASIBLE,False,False,2.35279783300939
2025-06-08T09:26:27.877040,KidneyExchange-4-041_c23.xml,"{""input"": ""tests/xcsp3/cop/UNKNOWN/KidneyExchange-4-041_c23.xml"", ""solver"": ""xcsp:ACE@2.4"", ""output_dir"": ""results_comparison"", ""global_time_limit"": 600, ""max_tries"": 50, ""tuning_file"": ""tests/psa/ace.tuning.json"", ""hpo_strategy"": ""hamming"", ""global_time_strategy"": ""PERCENT"", ""percent"": 0.2, ""round_time_strategy"": ""STATIC"", ""time_evolution"": ""STATIC"", ""stop_strategy"": ""TIMEOUT""}",182,"{""varh"": ""Activity"", ""valh"": ""Median"", ""saf"": ""False"", ""pc1"": ""True"", ""bdc"": ""1"", ""toh"": ""False"", ""ng"": ""NO"", ""lc"": ""2"", ""negative"": ""V"", ""generic2"": ""True"", ""sb"": ""NO""}",1.609690542012686,2.429718667000998,,ExitStatus.UNKNOWN,False,False,2.429718667000998
2025-06-08T09:26:30.532188,KidneyExchange-4-041_c23.xml,"{""input"": ""tests/xcsp3/cop/UNKNOWN/KidneyExchange-4-041_c23.xml"", ""solver"": ""xcsp:ACE@2.4"", ""output_dir"": ""results_comparison"", ""global_time_limit"": 600, ""max_tries"": 50, ""tuning_file"": ""tests/psa/ace.tuning.json"", ""hpo_strategy"": ""hamming"", ""global_time_strategy"": ""PERCENT"", ""percent"": 0.2, ""round_time_strategy"": ""STATIC"", ""time_evolution"": ""STATIC"", ""stop_strategy"": ""TIMEOUT""}",183,"{""varh"": ""Rand"", ""valh"": ""Bivs3"", ""saf"": ""False"", ""pc1"": ""True"", ""bdc"": ""1"", ""toh"": ""False"", ""ng"": ""NO"", ""lc"": ""2"", ""negative"": ""V"", ""generic2"": ""True"", ""sb"": ""NO""}",1.609690542012686,2.3759854579984676,,ExitStatus.UNKNOWN,False,False,2.3759854579984676
2025-06-08T09:26:33.282930,KidneyExchange-4-041_c23.xml,"{""input"": ""tests/xcsp3/cop/UNKNOWN/KidneyExchange-4-041_c23.xml"", ""solver"": ""xcsp:ACE@2.4"", ""output_dir"": ""results_comparison"", ""global_time_limit"": 600, ""max_tries"": 50, ""tuning_file"": ""tests/psa/ace.tuning.json"", ""hpo_strategy"": ""hamming"", ""global_time_strategy"": ""PERCENT"", ""percent"": 0.2, ""round_time_strategy"": ""STATIC"", ""time_evolution"": ""STATIC"", ""stop_strategy"": ""TIMEOUT""}",184,"{""varh"": ""Activity"", ""valh"": ""First"", ""saf"": ""False"", ""pc1"": ""True"", ""bdc"": ""1"", ""toh"": ""False"", ""ng"": ""NO"", ""lc"": ""10"", ""negative"": ""V"", ""generic2"": ""True"", ""sb"": ""NO""}",1.609690542012686,2.441969292005524,-23,ExitStatus.FEASIBLE,False,False,2.441969292005524
2025-06-08T09:26:35.889305,KidneyExchange-4-041_c23.xml,"{""input"": ""tests/xcsp3/cop/UNKNOWN/KidneyExchange-4-041_c23.xml"", ""solver"": ""xcsp:ACE@2.4"", ""output_dir"": ""results_comparison"", ""global_time_limit"": 600, ""max_tries"": 50, ""tuning_file"": ""tests/psa/ace.tuning.json"", ""hpo_strategy"": ""hamming"", ""global_time_strategy"": ""PERCENT"", ""percent"": 0.2, ""round_time_strategy"": ""STATIC"", ""time_evolution"": ""STATIC"", ""stop_strategy"": ""TIMEOUT""}",185,"{""varh"": ""Activity"", ""valh"": ""Rand"", ""saf"": ""False"", ""pc1"": ""True"", ""bdc"": ""1"", ""toh"": ""False"", ""ng"": ""NO"", ""lc"": ""2"", ""negative"": ""V"", ""generic2"": ""True"", ""sb"": ""NO""}",1.609690542012686,2.3657948749896605,-19,ExitStatus.FEASIBLE,False,False,2.3657948749896605
2025-06-08T09:26:38.407326,KidneyExchange-4-041_c23.xml,"{""input"": ""tests/xcsp3/cop/UNKNOWN/KidneyExchange-4-041_c23.xml"", ""solver"": ""xcsp:ACE@2.4"", ""output_dir"": ""results_comparison"", ""global_time_limit"": 600, ""max_tries"": 50, ""tuning_file"": ""tests/psa/ace.tuning.json"", ""hpo_strategy"": ""hamming"", ""global_time_strategy"": ""PERCENT"", ""percent"": 0.2, ""round_time_strategy"": ""STATIC"", ""time_evolution"": ""STATIC"", ""stop_strategy"": ""TIMEOUT""}",186,"{""varh"": ""Wdeg"", ""valh"": ""OccsR"", ""saf"": ""False"", ""pc1"": ""True"", ""bdc"": ""1"", ""toh"": ""False"", ""ng"": ""NO"", ""lc"": ""10"", ""negative"": ""V"", ""generic2"": ""True"", ""sb"": ""NO""}",1.609690542012686,2.303965375002008,-19,ExitStatus.FEASIBLE,False,False,2.303965375002008
2025-06-08T09:26:41.004841,KidneyExchange-4-041_c23.xml,"{""input"": ""tests/xcsp3/cop/UNKNOWN/KidneyExchange-4-041_c23.xml"", ""solver"": ""xcsp:ACE@2.4"", ""output_dir"": ""results_comparison"", ""global_time_limit"": 600, ""max_tries"": 50, ""tuning_file"": ""tests/psa/ace.tuning.json"", ""hpo_strategy"": ""hamming"", ""global_time_strategy"": ""PERCENT"", ""percent"": 0.2, ""round_time_strategy"": ""STATIC"", ""time_evolution"": ""STATIC"", ""stop_strategy"": ""TIMEOUT""}",187,"{""varh"": ""Impact"", ""valh"": ""First"", ""saf"": ""False"", ""pc1"": ""True"", ""bdc"": ""1"", ""toh"": ""True"", ""ng"": ""NO"", ""lc"": ""2"", ""negative"": ""V"", ""generic2"": ""True"", ""sb"": ""NO""}",1.609690542012686,2.379949750000378,-34,ExitStatus.FEASIBLE,False,False,2.379949750000378
2025-06-08T09:26:43.556688,KidneyExchange-4-041_c23.xml,"{""input"": ""tests/xcsp3/cop/UNKNOWN/KidneyExchange-4-041_c23.xml"", ""solver"": ""xcsp:ACE@2.4"", ""output_dir"": ""results_comparison"", ""global_time_limit"": 600, ""max_tries"": 50, ""tuning_file"": ""tests/psa/ace.tuning.json"", ""hpo_strategy"": ""hamming"", ""global_time_strategy"": ""PERCENT"", ""percent"": 0.2, ""round_time_strategy"": ""STATIC"", ""time_evolution"": ""STATIC"", ""stop_strategy"": ""TIMEOUT""}",188,"{""varh"": ""Wdeg"", ""valh"": ""FlrsE"", ""saf"": ""False"", ""pc1"": ""True"", ""bdc"": ""1"", ""toh"": ""True"", ""ng"": ""NO"", ""lc"": ""2"", ""negative"": ""V"", ""generic2"": ""True"", ""sb"": ""NO""}",1.609690542012686,2.3224203330173623,-29,ExitStatus.FEASIBLE,False,False,2.3224203330173623
2025-06-08T09:26:46.177924,KidneyExchange-4-041_c23.xml,"{""input"": ""tests/xcsp3/cop/UNKNOWN/KidneyExchange-4-041_c23.xml"", ""solver"": ""xcsp:ACE@2.4"", ""output_dir"": ""results_comparison"", ""global_time_limit"": 600, ""max_tries"": 50, ""tuning_file"": ""tests/psa/ace.tuning.json"", ""hpo_strategy"": ""hamming"", ""global_time_strategy"": ""PERCENT"", ""percent"": 0.2, ""round_time_strategy"": ""STATIC"", ""time_evolution"": ""STATIC"", ""stop_strategy"": ""TIMEOUT""}",189,"{""varh"": ""Wdeg"", ""valh"": ""First"", ""saf"": ""True"", ""pc1"": ""True"", ""bdc"": ""1"", ""toh"": ""False"", ""ng"": ""NO"", ""lc"": ""10"", ""negative"": ""V"", ""generic2"": ""True"", ""sb"": ""NO""}",1.609690542012686,2.402375958976336,-29,ExitStatus.FEASIBLE,False,False,2.402375958976336
2025-06-08T09:26:48.690350,KidneyExchange-4-041_c23.xml,"{""input"": ""tests/xcsp3/cop/UNKNOWN/KidneyExchange-4-041_c23.xml"", ""solver"": ""xcsp:ACE@2.4"", ""output_dir"": ""results_comparison"", ""global_time_limit"": 600, ""max_tries"": 50, ""tuning_file"": ""tests/psa/ace.tuning.json"", ""hpo_strategy"": ""hamming"", ""global_time_strategy"": ""PERCENT"", ""percent"": 0.2, ""round_time_strategy"": ""STATIC"", ""time_evolution"": ""STATIC"", ""stop_strategy"": ""TIMEOUT""}",190,"{""varh"": ""Activity"", ""valh"": ""First"", ""saf"": ""False"", ""pc1"": ""True"", ""bdc"": ""1"", ""toh"": ""False"", ""ng"": ""NO"", ""lc"": ""2"", ""negative"": ""STR1"", ""generic2"": ""True"", ""sb"": ""NO""}",1.609690542012686,2.268985958013218,-23,ExitStatus.FEASIBLE,False,False,2.268985958013218
2025-06-08T09:26:51.392209,KidneyExchange-4-041_c23.xml,"{""input"": ""tests/xcsp3/cop/UNKNOWN/KidneyExchange-4-041_c23.xml"", ""solver"": ""xcsp:ACE@2.4"", ""output_dir"": ""results_comparison"", ""global_time_limit"": 600, ""max_tries"": 50, ""tuning_file"": ""tests/psa/ace.tuning.json"", ""hpo_strategy"": ""hamming"", ""global_time_strategy"": ""PERCENT"", ""percent"": 0.2, ""round_time_strategy"": ""STATIC"", ""time_evolution"": ""STATIC"", ""stop_strategy"": ""TIMEOUT""}",191,"{""varh"": ""Memory"", ""valh"": ""Last"", ""saf"": ""False"", ""pc1"": ""True"", ""bdc"": ""1"", ""toh"": ""False"", ""ng"": ""NO"", ""lc"": ""2"", ""negative"": ""V"", ""generic2"": ""True"", ""sb"": ""NO""}",1.609690542012686,2.469066166988341,-7,ExitStatus.FEASIBLE,False,False,2.469066166988341
2025-06-08T09:26:53.954783,KidneyExchange-4-041_c23.xml,"{""input"": ""tests/xcsp3/cop/UNKNOWN/KidneyExchange-4-041_c23.xml"", ""solver"": ""xcsp:ACE@2.4"", ""output_dir"": ""results_comparison"", ""global_time_limit"": 600, ""max_tries"": 50, ""tuning_file"": ""tests/psa/ace.tuning.json"", ""hpo_strategy"": ""hamming"", ""global_time_strategy"": ""PERCENT"", ""percent"": 0.2, ""round_time_strategy"": ""STATIC"", ""time_evolution"": ""STATIC"", ""stop_strategy"": ""TIMEOUT""}",192,"{""varh"": ""Activity"", ""valh"": ""Vals"", ""saf"": ""False"", ""pc1"": ""True"", ""bdc"": ""1"", ""toh"": ""False"", ""ng"": ""NO"", ""lc"": ""2"", ""negative"": ""V"", ""generic2"": ""True"", ""sb"": ""NO""}",1.609690542012686,2.341878374980297,-17,ExitStatus.FEASIBLE,False,False,2.341878374980297
2025-06-08T09:26:56.759916,KidneyExchange-4-041_c23.xml,"{""input"": ""tests/xcsp3/cop/UNKNOWN/KidneyExchange-4-041_c23.xml"", ""solver"": ""xcsp:ACE@2.4"", ""output_dir"": ""results_comparison"", ""global_time_limit"": 600, ""max_tries"": 50, ""tuning_file"": ""tests/psa/ace.tuning.json"", ""hpo_strategy"": ""hamming"", ""global_time_strategy"": ""PERCENT"", ""percent"": 0.2, ""round_time_strategy"": ""STATIC"", ""time_evolution"": ""STATIC"", ""stop_strategy"": ""TIMEOUT""}",193,"{""varh"": ""Memory"", ""valh"": ""Vals"", ""saf"": ""False"", ""pc1"": ""True"", ""bdc"": ""1"", ""toh"": ""False"", ""ng"": ""NO"", ""lc"": ""2"", ""negative"": ""V"", ""generic2"": ""True"", ""sb"": ""NO""}",1.609690542012686,2.540769499988528,-31,ExitStatus.FEASIBLE,False,False,2.540769499988528
2025-06-08T09:26:59.488324,KidneyExchange-4-041_c23.xml,"{""input"": ""tests/xcsp3/cop/UNKNOWN/KidneyExchange-4-041_c23.xml"", ""solver"": ""xcsp:ACE@2.4"", ""output_dir"": ""results_comparison"", ""global_time_limit"": 600, ""max_tries"": 50, ""tuning_file"": ""tests/psa/ace.tuning.json"", ""hpo_strategy"": ""hamming"", ""global_time_strategy"": ""PERCENT"", ""percent"": 0.2, ""round_time_strategy"": ""STATIC"", ""time_evolution"": ""STATIC"", ""stop_strategy"": ""TIMEOUT""}",194,"{""varh"": ""Wdeg"", ""valh"": ""First"", ""saf"": ""False"", ""pc1"": ""True"", ""bdc"": ""10"", ""toh"": ""False"", ""ng"": ""NO"", ""lc"": ""10"", ""negative"": ""V"", ""generic2"": ""True"", ""sb"": ""NO""}",1.609690542012686,2.4943609580222983,-34,ExitStatus.FEASIBLE,False,False,2.4943609580222983
2025-06-08T09:27:02.185363,KidneyExchange-4-041_c23.xml,"{""input"": ""tests/xcsp3/cop/UNKNOWN/KidneyExchange-4-041_c23.xml"", ""solver"": ""xcsp:ACE@2.4"", ""output_dir"": ""results_comparison"", ""global_time_limit"": 600, ""max_tries"": 50, ""tuning_file"": ""tests/psa/ace.tuning.json"", ""hpo_strategy"": ""hamming"", ""global_time_strategy"": ""PERCENT"", ""percent"": 0.2, ""round_time_strategy"": ""STATIC"", ""time_evolution"": ""STATIC"", ""stop_strategy"": ""TIMEOUT""}",195,"{""varh"": ""Wdeg"", ""valh"": ""First"", ""saf"": ""False"", ""pc1"": ""True"", ""bdc"": ""1"", ""toh"": ""False"", ""ng"": ""NO"", ""lc"": ""5"", ""negative"": ""VA"", ""generic2"": ""True"", ""sb"": ""NO""}",1.609690542012686,2.450721083994722,-31,ExitStatus.FEASIBLE,False,False,2.450721083994722
2025-06-08T09:27:05.117468,KidneyExchange-4-041_c23.xml,"{""input"": ""tests/xcsp3/cop/UNKNOWN/KidneyExchange-4-041_c23.xml"", ""solver"": ""xcsp:ACE@2.4"", ""output_dir"": ""results_comparison"", ""global_time_limit"": 600, ""max_tries"": 50, ""tuning_file"": ""tests/psa/ace.tuning.json"", ""hpo_strategy"": ""hamming"", ""global_time_strategy"": ""PERCENT"", ""percent"": 0.2, ""round_time_strategy"": ""STATIC"", ""time_evolution"": ""STATIC"", ""stop_strategy"": ""TIMEOUT""}",196,"{""varh"": ""Wdeg"", ""valh"": ""Bivs3"", ""saf"": ""False"", ""pc1"": ""True"", ""bdc"": ""1"", ""toh"": ""False"", ""ng"": ""NO"", ""lc"": ""2"", ""negative"": ""STR0"", ""generic2"": ""True"", ""sb"": ""NO""}",1.609690542012686,2.6896306670096237,-29,ExitStatus.FEASIBLE,False,False,2.6896306670096237
2025-06-08T09:27:07.598646,KidneyExchange-4-041_c23.xml,"{""input"": ""tests/xcsp3/cop/UNKNOWN/KidneyExchange-4-041_c23.xml"", ""solver"": ""xcsp:ACE@2.4"", ""output_dir"": ""results_comparison"", ""global_time_limit"": 600, ""max_tries"": 50, ""tuning_file"": ""tests/psa/ace.tuning.json"", ""hpo_strategy"": ""hamming"", ""global_time_strategy"": ""PERCENT"", ""percent"": 0.2, ""round_time_strategy"": ""STATIC"", ""time_evolution"": ""STATIC"", ""stop_strategy"": ""TIMEOUT""}",197,"{""varh"": ""FrbaOnDom"", ""valh"": ""First"", ""saf"": ""False"", ""pc1"": ""True"", ""bdc"": ""1"", ""toh"": ""False"", ""ng"": ""NO"", ""lc"": ""2"", ""negative"": ""STR3"", ""generic2"": ""True"", ""sb"": ""NO""}",1.609690542012686,2.2541880830249283,-21,ExitStatus.FEASIBLE,False,False,2.2541880830249283
2025-06-08T09:27:10.172319,KidneyExchange-4-041_c23.xml,"{""input"": ""tests/xcsp3/cop/UNKNOWN/KidneyExchange-4-041_c23.xml"", ""solver"": ""xcsp:ACE@2.4"", ""output_dir"": ""results_comparison"", ""global_time_limit"": 600, ""max_tries"": 50, ""tuning_file"": ""tests/psa/ace.tuning.json"", ""hpo_strategy"": ""hamming"", ""global_time_strategy"": ""PERCENT"", ""percent"": 0.2, ""round_time_strategy"": ""STATIC"", ""time_evolution"": ""STATIC"", ""stop_strategy"": ""TIMEOUT""}",198,"{""varh"": ""Wdeg"", ""valh"": ""First"", ""saf"": ""False"", ""pc1"": ""True"", ""bdc"": ""10"", ""toh"": ""False"", ""ng"": ""NO"", ""lc"": ""2"", ""negative"": ""STR2"", ""generic2"": ""True"", ""sb"": ""NO""}",1.609690542012686,2.3317965420137625,-34,ExitStatus.FEASIBLE,False,False,2.3317965420137625
2025-06-08T09:27:12.730956,KidneyExchange-4-041_c23.xml,"{""input"": ""tests/xcsp3/cop/UNKNOWN/KidneyExchange-4-041_c23.xml"", ""solver"": ""xcsp:ACE@2.4"", ""output_dir"": ""results_comparison"", ""global_time_limit"": 600, ""max_tries"": 50, ""tuning_file"": ""tests/psa/ace.tuning.json"", ""hpo_strategy"": ""hamming"", ""global_time_strategy"": ""PERCENT"", ""percent"": 0.2, ""round_time_strategy"": ""STATIC"", ""time_evolution"": ""STATIC"", ""stop_strategy"": ""TIMEOUT""}",199,"{""varh"": ""Wdeg"", ""valh"": ""Last"", ""saf"": ""False"", ""pc1"": ""True"", ""bdc"": ""1"", ""toh"": ""False"", ""ng"": ""NO"", ""lc"": ""2"", ""negative"": ""V"", ""generic2"": ""False"", ""sb"": ""NO""}",1.609690542012686,2.3539880420139525,-3,ExitStatus.FEASIBLE,False,False,2.3539880420139525
2025-06-08T09:27:18.990676,KidneyExchange-4-041_c23.xml,"{""input"": ""tests/xcsp3/cop/UNKNOWN/KidneyExchange-4-041_c23.xml"", ""solver"": ""xcsp:ACE@2.4"", ""output_dir"": ""results_comparison"", ""global_time_limit"": 600, ""max_tries"": 50, ""tuning_file"": ""tests/psa/ace.tuning.json"", ""hpo_strategy"": ""hamming"", ""global_time_strategy"": ""PERCENT"", ""percent"": 0.2, ""round_time_strategy"": ""STATIC"", ""time_evolution"": ""STATIC"", ""stop_strategy"": ""TIMEOUT""}",200,"{""varh"": ""Lexico"", ""valh"": ""Conflicts"", ""saf"": ""False"", ""pc1"": ""True"", ""bdc"": ""1"", ""toh"": ""False"", ""ng"": ""NO"", ""lc"": ""2"", ""negative"": ""V"", ""generic2"": ""True"", ""sb"": ""NO""}",1.609690542012686,1,,ExitStatus.UNKNOWN,False,False,1
2025-06-08T09:27:21.862727,KidneyExchange-4-041_c23.xml,"{""input"": ""tests/xcsp3/cop/UNKNOWN/KidneyExchange-4-041_c23.xml"", ""solver"": ""xcsp:ACE@2.4"", ""output_dir"": ""results_comparison"", ""global_time_limit"": 600, ""max_tries"": 50, ""tuning_file"": ""tests/psa/ace.tuning.json"", ""hpo_strategy"": ""hamming"", ""global_time_strategy"": ""PERCENT"", ""percent"": 0.2, ""round_time_strategy"": ""STATIC"", ""time_evolution"": ""STATIC"", ""stop_strategy"": ""TIMEOUT""}",201,"{""varh"": ""FrbaOnDom"", ""valh"": ""Rand"", ""saf"": ""False"", ""pc1"": ""True"", ""bdc"": ""1"", ""toh"": ""False"", ""ng"": ""NO"", ""lc"": ""2"", ""negative"": ""V"", ""generic2"": ""True"", ""sb"": ""NO""}",1.609690542012686,2.6439306249958463,,ExitStatus.UNKNOWN,False,False,2.6439306249958463
2025-06-08T09:27:24.972857,KidneyExchange-4-041_c23.xml,"{""input"": ""tests/xcsp3/cop/UNKNOWN/KidneyExchange-4-041_c23.xml"", ""solver"": ""xcsp:ACE@2.4"", ""output_dir"": ""results_comparison"", ""global_time_limit"": 600, ""max_tries"": 50, ""tuning_file"": ""tests/psa/ace.tuning.json"", ""hpo_strategy"": ""hamming"", ""global_time_strategy"": ""PERCENT"", ""percent"": 0.2, ""round_time_strategy"": ""STATIC"", ""time_evolution"": ""STATIC"", ""stop_strategy"": ""TIMEOUT""}",202,"{""varh"": ""Wdeg"", ""valh"": ""First"", ""saf"": ""False"", ""pc1"": ""True"", ""bdc"": ""1"", ""toh"": ""False"", ""ng"": ""NO"", ""lc"": ""1"", ""negative"": ""STR3"", ""generic2"": ""True"", ""sb"": ""NO""}",1.609690542012686,2.8338387080002576,,ExitStatus.UNKNOWN,False,False,2.8338387080002576
2025-06-08T09:27:27.900735,KidneyExchange-4-041_c23.xml,"{""input"": ""tests/xcsp3/cop/UNKNOWN/KidneyExchange-4-041_c23.xml"", ""solver"": ""xcsp:ACE@2.4"", ""output_dir"": ""results_comparison"", ""global_time_limit"": 600, ""max_tries"": 50, ""tuning_file"": ""tests/psa/ace.tuning.json"", ""hpo_strategy"": ""hamming"", ""global_time_strategy"": ""PERCENT"", ""percent"": 0.2, ""round_time_strategy"": ""STATIC"", ""time_evolution"": ""STATIC"", ""stop_strategy"": ""TIMEOUT""}",203,"{""varh"": ""Wdeg"", ""valh"": ""First"", ""saf"": ""True"", ""pc1"": ""True"", ""bdc"": ""1"", ""toh"": ""False"", ""ng"": ""NO"", ""lc"": ""2"", ""negative"": ""CT"", ""generic2"": ""True"", ""sb"": ""NO""}",1.609690542012686,2.676205875002779,,ExitStatus.UNKNOWN,False,False,2.676205875002779
2025-06-08T09:27:30.939274,KidneyExchange-4-041_c23.xml,"{""input"": ""tests/xcsp3/cop/UNKNOWN/KidneyExchange-4-041_c23.xml"", ""solver"": ""xcsp:ACE@2.4"", ""output_dir"": ""results_comparison"", ""global_time_limit"": 600, ""max_tries"": 50, ""tuning_file"": ""tests/psa/ace.tuning.json"", ""hpo_strategy"": ""hamming"", ""global_time_strategy"": ""PERCENT"", ""percent"": 0.2, ""round_time_strategy"": ""STATIC"", ""time_evolution"": ""STATIC"", ""stop_strategy"": ""TIMEOUT""}",204,"{""varh"": ""Wdeg"", ""valh"": ""FlrsE"", ""saf"": ""False"", ""pc1"": ""True"", ""bdc"": ""1"", ""toh"": ""False"", ""ng"": ""NO"", ""lc"": ""2"", ""negative"": ""VA"", ""generic2"": ""True"", ""sb"": ""NO""}",1.609690542012686,2.814627624989953,,ExitStatus.UNKNOWN,False,False,2.814627624989953
2025-06-08T09:27:34.017994,KidneyExchange-4-041_c23.xml,"{""input"": ""tests/xcsp3/cop/UNKNOWN/KidneyExchange-4-041_c23.xml"", ""solver"": ""xcsp:ACE@2.4"", ""output_dir"": ""results_comparison"", ""global_time_limit"": 600, ""max_tries"": 50, ""tuning_file"": ""tests/psa/ace.tuning.json"", ""hpo_strategy"": ""hamming"", ""global_time_strategy"": ""PERCENT"", ""percent"": 0.2, ""round_time_strategy"": ""STATIC"", ""time_evolution"": ""STATIC"", ""stop_strategy"": ""TIMEOUT""}",205,"{""varh"": ""RunRobin"", ""valh"": ""First"", ""saf"": ""False"", ""pc1"": ""True"", ""bdc"": ""100"", ""toh"": ""False"", ""ng"": ""NO"", ""lc"": ""2"", ""negative"": ""V"", ""generic2"": ""True"", ""sb"": ""NO""}",1.609690542012686,2.760947791975923,,ExitStatus.UNKNOWN,False,False,2.760947791975923
2025-06-08T09:27:37.048519,KidneyExchange-4-041_c23.xml,"{""input"": ""tests/xcsp3/cop/UNKNOWN/KidneyExchange-4-041_c23.xml"", ""solver"": ""xcsp:ACE@2.4"", ""output_dir"": ""results_comparison"", ""global_time_limit"": 600, ""max_tries"": 50, ""tuning_file"": ""tests/psa/ace.tuning.json"", ""hpo_strategy"": ""hamming"", ""global_time_strategy"": ""PERCENT"", ""percent"": 0.2, ""round_time_strategy"": ""STATIC"", ""time_evolution"": ""STATIC"", ""stop_strategy"": ""TIMEOUT""}",206,"{""varh"": ""Wdeg"", ""valh"": ""First"", ""saf"": ""False"", ""pc1"": ""True"", ""bdc"": ""1"", ""toh"": ""False"", ""ng"": ""NO"", ""lc"": ""5"", ""negative"": ""V"", ""generic2"": ""False"", ""sb"": ""NO""}",1.609690542012686,2.7519380830053706,-34,ExitStatus.FEASIBLE,False,False,2.7519380830053706
2025-06-08T09:27:40.119430,KidneyExchange-4-041_c23.xml,"{""input"": ""tests/xcsp3/cop/UNKNOWN/KidneyExchange-4-041_c23.xml"", ""solver"": ""xcsp:ACE@2.4"", ""output_dir"": ""results_comparison"", ""global_time_limit"": 600, ""max_tries"": 50, ""tuning_file"": ""tests/psa/ace.tuning.json"", ""hpo_strategy"": ""hamming"", ""global_time_strategy"": ""PERCENT"", ""percent"": 0.2, ""round_time_strategy"": ""STATIC"", ""time_evolution"": ""STATIC"", ""stop_strategy"": ""TIMEOUT""}",207,"{""varh"": ""Impact"", ""valh"": ""First"", ""saf"": ""False"", ""pc1"": ""True"", ""bdc"": ""10"", ""toh"": ""False"", ""ng"": ""NO"", ""lc"": ""2"", ""negative"": ""V"", ""generic2"": ""True"", ""sb"": ""NO""}",1.609690542012686,2.8407536250015255,,ExitStatus.UNKNOWN,False,False,2.8407536250015255
2025-06-08T09:27:43.250709,KidneyExchange-4-041_c23.xml,"{""input"": ""tests/xcsp3/cop/UNKNOWN/KidneyExchange-4-041_c23.xml"", ""solver"": ""xcsp:ACE@2.4"", ""output_dir"": ""results_comparison"", ""global_time_limit"": 600, ""max_tries"": 50, ""tuning_file"": ""tests/psa/ace.tuning.json"", ""hpo_strategy"": ""hamming"", ""global_time_strategy"": ""PERCENT"", ""percent"": 0.2, ""round_time_strategy"": ""STATIC"", ""time_evolution"": ""STATIC"", ""stop_strategy"": ""TIMEOUT""}",208,"{""varh"": ""Impact"", ""valh"": ""First"", ""saf"": ""False"", ""pc1"": ""True"", ""bdc"": ""1"", ""toh"": ""False"", ""ng"": ""NO"", ""lc"": ""2"", ""negative"": ""STR2"", ""generic2"": ""True"", ""sb"": ""NO""}",1.609690542012686,2.8044685410277452,-34,ExitStatus.FEASIBLE,False,False,2.8044685410277452
2025-06-08T09:27:46.333373,KidneyExchange-4-041_c23.xml,"{""input"": ""tests/xcsp3/cop/UNKNOWN/KidneyExchange-4-041_c23.xml"", ""solver"": ""xcsp:ACE@2.4"", ""output_dir"": ""results_comparison"", ""global_time_limit"": 600, ""max_tries"": 50, ""tuning_file"": ""tests/psa/ace.tuning.json"", ""hpo_strategy"": ""hamming"", ""global_time_strategy"": ""PERCENT"", ""percent"": 0.2, ""round_time_strategy"": ""STATIC"", ""time_evolution"": ""STATIC"", ""stop_strategy"": ""TIMEOUT""}",209,"{""varh"": ""Rand"", ""valh"": ""First"", ""saf"": ""False"", ""pc1"": ""True"", ""bdc"": ""1"", ""toh"": ""False"", ""ng"": ""NO"", ""lc"": ""2"", ""negative"": ""STR1N"", ""generic2"": ""True"", ""sb"": ""NO""}",1.609690542012686,2.737703708000481,,ExitStatus.UNKNOWN,False,False,2.737703708000481
2025-06-08T09:27:49.455419,KidneyExchange-4-041_c23.xml,"{""input"": ""tests/xcsp3/cop/UNKNOWN/KidneyExchange-4-041_c23.xml"", ""solver"": ""xcsp:ACE@2.4"", ""output_dir"": ""results_comparison"", ""global_time_limit"": 600, ""max_tries"": 50, ""tuning_file"": ""tests/psa/ace.tuning.json"", ""hpo_strategy"": ""hamming"", ""global_time_strategy"": ""PERCENT"", ""percent"": 0.2, ""round_time_strategy"": ""STATIC"", ""time_evolution"": ""STATIC"", ""stop_strategy"": ""TIMEOUT""}",210,"{""varh"": ""Activity"", ""valh"": ""First"", ""saf"": ""False"", ""pc1"": ""True"", ""bdc"": ""1"", ""toh"": ""False"", ""ng"": ""NO"", ""lc"": ""0"", ""negative"": ""V"", ""generic2"": ""True"", ""sb"": ""NO""}",1.609690542012686,2.846049124986166,-23,ExitStatus.FEASIBLE,False,False,2.846049124986166
2025-06-08T09:27:52.463114,KidneyExchange-4-041_c23.xml,"{""input"": ""tests/xcsp3/cop/UNKNOWN/KidneyExchange-4-041_c23.xml"", ""solver"": ""xcsp:ACE@2.4"", ""output_dir"": ""results_comparison"", ""global_time_limit"": 600, ""max_tries"": 50, ""tuning_file"": ""tests/psa/ace.tuning.json"", ""hpo_strategy"": ""hamming"", ""global_time_strategy"": ""PERCENT"", ""percent"": 0.2, ""round_time_strategy"": ""STATIC"", ""time_evolution"": ""STATIC"", ""stop_strategy"": ""TIMEOUT""}",211,"{""varh"": ""Wdeg"", ""valh"": ""OccsR"", ""saf"": ""False"", ""pc1"": ""True"", ""bdc"": ""1"", ""toh"": ""True"", ""ng"": ""NO"", ""lc"": ""2"", ""negative"": ""V"", ""generic2"": ""True"", ""sb"": ""NO""}",1.609690542012686,2.743617041996913,-26,ExitStatus.FEASIBLE,False,False,2.743617041996913
2025-06-08T09:27:55.826591,KidneyExchange-4-041_c23.xml,"{""input"": ""tests/xcsp3/cop/UNKNOWN/KidneyExchange-4-041_c23.xml"", ""solver"": ""xcsp:ACE@2.4"", ""output_dir"": ""results_comparison"", ""global_time_limit"": 600, ""max_tries"": 50, ""tuning_file"": ""tests/psa/ace.tuning.json"", ""hpo_strategy"": ""hamming"", ""global_time_strategy"": ""PERCENT"", ""percent"": 0.2, ""round_time_strategy"": ""STATIC"", ""time_evolution"": ""STATIC"", ""stop_strategy"": ""TIMEOUT""}",212,"{""varh"": ""Wdeg"", ""valh"": ""RunRobin"", ""saf"": ""False"", ""pc1"": ""False"", ""bdc"": ""1"", ""toh"": ""False"", ""ng"": ""NO"", ""lc"": ""2"", ""negative"": ""V"", ""generic2"": ""True"", ""sb"": ""NO""}",1.609690542012686,3.0068955830065534,-31,ExitStatus.FEASIBLE,False,False,3.0068955830065534
2025-06-08T09:28:00.472389,KidneyExchange-4-041_c23.xml,"{""input"": ""tests/xcsp3/cop/UNKNOWN/KidneyExchange-4-041_c23.xml"", ""solver"": ""xcsp:ACE@2.4"", ""output_dir"": ""results_comparison"", ""global_time_limit"": 600, ""max_tries"": 50, ""tuning_file"": ""tests/psa/ace.tuning.json"", ""hpo_strategy"": ""hamming"", ""global_time_strategy"": ""PERCENT"", ""percent"": 0.2, ""round_time_strategy"": ""STATIC"", ""time_evolution"": ""STATIC"", ""stop_strategy"": ""TIMEOUT""}",213,"{""varh"": ""Lexico"", ""valh"": ""First"", ""saf"": ""False"", ""pc1"": ""True"", ""bdc"": ""1"", ""toh"": ""False"", ""ng"": ""NO"", ""lc"": ""2"", ""negative"": ""STR1"", ""generic2"": ""True"", ""sb"": ""NO""}",1.609690542012686,4.348793083016062,,ExitStatus.UNKNOWN,False,False,4.348793083016062
2025-06-08T09:28:03.911057,KidneyExchange-4-041_c23.xml,"{""input"": ""tests/xcsp3/cop/UNKNOWN/KidneyExchange-4-041_c23.xml"", ""solver"": ""xcsp:ACE@2.4"", ""output_dir"": ""results_comparison"", ""global_time_limit"": 600, ""max_tries"": 50, ""tuning_file"": ""tests/psa/ace.tuning.json"", ""hpo_strategy"": ""hamming"", ""global_time_strategy"": ""PERCENT"", ""percent"": 0.2, ""round_time_strategy"": ""STATIC"", ""time_evolution"": ""STATIC"", ""stop_strategy"": ""TIMEOUT""}",214,"{""varh"": ""FrbaOnDom"", ""valh"": ""First"", ""saf"": ""False"", ""pc1"": ""True"", ""bdc"": ""1"", ""toh"": ""False"", ""ng"": ""NO"", ""lc"": ""2"", ""negative"": ""STR1"", ""generic2"": ""True"", ""sb"": ""NO""}",1.609690542012686,3.180678333999822,,ExitStatus.UNKNOWN,False,False,3.180678333999822
2025-06-08T09:28:07.524667,KidneyExchange-4-041_c23.xml,"{""input"": ""tests/xcsp3/cop/UNKNOWN/KidneyExchange-4-041_c23.xml"", ""solver"": ""xcsp:ACE@2.4"", ""output_dir"": ""results_comparison"", ""global_time_limit"": 600, ""max_tries"": 50, ""tuning_file"": ""tests/psa/ace.tuning.json"", ""hpo_strategy"": ""hamming"", ""global_time_strategy"": ""PERCENT"", ""percent"": 0.2, ""round_time_strategy"": ""STATIC"", ""time_evolution"": ""STATIC"", ""stop_strategy"": ""TIMEOUT""}",215,"{""varh"": ""Wdeg"", ""valh"": ""Rand"", ""saf"": ""False"", ""pc1"": ""True"", ""bdc"": ""1"", ""toh"": ""True"", ""ng"": ""NO"", ""lc"": ""2"", ""negative"": ""V"", ""generic2"": ""True"", ""sb"": ""NO""}",1.609690542012686,3.373696791997645,,ExitStatus.UNKNOWN,False,False,3.373696791997645
2025-06-08T09:28:10.481805,KidneyExchange-4-041_c23.xml,"{""input"": ""tests/xcsp3/cop/UNKNOWN/KidneyExchange-4-041_c23.xml"", ""solver"": ""xcsp:ACE@2.4"", ""output_dir"": ""results_comparison"", ""global_time_limit"": 600, ""max_tries"": 50, ""tuning_file"": ""tests/psa/ace.tuning.json"", ""hpo_strategy"": ""hamming"", ""global_time_strategy"": ""PERCENT"", ""percent"": 0.2, ""round_time_strategy"": ""STATIC"", ""time_evolution"": ""STATIC"", ""stop_strategy"": ""TIMEOUT""}",216,"{""varh"": ""Wdeg"", ""valh"": ""First"", ""saf"": ""False"", ""pc1"": ""True"", ""bdc"": ""1000"", ""toh"": ""False"", ""ng"": ""NO"", ""lc"": ""5"", ""negative"": ""V"", ""generic2"": ""True"", ""sb"": ""NO""}",1.609690542012686,2.7344174580066465,,ExitStatus.UNKNOWN,False,False,2.7344174580066465
2025-06-08T09:28:13.689901,KidneyExchange-4-041_c23.xml,"{""input"": ""tests/xcsp3/cop/UNKNOWN/KidneyExchange-4-041_c23.xml"", ""solver"": ""xcsp:ACE@2.4"", ""output_dir"": ""results_comparison"", ""global_time_limit"": 600, ""max_tries"": 50, ""tuning_file"": ""tests/psa/ace.tuning.json"", ""hpo_strategy"": ""hamming"", ""global_time_strategy"": ""PERCENT"", ""percent"": 0.2, ""round_time_strategy"": ""STATIC"", ""time_evolution"": ""STATIC"", ""stop_strategy"": ""TIMEOUT""}",217,"{""varh"": ""Wdeg"", ""valh"": ""Bivs3"", ""saf"": ""False"", ""pc1"": ""True"", ""bdc"": ""1"", ""toh"": ""True"", ""ng"": ""NO"", ""lc"": ""2"", ""negative"": ""V"", ""generic2"": ""True"", ""sb"": ""NO""}",1.609690542012686,2.9450550839828793,,ExitStatus.UNKNOWN,False,False,2.9450550839828793
2025-06-08T09:28:16.947627,KidneyExchange-4-041_c23.xml,"{""input"": ""tests/xcsp3/cop/UNKNOWN/KidneyExchange-4-041_c23.xml"", ""solver"": ""xcsp:ACE@2.4"", ""output_dir"": ""results_comparison"", ""global_time_limit"": 600, ""max_tries"": 50, ""tuning_file"": ""tests/psa/ace.tuning.json"", ""hpo_strategy"": ""hamming"", ""global_time_strategy"": ""PERCENT"", ""percent"": 0.2, ""round_time_strategy"": ""STATIC"", ""time_evolution"": ""STATIC"", ""stop_strategy"": ""TIMEOUT""}",218,"{""varh"": ""WdegOnDom"", ""valh"": ""Median"", ""saf"": ""False"", ""pc1"": ""True"", ""bdc"": ""1"", ""toh"": ""False"", ""ng"": ""NO"", ""lc"": ""2"", ""negative"": ""V"", ""generic2"": ""True"", ""sb"": ""NO""}",1.609690542012686,2.9075341249990743,,ExitStatus.UNKNOWN,False,False,2.9075341249990743
2025-06-08T09:28:20.443633,KidneyExchange-4-041_c23.xml,"{""input"": ""tests/xcsp3/cop/UNKNOWN/KidneyExchange-4-041_c23.xml"", ""solver"": ""xcsp:ACE@2.4"", ""output_dir"": ""results_comparison"", ""global_time_limit"": 600, ""max_tries"": 50, ""tuning_file"": ""tests/psa/ace.tuning.json"", ""hpo_strategy"": ""hamming"", ""global_time_strategy"": ""PERCENT"", ""percent"": 0.2, ""round_time_strategy"": ""STATIC"", ""time_evolution"": ""STATIC"", ""stop_strategy"": ""TIMEOUT""}",219,"{""varh"": ""Rand"", ""valh"": ""First"", ""saf"": ""False"", ""pc1"": ""True"", ""bdc"": ""1"", ""toh"": ""False"", ""ng"": ""NO"", ""lc"": ""2"", ""negative"": ""STR0"", ""generic2"": ""True"", ""sb"": ""NO""}",1.609690542012686,3.2245445829757955,,ExitStatus.UNKNOWN,False,False,3.2245445829757955
2025-06-08T09:28:23.461510,KidneyExchange-4-041_c23.xml,"{""input"": ""tests/xcsp3/cop/UNKNOWN/KidneyExchange-4-041_c23.xml"", ""solver"": ""xcsp:ACE@2.4"", ""output_dir"": ""results_comparison"", ""global_time_limit"": 600, ""max_tries"": 50, ""tuning_file"": ""tests/psa/ace.tuning.json"", ""hpo_strategy"": ""hamming"", ""global_time_strategy"": ""PERCENT"", ""percent"": 0.2, ""round_time_strategy"": ""STATIC"", ""time_evolution"": ""STATIC"", ""stop_strategy"": ""TIMEOUT""}",220,"{""varh"": ""Wdeg"", ""valh"": ""OccsR"", ""saf"": ""False"", ""pc1"": ""True"", ""bdc"": ""1"", ""toh"": ""False"", ""ng"": ""NO"", ""lc"": ""2"", ""negative"": ""STR1N"", ""generic2"": ""True"", ""sb"": ""NO""}",1.609690542012686,2.750459666014649,-21,ExitStatus.FEASIBLE,False,False,2.750459666014649
2025-06-08T09:28:26.494097,KidneyExchange-4-041_c23.xml,"{""input"": ""tests/xcsp3/cop/UNKNOWN/KidneyExchange-4-041_c23.xml"", ""solver"": ""xcsp:ACE@2.4"", ""output_dir"": ""results_comparison"", ""global_time_limit"": 600, ""max_tries"": 50, ""tuning_file"": ""tests/psa/ace.tuning.json"", ""hpo_strategy"": ""hamming"", ""global_time_strategy"": ""PERCENT"", ""percent"": 0.2, ""round_time_strategy"": ""STATIC"", ""time_evolution"": ""STATIC"", ""stop_strategy"": ""TIMEOUT""}",221,"{""varh"": ""Memory"", ""valh"": ""First"", ""saf"": ""False"", ""pc1"": ""True"", ""bdc"": ""10"", ""toh"": ""False"", ""ng"": ""NO"", ""lc"": ""2"", ""negative"": ""V"", ""generic2"": ""True"", ""sb"": ""NO""}",1.609690542012686,2.79250716601382,-34,ExitStatus.FEASIBLE,False,False,2.79250716601382
2025-06-08T09:28:29.465579,KidneyExchange-4-041_c23.xml,"{""input"": ""tests/xcsp3/cop/UNKNOWN/KidneyExchange-4-041_c23.xml"", ""solver"": ""xcsp:ACE@2.4"", ""output_dir"": ""results_comparison"", ""global_time_limit"": 600, ""max_tries"": 50, ""tuning_file"": ""tests/psa/ace.tuning.json"", ""hpo_strategy"": ""hamming"", ""global_time_strategy"": ""PERCENT"", ""percent"": 0.2, ""round_time_strategy"": ""STATIC"", ""time_evolution"": ""STATIC"", ""stop_strategy"": ""TIMEOUT""}",222,"{""varh"": ""Rand"", ""valh"": ""First"", ""saf"": ""False"", ""pc1"": ""True"", ""bdc"": ""1"", ""toh"": ""True"", ""ng"": ""NO"", ""lc"": ""2"", ""negative"": ""V"", ""generic2"": ""True"", ""sb"": ""NO""}",1.609690542012686,2.701686749991495,,ExitStatus.UNKNOWN,False,False,2.701686749991495
2025-06-08T09:28:32.767677,KidneyExchange-4-041_c23.xml,"{""input"": ""tests/xcsp3/cop/UNKNOWN/KidneyExchange-4-041_c23.xml"", ""solver"": ""xcsp:ACE@2.4"", ""output_dir"": ""results_comparison"", ""global_time_limit"": 600, ""max_tries"": 50, ""tuning_file"": ""tests/psa/ace.tuning.json"", ""hpo_strategy"": ""hamming"", ""global_time_strategy"": ""PERCENT"", ""percent"": 0.2, ""round_time_strategy"": ""STATIC"", ""time_evolution"": ""STATIC"", ""stop_strategy"": ""TIMEOUT""}",223,"{""varh"": ""Wdeg"", ""valh"": ""Bivs3"", ""saf"": ""True"", ""pc1"": ""True"", ""bdc"": ""1"", ""toh"": ""False"", ""ng"": ""NO"", ""lc"": ""2"", ""negative"": ""V"", ""generic2"": ""True"", ""sb"": ""NO""}",1.609690542012686,3.067392500001006,,ExitStatus.UNKNOWN,False,False,3.067392500001006
2025-06-08T09:28:36.311715,KidneyExchange-4-041_c23.xml,"{""input"": ""tests/xcsp3/cop/UNKNOWN/KidneyExchange-4-041_c23.xml"", ""solver"": ""xcsp:ACE@2.4"", ""output_dir"": ""results_comparison"", ""global_time_limit"": 600, ""max_tries"": 50, ""tuning_file"": ""tests/psa/ace.tuning.json"", ""hpo_strategy"": ""hamming"", ""global_time_strategy"": ""PERCENT"", ""percent"": 0.2, ""round_time_strategy"": ""STATIC"", ""time_evolution"": ""STATIC"", ""stop_strategy"": ""TIMEOUT""}",224,"{""varh"": ""Wdeg"", ""valh"": ""First"", ""saf"": ""False"", ""pc1"": ""True"", ""bdc"": ""10"", ""toh"": ""False"", ""ng"": ""NO"", ""lc"": ""1"", ""negative"": ""V"", ""generic2"": ""True"", ""sb"": ""NO""}",1.609690542012686,3.2791061669995543,,ExitStatus.UNKNOWN,False,False,3.2791061669995543
2025-06-08T09:28:39.543159,KidneyExchange-4-041_c23.xml,"{""input"": ""tests/xcsp3/cop/UNKNOWN/KidneyExchange-4-041_c23.xml"", ""solver"": ""xcsp:ACE@2.4"", ""output_dir"": ""results_comparison"", ""global_time_limit"": 600, ""max_tries"": 50, ""tuning_file"": ""tests/psa/ace.tuning.json"", ""hpo_strategy"": ""hamming"", ""global_time_strategy"": ""PERCENT"", ""percent"": 0.2, ""round_time_strategy"": ""STATIC"", ""time_evolution"": ""STATIC"", ""stop_strategy"": ""TIMEOUT""}",225,"{""varh"": ""Activity"", ""valh"": ""Last"", ""saf"": ""False"", ""pc1"": ""True"", ""bdc"": ""1"", ""toh"": ""False"", ""ng"": ""NO"", ""lc"": ""2"", ""negative"": ""V"", ""generic2"": ""True"", ""sb"": ""NO""}",1.609690542012686,2.9614310410106555,-31,ExitStatus.FEASIBLE,False,False,2.9614310410106555
2025-06-08T09:28:42.798424,KidneyExchange-4-041_c23.xml,"{""input"": ""tests/xcsp3/cop/UNKNOWN/KidneyExchange-4-041_c23.xml"", ""solver"": ""xcsp:ACE@2.4"", ""output_dir"": ""results_comparison"", ""global_time_limit"": 600, ""max_tries"": 50, ""tuning_file"": ""tests/psa/ace.tuning.json"", ""hpo_strategy"": ""hamming"", ""global_time_strategy"": ""PERCENT"", ""percent"": 0.2, ""round_time_strategy"": ""STATIC"", ""time_evolution"": ""STATIC"", ""stop_strategy"": ""TIMEOUT""}",226,"{""varh"": ""Wdeg"", ""valh"": ""First"", ""saf"": ""False"", ""pc1"": ""True"", ""bdc"": ""1000"", ""toh"": ""False"", ""ng"": ""NO"", ""lc"": ""2"", ""negative"": ""CT"", ""generic2"": ""True"", ""sb"": ""NO""}",1.609690542012686,2.98720212499029,,ExitStatus.UNKNOWN,False,False,2.98720212499029
2025-06-08T09:28:45.776278,KidneyExchange-4-041_c23.xml,"{""input"": ""tests/xcsp3/cop/UNKNOWN/KidneyExchange-4-041_c23.xml"", ""solver"": ""xcsp:ACE@2.4"", ""output_dir"": ""results_comparison"", ""global_time_limit"": 600, ""max_tries"": 50, ""tuning_file"": ""tests/psa/ace.tuning.json"", ""hpo_strategy"": ""hamming"", ""global_time_strategy"": ""PERCENT"", ""percent"": 0.2, ""round_time_strategy"": ""STATIC"", ""time_evolution"": ""STATIC"", ""stop_strategy"": ""TIMEOUT""}",227,"{""varh"": ""Impact"", ""valh"": ""First"", ""saf"": ""False"", ""pc1"": ""True"", ""bdc"": ""1"", ""toh"": ""False"", ""ng"": ""NO"", ""lc"": ""2"", ""negative"": ""STR1N"", ""generic2"": ""True"", ""sb"": ""NO""}",1.609690542012686,2.7095902919827495,,ExitStatus.UNKNOWN,False,False,2.7095902919827495
2025-06-08T09:28:49.204975,KidneyExchange-4-041_c23.xml,"{""input"": ""tests/xcsp3/cop/UNKNOWN/KidneyExchange-4-041_c23.xml"", ""solver"": ""xcsp:ACE@2.4"", ""output_dir"": ""results_comparison"", ""global_time_limit"": 600, ""max_tries"": 50, ""tuning_file"": ""tests/psa/ace.tuning.json"", ""hpo_strategy"": ""hamming"", ""global_time_strategy"": ""PERCENT"", ""percent"": 0.2, ""round_time_strategy"": ""STATIC"", ""time_evolution"": ""STATIC"", ""stop_strategy"": ""TIMEOUT""}",228,"{""varh"": ""FrbaOnDom"", ""valh"": ""Last"", ""saf"": ""False"", ""pc1"": ""True"", ""bdc"": ""1"", ""toh"": ""False"", ""ng"": ""NO"", ""lc"": ""2"", ""negative"": ""V"", ""generic2"": ""True"", ""sb"": ""NO""}",1.609690542012686,3.110232792008901,,ExitStatus.UNKNOWN,False,False,3.110232792008901
2025-06-08T09:28:53.317913,KidneyExchange-4-041_c23.xml,"{""input"": ""tests/xcsp3/cop/UNKNOWN/KidneyExchange-4-041_c23.xml"", ""solver"": ""xcsp:ACE@2.4"", ""output_dir"": ""results_comparison"", ""global_time_limit"": 600, ""max_tries"": 50, ""tuning_file"": ""tests/psa/ace.tuning.json"", ""hpo_strategy"": ""hamming"", ""global_time_strategy"": ""PERCENT"", ""percent"": 0.2, ""round_time_strategy"": ""STATIC"", ""time_evolution"": ""STATIC"", ""stop_strategy"": ""TIMEOUT""}",229,"{""varh"": ""Wdeg"", ""valh"": ""Bivs3"", ""saf"": ""False"", ""pc1"": ""True"", ""bdc"": ""100"", ""toh"": ""False"", ""ng"": ""NO"", ""lc"": ""2"", ""negative"": ""V"", ""generic2"": ""True"", ""sb"": ""NO""}",1.609690542012686,3.7700077499903273,,ExitStatus.UNKNOWN,False,False,3.7700077499903273
2025-06-08T09:28:56.880603,KidneyExchange-4-041_c23.xml,"{""input"": ""tests/xcsp3/cop/UNKNOWN/KidneyExchange-4-041_c23.xml"", ""solver"": ""xcsp:ACE@2.4"", ""output_dir"": ""results_comparison"", ""global_time_limit"": 600, ""max_tries"": 50, ""tuning_file"": ""tests/psa/ace.tuning.json"", ""hpo_strategy"": ""hamming"", ""global_time_strategy"": ""PERCENT"", ""percent"": 0.2, ""round_time_strategy"": ""STATIC"", ""time_evolution"": ""STATIC"", ""stop_strategy"": ""TIMEOUT""}",230,"{""varh"": ""Wdeg"", ""valh"": ""First"", ""saf"": ""False"", ""pc1"": ""True"", ""bdc"": ""100"", ""toh"": ""False"", ""ng"": ""NO"", ""lc"": ""2"", ""negative"": ""STR1"", ""generic2"": ""True"", ""sb"": ""NO""}",1.609690542012686,3.2821228340035304,,ExitStatus.UNKNOWN,False,False,3.2821228340035304
2025-06-08T09:29:00.095543,KidneyExchange-4-041_c23.xml,"{""input"": ""tests/xcsp3/cop/UNKNOWN/KidneyExchange-4-041_c23.xml"", ""solver"": ""xcsp:ACE@2.4"", ""output_dir"": ""results_comparison"", ""global_time_limit"": 600, ""max_tries"": 50, ""tuning_file"": ""tests/psa/ace.tuning.json"", ""hpo_strategy"": ""hamming"", ""global_time_strategy"": ""PERCENT"", ""percent"": 0.2, ""round_time_strategy"": ""STATIC"", ""time_evolution"": ""STATIC"", ""stop_strategy"": ""TIMEOUT""}",231,"{""varh"": ""FrbaOnDom"", ""valh"": ""First"", ""saf"": ""False"", ""pc1"": ""True"", ""bdc"": ""10"", ""toh"": ""False"", ""ng"": ""NO"", ""lc"": ""2"", ""negative"": ""V"", ""generic2"": ""True"", ""sb"": ""NO""}",1.609690542012686,2.9426293750002515,,ExitStatus.UNKNOWN,False,False,2.9426293750002515
2025-06-08T09:29:03.259829,KidneyExchange-4-041_c23.xml,"{""input"": ""tests/xcsp3/cop/UNKNOWN/KidneyExchange-4-041_c23.xml"", ""solver"": ""xcsp:ACE@2.4"", ""output_dir"": ""results_comparison"", ""global_time_limit"": 600, ""max_tries"": 50, ""tuning_file"": ""tests/psa/ace.tuning.json"", ""hpo_strategy"": ""hamming"", ""global_time_strategy"": ""PERCENT"", ""percent"": 0.2, ""round_time_strategy"": ""STATIC"", ""time_evolution"": ""STATIC"", ""stop_strategy"": ""TIMEOUT""}",232,"{""varh"": ""Impact"", ""valh"": ""First"", ""saf"": ""False"", ""pc1"": ""True"", ""bdc"": ""1"", ""toh"": ""False"", ""ng"": ""NO"", ""lc"": ""2"", ""negative"": ""VA"", ""generic2"": ""True"", ""sb"": ""NO""}",1.609690542012686,2.898258541012183,,ExitStatus.UNKNOWN,False,False,2.898258541012183
2025-06-08T09:29:06.386305,KidneyExchange-4-041_c23.xml,"{""input"": ""tests/xcsp3/cop/UNKNOWN/KidneyExchange-4-041_c23.xml"", ""solver"": ""xcsp:ACE@2.4"", ""output_dir"": ""results_comparison"", ""global_time_limit"": 600, ""max_tries"": 50, ""tuning_file"": ""tests/psa/ace.tuning.json"", ""hpo_strategy"": ""hamming"", ""global_time_strategy"": ""PERCENT"", ""percent"": 0.2, ""round_time_strategy"": ""STATIC"", ""time_evolution"": ""STATIC"", ""stop_strategy"": ""TIMEOUT""}",233,"{""varh"": ""Wdeg"", ""valh"": ""Vals"", ""saf"": ""False"", ""pc1"": ""True"", ""bdc"": ""1"", ""toh"": ""False"", ""ng"": ""NO"", ""lc"": ""0"", ""negative"": ""V"", ""generic2"": ""True"", ""sb"": ""NO""}",1.609690542012686,2.841874292003922,,ExitStatus.UNKNOWN,False,False,2.841874292003922
2025-06-08T09:29:09.377949,KidneyExchange-4-041_c23.xml,"{""input"": ""tests/xcsp3/cop/UNKNOWN/KidneyExchange-4-041_c23.xml"", ""solver"": ""xcsp:ACE@2.4"", ""output_dir"": ""results_comparison"", ""global_time_limit"": 600, ""max_tries"": 50, ""tuning_file"": ""tests/psa/ace.tuning.json"", ""hpo_strategy"": ""hamming"", ""global_time_strategy"": ""PERCENT"", ""percent"": 0.2, ""round_time_strategy"": ""STATIC"", ""time_evolution"": ""STATIC"", ""stop_strategy"": ""TIMEOUT""}",234,"{""varh"": ""WdegOnDom"", ""valh"": ""First"", ""saf"": ""False"", ""pc1"": ""True"", ""bdc"": ""1"", ""toh"": ""False"", ""ng"": ""NO"", ""lc"": ""2"", ""negative"": ""STR2"", ""generic2"": ""True"", ""sb"": ""NO""}",1.609690542012686,2.7199461669952143,,ExitStatus.UNKNOWN,False,False,2.7199461669952143
2025-06-08T09:29:12.345430,KidneyExchange-4-041_c23.xml,"{""input"": ""tests/xcsp3/cop/UNKNOWN/KidneyExchange-4-041_c23.xml"", ""solver"": ""xcsp:ACE@2.4"", ""output_dir"": ""results_comparison"", ""global_time_limit"": 600, ""max_tries"": 50, ""tuning_file"": ""tests/psa/ace.tuning.json"", ""hpo_strategy"": ""hamming"", ""global_time_strategy"": ""PERCENT"", ""percent"": 0.2, ""round_time_strategy"": ""STATIC"", ""time_evolution"": ""STATIC"", ""stop_strategy"": ""TIMEOUT""}",235,"{""varh"": ""Wdeg"", ""valh"": ""Median"", ""saf"": ""False"", ""pc1"": ""True"", ""bdc"": ""1"", ""toh"": ""False"", ""ng"": ""NO"", ""lc"": ""5"", ""negative"": ""V"", ""generic2"": ""True"", ""sb"": ""NO""}",1.609690542012686,2.7527612920093816,,ExitStatus.UNKNOWN,False,False,2.7527612920093816
2025-06-08T09:29:15.317467,KidneyExchange-4-041_c23.xml,"{""input"": ""tests/xcsp3/cop/UNKNOWN/KidneyExchange-4-041_c23.xml"", ""solver"": ""xcsp:ACE@2.4"", ""output_dir"": ""results_comparison"", ""global_time_limit"": 600, ""max_tries"": 50, ""tuning_file"": ""tests/psa/ace.tuning.json"", ""hpo_strategy"": ""hamming"", ""global_time_strategy"": ""PERCENT"", ""percent"": 0.2, ""round_time_strategy"": ""STATIC"", ""time_evolution"": ""STATIC"", ""stop_strategy"": ""TIMEOUT""}",236,"{""varh"": ""Wdeg"", ""valh"": ""First"", ""saf"": ""False"", ""pc1"": ""True"", ""bdc"": ""1"", ""toh"": ""True"", ""ng"": ""NO"", ""lc"": ""2"", ""negative"": ""V"", ""generic2"": ""False"", ""sb"": ""NO""}",1.609690542012686,2.736519290978322,,ExitStatus.UNKNOWN,False,False,2.736519290978322
2025-06-08T09:29:18.363788,KidneyExchange-4-041_c23.xml,"{""input"": ""tests/xcsp3/cop/UNKNOWN/KidneyExchange-4-041_c23.xml"", ""solver"": ""xcsp:ACE@2.4"", ""output_dir"": ""results_comparison"", ""global_time_limit"": 600, ""max_tries"": 50, ""tuning_file"": ""tests/psa/ace.tuning.json"", ""hpo_strategy"": ""hamming"", ""global_time_strategy"": ""PERCENT"", ""percent"": 0.2, ""round_time_strategy"": ""STATIC"", ""time_evolution"": ""STATIC"", ""stop_strategy"": ""TIMEOUT""}",237,"{""varh"": ""RunRobin"", ""valh"": ""Median"", ""saf"": ""False"", ""pc1"": ""True"", ""bdc"": ""1"", ""toh"": ""False"", ""ng"": ""NO"", ""lc"": ""2"", ""negative"": ""V"", ""generic2"": ""True"", ""sb"": ""NO""}",1.609690542012686,2.7198647079931106,,ExitStatus.UNKNOWN,False,False,2.7198647079931106
2025-06-08T09:29:21.570125,KidneyExchange-4-041_c23.xml,"{""input"": ""tests/xcsp3/cop/UNKNOWN/KidneyExchange-4-041_c23.xml"", ""solver"": ""xcsp:ACE@2.4"", ""output_dir"": ""results_comparison"", ""global_time_limit"": 600, ""max_tries"": 50, ""tuning_file"": ""tests/psa/ace.tuning.json"", ""hpo_strategy"": ""hamming"", ""global_time_strategy"": ""PERCENT"", ""percent"": 0.2, ""round_time_strategy"": ""STATIC"", ""time_evolution"": ""STATIC"", ""stop_strategy"": ""TIMEOUT""}",238,"{""varh"": ""WdegOnDom"", ""valh"": ""First"", ""saf"": ""False"", ""pc1"": ""True"", ""bdc"": ""1"", ""toh"": ""False"", ""ng"": ""NO"", ""lc"": ""0"", ""negative"": ""V"", ""generic2"": ""True"", ""sb"": ""NO""}",1.609690542012686,2.927488250017632,-34,ExitStatus.FEASIBLE,False,False,2.927488250017632
2025-06-08T09:29:24.644624,KidneyExchange-4-041_c23.xml,"{""input"": ""tests/xcsp3/cop/UNKNOWN/KidneyExchange-4-041_c23.xml"", ""solver"": ""xcsp:ACE@2.4"", ""output_dir"": ""results_comparison"", ""global_time_limit"": 600, ""max_tries"": 50, ""tuning_file"": ""tests/psa/ace.tuning.json"", ""hpo_strategy"": ""hamming"", ""global_time_strategy"": ""PERCENT"", ""percent"": 0.2, ""round_time_strategy"": ""STATIC"", ""time_evolution"": ""STATIC"", ""stop_strategy"": ""TIMEOUT""}",239,"{""varh"": ""Impact"", ""valh"": ""OccsR"", ""saf"": ""False"", ""pc1"": ""True"", ""bdc"": ""1"", ""toh"": ""False"", ""ng"": ""NO"", ""lc"": ""2"", ""negative"": ""V"", ""generic2"": ""True"", ""sb"": ""NO""}",1.609690542012686,2.8313355419959407,-23,ExitStatus.FEASIBLE,False,False,2.8313355419959407
2025-06-08T09:29:27.579554,KidneyExchange-4-041_c23.xml,"{""input"": ""tests/xcsp3/cop/UNKNOWN/KidneyExchange-4-041_c23.xml"", ""solver"": ""xcsp:ACE@2.4"", ""output_dir"": ""results_comparison"", ""global_time_limit"": 600, ""max_tries"": 50, ""tuning_file"": ""tests/psa/ace.tuning.json"", ""hpo_strategy"": ""hamming"", ""global_time_strategy"": ""PERCENT"", ""percent"": 0.2, ""round_time_strategy"": ""STATIC"", ""time_evolution"": ""STATIC"", ""stop_strategy"": ""TIMEOUT""}",240,"{""varh"": ""Wdeg"", ""valh"": ""OccsR"", ""saf"": ""False"", ""pc1"": ""True"", ""bdc"": ""100"", ""toh"": ""False"", ""ng"": ""NO"", ""lc"": ""2"", ""negative"": ""V"", ""generic2"": ""True"", ""sb"": ""NO""}",1.609690542012686,2.6689216250088066,,ExitStatus.UNKNOWN,False,False,2.6689216250088066
2025-06-08T09:29:30.431196,KidneyExchange-4-041_c23.xml,"{""input"": ""tests/xcsp3/cop/UNKNOWN/KidneyExchange-4-041_c23.xml"", ""solver"": ""xcsp:ACE@2.4"", ""output_dir"": ""results_comparison"", ""global_time_limit"": 600, ""max_tries"": 50, ""tuning_file"": ""tests/psa/ace.tuning.json"", ""hpo_strategy"": ""hamming"", ""global_time_strategy"": ""PERCENT"", ""percent"": 0.2, ""round_time_strategy"": ""STATIC"", ""time_evolution"": ""STATIC"", ""stop_strategy"": ""TIMEOUT""}",241,"{""varh"": ""Wdeg"", ""valh"": ""Conflicts"", ""saf"": ""False"", ""pc1"": ""True"", ""bdc"": ""1"", ""toh"": ""False"", ""ng"": ""NO"", ""lc"": ""0"", ""negative"": ""V"", ""generic2"": ""True"", ""sb"": ""NO""}",1.609690542012686,2.649290667002788,,ExitStatus.UNKNOWN,False,False,2.649290667002788
2025-06-08T09:29:33.455410,KidneyExchange-4-041_c23.xml,"{""input"": ""tests/xcsp3/cop/UNKNOWN/KidneyExchange-4-041_c23.xml"", ""solver"": ""xcsp:ACE@2.4"", ""output_dir"": ""results_comparison"", ""global_time_limit"": 600, ""max_tries"": 50, ""tuning_file"": ""tests/psa/ace.tuning.json"", ""hpo_strategy"": ""hamming"", ""global_time_strategy"": ""PERCENT"", ""percent"": 0.2, ""round_time_strategy"": ""STATIC"", ""time_evolution"": ""STATIC"", ""stop_strategy"": ""TIMEOUT""}",242,"{""varh"": ""WdegOnDom"", ""valh"": ""First"", ""saf"": ""False"", ""pc1"": ""True"", ""bdc"": ""1"", ""toh"": ""False"", ""ng"": ""NO"", ""lc"": ""2"", ""negative"": ""STR2N"", ""generic2"": ""True"", ""sb"": ""NO""}",1.609690542012686,2.7804197079967707,-34,ExitStatus.FEASIBLE,False,False,2.7804197079967707
2025-06-08T09:29:36.678356,KidneyExchange-4-041_c23.xml,"{""input"": ""tests/xcsp3/cop/UNKNOWN/KidneyExchange-4-041_c23.xml"", ""solver"": ""xcsp:ACE@2.4"", ""output_dir"": ""results_comparison"", ""global_time_limit"": 600, ""max_tries"": 50, ""tuning_file"": ""tests/psa/ace.tuning.json"", ""hpo_strategy"": ""hamming"", ""global_time_strategy"": ""PERCENT"", ""percent"": 0.2, ""round_time_strategy"": ""STATIC"", ""time_evolution"": ""STATIC"", ""stop_strategy"": ""TIMEOUT""}",243,"{""varh"": ""PickOnDom"", ""valh"": ""First"", ""saf"": ""False"", ""pc1"": ""True"", ""bdc"": ""1"", ""toh"": ""False"", ""ng"": ""NO"", ""lc"": ""1"", ""negative"": ""V"", ""generic2"": ""True"", ""sb"": ""NO""}",1.609690542012686,2.9174034999741707,-34,ExitStatus.FEASIBLE,False,False,2.9174034999741707
2025-06-08T09:29:39.717936,KidneyExchange-4-041_c23.xml,"{""input"": ""tests/xcsp3/cop/UNKNOWN/KidneyExchange-4-041_c23.xml"", ""solver"": ""xcsp:ACE@2.4"", ""output_dir"": ""results_comparison"", ""global_time_limit"": 600, ""max_tries"": 50, ""tuning_file"": ""tests/psa/ace.tuning.json"", ""hpo_strategy"": ""hamming"", ""global_time_strategy"": ""PERCENT"", ""percent"": 0.2, ""round_time_strategy"": ""STATIC"", ""time_evolution"": ""STATIC"", ""stop_strategy"": ""TIMEOUT""}",244,"{""varh"": ""PickOnDom"", ""valh"": ""First"", ""saf"": ""False"", ""pc1"": ""True"", ""bdc"": ""100"", ""toh"": ""False"", ""ng"": ""NO"", ""lc"": ""2"", ""negative"": ""V"", ""generic2"": ""True"", ""sb"": ""NO""}",1.609690542012686,2.770219708996592,,ExitStatus.UNKNOWN,False,False,2.770219708996592
2025-06-08T09:29:45.980652,KidneyExchange-4-041_c23.xml,"{""input"": ""tests/xcsp3/cop/UNKNOWN/KidneyExchange-4-041_c23.xml"", ""solver"": ""xcsp:ACE@2.4"", ""output_dir"": ""results_comparison"", ""global_time_limit"": 600, ""max_tries"": 50, ""tuning_file"": ""tests/psa/ace.tuning.json"", ""hpo_strategy"": ""hamming"", ""global_time_strategy"": ""PERCENT"", ""percent"": 0.2, ""round_time_strategy"": ""STATIC"", ""time_evolution"": ""STATIC"", ""stop_strategy"": ""TIMEOUT""}",245,"{""varh"": ""Wdeg"", ""valh"": ""Conflicts"", ""saf"": ""False"", ""pc1"": ""True"", ""bdc"": ""1"", ""toh"": ""False"", ""ng"": ""NO"", ""lc"": ""2"", ""negative"": ""STR1"", ""generic2"": ""True"", ""sb"": ""NO""}",1.609690542012686,1,,ExitStatus.UNKNOWN,False,False,1
2025-06-08T09:29:49.126951,KidneyExchange-4-041_c23.xml,"{""input"": ""tests/xcsp3/cop/UNKNOWN/KidneyExchange-4-041_c23.xml"", ""solver"": ""xcsp:ACE@2.4"", ""output_dir"": ""results_comparison"", ""global_time_limit"": 600, ""max_tries"": 50, ""tuning_file"": ""tests/psa/ace.tuning.json"", ""hpo_strategy"": ""hamming"", ""global_time_strategy"": ""PERCENT"", ""percent"": 0.2, ""round_time_strategy"": ""STATIC"", ""time_evolution"": ""STATIC"", ""stop_strategy"": ""TIMEOUT""}",246,"{""varh"": ""Wdeg"", ""valh"": ""First"", ""saf"": ""False"", ""pc1"": ""True"", ""bdc"": ""1"", ""toh"": ""False"", ""ng"": ""NO"", ""lc"": ""0"", ""negative"": ""STR0"", ""generic2"": ""True"", ""sb"": ""NO""}",1.609690542012686,2.8848114580032416,,ExitStatus.UNKNOWN,False,False,2.8848114580032416
2025-06-08T09:29:52.468624,KidneyExchange-4-041_c23.xml,"{""input"": ""tests/xcsp3/cop/UNKNOWN/KidneyExchange-4-041_c23.xml"", ""solver"": ""xcsp:ACE@2.4"", ""output_dir"": ""results_comparison"", ""global_time_limit"": 600, ""max_tries"": 50, ""tuning_file"": ""tests/psa/ace.tuning.json"", ""hpo_strategy"": ""hamming"", ""global_time_strategy"": ""PERCENT"", ""percent"": 0.2, ""round_time_strategy"": ""STATIC"", ""time_evolution"": ""STATIC"", ""stop_strategy"": ""TIMEOUT""}",247,"{""varh"": ""Wdeg"", ""valh"": ""Rand"", ""saf"": ""True"", ""pc1"": ""True"", ""bdc"": ""1"", ""toh"": ""False"", ""ng"": ""NO"", ""lc"": ""2"", ""negative"": ""V"", ""generic2"": ""True"", ""sb"": ""NO""}",1.609690542012686,3.063635583006544,,ExitStatus.UNKNOWN,False,False,3.063635583006544
2025-06-08T09:29:55.888793,KidneyExchange-4-041_c23.xml,"{""input"": ""tests/xcsp3/cop/UNKNOWN/KidneyExchange-4-041_c23.xml"", ""solver"": ""xcsp:ACE@2.4"", ""output_dir"": ""results_comparison"", ""global_time_limit"": 600, ""max_tries"": 50, ""tuning_file"": ""tests/psa/ace.tuning.json"", ""hpo_strategy"": ""hamming"", ""global_time_strategy"": ""PERCENT"", ""percent"": 0.2, ""round_time_strategy"": ""STATIC"", ""time_evolution"": ""STATIC"", ""stop_strategy"": ""TIMEOUT""}",248,"{""varh"": ""Activity"", ""valh"": ""First"", ""saf"": ""False"", ""pc1"": ""True"", ""bdc"": ""1"", ""toh"": ""False"", ""ng"": ""NO"", ""lc"": ""2"", ""negative"": ""STR1N"", ""generic2"": ""True"", ""sb"": ""NO""}",1.609690542012686,3.215883124998072,,ExitStatus.UNKNOWN,False,False,3.215883124998072
2025-06-08T09:29:58.884799,KidneyExchange-4-041_c23.xml,"{""input"": ""tests/xcsp3/cop/UNKNOWN/KidneyExchange-4-041_c23.xml"", ""solver"": ""xcsp:ACE@2.4"", ""output_dir"": ""results_comparison"", ""global_time_limit"": 600, ""max_tries"": 50, ""tuning_file"": ""tests/psa/ace.tuning.json"", ""hpo_strategy"": ""hamming"", ""global_time_strategy"": ""PERCENT"", ""percent"": 0.2, ""round_time_strategy"": ""STATIC"", ""time_evolution"": ""STATIC"", ""stop_strategy"": ""TIMEOUT""}",249,"{""varh"": ""Activity"", ""valh"": ""First"", ""saf"": ""False"", ""pc1"": ""True"", ""bdc"": ""1"", ""toh"": ""False"", ""ng"": ""NO"", ""lc"": ""5"", ""negative"": ""V"", ""generic2"": ""True"", ""sb"": ""NO""}",1.609690542012686,2.7071006250043865,,ExitStatus.UNKNOWN,False,False,2.7071006250043865
2025-06-09T10:01:47.103653,KidneyExchange-4-041_c23.xml,"{""input"": ""tests/xcsp3/cop/UNKNOWN/KidneyExchange-4-041_c23.xml"", ""solver"": ""xcsp:ACE@2.4"", ""output_dir"": ""results_comparison"", ""global_time_limit"": 600, ""max_tries"": 50, ""tuning_file"": ""tests/psa/ace.tuning.json"", ""hpo_strategy"": ""hamming"", ""global_time_strategy"": ""PERCENT"", ""percent"": 0.2, ""round_time_strategy"": ""STATIC"", ""time_evolution"": ""STATIC"", ""stop_strategy"": ""TIMEOUT""}",0,"{""varh"": ""Wdeg"", ""valh"": ""First"", ""saf"": ""False"", ""pc1"": ""True"", ""bdc"": ""1"", ""toh"": ""False"", ""ng"": ""NO"", ""lc"": ""2"", ""negative"": ""V"", ""generic2"": ""True"", ""sb"": ""NO""}",1.650335541984532,1.5521267079748213,1,ExitStatus.FEASIBLE,False,False,1.5521267079748213
2025-06-09T10:01:48.771030,KidneyExchange-4-041_c23.xml,"{""input"": ""tests/xcsp3/cop/UNKNOWN/KidneyExchange-4-041_c23.xml"", ""solver"": ""xcsp:ACE@2.4"", ""output_dir"": ""results_comparison"", ""global_time_limit"": 600, ""max_tries"": 50, ""tuning_file"": ""tests/psa/ace.tuning.json"", ""hpo_strategy"": ""hamming"", ""global_time_strategy"": ""PERCENT"", ""percent"": 0.2, ""round_time_strategy"": ""STATIC"", ""time_evolution"": ""STATIC"", ""stop_strategy"": ""TIMEOUT""}",1,"{""varh"": ""WdegOnDom"", ""valh"": ""First"", ""saf"": ""False"", ""pc1"": ""True"", ""bdc"": ""1"", ""toh"": ""False"", ""ng"": ""NO"", ""lc"": ""2"", ""negative"": ""V"", ""generic2"": ""True"", ""sb"": ""NO""}",1.650335541984532,1.543433915998321,1,ExitStatus.FEASIBLE,False,False,1.543433915998321
2025-06-09T10:01:50.460289,KidneyExchange-4-041_c23.xml,"{""input"": ""tests/xcsp3/cop/UNKNOWN/KidneyExchange-4-041_c23.xml"", ""solver"": ""xcsp:ACE@2.4"", ""output_dir"": ""results_comparison"", ""global_time_limit"": 600, ""max_tries"": 50, ""tuning_file"": ""tests/psa/ace.tuning.json"", ""hpo_strategy"": ""hamming"", ""global_time_strategy"": ""PERCENT"", ""percent"": 0.2, ""round_time_strategy"": ""STATIC"", ""time_evolution"": ""STATIC"", ""stop_strategy"": ""TIMEOUT""}",2,"{""varh"": ""Memory"", ""valh"": ""First"", ""saf"": ""False"", ""pc1"": ""True"", ""bdc"": ""1"", ""toh"": ""False"", ""ng"": ""NO"", ""lc"": ""2"", ""negative"": ""V"", ""generic2"": ""True"", ""sb"": ""NO""}",1.650335541984532,1.5614940829691477,1,ExitStatus.FEASIBLE,False,False,1.5614940829691477
2025-06-09T10:01:52.341898,KidneyExchange-4-041_c23.xml,"{""input"": ""tests/xcsp3/cop/UNKNOWN/KidneyExchange-4-041_c23.xml"", ""solver"": ""xcsp:ACE@2.4"", ""output_dir"": ""results_comparison"", ""global_time_limit"": 600, ""max_tries"": 50, ""tuning_file"": ""tests/psa/ace.tuning.json"", ""hpo_strategy"": ""hamming"", ""global_time_strategy"": ""PERCENT"", ""percent"": 0.2, ""round_time_strategy"": ""STATIC"", ""time_evolution"": ""STATIC"", ""stop_strategy"": ""TIMEOUT""}",3,"{""varh"": ""Wdeg"", ""valh"": ""Last"", ""saf"": ""False"", ""pc1"": ""True"", ""bdc"": ""1"", ""toh"": ""False"", ""ng"": ""NO"", ""lc"": ""2"", ""negative"": ""V"", ""generic2"": ""True"", ""sb"": ""NO""}",1.650335541984532,1.752313792007044,1,ExitStatus.FEASIBLE,False,False,1.752313792007044
2025-06-09T10:01:53.933382,KidneyExchange-4-041_c23.xml,"{""input"": ""tests/xcsp3/cop/UNKNOWN/KidneyExchange-4-041_c23.xml"", ""solver"": ""xcsp:ACE@2.4"", ""output_dir"": ""results_comparison"", ""global_time_limit"": 600, ""max_tries"": 50, ""tuning_file"": ""tests/psa/ace.tuning.json"", ""hpo_strategy"": ""hamming"", ""global_time_strategy"": ""PERCENT"", ""percent"": 0.2, ""round_time_strategy"": ""STATIC"", ""time_evolution"": ""STATIC"", ""stop_strategy"": ""TIMEOUT""}",4,"{""varh"": ""Wdeg"", ""valh"": ""Rand"", ""saf"": ""False"", ""pc1"": ""True"", ""bdc"": ""1"", ""toh"": ""False"", ""ng"": ""NO"", ""lc"": ""2"", ""negative"": ""V"", ""generic2"": ""True"", ""sb"": ""NO""}",1.47462724999059,1.47462724999059,1,ExitStatus.OPTIMAL,True,True,1.47462724999059
2025-06-09T10:01:55.825483,KidneyExchange-4-041_c23.xml,"{""input"": ""tests/xcsp3/cop/UNKNOWN/KidneyExchange-4-041_c23.xml"", ""solver"": ""xcsp:ACE@2.4"", ""output_dir"": ""results_comparison"", ""global_time_limit"": 600, ""max_tries"": 50, ""tuning_file"": ""tests/psa/ace.tuning.json"", ""hpo_strategy"": ""hamming"", ""global_time_strategy"": ""PERCENT"", ""percent"": 0.2, ""round_time_strategy"": ""STATIC"", ""time_evolution"": ""STATIC"", ""stop_strategy"": ""TIMEOUT""}",5,"{""varh"": ""Wdeg"", ""valh"": ""Rand"", ""saf"": ""False"", ""pc1"": ""True"", ""bdc"": ""1"", ""toh"": ""False"", ""ng"": ""NO"", ""lc"": ""2"", ""negative"": ""STR2"", ""generic2"": ""True"", ""sb"": ""NO""}",1.47462724999059,1.7500455000554211,1,ExitStatus.FEASIBLE,False,False,1.7500455000554211
2025-06-09T10:01:57.674349,KidneyExchange-4-041_c23.xml,"{""input"": ""tests/xcsp3/cop/UNKNOWN/KidneyExchange-4-041_c23.xml"", ""solver"": ""xcsp:ACE@2.4"", ""output_dir"": ""results_comparison"", ""global_time_limit"": 600, ""max_tries"": 50, ""tuning_file"": ""tests/psa/ace.tuning.json"", ""hpo_strategy"": ""hamming"", ""global_time_strategy"": ""PERCENT"", ""percent"": 0.2, ""round_time_strategy"": ""STATIC"", ""time_evolution"": ""STATIC"", ""stop_strategy"": ""TIMEOUT""}",6,"{""varh"": ""Wdeg"", ""valh"": ""Rand"", ""saf"": ""False"", ""pc1"": ""True"", ""bdc"": ""10"", ""toh"": ""False"", ""ng"": ""NO"", ""lc"": ""2"", ""negative"": ""V"", ""generic2"": ""True"", ""sb"": ""NO""}",1.47462724999059,1.6712964580510743,-7,ExitStatus.OPTIMAL,False,False,1.6712964580510743
2025-06-09T10:01:59.429687,KidneyExchange-4-041_c23.xml,"{""input"": ""tests/xcsp3/cop/UNKNOWN/KidneyExchange-4-041_c23.xml"", ""solver"": ""xcsp:ACE@2.4"", ""output_dir"": ""results_comparison"", ""global_time_limit"": 600, ""max_tries"": 50, ""tuning_file"": ""tests/psa/ace.tuning.json"", ""hpo_strategy"": ""hamming"", ""global_time_strategy"": ""PERCENT"", ""percent"": 0.2, ""round_time_strategy"": ""STATIC"", ""time_evolution"": ""STATIC"", ""stop_strategy"": ""TIMEOUT""}",7,"{""varh"": ""Wdeg"", ""valh"": ""Rand"", ""saf"": ""False"", ""pc1"": ""True"", ""bdc"": ""1"", ""toh"": ""True"", ""ng"": ""NO"", ""lc"": ""2"", ""negative"": ""V"", ""generic2"": ""True"", ""sb"": ""NO""}",1.47462724999059,1.629030708980281,1,ExitStatus.FEASIBLE,False,False,1.629030708980281
2025-06-09T10:02:01.321695,KidneyExchange-4-041_c23.xml,"{""input"": ""tests/xcsp3/cop/UNKNOWN/KidneyExchange-4-041_c23.xml"", ""solver"": ""xcsp:ACE@2.4"", ""output_dir"": ""results_comparison"", ""global_time_limit"": 600, ""max_tries"": 50, ""tuning_file"": ""tests/psa/ace.tuning.json"", ""hpo_strategy"": ""hamming"", ""global_time_strategy"": ""PERCENT"", ""percent"": 0.2, ""round_time_strategy"": ""STATIC"", ""time_evolution"": ""STATIC"", ""stop_strategy"": ""TIMEOUT""}",8,"{""varh"": ""Wdeg"", ""valh"": ""Rand"", ""saf"": ""False"", ""pc1"": ""True"", ""bdc"": ""1"", ""toh"": ""False"", ""ng"": ""NO"", ""lc"": ""2"", ""negative"": ""STR2N"", ""generic2"": ""True"", ""sb"": ""NO""}",1.47462724999059,1.7431861250079237,-1,ExitStatus.FEASIBLE,False,False,1.7431861250079237
2025-06-09T10:02:03.134594,KidneyExchange-4-041_c23.xml,"{""input"": ""tests/xcsp3/cop/UNKNOWN/KidneyExchange-4-041_c23.xml"", ""solver"": ""xcsp:ACE@2.4"", ""output_dir"": ""results_comparison"", ""global_time_limit"": 600, ""max_tries"": 50, ""tuning_file"": ""tests/psa/ace.tuning.json"", ""hpo_strategy"": ""hamming"", ""global_time_strategy"": ""PERCENT"", ""percent"": 0.2, ""round_time_strategy"": ""STATIC"", ""time_evolution"": ""STATIC"", ""stop_strategy"": ""TIMEOUT""}",9,"{""varh"": ""Wdeg"", ""valh"": ""Rand"", ""saf"": ""False"", ""pc1"": ""True"", ""bdc"": ""1"", ""toh"": ""False"", ""ng"": ""NO"", ""lc"": ""2"", ""negative"": ""V"", ""generic2"": ""False"", ""sb"": ""NO""}",1.47462724999059,1.6480967500247061,1,ExitStatus.FEASIBLE,False,False,1.6480967500247061
2025-06-09T10:02:04.841517,KidneyExchange-4-041_c23.xml,"{""input"": ""tests/xcsp3/cop/UNKNOWN/KidneyExchange-4-041_c23.xml"", ""solver"": ""xcsp:ACE@2.4"", ""output_dir"": ""results_comparison"", ""global_time_limit"": 600, ""max_tries"": 50, ""tuning_file"": ""tests/psa/ace.tuning.json"", ""hpo_strategy"": ""hamming"", ""global_time_strategy"": ""PERCENT"", ""percent"": 0.2, ""round_time_strategy"": ""STATIC"", ""time_evolution"": ""STATIC"", ""stop_strategy"": ""TIMEOUT""}",10,"{""varh"": ""FrbaOnDom"", ""valh"": ""Rand"", ""saf"": ""False"", ""pc1"": ""True"", ""bdc"": ""1"", ""toh"": ""False"", ""ng"": ""NO"", ""lc"": ""2"", ""negative"": ""V"", ""generic2"": ""True"", ""sb"": ""NO""}",1.47462724999059,1.581091457977891,-1,ExitStatus.FEASIBLE,False,False,1.581091457977891
2025-06-09T10:02:07.402966,KidneyExchange-4-041_c23.xml,"{""input"": ""tests/xcsp3/cop/UNKNOWN/KidneyExchange-4-041_c23.xml"", ""solver"": ""xcsp:ACE@2.4"", ""output_dir"": ""results_comparison"", ""global_time_limit"": 600, ""max_tries"": 50, ""tuning_file"": ""tests/psa/ace.tuning.json"", ""hpo_strategy"": ""hamming"", ""global_time_strategy"": ""PERCENT"", ""percent"": 0.2, ""round_time_strategy"": ""STATIC"", ""time_evolution"": ""STATIC"", ""stop_strategy"": ""TIMEOUT""}",11,"{""varh"": ""Wdeg"", ""valh"": ""Median"", ""saf"": ""False"", ""pc1"": ""True"", ""bdc"": ""1"", ""toh"": ""False"", ""ng"": ""NO"", ""lc"": ""2"", ""negative"": ""V"", ""generic2"": ""True"", ""sb"": ""NO""}",1.47462724999059,1.9900900830398314,-9,ExitStatus.FEASIBLE,False,False,1.9900900830398314
2025-06-09T10:02:09.422251,KidneyExchange-4-041_c23.xml,"{""input"": ""tests/xcsp3/cop/UNKNOWN/KidneyExchange-4-041_c23.xml"", ""solver"": ""xcsp:ACE@2.4"", ""output_dir"": ""results_comparison"", ""global_time_limit"": 600, ""max_tries"": 50, ""tuning_file"": ""tests/psa/ace.tuning.json"", ""hpo_strategy"": ""hamming"", ""global_time_strategy"": ""PERCENT"", ""percent"": 0.2, ""round_time_strategy"": ""STATIC"", ""time_evolution"": ""STATIC"", ""stop_strategy"": ""TIMEOUT""}",12,"{""varh"": ""Wdeg"", ""valh"": ""Vals"", ""saf"": ""False"", ""pc1"": ""True"", ""bdc"": ""1"", ""toh"": ""False"", ""ng"": ""NO"", ""lc"": ""2"", ""negative"": ""V"", ""generic2"": ""True"", ""sb"": ""NO""}",1.47462724999059,1.8275654999888502,-5,ExitStatus.FEASIBLE,False,False,1.8275654999888502
2025-06-09T10:02:11.252254,KidneyExchange-4-041_c23.xml,"{""input"": ""tests/xcsp3/cop/UNKNOWN/KidneyExchange-4-041_c23.xml"", ""solver"": ""xcsp:ACE@2.4"", ""output_dir"": ""results_comparison"", ""global_time_limit"": 600, ""max_tries"": 50, ""tuning_file"": ""tests/psa/ace.tuning.json"", ""hpo_strategy"": ""hamming"", ""global_time_strategy"": ""PERCENT"", ""percent"": 0.2, ""round_time_strategy"": ""STATIC"", ""time_evolution"": ""STATIC"", ""stop_strategy"": ""TIMEOUT""}",13,"{""varh"": ""Wdeg"", ""valh"": ""Rand"", ""saf"": ""False"", ""pc1"": ""True"", ""bdc"": ""1"", ""toh"": ""False"", ""ng"": ""NO"", ""lc"": ""1"", ""negative"": ""V"", ""generic2"": ""True"", ""sb"": ""NO""}",1.47462724999059,1.690351625031326,1,ExitStatus.FEASIBLE,False,False,1.690351625031326
2025-06-09T10:02:13.048975,KidneyExchange-4-041_c23.xml,"{""input"": ""tests/xcsp3/cop/UNKNOWN/KidneyExchange-4-041_c23.xml"", ""solver"": ""xcsp:ACE@2.4"", ""output_dir"": ""results_comparison"", ""global_time_limit"": 600, ""max_tries"": 50, ""tuning_file"": ""tests/psa/ace.tuning.json"", ""hpo_strategy"": ""hamming"", ""global_time_strategy"": ""PERCENT"", ""percent"": 0.2, ""round_time_strategy"": ""STATIC"", ""time_evolution"": ""STATIC"", ""stop_strategy"": ""TIMEOUT""}",14,"{""varh"": ""Wdeg"", ""valh"": ""RunRobin"", ""saf"": ""False"", ""pc1"": ""True"", ""bdc"": ""1"", ""toh"": ""False"", ""ng"": ""NO"", ""lc"": ""2"", ""negative"": ""V"", ""generic2"": ""True"", ""sb"": ""NO""}",1.47462724999059,1.6496116669732146,1,ExitStatus.FEASIBLE,False,False,1.6496116669732146
2025-06-09T10:02:14.770108,KidneyExchange-4-041_c23.xml,"{""input"": ""tests/xcsp3/cop/UNKNOWN/KidneyExchange-4-041_c23.xml"", ""solver"": ""xcsp:ACE@2.4"", ""output_dir"": ""results_comparison"", ""global_time_limit"": 600, ""max_tries"": 50, ""tuning_file"": ""tests/psa/ace.tuning.json"", ""hpo_strategy"": ""hamming"", ""global_time_strategy"": ""PERCENT"", ""percent"": 0.2, ""round_time_strategy"": ""STATIC"", ""time_evolution"": ""STATIC"", ""stop_strategy"": ""TIMEOUT""}",15,"{""varh"": ""Activity"", ""valh"": ""Rand"", ""saf"": ""False"", ""pc1"": ""True"", ""bdc"": ""1"", ""toh"": ""False"", ""ng"": ""NO"", ""lc"": ""2"", ""negative"": ""V"", ""generic2"": ""True"", ""sb"": ""NO""}",1.47462724999059,1.5916839159908704,-13,ExitStatus.FEASIBLE,False,False,1.5916839159908704
2025-06-09T10:02:16.320733,KidneyExchange-4-041_c23.xml,"{""input"": ""tests/xcsp3/cop/UNKNOWN/KidneyExchange-4-041_c23.xml"", ""solver"": ""xcsp:ACE@2.4"", ""output_dir"": ""results_comparison"", ""global_time_limit"": 600, ""max_tries"": 50, ""tuning_file"": ""tests/psa/ace.tuning.json"", ""hpo_strategy"": ""hamming"", ""global_time_strategy"": ""PERCENT"", ""percent"": 0.2, ""round_time_strategy"": ""STATIC"", ""time_evolution"": ""STATIC"", ""stop_strategy"": ""TIMEOUT""}",16,"{""varh"": ""Wdeg"", ""valh"": ""Rand"", ""saf"": ""False"", ""pc1"": ""True"", ""bdc"": ""1"", ""toh"": ""False"", ""ng"": ""NO"", ""lc"": ""2"", ""negative"": ""STR1"", ""generic2"": ""True"", ""sb"": ""NO""}",1.4296832499676384,1.4296832499676384,1,ExitStatus.OPTIMAL,True,True,1.4296832499676384
2025-06-09T10:02:18.002756,KidneyExchange-4-041_c23.xml,"{""input"": ""tests/xcsp3/cop/UNKNOWN/KidneyExchange-4-041_c23.xml"", ""solver"": ""xcsp:ACE@2.4"", ""output_dir"": ""results_comparison"", ""global_time_limit"": 600, ""max_tries"": 50, ""tuning_file"": ""tests/psa/ace.tuning.json"", ""hpo_strategy"": ""hamming"", ""global_time_strategy"": ""PERCENT"", ""percent"": 0.2, ""round_time_strategy"": ""STATIC"", ""time_evolution"": ""STATIC"", ""stop_strategy"": ""TIMEOUT""}",17,"{""varh"": ""Wdeg"", ""valh"": ""Rand"", ""saf"": ""False"", ""pc1"": ""True"", ""bdc"": ""1"", ""toh"": ""False"", ""ng"": ""NO"", ""lc"": ""1"", ""negative"": ""STR1"", ""generic2"": ""True"", ""sb"": ""NO""}",1.4296832499676384,1.5649134590057656,1,ExitStatus.FEASIBLE,False,False,1.5649134590057656
2025-06-09T10:02:19.662302,KidneyExchange-4-041_c23.xml,"{""input"": ""tests/xcsp3/cop/UNKNOWN/KidneyExchange-4-041_c23.xml"", ""solver"": ""xcsp:ACE@2.4"", ""output_dir"": ""results_comparison"", ""global_time_limit"": 600, ""max_tries"": 50, ""tuning_file"": ""tests/psa/ace.tuning.json"", ""hpo_strategy"": ""hamming"", ""global_time_strategy"": ""PERCENT"", ""percent"": 0.2, ""round_time_strategy"": ""STATIC"", ""time_evolution"": ""STATIC"", ""stop_strategy"": ""TIMEOUT""}",18,"{""varh"": ""Wdeg"", ""valh"": ""Rand"", ""saf"": ""False"", ""pc1"": ""True"", ""bdc"": ""1"", ""toh"": ""False"", ""ng"": ""NO"", ""lc"": ""10"", ""negative"": ""STR1"", ""generic2"": ""True"", ""sb"": ""NO""}",1.4296832499676384,1.5498704169876873,1,ExitStatus.FEASIBLE,False,False,1.5498704169876873
2025-06-09T10:02:21.348738,KidneyExchange-4-041_c23.xml,"{""input"": ""tests/xcsp3/cop/UNKNOWN/KidneyExchange-4-041_c23.xml"", ""solver"": ""xcsp:ACE@2.4"", ""output_dir"": ""results_comparison"", ""global_time_limit"": 600, ""max_tries"": 50, ""tuning_file"": ""tests/psa/ace.tuning.json"", ""hpo_strategy"": ""hamming"", ""global_time_strategy"": ""PERCENT"", ""percent"": 0.2, ""round_time_strategy"": ""STATIC"", ""time_evolution"": ""STATIC"", ""stop_strategy"": ""TIMEOUT""}",19,"{""varh"": ""Wdeg"", ""valh"": ""Rand"", ""saf"": ""False"", ""pc1"": ""True"", ""bdc"": ""1"", ""toh"": ""True"", ""ng"": ""NO"", ""lc"": ""2"", ""negative"": ""STR1"", ""generic2"": ""True"", ""sb"": ""NO""}",1.4296832499676384,1.5687295839888975,1,ExitStatus.FEASIBLE,False,False,1.5687295839888975
2025-06-09T10:02:22.664981,KidneyExchange-4-041_c23.xml,"{""input"": ""tests/xcsp3/cop/UNKNOWN/KidneyExchange-4-041_c23.xml"", ""solver"": ""xcsp:ACE@2.4"", ""output_dir"": ""results_comparison"", ""global_time_limit"": 600, ""max_tries"": 50, ""tuning_file"": ""tests/psa/ace.tuning.json"", ""hpo_strategy"": ""hamming"", ""global_time_strategy"": ""PERCENT"", ""percent"": 0.2, ""round_time_strategy"": ""STATIC"", ""time_evolution"": ""STATIC"", ""stop_strategy"": ""TIMEOUT""}",20,"{""varh"": ""Wdeg"", ""valh"": ""Rand"", ""saf"": ""False"", ""pc1"": ""True"", ""bdc"": ""10"", ""toh"": ""False"", ""ng"": ""NO"", ""lc"": ""2"", ""negative"": ""STR1"", ""generic2"": ""True"", ""sb"": ""NO""}",1.4296832499676384,1.1968973340117373,-7,ExitStatus.OPTIMAL,False,False,1.1968973340117373
2025-06-09T10:02:24.331743,KidneyExchange-4-041_c23.xml,"{""input"": ""tests/xcsp3/cop/UNKNOWN/KidneyExchange-4-041_c23.xml"", ""solver"": ""xcsp:ACE@2.4"", ""output_dir"": ""results_comparison"", ""global_time_limit"": 600, ""max_tries"": 50, ""tuning_file"": ""tests/psa/ace.tuning.json"", ""hpo_strategy"": ""hamming"", ""global_time_strategy"": ""PERCENT"", ""percent"": 0.2, ""round_time_strategy"": ""STATIC"", ""time_evolution"": ""STATIC"", ""stop_strategy"": ""TIMEOUT""}",21,"{""varh"": ""Wdeg"", ""valh"": ""Rand"", ""saf"": ""False"", ""pc1"": ""True"", ""bdc"": ""1"", ""toh"": ""False"", ""ng"": ""NO"", ""lc"": ""2"", ""negative"": ""STR1"", ""generic2"": ""False"", ""sb"": ""NO""}",1.4296832499676384,1.5523942500003614,1,ExitStatus.FEASIBLE,False,False,1.5523942500003614
2025-06-09T10:02:25.999199,KidneyExchange-4-041_c23.xml,"{""input"": ""tests/xcsp3/cop/UNKNOWN/KidneyExchange-4-041_c23.xml"", ""solver"": ""xcsp:ACE@2.4"", ""output_dir"": ""results_comparison"", ""global_time_limit"": 600, ""max_tries"": 50, ""tuning_file"": ""tests/psa/ace.tuning.json"", ""hpo_strategy"": ""hamming"", ""global_time_strategy"": ""PERCENT"", ""percent"": 0.2, ""round_time_strategy"": ""STATIC"", ""time_evolution"": ""STATIC"", ""stop_strategy"": ""TIMEOUT""}",22,"{""varh"": ""Impact"", ""valh"": ""Rand"", ""saf"": ""False"", ""pc1"": ""True"", ""bdc"": ""1"", ""toh"": ""False"", ""ng"": ""NO"", ""lc"": ""2"", ""negative"": ""STR1"", ""generic2"": ""True"", ""sb"": ""NO""}",1.4296832499676384,1.5536558339954354,-7,ExitStatus.FEASIBLE,False,False,1.5536558339954354
2025-06-09T10:02:27.655706,KidneyExchange-4-041_c23.xml,"{""input"": ""tests/xcsp3/cop/UNKNOWN/KidneyExchange-4-041_c23.xml"", ""solver"": ""xcsp:ACE@2.4"", ""output_dir"": ""results_comparison"", ""global_time_limit"": 600, ""max_tries"": 50, ""tuning_file"": ""tests/psa/ace.tuning.json"", ""hpo_strategy"": ""hamming"", ""global_time_strategy"": ""PERCENT"", ""percent"": 0.2, ""round_time_strategy"": ""STATIC"", ""time_evolution"": ""STATIC"", ""stop_strategy"": ""TIMEOUT""}",23,"{""varh"": ""Wdeg"", ""valh"": ""Median"", ""saf"": ""False"", ""pc1"": ""True"", ""bdc"": ""1"", ""toh"": ""False"", ""ng"": ""NO"", ""lc"": ""2"", ""negative"": ""STR1"", ""generic2"": ""True"", ""sb"": ""NO""}",1.4296832499676384,1.5436597089865245,1,ExitStatus.FEASIBLE,False,False,1.5436597089865245
2025-06-09T10:02:29.294603,KidneyExchange-4-041_c23.xml,"{""input"": ""tests/xcsp3/cop/UNKNOWN/KidneyExchange-4-041_c23.xml"", ""solver"": ""xcsp:ACE@2.4"", ""output_dir"": ""results_comparison"", ""global_time_limit"": 600, ""max_tries"": 50, ""tuning_file"": ""tests/psa/ace.tuning.json"", ""hpo_strategy"": ""hamming"", ""global_time_strategy"": ""PERCENT"", ""percent"": 0.2, ""round_time_strategy"": ""STATIC"", ""time_evolution"": ""STATIC"", ""stop_strategy"": ""TIMEOUT""}",24,"{""varh"": ""Wdeg"", ""valh"": ""FlrsE"", ""saf"": ""False"", ""pc1"": ""True"", ""bdc"": ""1"", ""toh"": ""False"", ""ng"": ""NO"", ""lc"": ""2"", ""negative"": ""STR1"", ""generic2"": ""True"", ""sb"": ""NO""}",1.4296832499676384,1.5264275000081398,1,ExitStatus.OPTIMAL,False,False,1.5264275000081398
2025-06-09T10:02:31.044001,KidneyExchange-4-041_c23.xml,"{""input"": ""tests/xcsp3/cop/UNKNOWN/KidneyExchange-4-041_c23.xml"", ""solver"": ""xcsp:ACE@2.4"", ""output_dir"": ""results_comparison"", ""global_time_limit"": 600, ""max_tries"": 50, ""tuning_file"": ""tests/psa/ace.tuning.json"", ""hpo_strategy"": ""hamming"", ""global_time_strategy"": ""PERCENT"", ""percent"": 0.2, ""round_time_strategy"": ""STATIC"", ""time_evolution"": ""STATIC"", ""stop_strategy"": ""TIMEOUT""}",25,"{""varh"": ""Lexico"", ""valh"": ""Rand"", ""saf"": ""False"", ""pc1"": ""True"", ""bdc"": ""1"", ""toh"": ""False"", ""ng"": ""NO"", ""lc"": ""2"", ""negative"": ""STR1"", ""generic2"": ""True"", ""sb"": ""NO""}",1.4296832499676384,1.6337874999735504,-1,ExitStatus.FEASIBLE,False,False,1.6337874999735504
2025-06-09T10:02:32.769408,KidneyExchange-4-041_c23.xml,"{""input"": ""tests/xcsp3/cop/UNKNOWN/KidneyExchange-4-041_c23.xml"", ""solver"": ""xcsp:ACE@2.4"", ""output_dir"": ""results_comparison"", ""global_time_limit"": 600, ""max_tries"": 50, ""tuning_file"": ""tests/psa/ace.tuning.json"", ""hpo_strategy"": ""hamming"", ""global_time_strategy"": ""PERCENT"", ""percent"": 0.2, ""round_time_strategy"": ""STATIC"", ""time_evolution"": ""STATIC"", ""stop_strategy"": ""TIMEOUT""}",26,"{""varh"": ""Wdeg"", ""valh"": ""Rand"", ""saf"": ""False"", ""pc1"": ""False"", ""bdc"": ""1"", ""toh"": ""False"", ""ng"": ""NO"", ""lc"": ""2"", ""negative"": ""STR1"", ""generic2"": ""True"", ""sb"": ""NO""}",1.4296832499676384,1.579431125021074,1,ExitStatus.FEASIBLE,False,False,1.579431125021074
2025-06-09T10:02:34.749059,KidneyExchange-4-041_c23.xml,"{""input"": ""tests/xcsp3/cop/UNKNOWN/KidneyExchange-4-041_c23.xml"", ""solver"": ""xcsp:ACE@2.4"", ""output_dir"": ""results_comparison"", ""global_time_limit"": 600, ""max_tries"": 50, ""tuning_file"": ""tests/psa/ace.tuning.json"", ""hpo_strategy"": ""hamming"", ""global_time_strategy"": ""PERCENT"", ""percent"": 0.2, ""round_time_strategy"": ""STATIC"", ""time_evolution"": ""STATIC"", ""stop_strategy"": ""TIMEOUT""}",27,"{""varh"": ""PickOnDom"", ""valh"": ""Rand"", ""saf"": ""False"", ""pc1"": ""True"", ""bdc"": ""1"", ""toh"": ""False"", ""ng"": ""NO"", ""lc"": ""2"", ""negative"": ""STR1"", ""generic2"": ""True"", ""sb"": ""NO""}",1.4296832499676384,1.7736538749886677,1,ExitStatus.FEASIBLE,False,False,1.7736538749886677
2025-06-09T10:02:36.453366,KidneyExchange-4-041_c23.xml,"{""input"": ""tests/xcsp3/cop/UNKNOWN/KidneyExchange-4-041_c23.xml"", ""solver"": ""xcsp:ACE@2.4"", ""output_dir"": ""results_comparison"", ""global_time_limit"": 600, ""max_tries"": 50, ""tuning_file"": ""tests/psa/ace.tuning.json"", ""hpo_strategy"": ""hamming"", ""global_time_strategy"": ""PERCENT"", ""percent"": 0.2, ""round_time_strategy"": ""STATIC"", ""time_evolution"": ""STATIC"", ""stop_strategy"": ""TIMEOUT""}",28,"{""varh"": ""Wdeg"", ""valh"": ""RunRobin"", ""saf"": ""False"", ""pc1"": ""True"", ""bdc"": ""1"", ""toh"": ""False"", ""ng"": ""NO"", ""lc"": ""2"", ""negative"": ""STR1"", ""generic2"": ""True"", ""sb"": ""NO""}",1.4296832499676384,1.5696690420154482,1,ExitStatus.FEASIBLE,False,False,1.5696690420154482
2025-06-09T10:02:38.581427,KidneyExchange-4-041_c23.xml,"{""input"": ""tests/xcsp3/cop/UNKNOWN/KidneyExchange-4-041_c23.xml"", ""solver"": ""xcsp:ACE@2.4"", ""output_dir"": ""results_comparison"", ""global_time_limit"": 600, ""max_tries"": 50, ""tuning_file"": ""tests/psa/ace.tuning.json"", ""hpo_strategy"": ""hamming"", ""global_time_strategy"": ""PERCENT"", ""percent"": 0.2, ""round_time_strategy"": ""STATIC"", ""time_evolution"": ""STATIC"", ""stop_strategy"": ""TIMEOUT""}",29,"{""varh"": ""Wdeg"", ""valh"": ""Rand"", ""saf"": ""False"", ""pc1"": ""True"", ""bdc"": ""1"", ""toh"": ""False"", ""ng"": ""NO"", ""lc"": ""5"", ""negative"": ""STR1"", ""generic2"": ""True"", ""sb"": ""NO""}",1.4296832499676384,1.9829576250049286,-3,ExitStatus.FEASIBLE,False,False,1.9829576250049286
2025-06-09T10:02:40.550411,KidneyExchange-4-041_c23.xml,"{""input"": ""tests/xcsp3/cop/UNKNOWN/KidneyExchange-4-041_c23.xml"", ""solver"": ""xcsp:ACE@2.4"", ""output_dir"": ""results_comparison"", ""global_time_limit"": 600, ""max_tries"": 50, ""tuning_file"": ""tests/psa/ace.tuning.json"", ""hpo_strategy"": ""hamming"", ""global_time_strategy"": ""PERCENT"", ""percent"": 0.2, ""round_time_strategy"": ""STATIC"", ""time_evolution"": ""STATIC"", ""stop_strategy"": ""TIMEOUT""}",30,"{""varh"": ""RunRobin"", ""valh"": ""Rand"", ""saf"": ""False"", ""pc1"": ""True"", ""bdc"": ""1"", ""toh"": ""False"", ""ng"": ""NO"", ""lc"": ""2"", ""negative"": ""STR1"", ""generic2"": ""True"", ""sb"": ""NO""}",1.4296832499676384,1.7804957910557278,1,ExitStatus.FEASIBLE,False,False,1.7804957910557278
2025-06-09T10:02:42.481552,KidneyExchange-4-041_c23.xml,"{""input"": ""tests/xcsp3/cop/UNKNOWN/KidneyExchange-4-041_c23.xml"", ""solver"": ""xcsp:ACE@2.4"", ""output_dir"": ""results_comparison"", ""global_time_limit"": 600, ""max_tries"": 50, ""tuning_file"": ""tests/psa/ace.tuning.json"", ""hpo_strategy"": ""hamming"", ""global_time_strategy"": ""PERCENT"", ""percent"": 0.2, ""round_time_strategy"": ""STATIC"", ""time_evolution"": ""STATIC"", ""stop_strategy"": ""TIMEOUT""}",31,"{""varh"": ""Wdeg"", ""valh"": ""Last"", ""saf"": ""False"", ""pc1"": ""True"", ""bdc"": ""1"", ""toh"": ""False"", ""ng"": ""NO"", ""lc"": ""2"", ""negative"": ""STR1"", ""generic2"": ""True"", ""sb"": ""NO""}",1.4296832499676384,1.7610328329610638,1,ExitStatus.FEASIBLE,False,False,1.7610328329610638
2025-06-09T10:02:44.324736,KidneyExchange-4-041_c23.xml,"{""input"": ""tests/xcsp3/cop/UNKNOWN/KidneyExchange-4-041_c23.xml"", ""solver"": ""xcsp:ACE@2.4"", ""output_dir"": ""results_comparison"", ""global_time_limit"": 600, ""max_tries"": 50, ""tuning_file"": ""tests/psa/ace.tuning.json"", ""hpo_strategy"": ""hamming"", ""global_time_strategy"": ""PERCENT"", ""percent"": 0.2, ""round_time_strategy"": ""STATIC"", ""time_evolution"": ""STATIC"", ""stop_strategy"": ""TIMEOUT""}",32,"{""varh"": ""Wdeg"", ""valh"": ""Rand"", ""saf"": ""False"", ""pc1"": ""True"", ""bdc"": ""1"", ""toh"": ""False"", ""ng"": ""NO"", ""lc"": ""2"", ""negative"": ""STR0"", ""generic2"": ""True"", ""sb"": ""NO""}",1.4296832499676384,1.6653553749783896,1,ExitStatus.FEASIBLE,False,False,1.6653553749783896
2025-06-09T10:02:46.024201,KidneyExchange-4-041_c23.xml,"{""input"": ""tests/xcsp3/cop/UNKNOWN/KidneyExchange-4-041_c23.xml"", ""solver"": ""xcsp:ACE@2.4"", ""output_dir"": ""results_comparison"", ""global_time_limit"": 600, ""max_tries"": 50, ""tuning_file"": ""tests/psa/ace.tuning.json"", ""hpo_strategy"": ""hamming"", ""global_time_strategy"": ""PERCENT"", ""percent"": 0.2, ""round_time_strategy"": ""STATIC"", ""time_evolution"": ""STATIC"", ""stop_strategy"": ""TIMEOUT""}",33,"{""varh"": ""FrbaOnDom"", ""valh"": ""Rand"", ""saf"": ""False"", ""pc1"": ""True"", ""bdc"": ""1"", ""toh"": ""False"", ""ng"": ""NO"", ""lc"": ""2"", ""negative"": ""STR1"", ""generic2"": ""True"", ""sb"": ""NO""}",1.4296832499676384,1.5668529169633985,1,ExitStatus.FEASIBLE,False,False,1.5668529169633985
2025-06-09T10:02:47.757467,KidneyExchange-4-041_c23.xml,"{""input"": ""tests/xcsp3/cop/UNKNOWN/KidneyExchange-4-041_c23.xml"", ""solver"": ""xcsp:ACE@2.4"", ""output_dir"": ""results_comparison"", ""global_time_limit"": 600, ""max_tries"": 50, ""tuning_file"": ""tests/psa/ace.tuning.json"", ""hpo_strategy"": ""hamming"", ""global_time_strategy"": ""PERCENT"", ""percent"": 0.2, ""round_time_strategy"": ""STATIC"", ""time_evolution"": ""STATIC"", ""stop_strategy"": ""TIMEOUT""}",34,"{""varh"": ""Wdeg"", ""valh"": ""Rand"", ""saf"": ""False"", ""pc1"": ""True"", ""bdc"": ""1"", ""toh"": ""False"", ""ng"": ""NO"", ""lc"": ""2"", ""negative"": ""CT"", ""generic2"": ""True"", ""sb"": ""NO""}",1.4296832499676384,1.605632625054568,1,ExitStatus.FEASIBLE,False,False,1.605632625054568
2025-06-09T10:02:49.456209,KidneyExchange-4-041_c23.xml,"{""input"": ""tests/xcsp3/cop/UNKNOWN/KidneyExchange-4-041_c23.xml"", ""solver"": ""xcsp:ACE@2.4"", ""output_dir"": ""results_comparison"", ""global_time_limit"": 600, ""max_tries"": 50, ""tuning_file"": ""tests/psa/ace.tuning.json"", ""hpo_strategy"": ""hamming"", ""global_time_strategy"": ""PERCENT"", ""percent"": 0.2, ""round_time_strategy"": ""STATIC"", ""time_evolution"": ""STATIC"", ""stop_strategy"": ""TIMEOUT""}",35,"{""varh"": ""Wdeg"", ""valh"": ""Rand"", ""saf"": ""False"", ""pc1"": ""True"", ""bdc"": ""1"", ""toh"": ""False"", ""ng"": ""NO"", ""lc"": ""2"", ""negative"": ""VA"", ""generic2"": ""True"", ""sb"": ""NO""}",1.4296832499676384,1.5621105000027455,1,ExitStatus.FEASIBLE,False,False,1.5621105000027455
2025-06-09T10:02:51.733214,KidneyExchange-4-041_c23.xml,"{""input"": ""tests/xcsp3/cop/UNKNOWN/KidneyExchange-4-041_c23.xml"", ""solver"": ""xcsp:ACE@2.4"", ""output_dir"": ""results_comparison"", ""global_time_limit"": 600, ""max_tries"": 50, ""tuning_file"": ""tests/psa/ace.tuning.json"", ""hpo_strategy"": ""hamming"", ""global_time_strategy"": ""PERCENT"", ""percent"": 0.2, ""round_time_strategy"": ""STATIC"", ""time_evolution"": ""STATIC"", ""stop_strategy"": ""TIMEOUT""}",36,"{""varh"": ""Activity"", ""valh"": ""Rand"", ""saf"": ""False"", ""pc1"": ""True"", ""bdc"": ""1"", ""toh"": ""False"", ""ng"": ""NO"", ""lc"": ""2"", ""negative"": ""STR1"", ""generic2"": ""True"", ""sb"": ""NO""}",1.4296832499676384,2.093164583959151,,ExitStatus.UNKNOWN,False,False,2.093164583959151
2025-06-09T10:02:53.789688,KidneyExchange-4-041_c23.xml,"{""input"": ""tests/xcsp3/cop/UNKNOWN/KidneyExchange-4-041_c23.xml"", ""solver"": ""xcsp:ACE@2.4"", ""output_dir"": ""results_comparison"", ""global_time_limit"": 600, ""max_tries"": 50, ""tuning_file"": ""tests/psa/ace.tuning.json"", ""hpo_strategy"": ""hamming"", ""global_time_strategy"": ""PERCENT"", ""percent"": 0.2, ""round_time_strategy"": ""STATIC"", ""time_evolution"": ""STATIC"", ""stop_strategy"": ""TIMEOUT""}",37,"{""varh"": ""Wdeg"", ""valh"": ""First"", ""saf"": ""False"", ""pc1"": ""True"", ""bdc"": ""1"", ""toh"": ""False"", ""ng"": ""NO"", ""lc"": ""2"", ""negative"": ""STR1"", ""generic2"": ""True"", ""sb"": ""NO""}",1.4296832499676384,1.8050690419622697,-13,ExitStatus.FEASIBLE,False,False,1.8050690419622697
2025-06-09T10:02:55.820617,KidneyExchange-4-041_c23.xml,"{""input"": ""tests/xcsp3/cop/UNKNOWN/KidneyExchange-4-041_c23.xml"", ""solver"": ""xcsp:ACE@2.4"", ""output_dir"": ""results_comparison"", ""global_time_limit"": 600, ""max_tries"": 50, ""tuning_file"": ""tests/psa/ace.tuning.json"", ""hpo_strategy"": ""hamming"", ""global_time_strategy"": ""PERCENT"", ""percent"": 0.2, ""round_time_strategy"": ""STATIC"", ""time_evolution"": ""STATIC"", ""stop_strategy"": ""TIMEOUT""}",38,"{""varh"": ""Rand"", ""valh"": ""Rand"", ""saf"": ""False"", ""pc1"": ""True"", ""bdc"": ""1"", ""toh"": ""False"", ""ng"": ""NO"", ""lc"": ""2"", ""negative"": ""STR1"", ""generic2"": ""True"", ""sb"": ""NO""}",1.4296832499676384,1.7860383330262266,-11,ExitStatus.FEASIBLE,False,False,1.7860383330262266
2025-06-09T10:02:57.975910,KidneyExchange-4-041_c23.xml,"{""input"": ""tests/xcsp3/cop/UNKNOWN/KidneyExchange-4-041_c23.xml"", ""solver"": ""xcsp:ACE@2.4"", ""output_dir"": ""results_comparison"", ""global_time_limit"": 600, ""max_tries"": 50, ""tuning_file"": ""tests/psa/ace.tuning.json"", ""hpo_strategy"": ""hamming"", ""global_time_strategy"": ""PERCENT"", ""percent"": 0.2, ""round_time_strategy"": ""STATIC"", ""time_evolution"": ""STATIC"", ""stop_strategy"": ""TIMEOUT""}",39,"{""varh"": ""Wdeg"", ""valh"": ""Rand"", ""saf"": ""False"", ""pc1"": ""True"", ""bdc"": ""1"", ""toh"": ""False"", ""ng"": ""NO"", ""lc"": ""2"", ""negative"": ""STR1N"", ""generic2"": ""True"", ""sb"": ""NO""}",1.4296832499676384,1.911772540945094,-7,ExitStatus.FEASIBLE,False,False,1.911772540945094
2025-06-09T10:03:00.194667,KidneyExchange-4-041_c23.xml,"{""input"": ""tests/xcsp3/cop/UNKNOWN/KidneyExchange-4-041_c23.xml"", ""solver"": ""xcsp:ACE@2.4"", ""output_dir"": ""results_comparison"", ""global_time_limit"": 600, ""max_tries"": 50, ""tuning_file"": ""tests/psa/ace.tuning.json"", ""hpo_strategy"": ""hamming"", ""global_time_strategy"": ""PERCENT"", ""percent"": 0.2, ""round_time_strategy"": ""STATIC"", ""time_evolution"": ""STATIC"", ""stop_strategy"": ""TIMEOUT""}",40,"{""varh"": ""WdegOnDom"", ""valh"": ""Rand"", ""saf"": ""False"", ""pc1"": ""True"", ""bdc"": ""1"", ""toh"": ""False"", ""ng"": ""NO"", ""lc"": ""2"", ""negative"": ""STR1"", ""generic2"": ""True"", ""sb"": ""NO""}",1.4296832499676384,1.9713744589826092,1,ExitStatus.FEASIBLE,False,False,1.9713744589826092
2025-06-09T10:03:02.574263,KidneyExchange-4-041_c23.xml,"{""input"": ""tests/xcsp3/cop/UNKNOWN/KidneyExchange-4-041_c23.xml"", ""solver"": ""xcsp:ACE@2.4"", ""output_dir"": ""results_comparison"", ""global_time_limit"": 600, ""max_tries"": 50, ""tuning_file"": ""tests/psa/ace.tuning.json"", ""hpo_strategy"": ""hamming"", ""global_time_strategy"": ""PERCENT"", ""percent"": 0.2, ""round_time_strategy"": ""STATIC"", ""time_evolution"": ""STATIC"", ""stop_strategy"": ""TIMEOUT""}",41,"{""varh"": ""Wdeg"", ""valh"": ""Rand"", ""saf"": ""False"", ""pc1"": ""True"", ""bdc"": ""1"", ""toh"": ""False"", ""ng"": ""NO"", ""lc"": ""0"", ""negative"": ""STR1"", ""generic2"": ""True"", ""sb"": ""NO""}",1.4296832499676384,2.134822833002545,1,ExitStatus.FEASIBLE,False,False,2.134822833002545
2025-06-09T10:03:04.078207,KidneyExchange-4-041_c23.xml,"{""input"": ""tests/xcsp3/cop/UNKNOWN/KidneyExchange-4-041_c23.xml"", ""solver"": ""xcsp:ACE@2.4"", ""output_dir"": ""results_comparison"", ""global_time_limit"": 600, ""max_tries"": 50, ""tuning_file"": ""tests/psa/ace.tuning.json"", ""hpo_strategy"": ""hamming"", ""global_time_strategy"": ""PERCENT"", ""percent"": 0.2, ""round_time_strategy"": ""STATIC"", ""time_evolution"": ""STATIC"", ""stop_strategy"": ""TIMEOUT""}",42,"{""varh"": ""Wdeg"", ""valh"": ""Rand"", ""saf"": ""False"", ""pc1"": ""True"", ""bdc"": ""1"", ""toh"": ""False"", ""ng"": ""NO"", ""lc"": ""2"", ""negative"": ""STR3"", ""generic2"": ""True"", ""sb"": ""NO""}",1.3924259159830399,1.3924259159830399,1,ExitStatus.OPTIMAL,True,True,1.3924259159830399
2025-06-09T10:03:05.791163,KidneyExchange-4-041_c23.xml,"{""input"": ""tests/xcsp3/cop/UNKNOWN/KidneyExchange-4-041_c23.xml"", ""solver"": ""xcsp:ACE@2.4"", ""output_dir"": ""results_comparison"", ""global_time_limit"": 600, ""max_tries"": 50, ""tuning_file"": ""tests/psa/ace.tuning.json"", ""hpo_strategy"": ""hamming"", ""global_time_strategy"": ""PERCENT"", ""percent"": 0.2, ""round_time_strategy"": ""STATIC"", ""time_evolution"": ""STATIC"", ""stop_strategy"": ""TIMEOUT""}",43,"{""varh"": ""Wdeg"", ""valh"": ""Rand"", ""saf"": ""False"", ""pc1"": ""True"", ""bdc"": ""1"", ""toh"": ""False"", ""ng"": ""NO"", ""lc"": ""10"", ""negative"": ""STR3"", ""generic2"": ""True"", ""sb"": ""NO""}",1.3924259159830399,1.6101094160112552,1,ExitStatus.FEASIBLE,False,False,1.6101094160112552
2025-06-09T10:03:07.530044,KidneyExchange-4-041_c23.xml,"{""input"": ""tests/xcsp3/cop/UNKNOWN/KidneyExchange-4-041_c23.xml"", ""solver"": ""xcsp:ACE@2.4"", ""output_dir"": ""results_comparison"", ""global_time_limit"": 600, ""max_tries"": 50, ""tuning_file"": ""tests/psa/ace.tuning.json"", ""hpo_strategy"": ""hamming"", ""global_time_strategy"": ""PERCENT"", ""percent"": 0.2, ""round_time_strategy"": ""STATIC"", ""time_evolution"": ""STATIC"", ""stop_strategy"": ""TIMEOUT""}",44,"{""varh"": ""Wdeg"", ""valh"": ""Rand"", ""saf"": ""False"", ""pc1"": ""True"", ""bdc"": ""1"", ""toh"": ""False"", ""ng"": ""NO"", ""lc"": ""1"", ""negative"": ""STR3"", ""generic2"": ""True"", ""sb"": ""NO""}",1.3924259159830399,1.5646254579769447,1,ExitStatus.OPTIMAL,False,False,1.5646254579769447
2025-06-09T10:03:09.178028,KidneyExchange-4-041_c23.xml,"{""input"": ""tests/xcsp3/cop/UNKNOWN/KidneyExchange-4-041_c23.xml"", ""solver"": ""xcsp:ACE@2.4"", ""output_dir"": ""results_comparison"", ""global_time_limit"": 600, ""max_tries"": 50, ""tuning_file"": ""tests/psa/ace.tuning.json"", ""hpo_strategy"": ""hamming"", ""global_time_strategy"": ""PERCENT"", ""percent"": 0.2, ""round_time_strategy"": ""STATIC"", ""time_evolution"": ""STATIC"", ""stop_strategy"": ""TIMEOUT""}",45,"{""varh"": ""Wdeg"", ""valh"": ""Rand"", ""saf"": ""False"", ""pc1"": ""True"", ""bdc"": ""1"", ""toh"": ""False"", ""ng"": ""NO"", ""lc"": ""2"", ""negative"": ""STR3"", ""generic2"": ""False"", ""sb"": ""NO""}",1.3924259159830399,1.5357762920320965,1,ExitStatus.OPTIMAL,False,False,1.5357762920320965
2025-06-09T10:03:10.758870,KidneyExchange-4-041_c23.xml,"{""input"": ""tests/xcsp3/cop/UNKNOWN/KidneyExchange-4-041_c23.xml"", ""solver"": ""xcsp:ACE@2.4"", ""output_dir"": ""results_comparison"", ""global_time_limit"": 600, ""max_tries"": 50, ""tuning_file"": ""tests/psa/ace.tuning.json"", ""hpo_strategy"": ""hamming"", ""global_time_strategy"": ""PERCENT"", ""percent"": 0.2, ""round_time_strategy"": ""STATIC"", ""time_evolution"": ""STATIC"", ""stop_strategy"": ""TIMEOUT""}",46,"{""varh"": ""Wdeg"", ""valh"": ""Rand"", ""saf"": ""False"", ""pc1"": ""True"", ""bdc"": ""1"", ""toh"": ""False"", ""ng"": ""NO"", ""lc"": ""5"", ""negative"": ""STR3"", ""generic2"": ""True"", ""sb"": ""NO""}",1.3924259159830399,1.4673744169995189,1,ExitStatus.OPTIMAL,False,False,1.4673744169995189
2025-06-09T10:03:11.832480,KidneyExchange-4-041_c23.xml,"{""input"": ""tests/xcsp3/cop/UNKNOWN/KidneyExchange-4-041_c23.xml"", ""solver"": ""xcsp:ACE@2.4"", ""output_dir"": ""results_comparison"", ""global_time_limit"": 600, ""max_tries"": 50, ""tuning_file"": ""tests/psa/ace.tuning.json"", ""hpo_strategy"": ""hamming"", ""global_time_strategy"": ""PERCENT"", ""percent"": 0.2, ""round_time_strategy"": ""STATIC"", ""time_evolution"": ""STATIC"", ""stop_strategy"": ""TIMEOUT""}",47,"{""varh"": ""Wdeg"", ""valh"": ""Rand"", ""saf"": ""False"", ""pc1"": ""True"", ""bdc"": ""100"", ""toh"": ""False"", ""ng"": ""NO"", ""lc"": ""2"", ""negative"": ""STR3"", ""generic2"": ""True"", ""sb"": ""NO""}",1.3924259159830399,0.9589882079744712,,ExitStatus.UNKNOWN,False,False,0.9589882079744712
2025-06-09T10:03:13.481911,KidneyExchange-4-041_c23.xml,"{""input"": ""tests/xcsp3/cop/UNKNOWN/KidneyExchange-4-041_c23.xml"", ""solver"": ""xcsp:ACE@2.4"", ""output_dir"": ""results_comparison"", ""global_time_limit"": 600, ""max_tries"": 50, ""tuning_file"": ""tests/psa/ace.tuning.json"", ""hpo_strategy"": ""hamming"", ""global_time_strategy"": ""PERCENT"", ""percent"": 0.2, ""round_time_strategy"": ""STATIC"", ""time_evolution"": ""STATIC"", ""stop_strategy"": ""TIMEOUT""}",48,"{""varh"": ""Wdeg"", ""valh"": ""Rand"", ""saf"": ""False"", ""pc1"": ""True"", ""bdc"": ""1"", ""toh"": ""False"", ""ng"": ""NO"", ""lc"": ""0"", ""negative"": ""STR3"", ""generic2"": ""True"", ""sb"": ""NO""}",1.3924259159830399,1.5374184590182267,1,ExitStatus.OPTIMAL,False,False,1.5374184590182267
2025-06-09T10:03:15.012497,KidneyExchange-4-041_c23.xml,"{""input"": ""tests/xcsp3/cop/UNKNOWN/KidneyExchange-4-041_c23.xml"", ""solver"": ""xcsp:ACE@2.4"", ""output_dir"": ""results_comparison"", ""global_time_limit"": 600, ""max_tries"": 50, ""tuning_file"": ""tests/psa/ace.tuning.json"", ""hpo_strategy"": ""hamming"", ""global_time_strategy"": ""PERCENT"", ""percent"": 0.2, ""round_time_strategy"": ""STATIC"", ""time_evolution"": ""STATIC"", ""stop_strategy"": ""TIMEOUT""}",49,"{""varh"": ""Wdeg"", ""valh"": ""Bivs3"", ""saf"": ""False"", ""pc1"": ""True"", ""bdc"": ""1"", ""toh"": ""False"", ""ng"": ""NO"", ""lc"": ""2"", ""negative"": ""STR3"", ""generic2"": ""True"", ""sb"": ""NO""}",1.3924259159830399,1.4178130829823203,1,ExitStatus.OPTIMAL,False,False,1.4178130829823203
2025-06-09T10:03:16.439572,KidneyExchange-4-041_c23.xml,"{""input"": ""tests/xcsp3/cop/UNKNOWN/KidneyExchange-4-041_c23.xml"", ""solver"": ""xcsp:ACE@2.4"", ""output_dir"": ""results_comparison"", ""global_time_limit"": 600, ""max_tries"": 50, ""tuning_file"": ""tests/psa/ace.tuning.json"", ""hpo_strategy"": ""hamming"", ""global_time_strategy"": ""PERCENT"", ""percent"": 0.2, ""round_time_strategy"": ""STATIC"", ""time_evolution"": ""STATIC"", ""stop_strategy"": ""TIMEOUT""}",50,"{""varh"": ""Wdeg"", ""valh"": ""Last"", ""saf"": ""False"", ""pc1"": ""True"", ""bdc"": ""1"", ""toh"": ""False"", ""ng"": ""NO"", ""lc"": ""2"", ""negative"": ""STR3"", ""generic2"": ""True"", ""sb"": ""NO""}",1.3125212920131162,1.3125212920131162,1,ExitStatus.OPTIMAL,True,True,1.3125212920131162
2025-06-09T10:03:17.873284,KidneyExchange-4-041_c23.xml,"{""input"": ""tests/xcsp3/cop/UNKNOWN/KidneyExchange-4-041_c23.xml"", ""solver"": ""xcsp:ACE@2.4"", ""output_dir"": ""results_comparison"", ""global_time_limit"": 600, ""max_tries"": 50, ""tuning_file"": ""tests/psa/ace.tuning.json"", ""hpo_strategy"": ""hamming"", ""global_time_strategy"": ""PERCENT"", ""percent"": 0.2, ""round_time_strategy"": ""STATIC"", ""time_evolution"": ""STATIC"", ""stop_strategy"": ""TIMEOUT""}",51,"{""varh"": ""Wdeg"", ""valh"": ""Last"", ""saf"": ""True"", ""pc1"": ""True"", ""bdc"": ""1"", ""toh"": ""False"", ""ng"": ""NO"", ""lc"": ""2"", ""negative"": ""STR3"", ""generic2"": ""True"", ""sb"": ""NO""}",1.3125212920131162,1.320317666977644,1,ExitStatus.OPTIMAL,False,False,1.320317666977644
2025-06-09T10:03:18.976708,KidneyExchange-4-041_c23.xml,"{""input"": ""tests/xcsp3/cop/UNKNOWN/KidneyExchange-4-041_c23.xml"", ""solver"": ""xcsp:ACE@2.4"", ""output_dir"": ""results_comparison"", ""global_time_limit"": 600, ""max_tries"": 50, ""tuning_file"": ""tests/psa/ace.tuning.json"", ""hpo_strategy"": ""hamming"", ""global_time_strategy"": ""PERCENT"", ""percent"": 0.2, ""round_time_strategy"": ""STATIC"", ""time_evolution"": ""STATIC"", ""stop_strategy"": ""TIMEOUT""}",52,"{""varh"": ""Wdeg"", ""valh"": ""Last"", ""saf"": ""False"", ""pc1"": ""True"", ""bdc"": ""1000"", ""toh"": ""False"", ""ng"": ""NO"", ""lc"": ""2"", ""negative"": ""STR3"", ""generic2"": ""True"", ""sb"": ""NO""}",1.3125212920131162,0.989319666987285,,ExitStatus.UNKNOWN,False,False,0.989319666987285
2025-06-09T10:03:20.508905,KidneyExchange-4-041_c23.xml,"{""input"": ""tests/xcsp3/cop/UNKNOWN/KidneyExchange-4-041_c23.xml"", ""solver"": ""xcsp:ACE@2.4"", ""output_dir"": ""results_comparison"", ""global_time_limit"": 600, ""max_tries"": 50, ""tuning_file"": ""tests/psa/ace.tuning.json"", ""hpo_strategy"": ""hamming"", ""global_time_strategy"": ""PERCENT"", ""percent"": 0.2, ""round_time_strategy"": ""STATIC"", ""time_evolution"": ""STATIC"", ""stop_strategy"": ""TIMEOUT""}",53,"{""varh"": ""FrbaOnDom"", ""valh"": ""Last"", ""saf"": ""False"", ""pc1"": ""True"", ""bdc"": ""1"", ""toh"": ""False"", ""ng"": ""NO"", ""lc"": ""2"", ""negative"": ""STR3"", ""generic2"": ""True"", ""sb"": ""NO""}",1.3125212920131162,1.4101491249748506,1,ExitStatus.OPTIMAL,False,False,1.4101491249748506
2025-06-09T10:03:21.968281,KidneyExchange-4-041_c23.xml,"{""input"": ""tests/xcsp3/cop/UNKNOWN/KidneyExchange-4-041_c23.xml"", ""solver"": ""xcsp:ACE@2.4"", ""output_dir"": ""results_comparison"", ""global_time_limit"": 600, ""max_tries"": 50, ""tuning_file"": ""tests/psa/ace.tuning.json"", ""hpo_strategy"": ""hamming"", ""global_time_strategy"": ""PERCENT"", ""percent"": 0.2, ""round_time_strategy"": ""STATIC"", ""time_evolution"": ""STATIC"", ""stop_strategy"": ""TIMEOUT""}",54,"{""varh"": ""Wdeg"", ""valh"": ""Last"", ""saf"": ""False"", ""pc1"": ""True"", ""bdc"": ""1"", ""toh"": ""False"", ""ng"": ""NO"", ""lc"": ""5"", ""negative"": ""STR3"", ""generic2"": ""True"", ""sb"": ""NO""}",1.3125212920131162,1.3471902920282446,1,ExitStatus.OPTIMAL,False,False,1.3471902920282446
2025-06-09T10:03:23.438997,KidneyExchange-4-041_c23.xml,"{""input"": ""tests/xcsp3/cop/UNKNOWN/KidneyExchange-4-041_c23.xml"", ""solver"": ""xcsp:ACE@2.4"", ""output_dir"": ""results_comparison"", ""global_time_limit"": 600, ""max_tries"": 50, ""tuning_file"": ""tests/psa/ace.tuning.json"", ""hpo_strategy"": ""hamming"", ""global_time_strategy"": ""PERCENT"", ""percent"": 0.2, ""round_time_strategy"": ""STATIC"", ""time_evolution"": ""STATIC"", ""stop_strategy"": ""TIMEOUT""}",55,"{""varh"": ""Wdeg"", ""valh"": ""Last"", ""saf"": ""False"", ""pc1"": ""True"", ""bdc"": ""1"", ""toh"": ""False"", ""ng"": ""NO"", ""lc"": ""10"", ""negative"": ""STR3"", ""generic2"": ""True"", ""sb"": ""NO""}",1.3125212920131162,1.359233499970287,1,ExitStatus.OPTIMAL,False,False,1.359233499970287
2025-06-09T10:03:25.110924,KidneyExchange-4-041_c23.xml,"{""input"": ""tests/xcsp3/cop/UNKNOWN/KidneyExchange-4-041_c23.xml"", ""solver"": ""xcsp:ACE@2.4"", ""output_dir"": ""results_comparison"", ""global_time_limit"": 600, ""max_tries"": 50, ""tuning_file"": ""tests/psa/ace.tuning.json"", ""hpo_strategy"": ""hamming"", ""global_time_strategy"": ""PERCENT"", ""percent"": 0.2, ""round_time_strategy"": ""STATIC"", ""time_evolution"": ""STATIC"", ""stop_strategy"": ""TIMEOUT""}",56,"{""varh"": ""Wdeg"", ""valh"": ""Vals"", ""saf"": ""False"", ""pc1"": ""True"", ""bdc"": ""1"", ""toh"": ""False"", ""ng"": ""NO"", ""lc"": ""2"", ""negative"": ""STR3"", ""generic2"": ""True"", ""sb"": ""NO""}",1.3125212920131162,1.559384708001744,1,ExitStatus.FEASIBLE,False,False,1.559384708001744
2025-06-09T10:03:26.513592,KidneyExchange-4-041_c23.xml,"{""input"": ""tests/xcsp3/cop/UNKNOWN/KidneyExchange-4-041_c23.xml"", ""solver"": ""xcsp:ACE@2.4"", ""output_dir"": ""results_comparison"", ""global_time_limit"": 600, ""max_tries"": 50, ""tuning_file"": ""tests/psa/ace.tuning.json"", ""hpo_strategy"": ""hamming"", ""global_time_strategy"": ""PERCENT"", ""percent"": 0.2, ""round_time_strategy"": ""STATIC"", ""time_evolution"": ""STATIC"", ""stop_strategy"": ""TIMEOUT""}",57,"{""varh"": ""Wdeg"", ""valh"": ""Last"", ""saf"": ""False"", ""pc1"": ""True"", ""bdc"": ""1"", ""toh"": ""False"", ""ng"": ""NO"", ""lc"": ""2"", ""negative"": ""VA"", ""generic2"": ""True"", ""sb"": ""NO""}",1.2899492920259945,1.2899492920259945,1,ExitStatus.OPTIMAL,True,True,1.2899492920259945
2025-06-09T10:03:27.576275,KidneyExchange-4-041_c23.xml,"{""input"": ""tests/xcsp3/cop/UNKNOWN/KidneyExchange-4-041_c23.xml"", ""solver"": ""xcsp:ACE@2.4"", ""output_dir"": ""results_comparison"", ""global_time_limit"": 600, ""max_tries"": 50, ""tuning_file"": ""tests/psa/ace.tuning.json"", ""hpo_strategy"": ""hamming"", ""global_time_strategy"": ""PERCENT"", ""percent"": 0.2, ""round_time_strategy"": ""STATIC"", ""time_evolution"": ""STATIC"", ""stop_strategy"": ""TIMEOUT""}",58,"{""varh"": ""Wdeg"", ""valh"": ""Last"", ""saf"": ""False"", ""pc1"": ""True"", ""bdc"": ""1000"", ""toh"": ""False"", ""ng"": ""NO"", ""lc"": ""2"", ""negative"": ""VA"", ""generic2"": ""True"", ""sb"": ""NO""}",1.2899492920259945,0.9515695000300184,,ExitStatus.UNKNOWN,False,False,0.9515695000300184
2025-06-09T10:03:29.162447,KidneyExchange-4-041_c23.xml,"{""input"": ""tests/xcsp3/cop/UNKNOWN/KidneyExchange-4-041_c23.xml"", ""solver"": ""xcsp:ACE@2.4"", ""output_dir"": ""results_comparison"", ""global_time_limit"": 600, ""max_tries"": 50, ""tuning_file"": ""tests/psa/ace.tuning.json"", ""hpo_strategy"": ""hamming"", ""global_time_strategy"": ""PERCENT"", ""percent"": 0.2, ""round_time_strategy"": ""STATIC"", ""time_evolution"": ""STATIC"", ""stop_strategy"": ""TIMEOUT""}",59,"{""varh"": ""Wdeg"", ""valh"": ""Bivs3"", ""saf"": ""False"", ""pc1"": ""True"", ""bdc"": ""1"", ""toh"": ""False"", ""ng"": ""NO"", ""lc"": ""2"", ""negative"": ""VA"", ""generic2"": ""True"", ""sb"": ""NO""}",1.2899492920259945,1.4764541250187904,1,ExitStatus.OPTIMAL,False,False,1.4764541250187904
2025-06-09T10:03:30.648545,KidneyExchange-4-041_c23.xml,"{""input"": ""tests/xcsp3/cop/UNKNOWN/KidneyExchange-4-041_c23.xml"", ""solver"": ""xcsp:ACE@2.4"", ""output_dir"": ""results_comparison"", ""global_time_limit"": 600, ""max_tries"": 50, ""tuning_file"": ""tests/psa/ace.tuning.json"", ""hpo_strategy"": ""hamming"", ""global_time_strategy"": ""PERCENT"", ""percent"": 0.2, ""round_time_strategy"": ""STATIC"", ""time_evolution"": ""STATIC"", ""stop_strategy"": ""TIMEOUT""}",60,"{""varh"": ""FrbaOnDom"", ""valh"": ""Last"", ""saf"": ""False"", ""pc1"": ""True"", ""bdc"": ""1"", ""toh"": ""False"", ""ng"": ""NO"", ""lc"": ""2"", ""negative"": ""VA"", ""generic2"": ""True"", ""sb"": ""NO""}",1.2899492920259945,1.3736022500088438,1,ExitStatus.OPTIMAL,False,False,1.3736022500088438
2025-06-09T10:03:32.178439,KidneyExchange-4-041_c23.xml,"{""input"": ""tests/xcsp3/cop/UNKNOWN/KidneyExchange-4-041_c23.xml"", ""solver"": ""xcsp:ACE@2.4"", ""output_dir"": ""results_comparison"", ""global_time_limit"": 600, ""max_tries"": 50, ""tuning_file"": ""tests/psa/ace.tuning.json"", ""hpo_strategy"": ""hamming"", ""global_time_strategy"": ""PERCENT"", ""percent"": 0.2, ""round_time_strategy"": ""STATIC"", ""time_evolution"": ""STATIC"", ""stop_strategy"": ""TIMEOUT""}",61,"{""varh"": ""Wdeg"", ""valh"": ""RunRobin"", ""saf"": ""False"", ""pc1"": ""True"", ""bdc"": ""1"", ""toh"": ""False"", ""ng"": ""NO"", ""lc"": ""2"", ""negative"": ""VA"", ""generic2"": ""True"", ""sb"": ""NO""}",1.2899492920259945,1.4187264160136692,1,ExitStatus.OPTIMAL,False,False,1.4187264160136692
2025-06-09T10:03:33.625221,KidneyExchange-4-041_c23.xml,"{""input"": ""tests/xcsp3/cop/UNKNOWN/KidneyExchange-4-041_c23.xml"", ""solver"": ""xcsp:ACE@2.4"", ""output_dir"": ""results_comparison"", ""global_time_limit"": 600, ""max_tries"": 50, ""tuning_file"": ""tests/psa/ace.tuning.json"", ""hpo_strategy"": ""hamming"", ""global_time_strategy"": ""PERCENT"", ""percent"": 0.2, ""round_time_strategy"": ""STATIC"", ""time_evolution"": ""STATIC"", ""stop_strategy"": ""TIMEOUT""}",62,"{""varh"": ""Wdeg"", ""valh"": ""Last"", ""saf"": ""False"", ""pc1"": ""True"", ""bdc"": ""1"", ""toh"": ""False"", ""ng"": ""NO"", ""lc"": ""10"", ""negative"": ""VA"", ""generic2"": ""True"", ""sb"": ""NO""}",1.2899492920259945,1.335601750004571,1,ExitStatus.OPTIMAL,False,False,1.335601750004571
2025-06-09T10:03:35.127650,KidneyExchange-4-041_c23.xml,"{""input"": ""tests/xcsp3/cop/UNKNOWN/KidneyExchange-4-041_c23.xml"", ""solver"": ""xcsp:ACE@2.4"", ""output_dir"": ""results_comparison"", ""global_time_limit"": 600, ""max_tries"": 50, ""tuning_file"": ""tests/psa/ace.tuning.json"", ""hpo_strategy"": ""hamming"", ""global_time_strategy"": ""PERCENT"", ""percent"": 0.2, ""round_time_strategy"": ""STATIC"", ""time_evolution"": ""STATIC"", ""stop_strategy"": ""TIMEOUT""}",63,"{""varh"": ""Wdeg"", ""valh"": ""Last"", ""saf"": ""False"", ""pc1"": ""True"", ""bdc"": ""1"", ""toh"": ""False"", ""ng"": ""NO"", ""lc"": ""5"", ""negative"": ""VA"", ""generic2"": ""True"", ""sb"": ""NO""}",1.2899492920259945,1.3929489589645527,1,ExitStatus.OPTIMAL,False,False,1.3929489589645527
2025-06-09T10:03:36.785797,KidneyExchange-4-041_c23.xml,"{""input"": ""tests/xcsp3/cop/UNKNOWN/KidneyExchange-4-041_c23.xml"", ""solver"": ""xcsp:ACE@2.4"", ""output_dir"": ""results_comparison"", ""global_time_limit"": 600, ""max_tries"": 50, ""tuning_file"": ""tests/psa/ace.tuning.json"", ""hpo_strategy"": ""hamming"", ""global_time_strategy"": ""PERCENT"", ""percent"": 0.2, ""round_time_strategy"": ""STATIC"", ""time_evolution"": ""STATIC"", ""stop_strategy"": ""TIMEOUT""}",64,"{""varh"": ""Lexico"", ""valh"": ""Last"", ""saf"": ""False"", ""pc1"": ""True"", ""bdc"": ""1"", ""toh"": ""False"", ""ng"": ""NO"", ""lc"": ""2"", ""negative"": ""VA"", ""generic2"": ""True"", ""sb"": ""NO""}",1.2899492920259945,1.5469295420334674,-1,ExitStatus.FEASIBLE,False,False,1.5469295420334674
2025-06-09T10:03:38.456688,KidneyExchange-4-041_c23.xml,"{""input"": ""tests/xcsp3/cop/UNKNOWN/KidneyExchange-4-041_c23.xml"", ""solver"": ""xcsp:ACE@2.4"", ""output_dir"": ""results_comparison"", ""global_time_limit"": 600, ""max_tries"": 50, ""tuning_file"": ""tests/psa/ace.tuning.json"", ""hpo_strategy"": ""hamming"", ""global_time_strategy"": ""PERCENT"", ""percent"": 0.2, ""round_time_strategy"": ""STATIC"", ""time_evolution"": ""STATIC"", ""stop_strategy"": ""TIMEOUT""}",65,"{""varh"": ""Impact"", ""valh"": ""Last"", ""saf"": ""False"", ""pc1"": ""True"", ""bdc"": ""1"", ""toh"": ""False"", ""ng"": ""NO"", ""lc"": ""2"", ""negative"": ""VA"", ""generic2"": ""True"", ""sb"": ""NO""}",1.2899492920259945,1.558471416006796,-7,ExitStatus.FEASIBLE,False,False,1.558471416006796
2025-06-09T10:03:44.574089,KidneyExchange-4-041_c23.xml,"{""input"": ""tests/xcsp3/cop/UNKNOWN/KidneyExchange-4-041_c23.xml"", ""solver"": ""xcsp:ACE@2.4"", ""output_dir"": ""results_comparison"", ""global_time_limit"": 600, ""max_tries"": 50, ""tuning_file"": ""tests/psa/ace.tuning.json"", ""hpo_strategy"": ""hamming"", ""global_time_strategy"": ""PERCENT"", ""percent"": 0.2, ""round_time_strategy"": ""STATIC"", ""time_evolution"": ""STATIC"", ""stop_strategy"": ""TIMEOUT""}",66,"{""varh"": ""Wdeg"", ""valh"": ""Conflicts"", ""saf"": ""False"", ""pc1"": ""True"", ""bdc"": ""1"", ""toh"": ""False"", ""ng"": ""NO"", ""lc"": ""2"", ""negative"": ""VA"", ""generic2"": ""True"", ""sb"": ""NO""}",1.2899492920259945,1,,ExitStatus.UNKNOWN,False,False,1
2025-06-09T10:03:46.266681,KidneyExchange-4-041_c23.xml,"{""input"": ""tests/xcsp3/cop/UNKNOWN/KidneyExchange-4-041_c23.xml"", ""solver"": ""xcsp:ACE@2.4"", ""output_dir"": ""results_comparison"", ""global_time_limit"": 600, ""max_tries"": 50, ""tuning_file"": ""tests/psa/ace.tuning.json"", ""hpo_strategy"": ""hamming"", ""global_time_strategy"": ""PERCENT"", ""percent"": 0.2, ""round_time_strategy"": ""STATIC"", ""time_evolution"": ""STATIC"", ""stop_strategy"": ""TIMEOUT""}",67,"{""varh"": ""RunRobin"", ""valh"": ""Last"", ""saf"": ""False"", ""pc1"": ""True"", ""bdc"": ""1"", ""toh"": ""False"", ""ng"": ""NO"", ""lc"": ""2"", ""negative"": ""VA"", ""generic2"": ""True"", ""sb"": ""NO""}",1.2899492920259945,1.5843518750043586,1,ExitStatus.FEASIBLE,False,False,1.5843518750043586
2025-06-09T10:03:48.002636,KidneyExchange-4-041_c23.xml,"{""input"": ""tests/xcsp3/cop/UNKNOWN/KidneyExchange-4-041_c23.xml"", ""solver"": ""xcsp:ACE@2.4"", ""output_dir"": ""results_comparison"", ""global_time_limit"": 600, ""max_tries"": 50, ""tuning_file"": ""tests/psa/ace.tuning.json"", ""hpo_strategy"": ""hamming"", ""global_time_strategy"": ""PERCENT"", ""percent"": 0.2, ""round_time_strategy"": ""STATIC"", ""time_evolution"": ""STATIC"", ""stop_strategy"": ""TIMEOUT""}",68,"{""varh"": ""Wdeg"", ""valh"": ""Last"", ""saf"": ""False"", ""pc1"": ""True"", ""bdc"": ""1"", ""toh"": ""False"", ""ng"": ""NO"", ""lc"": ""0"", ""negative"": ""VA"", ""generic2"": ""True"", ""sb"": ""NO""}",1.2899492920259945,1.6021869160467759,1,ExitStatus.FEASIBLE,False,False,1.6021869160467759
2025-06-09T10:03:49.716676,KidneyExchange-4-041_c23.xml,"{""input"": ""tests/xcsp3/cop/UNKNOWN/KidneyExchange-4-041_c23.xml"", ""solver"": ""xcsp:ACE@2.4"", ""output_dir"": ""results_comparison"", ""global_time_limit"": 600, ""max_tries"": 50, ""tuning_file"": ""tests/psa/ace.tuning.json"", ""hpo_strategy"": ""hamming"", ""global_time_strategy"": ""PERCENT"", ""percent"": 0.2, ""round_time_strategy"": ""STATIC"", ""time_evolution"": ""STATIC"", ""stop_strategy"": ""TIMEOUT""}",69,"{""varh"": ""PickOnDom"", ""valh"": ""Last"", ""saf"": ""False"", ""pc1"": ""True"", ""bdc"": ""1"", ""toh"": ""False"", ""ng"": ""NO"", ""lc"": ""2"", ""negative"": ""VA"", ""generic2"": ""True"", ""sb"": ""NO""}",1.2899492920259945,1.5826424999977462,1,ExitStatus.FEASIBLE,False,False,1.5826424999977462
2025-06-09T10:03:51.465566,KidneyExchange-4-041_c23.xml,"{""input"": ""tests/xcsp3/cop/UNKNOWN/KidneyExchange-4-041_c23.xml"", ""solver"": ""xcsp:ACE@2.4"", ""output_dir"": ""results_comparison"", ""global_time_limit"": 600, ""max_tries"": 50, ""tuning_file"": ""tests/psa/ace.tuning.json"", ""hpo_strategy"": ""hamming"", ""global_time_strategy"": ""PERCENT"", ""percent"": 0.2, ""round_time_strategy"": ""STATIC"", ""time_evolution"": ""STATIC"", ""stop_strategy"": ""TIMEOUT""}",70,"{""varh"": ""Wdeg"", ""valh"": ""Last"", ""saf"": ""False"", ""pc1"": ""True"", ""bdc"": ""1"", ""toh"": ""False"", ""ng"": ""NO"", ""lc"": ""2"", ""negative"": ""CT"", ""generic2"": ""True"", ""sb"": ""NO""}",1.2899492920259945,1.616574458021205,1,ExitStatus.FEASIBLE,False,False,1.616574458021205
2025-06-09T10:03:53.178867,KidneyExchange-4-041_c23.xml,"{""input"": ""tests/xcsp3/cop/UNKNOWN/KidneyExchange-4-041_c23.xml"", ""solver"": ""xcsp:ACE@2.4"", ""output_dir"": ""results_comparison"", ""global_time_limit"": 600, ""max_tries"": 50, ""tuning_file"": ""tests/psa/ace.tuning.json"", ""hpo_strategy"": ""hamming"", ""global_time_strategy"": ""PERCENT"", ""percent"": 0.2, ""round_time_strategy"": ""STATIC"", ""time_evolution"": ""STATIC"", ""stop_strategy"": ""TIMEOUT""}",71,"{""varh"": ""Wdeg"", ""valh"": ""Last"", ""saf"": ""True"", ""pc1"": ""True"", ""bdc"": ""1"", ""toh"": ""False"", ""ng"": ""NO"", ""lc"": ""2"", ""negative"": ""VA"", ""generic2"": ""True"", ""sb"": ""NO""}",1.2899492920259945,1.5798990409821272,1,ExitStatus.FEASIBLE,False,False,1.5798990409821272
2025-06-09T10:03:54.909440,KidneyExchange-4-041_c23.xml,"{""input"": ""tests/xcsp3/cop/UNKNOWN/KidneyExchange-4-041_c23.xml"", ""solver"": ""xcsp:ACE@2.4"", ""output_dir"": ""results_comparison"", ""global_time_limit"": 600, ""max_tries"": 50, ""tuning_file"": ""tests/psa/ace.tuning.json"", ""hpo_strategy"": ""hamming"", ""global_time_strategy"": ""PERCENT"", ""percent"": 0.2, ""round_time_strategy"": ""STATIC"", ""time_evolution"": ""STATIC"", ""stop_strategy"": ""TIMEOUT""}",72,"{""varh"": ""Wdeg"", ""valh"": ""Median"", ""saf"": ""False"", ""pc1"": ""True"", ""bdc"": ""1"", ""toh"": ""False"", ""ng"": ""NO"", ""lc"": ""2"", ""negative"": ""VA"", ""generic2"": ""True"", ""sb"": ""NO""}",1.2899492920259945,1.5984543330268934,1,ExitStatus.FEASIBLE,False,False,1.5984543330268934
2025-06-09T10:03:56.637151,KidneyExchange-4-041_c23.xml,"{""input"": ""tests/xcsp3/cop/UNKNOWN/KidneyExchange-4-041_c23.xml"", ""solver"": ""xcsp:ACE@2.4"", ""output_dir"": ""results_comparison"", ""global_time_limit"": 600, ""max_tries"": 50, ""tuning_file"": ""tests/psa/ace.tuning.json"", ""hpo_strategy"": ""hamming"", ""global_time_strategy"": ""PERCENT"", ""percent"": 0.2, ""round_time_strategy"": ""STATIC"", ""time_evolution"": ""STATIC"", ""stop_strategy"": ""TIMEOUT""}",73,"{""varh"": ""Wdeg"", ""valh"": ""Vals"", ""saf"": ""False"", ""pc1"": ""True"", ""bdc"": ""1"", ""toh"": ""False"", ""ng"": ""NO"", ""lc"": ""2"", ""negative"": ""VA"", ""generic2"": ""True"", ""sb"": ""NO""}",1.2899492920259945,1.5972424580249935,-5,ExitStatus.FEASIBLE,False,False,1.5972424580249935
2025-06-09T10:03:58.355678,KidneyExchange-4-041_c23.xml,"{""input"": ""tests/xcsp3/cop/UNKNOWN/KidneyExchange-4-041_c23.xml"", ""solver"": ""xcsp:ACE@2.4"", ""output_dir"": ""results_comparison"", ""global_time_limit"": 600, ""max_tries"": 50, ""tuning_file"": ""tests/psa/ace.tuning.json"", ""hpo_strategy"": ""hamming"", ""global_time_strategy"": ""PERCENT"", ""percent"": 0.2, ""round_time_strategy"": ""STATIC"", ""time_evolution"": ""STATIC"", ""stop_strategy"": ""TIMEOUT""}",74,"{""varh"": ""Wdeg"", ""valh"": ""Last"", ""saf"": ""False"", ""pc1"": ""True"", ""bdc"": ""1"", ""toh"": ""False"", ""ng"": ""NO"", ""lc"": ""2"", ""negative"": ""STR1N"", ""generic2"": ""True"", ""sb"": ""NO""}",1.2899492920259945,1.5890006669797003,1,ExitStatus.FEASIBLE,False,False,1.5890006669797003
2025-06-09T10:04:00.077961,KidneyExchange-4-041_c23.xml,"{""input"": ""tests/xcsp3/cop/UNKNOWN/KidneyExchange-4-041_c23.xml"", ""solver"": ""xcsp:ACE@2.4"", ""output_dir"": ""results_comparison"", ""global_time_limit"": 600, ""max_tries"": 50, ""tuning_file"": ""tests/psa/ace.tuning.json"", ""hpo_strategy"": ""hamming"", ""global_time_strategy"": ""PERCENT"", ""percent"": 0.2, ""round_time_strategy"": ""STATIC"", ""time_evolution"": ""STATIC"", ""stop_strategy"": ""TIMEOUT""}",75,"{""varh"": ""Wdeg"", ""valh"": ""Last"", ""saf"": ""False"", ""pc1"": ""True"", ""bdc"": ""1"", ""toh"": ""False"", ""ng"": ""NO"", ""lc"": ""2"", ""negative"": ""STR0"", ""generic2"": ""True"", ""sb"": ""NO""}",1.2899492920259945,1.5916282499674708,1,ExitStatus.FEASIBLE,False,False,1.5916282499674708
2025-06-09T10:04:01.789292,KidneyExchange-4-041_c23.xml,"{""input"": ""tests/xcsp3/cop/UNKNOWN/KidneyExchange-4-041_c23.xml"", ""solver"": ""xcsp:ACE@2.4"", ""output_dir"": ""results_comparison"", ""global_time_limit"": 600, ""max_tries"": 50, ""tuning_file"": ""tests/psa/ace.tuning.json"", ""hpo_strategy"": ""hamming"", ""global_time_strategy"": ""PERCENT"", ""percent"": 0.2, ""round_time_strategy"": ""STATIC"", ""time_evolution"": ""STATIC"", ""stop_strategy"": ""TIMEOUT""}",76,"{""varh"": ""Memory"", ""valh"": ""Last"", ""saf"": ""False"", ""pc1"": ""True"", ""bdc"": ""1"", ""toh"": ""False"", ""ng"": ""NO"", ""lc"": ""2"", ""negative"": ""VA"", ""generic2"": ""True"", ""sb"": ""NO""}",1.2899492920259945,1.5825917089823633,1,ExitStatus.FEASIBLE,False,False,1.5825917089823633
2025-06-09T10:04:03.386351,KidneyExchange-4-041_c23.xml,"{""input"": ""tests/xcsp3/cop/UNKNOWN/KidneyExchange-4-041_c23.xml"", ""solver"": ""xcsp:ACE@2.4"", ""output_dir"": ""results_comparison"", ""global_time_limit"": 600, ""max_tries"": 50, ""tuning_file"": ""tests/psa/ace.tuning.json"", ""hpo_strategy"": ""hamming"", ""global_time_strategy"": ""PERCENT"", ""percent"": 0.2, ""round_time_strategy"": ""STATIC"", ""time_evolution"": ""STATIC"", ""stop_strategy"": ""TIMEOUT""}",77,"{""varh"": ""Wdeg"", ""valh"": ""Last"", ""saf"": ""False"", ""pc1"": ""True"", ""bdc"": ""10"", ""toh"": ""False"", ""ng"": ""NO"", ""lc"": ""2"", ""negative"": ""VA"", ""generic2"": ""True"", ""sb"": ""NO""}",1.2899492920259945,1.467231249960605,-7,ExitStatus.OPTIMAL,False,False,1.467231249960605
2025-06-09T10:04:05.118113,KidneyExchange-4-041_c23.xml,"{""input"": ""tests/xcsp3/cop/UNKNOWN/KidneyExchange-4-041_c23.xml"", ""solver"": ""xcsp:ACE@2.4"", ""output_dir"": ""results_comparison"", ""global_time_limit"": 600, ""max_tries"": 50, ""tuning_file"": ""tests/psa/ace.tuning.json"", ""hpo_strategy"": ""hamming"", ""global_time_strategy"": ""PERCENT"", ""percent"": 0.2, ""round_time_strategy"": ""STATIC"", ""time_evolution"": ""STATIC"", ""stop_strategy"": ""TIMEOUT""}",78,"{""varh"": ""Wdeg"", ""valh"": ""Last"", ""saf"": ""False"", ""pc1"": ""True"", ""bdc"": ""1"", ""toh"": ""True"", ""ng"": ""NO"", ""lc"": ""2"", ""negative"": ""VA"", ""generic2"": ""True"", ""sb"": ""NO""}",1.2899492920259945,1.6010465829749592,1,ExitStatus.FEASIBLE,False,False,1.6010465829749592
2025-06-09T10:04:06.357761,KidneyExchange-4-041_c23.xml,"{""input"": ""tests/xcsp3/cop/UNKNOWN/KidneyExchange-4-041_c23.xml"", ""solver"": ""xcsp:ACE@2.4"", ""output_dir"": ""results_comparison"", ""global_time_limit"": 600, ""max_tries"": 50, ""tuning_file"": ""tests/psa/ace.tuning.json"", ""hpo_strategy"": ""hamming"", ""global_time_strategy"": ""PERCENT"", ""percent"": 0.2, ""round_time_strategy"": ""STATIC"", ""time_evolution"": ""STATIC"", ""stop_strategy"": ""TIMEOUT""}",79,"{""varh"": ""Wdeg"", ""valh"": ""Last"", ""saf"": ""False"", ""pc1"": ""True"", ""bdc"": ""100"", ""toh"": ""False"", ""ng"": ""NO"", ""lc"": ""2"", ""negative"": ""VA"", ""generic2"": ""True"", ""sb"": ""NO""}",1.2899492920259945,1.1006235840031877,,ExitStatus.UNKNOWN,False,False,1.1006235840031877
2025-06-09T10:04:08.075506,KidneyExchange-4-041_c23.xml,"{""input"": ""tests/xcsp3/cop/UNKNOWN/KidneyExchange-4-041_c23.xml"", ""solver"": ""xcsp:ACE@2.4"", ""output_dir"": ""results_comparison"", ""global_time_limit"": 600, ""max_tries"": 50, ""tuning_file"": ""tests/psa/ace.tuning.json"", ""hpo_strategy"": ""hamming"", ""global_time_strategy"": ""PERCENT"", ""percent"": 0.2, ""round_time_strategy"": ""STATIC"", ""time_evolution"": ""STATIC"", ""stop_strategy"": ""TIMEOUT""}",80,"{""varh"": ""Wdeg"", ""valh"": ""OccsR"", ""saf"": ""False"", ""pc1"": ""True"", ""bdc"": ""1"", ""toh"": ""False"", ""ng"": ""NO"", ""lc"": ""2"", ""negative"": ""VA"", ""generic2"": ""True"", ""sb"": ""NO""}",1.2899492920259945,1.582769584027119,1,ExitStatus.FEASIBLE,False,False,1.582769584027119
2025-06-09T10:04:09.780537,KidneyExchange-4-041_c23.xml,"{""input"": ""tests/xcsp3/cop/UNKNOWN/KidneyExchange-4-041_c23.xml"", ""solver"": ""xcsp:ACE@2.4"", ""output_dir"": ""results_comparison"", ""global_time_limit"": 600, ""max_tries"": 50, ""tuning_file"": ""tests/psa/ace.tuning.json"", ""hpo_strategy"": ""hamming"", ""global_time_strategy"": ""PERCENT"", ""percent"": 0.2, ""round_time_strategy"": ""STATIC"", ""time_evolution"": ""STATIC"", ""stop_strategy"": ""TIMEOUT""}",81,"{""varh"": ""Wdeg"", ""valh"": ""Last"", ""saf"": ""False"", ""pc1"": ""True"", ""bdc"": ""1"", ""toh"": ""False"", ""ng"": ""NO"", ""lc"": ""2"", ""negative"": ""VA"", ""generic2"": ""False"", ""sb"": ""NO""}",1.2899492920259945,1.5783519169781357,1,ExitStatus.FEASIBLE,False,False,1.5783519169781357
2025-06-09T10:04:11.487526,KidneyExchange-4-041_c23.xml,"{""input"": ""tests/xcsp3/cop/UNKNOWN/KidneyExchange-4-041_c23.xml"", ""solver"": ""xcsp:ACE@2.4"", ""output_dir"": ""results_comparison"", ""global_time_limit"": 600, ""max_tries"": 50, ""tuning_file"": ""tests/psa/ace.tuning.json"", ""hpo_strategy"": ""hamming"", ""global_time_strategy"": ""PERCENT"", ""percent"": 0.2, ""round_time_strategy"": ""STATIC"", ""time_evolution"": ""STATIC"", ""stop_strategy"": ""TIMEOUT""}",82,"{""varh"": ""Wdeg"", ""valh"": ""Last"", ""saf"": ""False"", ""pc1"": ""True"", ""bdc"": ""1"", ""toh"": ""False"", ""ng"": ""NO"", ""lc"": ""2"", ""negative"": ""STR2N"", ""generic2"": ""True"", ""sb"": ""NO""}",1.2899492920259945,1.5781735409982502,1,ExitStatus.FEASIBLE,False,False,1.5781735409982502
2025-06-09T10:04:13.206255,KidneyExchange-4-041_c23.xml,"{""input"": ""tests/xcsp3/cop/UNKNOWN/KidneyExchange-4-041_c23.xml"", ""solver"": ""xcsp:ACE@2.4"", ""output_dir"": ""results_comparison"", ""global_time_limit"": 600, ""max_tries"": 50, ""tuning_file"": ""tests/psa/ace.tuning.json"", ""hpo_strategy"": ""hamming"", ""global_time_strategy"": ""PERCENT"", ""percent"": 0.2, ""round_time_strategy"": ""STATIC"", ""time_evolution"": ""STATIC"", ""stop_strategy"": ""TIMEOUT""}",83,"{""varh"": ""Wdeg"", ""valh"": ""Last"", ""saf"": ""False"", ""pc1"": ""False"", ""bdc"": ""1"", ""toh"": ""False"", ""ng"": ""NO"", ""lc"": ""2"", ""negative"": ""VA"", ""generic2"": ""True"", ""sb"": ""NO""}",1.2899492920259945,1.5868462499929592,1,ExitStatus.FEASIBLE,False,False,1.5868462499929592
2025-06-09T10:04:14.925704,KidneyExchange-4-041_c23.xml,"{""input"": ""tests/xcsp3/cop/UNKNOWN/KidneyExchange-4-041_c23.xml"", ""solver"": ""xcsp:ACE@2.4"", ""output_dir"": ""results_comparison"", ""global_time_limit"": 600, ""max_tries"": 50, ""tuning_file"": ""tests/psa/ace.tuning.json"", ""hpo_strategy"": ""hamming"", ""global_time_strategy"": ""PERCENT"", ""percent"": 0.2, ""round_time_strategy"": ""STATIC"", ""time_evolution"": ""STATIC"", ""stop_strategy"": ""TIMEOUT""}",84,"{""varh"": ""Wdeg"", ""valh"": ""FlrsE"", ""saf"": ""False"", ""pc1"": ""True"", ""bdc"": ""1"", ""toh"": ""False"", ""ng"": ""NO"", ""lc"": ""2"", ""negative"": ""VA"", ""generic2"": ""True"", ""sb"": ""NO""}",1.2899492920259945,1.5913472499814816,1,ExitStatus.FEASIBLE,False,False,1.5913472499814816
2025-06-09T10:04:16.640238,KidneyExchange-4-041_c23.xml,"{""input"": ""tests/xcsp3/cop/UNKNOWN/KidneyExchange-4-041_c23.xml"", ""solver"": ""xcsp:ACE@2.4"", ""output_dir"": ""results_comparison"", ""global_time_limit"": 600, ""max_tries"": 50, ""tuning_file"": ""tests/psa/ace.tuning.json"", ""hpo_strategy"": ""hamming"", ""global_time_strategy"": ""PERCENT"", ""percent"": 0.2, ""round_time_strategy"": ""STATIC"", ""time_evolution"": ""STATIC"", ""stop_strategy"": ""TIMEOUT""}",85,"{""varh"": ""Rand"", ""valh"": ""Last"", ""saf"": ""False"", ""pc1"": ""True"", ""bdc"": ""1"", ""toh"": ""False"", ""ng"": ""NO"", ""lc"": ""2"", ""negative"": ""VA"", ""generic2"": ""True"", ""sb"": ""NO""}",1.2899492920259945,1.586157625017222,-1,ExitStatus.FEASIBLE,False,False,1.586157625017222
2025-06-09T10:04:18.363217,KidneyExchange-4-041_c23.xml,"{""input"": ""tests/xcsp3/cop/UNKNOWN/KidneyExchange-4-041_c23.xml"", ""solver"": ""xcsp:ACE@2.4"", ""output_dir"": ""results_comparison"", ""global_time_limit"": 600, ""max_tries"": 50, ""tuning_file"": ""tests/psa/ace.tuning.json"", ""hpo_strategy"": ""hamming"", ""global_time_strategy"": ""PERCENT"", ""percent"": 0.2, ""round_time_strategy"": ""STATIC"", ""time_evolution"": ""STATIC"", ""stop_strategy"": ""TIMEOUT""}",86,"{""varh"": ""Wdeg"", ""valh"": ""Last"", ""saf"": ""False"", ""pc1"": ""True"", ""bdc"": ""1"", ""toh"": ""False"", ""ng"": ""NO"", ""lc"": ""1"", ""negative"": ""VA"", ""generic2"": ""True"", ""sb"": ""NO""}",1.2899492920259945,1.5949296670150943,1,ExitStatus.FEASIBLE,False,False,1.5949296670150943
2025-06-09T10:04:20.077146,KidneyExchange-4-041_c23.xml,"{""input"": ""tests/xcsp3/cop/UNKNOWN/KidneyExchange-4-041_c23.xml"", ""solver"": ""xcsp:ACE@2.4"", ""output_dir"": ""results_comparison"", ""global_time_limit"": 600, ""max_tries"": 50, ""tuning_file"": ""tests/psa/ace.tuning.json"", ""hpo_strategy"": ""hamming"", ""global_time_strategy"": ""PERCENT"", ""percent"": 0.2, ""round_time_strategy"": ""STATIC"", ""time_evolution"": ""STATIC"", ""stop_strategy"": ""TIMEOUT""}",87,"{""varh"": ""WdegOnDom"", ""valh"": ""Last"", ""saf"": ""False"", ""pc1"": ""True"", ""bdc"": ""1"", ""toh"": ""False"", ""ng"": ""NO"", ""lc"": ""2"", ""negative"": ""VA"", ""generic2"": ""True"", ""sb"": ""NO""}",1.2899492920259945,1.5856886659748852,1,ExitStatus.FEASIBLE,False,False,1.5856886659748852
2025-06-09T10:04:21.794622,KidneyExchange-4-041_c23.xml,"{""input"": ""tests/xcsp3/cop/UNKNOWN/KidneyExchange-4-041_c23.xml"", ""solver"": ""xcsp:ACE@2.4"", ""output_dir"": ""results_comparison"", ""global_time_limit"": 600, ""max_tries"": 50, ""tuning_file"": ""tests/psa/ace.tuning.json"", ""hpo_strategy"": ""hamming"", ""global_time_strategy"": ""PERCENT"", ""percent"": 0.2, ""round_time_strategy"": ""STATIC"", ""time_evolution"": ""STATIC"", ""stop_strategy"": ""TIMEOUT""}",88,"{""varh"": ""Wdeg"", ""valh"": ""First"", ""saf"": ""False"", ""pc1"": ""True"", ""bdc"": ""1"", ""toh"": ""False"", ""ng"": ""NO"", ""lc"": ""2"", ""negative"": ""VA"", ""generic2"": ""True"", ""sb"": ""NO""}",1.2899492920259945,1.5887573329964653,1,ExitStatus.FEASIBLE,False,False,1.5887573329964653
2025-06-09T10:04:23.888272,KidneyExchange-4-041_c23.xml,"{""input"": ""tests/xcsp3/cop/UNKNOWN/KidneyExchange-4-041_c23.xml"", ""solver"": ""xcsp:ACE@2.4"", ""output_dir"": ""results_comparison"", ""global_time_limit"": 600, ""max_tries"": 50, ""tuning_file"": ""tests/psa/ace.tuning.json"", ""hpo_strategy"": ""hamming"", ""global_time_strategy"": ""PERCENT"", ""percent"": 0.2, ""round_time_strategy"": ""STATIC"", ""time_evolution"": ""STATIC"", ""stop_strategy"": ""TIMEOUT""}",89,"{""varh"": ""Activity"", ""valh"": ""Last"", ""saf"": ""False"", ""pc1"": ""True"", ""bdc"": ""1"", ""toh"": ""False"", ""ng"": ""NO"", ""lc"": ""2"", ""negative"": ""VA"", ""generic2"": ""True"", ""sb"": ""NO""}",1.2899492920259945,1.9599319170229137,-27,ExitStatus.FEASIBLE,False,False,1.9599319170229137
2025-06-09T10:04:25.735301,KidneyExchange-4-041_c23.xml,"{""input"": ""tests/xcsp3/cop/UNKNOWN/KidneyExchange-4-041_c23.xml"", ""solver"": ""xcsp:ACE@2.4"", ""output_dir"": ""results_comparison"", ""global_time_limit"": 600, ""max_tries"": 50, ""tuning_file"": ""tests/psa/ace.tuning.json"", ""hpo_strategy"": ""hamming"", ""global_time_strategy"": ""PERCENT"", ""percent"": 0.2, ""round_time_strategy"": ""STATIC"", ""time_evolution"": ""STATIC"", ""stop_strategy"": ""TIMEOUT""}",90,"{""varh"": ""Wdeg"", ""valh"": ""Last"", ""saf"": ""False"", ""pc1"": ""True"", ""bdc"": ""1"", ""toh"": ""False"", ""ng"": ""NO"", ""lc"": ""2"", ""negative"": ""STR2"", ""generic2"": ""True"", ""sb"": ""NO""}",1.2899492920259945,1.6996989999897778,1,ExitStatus.FEASIBLE,False,False,1.6996989999897778
2025-06-09T10:04:27.557896,KidneyExchange-4-041_c23.xml,"{""input"": ""tests/xcsp3/cop/UNKNOWN/KidneyExchange-4-041_c23.xml"", ""solver"": ""xcsp:ACE@2.4"", ""output_dir"": ""results_comparison"", ""global_time_limit"": 600, ""max_tries"": 50, ""tuning_file"": ""tests/psa/ace.tuning.json"", ""hpo_strategy"": ""hamming"", ""global_time_strategy"": ""PERCENT"", ""percent"": 0.2, ""round_time_strategy"": ""STATIC"", ""time_evolution"": ""STATIC"", ""stop_strategy"": ""TIMEOUT""}",91,"{""varh"": ""Memory"", ""valh"": ""Last"", ""saf"": ""False"", ""pc1"": ""True"", ""bdc"": ""10"", ""toh"": ""False"", ""ng"": ""NO"", ""lc"": ""2"", ""negative"": ""VA"", ""generic2"": ""True"", ""sb"": ""NO""}",1.2899492920259945,1.6792101670289412,-7,ExitStatus.FEASIBLE,False,False,1.6792101670289412
2025-06-09T10:04:33.693406,KidneyExchange-4-041_c23.xml,"{""input"": ""tests/xcsp3/cop/UNKNOWN/KidneyExchange-4-041_c23.xml"", ""solver"": ""xcsp:ACE@2.4"", ""output_dir"": ""results_comparison"", ""global_time_limit"": 600, ""max_tries"": 50, ""tuning_file"": ""tests/psa/ace.tuning.json"", ""hpo_strategy"": ""hamming"", ""global_time_strategy"": ""PERCENT"", ""percent"": 0.2, ""round_time_strategy"": ""STATIC"", ""time_evolution"": ""STATIC"", ""stop_strategy"": ""TIMEOUT""}",92,"{""varh"": ""Wdeg"", ""valh"": ""Conflicts"", ""saf"": ""False"", ""pc1"": ""True"", ""bdc"": ""1"", ""toh"": ""False"", ""ng"": ""NO"", ""lc"": ""0"", ""negative"": ""VA"", ""generic2"": ""True"", ""sb"": ""NO""}",1.2899492920259945,1,,ExitStatus.UNKNOWN,False,False,1
2025-06-09T10:04:35.825559,KidneyExchange-4-041_c23.xml,"{""input"": ""tests/xcsp3/cop/UNKNOWN/KidneyExchange-4-041_c23.xml"", ""solver"": ""xcsp:ACE@2.4"", ""output_dir"": ""results_comparison"", ""global_time_limit"": 600, ""max_tries"": 50, ""tuning_file"": ""tests/psa/ace.tuning.json"", ""hpo_strategy"": ""hamming"", ""global_time_strategy"": ""PERCENT"", ""percent"": 0.2, ""round_time_strategy"": ""STATIC"", ""time_evolution"": ""STATIC"", ""stop_strategy"": ""TIMEOUT""}",93,"{""varh"": ""Wdeg"", ""valh"": ""Median"", ""saf"": ""False"", ""pc1"": ""True"", ""bdc"": ""1"", ""toh"": ""False"", ""ng"": ""NO"", ""lc"": ""2"", ""negative"": ""VA"", ""generic2"": ""False"", ""sb"": ""NO""}",1.2899492920259945,1.9881394160329364,-9,ExitStatus.FEASIBLE,False,False,1.9881394160329364
2025-06-09T10:04:37.386837,KidneyExchange-4-041_c23.xml,"{""input"": ""tests/xcsp3/cop/UNKNOWN/KidneyExchange-4-041_c23.xml"", ""solver"": ""xcsp:ACE@2.4"", ""output_dir"": ""results_comparison"", ""global_time_limit"": 600, ""max_tries"": 50, ""tuning_file"": ""tests/psa/ace.tuning.json"", ""hpo_strategy"": ""hamming"", ""global_time_strategy"": ""PERCENT"", ""percent"": 0.2, ""round_time_strategy"": ""STATIC"", ""time_evolution"": ""STATIC"", ""stop_strategy"": ""TIMEOUT""}",94,"{""varh"": ""Wdeg"", ""valh"": ""Last"", ""saf"": ""False"", ""pc1"": ""True"", ""bdc"": ""1000"", ""toh"": ""False"", ""ng"": ""NO"", ""lc"": ""2"", ""negative"": ""STR2"", ""generic2"": ""True"", ""sb"": ""NO""}",1.2899492920259945,1.4087345829466358,,ExitStatus.UNKNOWN,False,False,1.4087345829466358
2025-06-09T10:04:39.345169,KidneyExchange-4-041_c23.xml,"{""input"": ""tests/xcsp3/cop/UNKNOWN/KidneyExchange-4-041_c23.xml"", ""solver"": ""xcsp:ACE@2.4"", ""output_dir"": ""results_comparison"", ""global_time_limit"": 600, ""max_tries"": 50, ""tuning_file"": ""tests/psa/ace.tuning.json"", ""hpo_strategy"": ""hamming"", ""global_time_strategy"": ""PERCENT"", ""percent"": 0.2, ""round_time_strategy"": ""STATIC"", ""time_evolution"": ""STATIC"", ""stop_strategy"": ""TIMEOUT""}",95,"{""varh"": ""Activity"", ""valh"": ""Last"", ""saf"": ""False"", ""pc1"": ""True"", ""bdc"": ""1"", ""toh"": ""False"", ""ng"": ""NO"", ""lc"": ""2"", ""negative"": ""STR1"", ""generic2"": ""True"", ""sb"": ""NO""}",1.2899492920259945,1.7987978339660913,-27,ExitStatus.FEASIBLE,False,False,1.7987978339660913
2025-06-09T10:04:41.274051,KidneyExchange-4-041_c23.xml,"{""input"": ""tests/xcsp3/cop/UNKNOWN/KidneyExchange-4-041_c23.xml"", ""solver"": ""xcsp:ACE@2.4"", ""output_dir"": ""results_comparison"", ""global_time_limit"": 600, ""max_tries"": 50, ""tuning_file"": ""tests/psa/ace.tuning.json"", ""hpo_strategy"": ""hamming"", ""global_time_strategy"": ""PERCENT"", ""percent"": 0.2, ""round_time_strategy"": ""STATIC"", ""time_evolution"": ""STATIC"", ""stop_strategy"": ""TIMEOUT""}",96,"{""varh"": ""Wdeg"", ""valh"": ""OccsR"", ""saf"": ""False"", ""pc1"": ""True"", ""bdc"": ""1"", ""toh"": ""False"", ""ng"": ""NO"", ""lc"": ""2"", ""negative"": ""VA"", ""generic2"": ""False"", ""sb"": ""NO""}",1.2899492920259945,1.775633083016146,1,ExitStatus.FEASIBLE,False,False,1.775633083016146
2025-06-09T10:04:43.180360,KidneyExchange-4-041_c23.xml,"{""input"": ""tests/xcsp3/cop/UNKNOWN/KidneyExchange-4-041_c23.xml"", ""solver"": ""xcsp:ACE@2.4"", ""output_dir"": ""results_comparison"", ""global_time_limit"": 600, ""max_tries"": 50, ""tuning_file"": ""tests/psa/ace.tuning.json"", ""hpo_strategy"": ""hamming"", ""global_time_strategy"": ""PERCENT"", ""percent"": 0.2, ""round_time_strategy"": ""STATIC"", ""time_evolution"": ""STATIC"", ""stop_strategy"": ""TIMEOUT""}",97,"{""varh"": ""Wdeg"", ""valh"": ""Bivs3"", ""saf"": ""False"", ""pc1"": ""True"", ""bdc"": ""1"", ""toh"": ""False"", ""ng"": ""NO"", ""lc"": ""0"", ""negative"": ""VA"", ""generic2"": ""True"", ""sb"": ""NO""}",1.2899492920259945,1.7563576250104234,-13,ExitStatus.FEASIBLE,False,False,1.7563576250104234
2025-06-09T10:04:45.080532,KidneyExchange-4-041_c23.xml,"{""input"": ""tests/xcsp3/cop/UNKNOWN/KidneyExchange-4-041_c23.xml"", ""solver"": ""xcsp:ACE@2.4"", ""output_dir"": ""results_comparison"", ""global_time_limit"": 600, ""max_tries"": 50, ""tuning_file"": ""tests/psa/ace.tuning.json"", ""hpo_strategy"": ""hamming"", ""global_time_strategy"": ""PERCENT"", ""percent"": 0.2, ""round_time_strategy"": ""STATIC"", ""time_evolution"": ""STATIC"", ""stop_strategy"": ""TIMEOUT""}",98,"{""varh"": ""Lexico"", ""valh"": ""Last"", ""saf"": ""False"", ""pc1"": ""True"", ""bdc"": ""1"", ""toh"": ""False"", ""ng"": ""NO"", ""lc"": ""1"", ""negative"": ""VA"", ""generic2"": ""True"", ""sb"": ""NO""}",1.2899492920259945,1.7467845830251463,-3,ExitStatus.FEASIBLE,False,False,1.7467845830251463
2025-06-09T10:04:46.980126,KidneyExchange-4-041_c23.xml,"{""input"": ""tests/xcsp3/cop/UNKNOWN/KidneyExchange-4-041_c23.xml"", ""solver"": ""xcsp:ACE@2.4"", ""output_dir"": ""results_comparison"", ""global_time_limit"": 600, ""max_tries"": 50, ""tuning_file"": ""tests/psa/ace.tuning.json"", ""hpo_strategy"": ""hamming"", ""global_time_strategy"": ""PERCENT"", ""percent"": 0.2, ""round_time_strategy"": ""STATIC"", ""time_evolution"": ""STATIC"", ""stop_strategy"": ""TIMEOUT""}",99,"{""varh"": ""Wdeg"", ""valh"": ""Last"", ""saf"": ""True"", ""pc1"": ""True"", ""bdc"": ""1"", ""toh"": ""False"", ""ng"": ""NO"", ""lc"": ""10"", ""negative"": ""VA"", ""generic2"": ""True"", ""sb"": ""NO""}",1.2899492920259945,1.746987291960977,1,ExitStatus.FEASIBLE,False,False,1.746987291960977
2025-06-09T10:04:48.885342,KidneyExchange-4-041_c23.xml,"{""input"": ""tests/xcsp3/cop/UNKNOWN/KidneyExchange-4-041_c23.xml"", ""solver"": ""xcsp:ACE@2.4"", ""output_dir"": ""results_comparison"", ""global_time_limit"": 600, ""max_tries"": 50, ""tuning_file"": ""tests/psa/ace.tuning.json"", ""hpo_strategy"": ""hamming"", ""global_time_strategy"": ""PERCENT"", ""percent"": 0.2, ""round_time_strategy"": ""STATIC"", ""time_evolution"": ""STATIC"", ""stop_strategy"": ""TIMEOUT""}",100,"{""varh"": ""Wdeg"", ""valh"": ""Last"", ""saf"": ""False"", ""pc1"": ""True"", ""bdc"": ""1"", ""toh"": ""False"", ""ng"": ""NO"", ""lc"": ""2"", ""negative"": ""STR1N"", ""generic2"": ""False"", ""sb"": ""NO""}",1.2899492920259945,1.754533542029094,1,ExitStatus.FEASIBLE,False,False,1.754533542029094
2025-06-09T10:04:50.790565,KidneyExchange-4-041_c23.xml,"{""input"": ""tests/xcsp3/cop/UNKNOWN/KidneyExchange-4-041_c23.xml"", ""solver"": ""xcsp:ACE@2.4"", ""output_dir"": ""results_comparison"", ""global_time_limit"": 600, ""max_tries"": 50, ""tuning_file"": ""tests/psa/ace.tuning.json"", ""hpo_strategy"": ""hamming"", ""global_time_strategy"": ""PERCENT"", ""percent"": 0.2, ""round_time_strategy"": ""STATIC"", ""time_evolution"": ""STATIC"", ""stop_strategy"": ""TIMEOUT""}",101,"{""varh"": ""Activity"", ""valh"": ""Last"", ""saf"": ""False"", ""pc1"": ""True"", ""bdc"": ""1"", ""toh"": ""False"", ""ng"": ""NO"", ""lc"": ""2"", ""negative"": ""STR2"", ""generic2"": ""True"", ""sb"": ""NO""}",1.2899492920259945,1.7532523340196349,-27,ExitStatus.FEASIBLE,False,False,1.7532523340196349
2025-06-09T10:04:52.706735,KidneyExchange-4-041_c23.xml,"{""input"": ""tests/xcsp3/cop/UNKNOWN/KidneyExchange-4-041_c23.xml"", ""solver"": ""xcsp:ACE@2.4"", ""output_dir"": ""results_comparison"", ""global_time_limit"": 600, ""max_tries"": 50, ""tuning_file"": ""tests/psa/ace.tuning.json"", ""hpo_strategy"": ""hamming"", ""global_time_strategy"": ""PERCENT"", ""percent"": 0.2, ""round_time_strategy"": ""STATIC"", ""time_evolution"": ""STATIC"", ""stop_strategy"": ""TIMEOUT""}",102,"{""varh"": ""Impact"", ""valh"": ""First"", ""saf"": ""False"", ""pc1"": ""True"", ""bdc"": ""1"", ""toh"": ""False"", ""ng"": ""NO"", ""lc"": ""2"", ""negative"": ""VA"", ""generic2"": ""True"", ""sb"": ""NO""}",1.2899492920259945,1.76586037495872,-27,ExitStatus.FEASIBLE,False,False,1.76586037495872
2025-06-09T10:04:54.612785,KidneyExchange-4-041_c23.xml,"{""input"": ""tests/xcsp3/cop/UNKNOWN/KidneyExchange-4-041_c23.xml"", ""solver"": ""xcsp:ACE@2.4"", ""output_dir"": ""results_comparison"", ""global_time_limit"": 600, ""max_tries"": 50, ""tuning_file"": ""tests/psa/ace.tuning.json"", ""hpo_strategy"": ""hamming"", ""global_time_strategy"": ""PERCENT"", ""percent"": 0.2, ""round_time_strategy"": ""STATIC"", ""time_evolution"": ""STATIC"", ""stop_strategy"": ""TIMEOUT""}",103,"{""varh"": ""Wdeg"", ""valh"": ""Last"", ""saf"": ""False"", ""pc1"": ""True"", ""bdc"": ""10"", ""toh"": ""False"", ""ng"": ""NO"", ""lc"": ""2"", ""negative"": ""STR0"", ""generic2"": ""True"", ""sb"": ""NO""}",1.2899492920259945,1.7564879580168054,-7,ExitStatus.FEASIBLE,False,False,1.7564879580168054
2025-06-09T10:04:56.523327,KidneyExchange-4-041_c23.xml,"{""input"": ""tests/xcsp3/cop/UNKNOWN/KidneyExchange-4-041_c23.xml"", ""solver"": ""xcsp:ACE@2.4"", ""output_dir"": ""results_comparison"", ""global_time_limit"": 600, ""max_tries"": 50, ""tuning_file"": ""tests/psa/ace.tuning.json"", ""hpo_strategy"": ""hamming"", ""global_time_strategy"": ""PERCENT"", ""percent"": 0.2, ""round_time_strategy"": ""STATIC"", ""time_evolution"": ""STATIC"", ""stop_strategy"": ""TIMEOUT""}",104,"{""varh"": ""Wdeg"", ""valh"": ""Vals"", ""saf"": ""False"", ""pc1"": ""True"", ""bdc"": ""1"", ""toh"": ""False"", ""ng"": ""NO"", ""lc"": ""2"", ""negative"": ""CT"", ""generic2"": ""True"", ""sb"": ""NO""}",1.2899492920259945,1.7632452090037987,-5,ExitStatus.FEASIBLE,False,False,1.7632452090037987
2025-06-09T10:04:58.410370,KidneyExchange-4-041_c23.xml,"{""input"": ""tests/xcsp3/cop/UNKNOWN/KidneyExchange-4-041_c23.xml"", ""solver"": ""xcsp:ACE@2.4"", ""output_dir"": ""results_comparison"", ""global_time_limit"": 600, ""max_tries"": 50, ""tuning_file"": ""tests/psa/ace.tuning.json"", ""hpo_strategy"": ""hamming"", ""global_time_strategy"": ""PERCENT"", ""percent"": 0.2, ""round_time_strategy"": ""STATIC"", ""time_evolution"": ""STATIC"", ""stop_strategy"": ""TIMEOUT""}",105,"{""varh"": ""Wdeg"", ""valh"": ""Last"", ""saf"": ""True"", ""pc1"": ""True"", ""bdc"": ""1"", ""toh"": ""False"", ""ng"": ""NO"", ""lc"": ""2"", ""negative"": ""V"", ""generic2"": ""True"", ""sb"": ""NO""}",1.2899492920259945,1.737247374956496,1,ExitStatus.FEASIBLE,False,False,1.737247374956496
2025-06-09T10:05:00.296784,KidneyExchange-4-041_c23.xml,"{""input"": ""tests/xcsp3/cop/UNKNOWN/KidneyExchange-4-041_c23.xml"", ""solver"": ""xcsp:ACE@2.4"", ""output_dir"": ""results_comparison"", ""global_time_limit"": 600, ""max_tries"": 50, ""tuning_file"": ""tests/psa/ace.tuning.json"", ""hpo_strategy"": ""hamming"", ""global_time_strategy"": ""PERCENT"", ""percent"": 0.2, ""round_time_strategy"": ""STATIC"", ""time_evolution"": ""STATIC"", ""stop_strategy"": ""TIMEOUT""}",106,"{""varh"": ""RunRobin"", ""valh"": ""Last"", ""saf"": ""False"", ""pc1"": ""True"", ""bdc"": ""1"", ""toh"": ""False"", ""ng"": ""NO"", ""lc"": ""2"", ""negative"": ""STR0"", ""generic2"": ""True"", ""sb"": ""NO""}",1.2899492920259945,1.7346257909666747,1,ExitStatus.FEASIBLE,False,False,1.7346257909666747
2025-06-09T10:05:02.196622,KidneyExchange-4-041_c23.xml,"{""input"": ""tests/xcsp3/cop/UNKNOWN/KidneyExchange-4-041_c23.xml"", ""solver"": ""xcsp:ACE@2.4"", ""output_dir"": ""results_comparison"", ""global_time_limit"": 600, ""max_tries"": 50, ""tuning_file"": ""tests/psa/ace.tuning.json"", ""hpo_strategy"": ""hamming"", ""global_time_strategy"": ""PERCENT"", ""percent"": 0.2, ""round_time_strategy"": ""STATIC"", ""time_evolution"": ""STATIC"", ""stop_strategy"": ""TIMEOUT""}",107,"{""varh"": ""Rand"", ""valh"": ""Last"", ""saf"": ""False"", ""pc1"": ""True"", ""bdc"": ""1"", ""toh"": ""False"", ""ng"": ""NO"", ""lc"": ""2"", ""negative"": ""VA"", ""generic2"": ""False"", ""sb"": ""NO""}",1.2899492920259945,1.750327792018652,-3,ExitStatus.FEASIBLE,False,False,1.750327792018652
2025-06-09T10:05:04.097592,KidneyExchange-4-041_c23.xml,"{""input"": ""tests/xcsp3/cop/UNKNOWN/KidneyExchange-4-041_c23.xml"", ""solver"": ""xcsp:ACE@2.4"", ""output_dir"": ""results_comparison"", ""global_time_limit"": 600, ""max_tries"": 50, ""tuning_file"": ""tests/psa/ace.tuning.json"", ""hpo_strategy"": ""hamming"", ""global_time_strategy"": ""PERCENT"", ""percent"": 0.2, ""round_time_strategy"": ""STATIC"", ""time_evolution"": ""STATIC"", ""stop_strategy"": ""TIMEOUT""}",108,"{""varh"": ""Rand"", ""valh"": ""Bivs3"", ""saf"": ""False"", ""pc1"": ""True"", ""bdc"": ""1"", ""toh"": ""False"", ""ng"": ""NO"", ""lc"": ""2"", ""negative"": ""VA"", ""generic2"": ""True"", ""sb"": ""NO""}",1.2899492920259945,1.751391124969814,-1,ExitStatus.FEASIBLE,False,False,1.751391124969814
2025-06-09T10:05:05.657490,KidneyExchange-4-041_c23.xml,"{""input"": ""tests/xcsp3/cop/UNKNOWN/KidneyExchange-4-041_c23.xml"", ""solver"": ""xcsp:ACE@2.4"", ""output_dir"": ""results_comparison"", ""global_time_limit"": 600, ""max_tries"": 50, ""tuning_file"": ""tests/psa/ace.tuning.json"", ""hpo_strategy"": ""hamming"", ""global_time_strategy"": ""PERCENT"", ""percent"": 0.2, ""round_time_strategy"": ""STATIC"", ""time_evolution"": ""STATIC"", ""stop_strategy"": ""TIMEOUT""}",109,"{""varh"": ""Wdeg"", ""valh"": ""Bivs3"", ""saf"": ""False"", ""pc1"": ""True"", ""bdc"": ""1000"", ""toh"": ""False"", ""ng"": ""NO"", ""lc"": ""2"", ""negative"": ""VA"", ""generic2"": ""True"", ""sb"": ""NO""}",1.2899492920259945,1.395985625043977,,ExitStatus.UNKNOWN,False,False,1.395985625043977
2025-06-09T10:05:07.564685,KidneyExchange-4-041_c23.xml,"{""input"": ""tests/xcsp3/cop/UNKNOWN/KidneyExchange-4-041_c23.xml"", ""solver"": ""xcsp:ACE@2.4"", ""output_dir"": ""results_comparison"", ""global_time_limit"": 600, ""max_tries"": 50, ""tuning_file"": ""tests/psa/ace.tuning.json"", ""hpo_strategy"": ""hamming"", ""global_time_strategy"": ""PERCENT"", ""percent"": 0.2, ""round_time_strategy"": ""STATIC"", ""time_evolution"": ""STATIC"", ""stop_strategy"": ""TIMEOUT""}",110,"{""varh"": ""Impact"", ""valh"": ""Last"", ""saf"": ""False"", ""pc1"": ""True"", ""bdc"": ""1"", ""toh"": ""False"", ""ng"": ""NO"", ""lc"": ""10"", ""negative"": ""VA"", ""generic2"": ""True"", ""sb"": ""NO""}",1.2899492920259945,1.7591816250351258,-7,ExitStatus.FEASIBLE,False,False,1.7591816250351258
2025-06-09T10:05:09.460905,KidneyExchange-4-041_c23.xml,"{""input"": ""tests/xcsp3/cop/UNKNOWN/KidneyExchange-4-041_c23.xml"", ""solver"": ""xcsp:ACE@2.4"", ""output_dir"": ""results_comparison"", ""global_time_limit"": 600, ""max_tries"": 50, ""tuning_file"": ""tests/psa/ace.tuning.json"", ""hpo_strategy"": ""hamming"", ""global_time_strategy"": ""PERCENT"", ""percent"": 0.2, ""round_time_strategy"": ""STATIC"", ""time_evolution"": ""STATIC"", ""stop_strategy"": ""TIMEOUT""}",111,"{""varh"": ""Lexico"", ""valh"": ""Last"", ""saf"": ""False"", ""pc1"": ""True"", ""bdc"": ""1"", ""toh"": ""False"", ""ng"": ""NO"", ""lc"": ""2"", ""negative"": ""STR1N"", ""generic2"": ""True"", ""sb"": ""NO""}",1.2899492920259945,1.7477409170242026,-3,ExitStatus.FEASIBLE,False,False,1.7477409170242026
2025-06-09T10:05:11.358447,KidneyExchange-4-041_c23.xml,"{""input"": ""tests/xcsp3/cop/UNKNOWN/KidneyExchange-4-041_c23.xml"", ""solver"": ""xcsp:ACE@2.4"", ""output_dir"": ""results_comparison"", ""global_time_limit"": 600, ""max_tries"": 50, ""tuning_file"": ""tests/psa/ace.tuning.json"", ""hpo_strategy"": ""hamming"", ""global_time_strategy"": ""PERCENT"", ""percent"": 0.2, ""round_time_strategy"": ""STATIC"", ""time_evolution"": ""STATIC"", ""stop_strategy"": ""TIMEOUT""}",112,"{""varh"": ""Wdeg"", ""valh"": ""Last"", ""saf"": ""False"", ""pc1"": ""True"", ""bdc"": ""1"", ""toh"": ""False"", ""ng"": ""NO"", ""lc"": ""5"", ""negative"": ""STR2N"", ""generic2"": ""True"", ""sb"": ""NO""}",1.2899492920259945,1.7449738750001416,1,ExitStatus.FEASIBLE,False,False,1.7449738750001416
2025-06-09T10:05:17.512116,KidneyExchange-4-041_c23.xml,"{""input"": ""tests/xcsp3/cop/UNKNOWN/KidneyExchange-4-041_c23.xml"", ""solver"": ""xcsp:ACE@2.4"", ""output_dir"": ""results_comparison"", ""global_time_limit"": 600, ""max_tries"": 50, ""tuning_file"": ""tests/psa/ace.tuning.json"", ""hpo_strategy"": ""hamming"", ""global_time_strategy"": ""PERCENT"", ""percent"": 0.2, ""round_time_strategy"": ""STATIC"", ""time_evolution"": ""STATIC"", ""stop_strategy"": ""TIMEOUT""}",113,"{""varh"": ""Wdeg"", ""valh"": ""Conflicts"", ""saf"": ""False"", ""pc1"": ""True"", ""bdc"": ""1000"", ""toh"": ""False"", ""ng"": ""NO"", ""lc"": ""2"", ""negative"": ""VA"", ""generic2"": ""True"", ""sb"": ""NO""}",1.2899492920259945,1,,ExitStatus.UNKNOWN,False,False,1
2025-06-09T10:05:19.402675,KidneyExchange-4-041_c23.xml,"{""input"": ""tests/xcsp3/cop/UNKNOWN/KidneyExchange-4-041_c23.xml"", ""solver"": ""xcsp:ACE@2.4"", ""output_dir"": ""results_comparison"", ""global_time_limit"": 600, ""max_tries"": 50, ""tuning_file"": ""tests/psa/ace.tuning.json"", ""hpo_strategy"": ""hamming"", ""global_time_strategy"": ""PERCENT"", ""percent"": 0.2, ""round_time_strategy"": ""STATIC"", ""time_evolution"": ""STATIC"", ""stop_strategy"": ""TIMEOUT""}",114,"{""varh"": ""Wdeg"", ""valh"": ""Last"", ""saf"": ""False"", ""pc1"": ""True"", ""bdc"": ""1000"", ""toh"": ""True"", ""ng"": ""NO"", ""lc"": ""2"", ""negative"": ""VA"", ""generic2"": ""True"", ""sb"": ""NO""}",1.2899492920259945,1.7302249580388889,,ExitStatus.UNKNOWN,False,False,1.7302249580388889
2025-06-09T10:05:25.607024,KidneyExchange-4-041_c23.xml,"{""input"": ""tests/xcsp3/cop/UNKNOWN/KidneyExchange-4-041_c23.xml"", ""solver"": ""xcsp:ACE@2.4"", ""output_dir"": ""results_comparison"", ""global_time_limit"": 600, ""max_tries"": 50, ""tuning_file"": ""tests/psa/ace.tuning.json"", ""hpo_strategy"": ""hamming"", ""global_time_strategy"": ""PERCENT"", ""percent"": 0.2, ""round_time_strategy"": ""STATIC"", ""time_evolution"": ""STATIC"", ""stop_strategy"": ""TIMEOUT""}",115,"{""varh"": ""Wdeg"", ""valh"": ""Conflicts"", ""saf"": ""False"", ""pc1"": ""True"", ""bdc"": ""1"", ""toh"": ""False"", ""ng"": ""NO"", ""lc"": ""1"", ""negative"": ""VA"", ""generic2"": ""True"", ""sb"": ""NO""}",1.2899492920259945,1,,ExitStatus.UNKNOWN,False,False,1
2025-06-09T10:05:27.416366,KidneyExchange-4-041_c23.xml,"{""input"": ""tests/xcsp3/cop/UNKNOWN/KidneyExchange-4-041_c23.xml"", ""solver"": ""xcsp:ACE@2.4"", ""output_dir"": ""results_comparison"", ""global_time_limit"": 600, ""max_tries"": 50, ""tuning_file"": ""tests/psa/ace.tuning.json"", ""hpo_strategy"": ""hamming"", ""global_time_strategy"": ""PERCENT"", ""percent"": 0.2, ""round_time_strategy"": ""STATIC"", ""time_evolution"": ""STATIC"", ""stop_strategy"": ""TIMEOUT""}",116,"{""varh"": ""Wdeg"", ""valh"": ""Last"", ""saf"": ""False"", ""pc1"": ""True"", ""bdc"": ""1000"", ""toh"": ""False"", ""ng"": ""NO"", ""lc"": ""2"", ""negative"": ""STR1N"", ""generic2"": ""True"", ""sb"": ""NO""}",1.2899492920259945,1.6257698340341449,,ExitStatus.UNKNOWN,False,False,1.6257698340341449
2025-06-09T10:05:29.232220,KidneyExchange-4-041_c23.xml,"{""input"": ""tests/xcsp3/cop/UNKNOWN/KidneyExchange-4-041_c23.xml"", ""solver"": ""xcsp:ACE@2.4"", ""output_dir"": ""results_comparison"", ""global_time_limit"": 600, ""max_tries"": 50, ""tuning_file"": ""tests/psa/ace.tuning.json"", ""hpo_strategy"": ""hamming"", ""global_time_strategy"": ""PERCENT"", ""percent"": 0.2, ""round_time_strategy"": ""STATIC"", ""time_evolution"": ""STATIC"", ""stop_strategy"": ""TIMEOUT""}",117,"{""varh"": ""Wdeg"", ""valh"": ""Vals"", ""saf"": ""False"", ""pc1"": ""True"", ""bdc"": ""1000"", ""toh"": ""False"", ""ng"": ""NO"", ""lc"": ""2"", ""negative"": ""VA"", ""generic2"": ""True"", ""sb"": ""NO""}",1.2899492920259945,1.6344495419762097,,ExitStatus.UNKNOWN,False,False,1.6344495419762097
2025-06-09T10:05:31.306405,KidneyExchange-4-041_c23.xml,"{""input"": ""tests/xcsp3/cop/UNKNOWN/KidneyExchange-4-041_c23.xml"", ""solver"": ""xcsp:ACE@2.4"", ""output_dir"": ""results_comparison"", ""global_time_limit"": 600, ""max_tries"": 50, ""tuning_file"": ""tests/psa/ace.tuning.json"", ""hpo_strategy"": ""hamming"", ""global_time_strategy"": ""PERCENT"", ""percent"": 0.2, ""round_time_strategy"": ""STATIC"", ""time_evolution"": ""STATIC"", ""stop_strategy"": ""TIMEOUT""}",118,"{""varh"": ""WdegOnDom"", ""valh"": ""Last"", ""saf"": ""False"", ""pc1"": ""True"", ""bdc"": ""1"", ""toh"": ""False"", ""ng"": ""NO"", ""lc"": ""2"", ""negative"": ""STR1"", ""generic2"": ""True"", ""sb"": ""NO""}",1.2899492920259945,1.894058333011344,1,ExitStatus.FEASIBLE,False,False,1.894058333011344
2025-06-09T10:05:33.430024,KidneyExchange-4-041_c23.xml,"{""input"": ""tests/xcsp3/cop/UNKNOWN/KidneyExchange-4-041_c23.xml"", ""solver"": ""xcsp:ACE@2.4"", ""output_dir"": ""results_comparison"", ""global_time_limit"": 600, ""max_tries"": 50, ""tuning_file"": ""tests/psa/ace.tuning.json"", ""hpo_strategy"": ""hamming"", ""global_time_strategy"": ""PERCENT"", ""percent"": 0.2, ""round_time_strategy"": ""STATIC"", ""time_evolution"": ""STATIC"", ""stop_strategy"": ""TIMEOUT""}",119,"{""varh"": ""Wdeg"", ""valh"": ""Bivs3"", ""saf"": ""False"", ""pc1"": ""True"", ""bdc"": ""1"", ""toh"": ""False"", ""ng"": ""NO"", ""lc"": ""2"", ""negative"": ""STR0"", ""generic2"": ""True"", ""sb"": ""NO""}",1.2899492920259945,1.937898041040171,-1,ExitStatus.FEASIBLE,False,False,1.937898041040171
2025-06-09T10:05:35.551851,KidneyExchange-4-041_c23.xml,"{""input"": ""tests/xcsp3/cop/UNKNOWN/KidneyExchange-4-041_c23.xml"", ""solver"": ""xcsp:ACE@2.4"", ""output_dir"": ""results_comparison"", ""global_time_limit"": 600, ""max_tries"": 50, ""tuning_file"": ""tests/psa/ace.tuning.json"", ""hpo_strategy"": ""hamming"", ""global_time_strategy"": ""PERCENT"", ""percent"": 0.2, ""round_time_strategy"": ""STATIC"", ""time_evolution"": ""STATIC"", ""stop_strategy"": ""TIMEOUT""}",120,"{""varh"": ""Wdeg"", ""valh"": ""Bivs3"", ""saf"": ""False"", ""pc1"": ""True"", ""bdc"": ""1"", ""toh"": ""False"", ""ng"": ""NO"", ""lc"": ""2"", ""negative"": ""CT"", ""generic2"": ""True"", ""sb"": ""NO""}",1.2899492920259945,1.9313079999992624,-1,ExitStatus.FEASIBLE,False,False,1.9313079999992624
2025-06-09T10:05:37.647957,KidneyExchange-4-041_c23.xml,"{""input"": ""tests/xcsp3/cop/UNKNOWN/KidneyExchange-4-041_c23.xml"", ""solver"": ""xcsp:ACE@2.4"", ""output_dir"": ""results_comparison"", ""global_time_limit"": 600, ""max_tries"": 50, ""tuning_file"": ""tests/psa/ace.tuning.json"", ""hpo_strategy"": ""hamming"", ""global_time_strategy"": ""PERCENT"", ""percent"": 0.2, ""round_time_strategy"": ""STATIC"", ""time_evolution"": ""STATIC"", ""stop_strategy"": ""TIMEOUT""}",121,"{""varh"": ""Wdeg"", ""valh"": ""First"", ""saf"": ""False"", ""pc1"": ""True"", ""bdc"": ""1"", ""toh"": ""False"", ""ng"": ""NO"", ""lc"": ""5"", ""negative"": ""VA"", ""generic2"": ""True"", ""sb"": ""NO""}",1.2899492920259945,1.909101750003174,-1,ExitStatus.FEASIBLE,False,False,1.909101750003174
2025-06-09T10:05:39.761622,KidneyExchange-4-041_c23.xml,"{""input"": ""tests/xcsp3/cop/UNKNOWN/KidneyExchange-4-041_c23.xml"", ""solver"": ""xcsp:ACE@2.4"", ""output_dir"": ""results_comparison"", ""global_time_limit"": 600, ""max_tries"": 50, ""tuning_file"": ""tests/psa/ace.tuning.json"", ""hpo_strategy"": ""hamming"", ""global_time_strategy"": ""PERCENT"", ""percent"": 0.2, ""round_time_strategy"": ""STATIC"", ""time_evolution"": ""STATIC"", ""stop_strategy"": ""TIMEOUT""}",122,"{""varh"": ""Memory"", ""valh"": ""RunRobin"", ""saf"": ""False"", ""pc1"": ""True"", ""bdc"": ""1"", ""toh"": ""False"", ""ng"": ""NO"", ""lc"": ""2"", ""negative"": ""VA"", ""generic2"": ""True"", ""sb"": ""NO""}",1.2899492920259945,1.9308713339851238,-7,ExitStatus.FEASIBLE,False,False,1.9308713339851238
2025-06-09T10:05:41.849915,KidneyExchange-4-041_c23.xml,"{""input"": ""tests/xcsp3/cop/UNKNOWN/KidneyExchange-4-041_c23.xml"", ""solver"": ""xcsp:ACE@2.4"", ""output_dir"": ""results_comparison"", ""global_time_limit"": 600, ""max_tries"": 50, ""tuning_file"": ""tests/psa/ace.tuning.json"", ""hpo_strategy"": ""hamming"", ""global_time_strategy"": ""PERCENT"", ""percent"": 0.2, ""round_time_strategy"": ""STATIC"", ""time_evolution"": ""STATIC"", ""stop_strategy"": ""TIMEOUT""}",123,"{""varh"": ""Wdeg"", ""valh"": ""Last"", ""saf"": ""True"", ""pc1"": ""True"", ""bdc"": ""1"", ""toh"": ""False"", ""ng"": ""NO"", ""lc"": ""2"", ""negative"": ""STR1"", ""generic2"": ""True"", ""sb"": ""NO""}",1.2899492920259945,1.9017522080102935,1,ExitStatus.FEASIBLE,False,False,1.9017522080102935
2025-06-09T10:05:43.933000,KidneyExchange-4-041_c23.xml,"{""input"": ""tests/xcsp3/cop/UNKNOWN/KidneyExchange-4-041_c23.xml"", ""solver"": ""xcsp:ACE@2.4"", ""output_dir"": ""results_comparison"", ""global_time_limit"": 600, ""max_tries"": 50, ""tuning_file"": ""tests/psa/ace.tuning.json"", ""hpo_strategy"": ""hamming"", ""global_time_strategy"": ""PERCENT"", ""percent"": 0.2, ""round_time_strategy"": ""STATIC"", ""time_evolution"": ""STATIC"", ""stop_strategy"": ""TIMEOUT""}",124,"{""varh"": ""Activity"", ""valh"": ""Last"", ""saf"": ""False"", ""pc1"": ""True"", ""bdc"": ""10"", ""toh"": ""False"", ""ng"": ""NO"", ""lc"": ""2"", ""negative"": ""VA"", ""generic2"": ""True"", ""sb"": ""NO""}",1.2899492920259945,1.8939738749759272,-31,ExitStatus.FEASIBLE,False,False,1.8939738749759272
2025-06-09T10:05:46.039542,KidneyExchange-4-041_c23.xml,"{""input"": ""tests/xcsp3/cop/UNKNOWN/KidneyExchange-4-041_c23.xml"", ""solver"": ""xcsp:ACE@2.4"", ""output_dir"": ""results_comparison"", ""global_time_limit"": 600, ""max_tries"": 50, ""tuning_file"": ""tests/psa/ace.tuning.json"", ""hpo_strategy"": ""hamming"", ""global_time_strategy"": ""PERCENT"", ""percent"": 0.2, ""round_time_strategy"": ""STATIC"", ""time_evolution"": ""STATIC"", ""stop_strategy"": ""TIMEOUT""}",125,"{""varh"": ""Rand"", ""valh"": ""Last"", ""saf"": ""False"", ""pc1"": ""True"", ""bdc"": ""1"", ""toh"": ""False"", ""ng"": ""NO"", ""lc"": ""2"", ""negative"": ""STR2"", ""generic2"": ""True"", ""sb"": ""NO""}",1.2899492920259945,1.915783916017972,-5,ExitStatus.FEASIBLE,False,False,1.915783916017972
2025-06-09T10:05:48.176048,KidneyExchange-4-041_c23.xml,"{""input"": ""tests/xcsp3/cop/UNKNOWN/KidneyExchange-4-041_c23.xml"", ""solver"": ""xcsp:ACE@2.4"", ""output_dir"": ""results_comparison"", ""global_time_limit"": 600, ""max_tries"": 50, ""tuning_file"": ""tests/psa/ace.tuning.json"", ""hpo_strategy"": ""hamming"", ""global_time_strategy"": ""PERCENT"", ""percent"": 0.2, ""round_time_strategy"": ""STATIC"", ""time_evolution"": ""STATIC"", ""stop_strategy"": ""TIMEOUT""}",126,"{""varh"": ""Wdeg"", ""valh"": ""Last"", ""saf"": ""False"", ""pc1"": ""True"", ""bdc"": ""1"", ""toh"": ""False"", ""ng"": ""NO"", ""lc"": ""2"", ""negative"": ""STR0"", ""generic2"": ""False"", ""sb"": ""NO""}",1.2899492920259945,1.9442516249837354,1,ExitStatus.FEASIBLE,False,False,1.9442516249837354
2025-06-09T10:05:50.297238,KidneyExchange-4-041_c23.xml,"{""input"": ""tests/xcsp3/cop/UNKNOWN/KidneyExchange-4-041_c23.xml"", ""solver"": ""xcsp:ACE@2.4"", ""output_dir"": ""results_comparison"", ""global_time_limit"": 600, ""max_tries"": 50, ""tuning_file"": ""tests/psa/ace.tuning.json"", ""hpo_strategy"": ""hamming"", ""global_time_strategy"": ""PERCENT"", ""percent"": 0.2, ""round_time_strategy"": ""STATIC"", ""time_evolution"": ""STATIC"", ""stop_strategy"": ""TIMEOUT""}",127,"{""varh"": ""FrbaOnDom"", ""valh"": ""Last"", ""saf"": ""False"", ""pc1"": ""True"", ""bdc"": ""1"", ""toh"": ""False"", ""ng"": ""NO"", ""lc"": ""2"", ""negative"": ""STR2N"", ""generic2"": ""True"", ""sb"": ""NO""}",1.2899492920259945,1.929720374988392,1,ExitStatus.FEASIBLE,False,False,1.929720374988392
2025-06-09T10:05:52.393298,KidneyExchange-4-041_c23.xml,"{""input"": ""tests/xcsp3/cop/UNKNOWN/KidneyExchange-4-041_c23.xml"", ""solver"": ""xcsp:ACE@2.4"", ""output_dir"": ""results_comparison"", ""global_time_limit"": 600, ""max_tries"": 50, ""tuning_file"": ""tests/psa/ace.tuning.json"", ""hpo_strategy"": ""hamming"", ""global_time_strategy"": ""PERCENT"", ""percent"": 0.2, ""round_time_strategy"": ""STATIC"", ""time_evolution"": ""STATIC"", ""stop_strategy"": ""TIMEOUT""}",128,"{""varh"": ""Wdeg"", ""valh"": ""OccsR"", ""saf"": ""False"", ""pc1"": ""True"", ""bdc"": ""1"", ""toh"": ""False"", ""ng"": ""NO"", ""lc"": ""2"", ""negative"": ""STR2"", ""generic2"": ""True"", ""sb"": ""NO""}",1.2899492920259945,1.907221041037701,-9,ExitStatus.FEASIBLE,False,False,1.907221041037701
2025-06-09T10:05:54.469725,KidneyExchange-4-041_c23.xml,"{""input"": ""tests/xcsp3/cop/UNKNOWN/KidneyExchange-4-041_c23.xml"", ""solver"": ""xcsp:ACE@2.4"", ""output_dir"": ""results_comparison"", ""global_time_limit"": 600, ""max_tries"": 50, ""tuning_file"": ""tests/psa/ace.tuning.json"", ""hpo_strategy"": ""hamming"", ""global_time_strategy"": ""PERCENT"", ""percent"": 0.2, ""round_time_strategy"": ""STATIC"", ""time_evolution"": ""STATIC"", ""stop_strategy"": ""TIMEOUT""}",129,"{""varh"": ""Rand"", ""valh"": ""Rand"", ""saf"": ""False"", ""pc1"": ""True"", ""bdc"": ""1"", ""toh"": ""False"", ""ng"": ""NO"", ""lc"": ""2"", ""negative"": ""VA"", ""generic2"": ""True"", ""sb"": ""NO""}",1.2899492920259945,1.887367625022307,-7,ExitStatus.FEASIBLE,False,False,1.887367625022307
2025-06-09T10:06:00.671475,KidneyExchange-4-041_c23.xml,"{""input"": ""tests/xcsp3/cop/UNKNOWN/KidneyExchange-4-041_c23.xml"", ""solver"": ""xcsp:ACE@2.4"", ""output_dir"": ""results_comparison"", ""global_time_limit"": 600, ""max_tries"": 50, ""tuning_file"": ""tests/psa/ace.tuning.json"", ""hpo_strategy"": ""hamming"", ""global_time_strategy"": ""PERCENT"", ""percent"": 0.2, ""round_time_strategy"": ""STATIC"", ""time_evolution"": ""STATIC"", ""stop_strategy"": ""TIMEOUT""}",130,"{""varh"": ""Wdeg"", ""valh"": ""Conflicts"", ""saf"": ""False"", ""pc1"": ""True"", ""bdc"": ""1"", ""toh"": ""False"", ""ng"": ""NO"", ""lc"": ""2"", ""negative"": ""CT"", ""generic2"": ""True"", ""sb"": ""NO""}",1.2899492920259945,1,,ExitStatus.UNKNOWN,False,False,1
2025-06-09T10:06:02.845037,KidneyExchange-4-041_c23.xml,"{""input"": ""tests/xcsp3/cop/UNKNOWN/KidneyExchange-4-041_c23.xml"", ""solver"": ""xcsp:ACE@2.4"", ""output_dir"": ""results_comparison"", ""global_time_limit"": 600, ""max_tries"": 50, ""tuning_file"": ""tests/psa/ace.tuning.json"", ""hpo_strategy"": ""hamming"", ""global_time_strategy"": ""PERCENT"", ""percent"": 0.2, ""round_time_strategy"": ""STATIC"", ""time_evolution"": ""STATIC"", ""stop_strategy"": ""TIMEOUT""}",131,"{""varh"": ""Wdeg"", ""valh"": ""Last"", ""saf"": ""True"", ""pc1"": ""True"", ""bdc"": ""1"", ""toh"": ""False"", ""ng"": ""NO"", ""lc"": ""2"", ""negative"": ""VA"", ""generic2"": ""False"", ""sb"": ""NO""}",1.2899492920259945,1.9948944579809904,1,ExitStatus.FEASIBLE,False,False,1.9948944579809904
2025-06-09T10:06:05.007006,KidneyExchange-4-041_c23.xml,"{""input"": ""tests/xcsp3/cop/UNKNOWN/KidneyExchange-4-041_c23.xml"", ""solver"": ""xcsp:ACE@2.4"", ""output_dir"": ""results_comparison"", ""global_time_limit"": 600, ""max_tries"": 50, ""tuning_file"": ""tests/psa/ace.tuning.json"", ""hpo_strategy"": ""hamming"", ""global_time_strategy"": ""PERCENT"", ""percent"": 0.2, ""round_time_strategy"": ""STATIC"", ""time_evolution"": ""STATIC"", ""stop_strategy"": ""TIMEOUT""}",132,"{""varh"": ""Wdeg"", ""valh"": ""Bivs3"", ""saf"": ""False"", ""pc1"": ""True"", ""bdc"": ""1"", ""toh"": ""False"", ""ng"": ""NO"", ""lc"": ""2"", ""negative"": ""STR2"", ""generic2"": ""True"", ""sb"": ""NO""}",1.2899492920259945,1.9642035419819877,-3,ExitStatus.FEASIBLE,False,False,1.9642035419819877
2025-06-09T10:06:07.180114,KidneyExchange-4-041_c23.xml,"{""input"": ""tests/xcsp3/cop/UNKNOWN/KidneyExchange-4-041_c23.xml"", ""solver"": ""xcsp:ACE@2.4"", ""output_dir"": ""results_comparison"", ""global_time_limit"": 600, ""max_tries"": 50, ""tuning_file"": ""tests/psa/ace.tuning.json"", ""hpo_strategy"": ""hamming"", ""global_time_strategy"": ""PERCENT"", ""percent"": 0.2, ""round_time_strategy"": ""STATIC"", ""time_evolution"": ""STATIC"", ""stop_strategy"": ""TIMEOUT""}",133,"{""varh"": ""PickOnDom"", ""valh"": ""First"", ""saf"": ""False"", ""pc1"": ""True"", ""bdc"": ""1"", ""toh"": ""False"", ""ng"": ""NO"", ""lc"": ""2"", ""negative"": ""VA"", ""generic2"": ""True"", ""sb"": ""NO""}",1.2899492920259945,1.9604342500097118,-5,ExitStatus.FEASIBLE,False,False,1.9604342500097118
2025-06-09T10:06:09.348328,KidneyExchange-4-041_c23.xml,"{""input"": ""tests/xcsp3/cop/UNKNOWN/KidneyExchange-4-041_c23.xml"", ""solver"": ""xcsp:ACE@2.4"", ""output_dir"": ""results_comparison"", ""global_time_limit"": 600, ""max_tries"": 50, ""tuning_file"": ""tests/psa/ace.tuning.json"", ""hpo_strategy"": ""hamming"", ""global_time_strategy"": ""PERCENT"", ""percent"": 0.2, ""round_time_strategy"": ""STATIC"", ""time_evolution"": ""STATIC"", ""stop_strategy"": ""TIMEOUT""}",134,"{""varh"": ""Rand"", ""valh"": ""Last"", ""saf"": ""False"", ""pc1"": ""True"", ""bdc"": ""1"", ""toh"": ""True"", ""ng"": ""NO"", ""lc"": ""2"", ""negative"": ""VA"", ""generic2"": ""True"", ""sb"": ""NO""}",1.2899492920259945,1.9564042919664644,-5,ExitStatus.FEASIBLE,False,False,1.9564042919664644
2025-06-09T10:06:11.515859,KidneyExchange-4-041_c23.xml,"{""input"": ""tests/xcsp3/cop/UNKNOWN/KidneyExchange-4-041_c23.xml"", ""solver"": ""xcsp:ACE@2.4"", ""output_dir"": ""results_comparison"", ""global_time_limit"": 600, ""max_tries"": 50, ""tuning_file"": ""tests/psa/ace.tuning.json"", ""hpo_strategy"": ""hamming"", ""global_time_strategy"": ""PERCENT"", ""percent"": 0.2, ""round_time_strategy"": ""STATIC"", ""time_evolution"": ""STATIC"", ""stop_strategy"": ""TIMEOUT""}",135,"{""varh"": ""Wdeg"", ""valh"": ""Last"", ""saf"": ""False"", ""pc1"": ""True"", ""bdc"": ""1"", ""toh"": ""False"", ""ng"": ""NO"", ""lc"": ""1"", ""negative"": ""STR1"", ""generic2"": ""True"", ""sb"": ""NO""}",1.2899492920259945,1.962433249980677,1,ExitStatus.FEASIBLE,False,False,1.962433249980677
2025-06-09T10:06:13.779157,KidneyExchange-4-041_c23.xml,"{""input"": ""tests/xcsp3/cop/UNKNOWN/KidneyExchange-4-041_c23.xml"", ""solver"": ""xcsp:ACE@2.4"", ""output_dir"": ""results_comparison"", ""global_time_limit"": 600, ""max_tries"": 50, ""tuning_file"": ""tests/psa/ace.tuning.json"", ""hpo_strategy"": ""hamming"", ""global_time_strategy"": ""PERCENT"", ""percent"": 0.2, ""round_time_strategy"": ""STATIC"", ""time_evolution"": ""STATIC"", ""stop_strategy"": ""TIMEOUT""}",136,"{""varh"": ""Lexico"", ""valh"": ""OccsR"", ""saf"": ""False"", ""pc1"": ""True"", ""bdc"": ""1"", ""toh"": ""False"", ""ng"": ""NO"", ""lc"": ""2"", ""negative"": ""VA"", ""generic2"": ""True"", ""sb"": ""NO""}",1.2899492920259945,2.0545931659871712,-19,ExitStatus.FEASIBLE,False,False,2.0545931659871712
2025-06-09T10:06:16.283536,KidneyExchange-4-041_c23.xml,"{""input"": ""tests/xcsp3/cop/UNKNOWN/KidneyExchange-4-041_c23.xml"", ""solver"": ""xcsp:ACE@2.4"", ""output_dir"": ""results_comparison"", ""global_time_limit"": 600, ""max_tries"": 50, ""tuning_file"": ""tests/psa/ace.tuning.json"", ""hpo_strategy"": ""hamming"", ""global_time_strategy"": ""PERCENT"", ""percent"": 0.2, ""round_time_strategy"": ""STATIC"", ""time_evolution"": ""STATIC"", ""stop_strategy"": ""TIMEOUT""}",137,"{""varh"": ""Rand"", ""valh"": ""Last"", ""saf"": ""False"", ""pc1"": ""True"", ""bdc"": ""1"", ""toh"": ""False"", ""ng"": ""NO"", ""lc"": ""2"", ""negative"": ""STR1"", ""generic2"": ""True"", ""sb"": ""NO""}",1.2899492920259945,2.2777987080044113,-5,ExitStatus.FEASIBLE,False,False,2.2777987080044113
2025-06-09T10:06:18.491743,KidneyExchange-4-041_c23.xml,"{""input"": ""tests/xcsp3/cop/UNKNOWN/KidneyExchange-4-041_c23.xml"", ""solver"": ""xcsp:ACE@2.4"", ""output_dir"": ""results_comparison"", ""global_time_limit"": 600, ""max_tries"": 50, ""tuning_file"": ""tests/psa/ace.tuning.json"", ""hpo_strategy"": ""hamming"", ""global_time_strategy"": ""PERCENT"", ""percent"": 0.2, ""round_time_strategy"": ""STATIC"", ""time_evolution"": ""STATIC"", ""stop_strategy"": ""TIMEOUT""}",138,"{""varh"": ""WdegOnDom"", ""valh"": ""OccsR"", ""saf"": ""False"", ""pc1"": ""True"", ""bdc"": ""1"", ""toh"": ""False"", ""ng"": ""NO"", ""lc"": ""2"", ""negative"": ""VA"", ""generic2"": ""True"", ""sb"": ""NO""}",1.2899492920259945,1.9922684580087662,-1,ExitStatus.FEASIBLE,False,False,1.9922684580087662
2025-06-09T10:06:20.439961,KidneyExchange-4-041_c23.xml,"{""input"": ""tests/xcsp3/cop/UNKNOWN/KidneyExchange-4-041_c23.xml"", ""solver"": ""xcsp:ACE@2.4"", ""output_dir"": ""results_comparison"", ""global_time_limit"": 600, ""max_tries"": 50, ""tuning_file"": ""tests/psa/ace.tuning.json"", ""hpo_strategy"": ""hamming"", ""global_time_strategy"": ""PERCENT"", ""percent"": 0.2, ""round_time_strategy"": ""STATIC"", ""time_evolution"": ""STATIC"", ""stop_strategy"": ""TIMEOUT""}",139,"{""varh"": ""Wdeg"", ""valh"": ""Vals"", ""saf"": ""False"", ""pc1"": ""True"", ""bdc"": ""100"", ""toh"": ""False"", ""ng"": ""NO"", ""lc"": ""2"", ""negative"": ""VA"", ""generic2"": ""True"", ""sb"": ""NO""}",1.2899492920259945,1.7438132500392385,,ExitStatus.UNKNOWN,False,False,1.7438132500392385
2025-06-09T10:06:22.614112,KidneyExchange-4-041_c23.xml,"{""input"": ""tests/xcsp3/cop/UNKNOWN/KidneyExchange-4-041_c23.xml"", ""solver"": ""xcsp:ACE@2.4"", ""output_dir"": ""results_comparison"", ""global_time_limit"": 600, ""max_tries"": 50, ""tuning_file"": ""tests/psa/ace.tuning.json"", ""hpo_strategy"": ""hamming"", ""global_time_strategy"": ""PERCENT"", ""percent"": 0.2, ""round_time_strategy"": ""STATIC"", ""time_evolution"": ""STATIC"", ""stop_strategy"": ""TIMEOUT""}",140,"{""varh"": ""Wdeg"", ""valh"": ""RunRobin"", ""saf"": ""False"", ""pc1"": ""True"", ""bdc"": ""1"", ""toh"": ""False"", ""ng"": ""NO"", ""lc"": ""5"", ""negative"": ""VA"", ""generic2"": ""True"", ""sb"": ""NO""}",1.2899492920259945,1.9660037919529714,-7,ExitStatus.FEASIBLE,False,False,1.9660037919529714
2025-06-09T10:06:24.783684,KidneyExchange-4-041_c23.xml,"{""input"": ""tests/xcsp3/cop/UNKNOWN/KidneyExchange-4-041_c23.xml"", ""solver"": ""xcsp:ACE@2.4"", ""output_dir"": ""results_comparison"", ""global_time_limit"": 600, ""max_tries"": 50, ""tuning_file"": ""tests/psa/ace.tuning.json"", ""hpo_strategy"": ""hamming"", ""global_time_strategy"": ""PERCENT"", ""percent"": 0.2, ""round_time_strategy"": ""STATIC"", ""time_evolution"": ""STATIC"", ""stop_strategy"": ""TIMEOUT""}",141,"{""varh"": ""PickOnDom"", ""valh"": ""Last"", ""saf"": ""False"", ""pc1"": ""True"", ""bdc"": ""1"", ""toh"": ""False"", ""ng"": ""NO"", ""lc"": ""2"", ""negative"": ""STR2N"", ""generic2"": ""True"", ""sb"": ""NO""}",1.2899492920259945,1.968247207987588,1,ExitStatus.FEASIBLE,False,False,1.968247207987588
2025-06-09T10:06:26.945336,KidneyExchange-4-041_c23.xml,"{""input"": ""tests/xcsp3/cop/UNKNOWN/KidneyExchange-4-041_c23.xml"", ""solver"": ""xcsp:ACE@2.4"", ""output_dir"": ""results_comparison"", ""global_time_limit"": 600, ""max_tries"": 50, ""tuning_file"": ""tests/psa/ace.tuning.json"", ""hpo_strategy"": ""hamming"", ""global_time_strategy"": ""PERCENT"", ""percent"": 0.2, ""round_time_strategy"": ""STATIC"", ""time_evolution"": ""STATIC"", ""stop_strategy"": ""TIMEOUT""}",142,"{""varh"": ""Wdeg"", ""valh"": ""Rand"", ""saf"": ""False"", ""pc1"": ""True"", ""bdc"": ""1"", ""toh"": ""False"", ""ng"": ""NO"", ""lc"": ""10"", ""negative"": ""VA"", ""generic2"": ""True"", ""sb"": ""NO""}",1.2899492920259945,1.9648527919780463,-1,ExitStatus.FEASIBLE,False,False,1.9648527919780463
2025-06-09T10:06:29.079768,KidneyExchange-4-041_c23.xml,"{""input"": ""tests/xcsp3/cop/UNKNOWN/KidneyExchange-4-041_c23.xml"", ""solver"": ""xcsp:ACE@2.4"", ""output_dir"": ""results_comparison"", ""global_time_limit"": 600, ""max_tries"": 50, ""tuning_file"": ""tests/psa/ace.tuning.json"", ""hpo_strategy"": ""hamming"", ""global_time_strategy"": ""PERCENT"", ""percent"": 0.2, ""round_time_strategy"": ""STATIC"", ""time_evolution"": ""STATIC"", ""stop_strategy"": ""TIMEOUT""}",143,"{""varh"": ""Wdeg"", ""valh"": ""Last"", ""saf"": ""False"", ""pc1"": ""True"", ""bdc"": ""1"", ""toh"": ""False"", ""ng"": ""NO"", ""lc"": ""0"", ""negative"": ""STR2N"", ""generic2"": ""True"", ""sb"": ""NO""}",1.2899492920259945,1.9427206249674782,1,ExitStatus.FEASIBLE,False,False,1.9427206249674782
2025-06-09T10:06:31.198760,KidneyExchange-4-041_c23.xml,"{""input"": ""tests/xcsp3/cop/UNKNOWN/KidneyExchange-4-041_c23.xml"", ""solver"": ""xcsp:ACE@2.4"", ""output_dir"": ""results_comparison"", ""global_time_limit"": 600, ""max_tries"": 50, ""tuning_file"": ""tests/psa/ace.tuning.json"", ""hpo_strategy"": ""hamming"", ""global_time_strategy"": ""PERCENT"", ""percent"": 0.2, ""round_time_strategy"": ""STATIC"", ""time_evolution"": ""STATIC"", ""stop_strategy"": ""TIMEOUT""}",144,"{""varh"": ""Activity"", ""valh"": ""Last"", ""saf"": ""False"", ""pc1"": ""True"", ""bdc"": ""1"", ""toh"": ""False"", ""ng"": ""NO"", ""lc"": ""0"", ""negative"": ""VA"", ""generic2"": ""True"", ""sb"": ""NO""}",1.2899492920259945,1.925368583004456,-27,ExitStatus.FEASIBLE,False,False,1.925368583004456
2025-06-09T10:06:33.179941,KidneyExchange-4-041_c23.xml,"{""input"": ""tests/xcsp3/cop/UNKNOWN/KidneyExchange-4-041_c23.xml"", ""solver"": ""xcsp:ACE@2.4"", ""output_dir"": ""results_comparison"", ""global_time_limit"": 600, ""max_tries"": 50, ""tuning_file"": ""tests/psa/ace.tuning.json"", ""hpo_strategy"": ""hamming"", ""global_time_strategy"": ""PERCENT"", ""percent"": 0.2, ""round_time_strategy"": ""STATIC"", ""time_evolution"": ""STATIC"", ""stop_strategy"": ""TIMEOUT""}",145,"{""varh"": ""PickOnDom"", ""valh"": ""Last"", ""saf"": ""False"", ""pc1"": ""True"", ""bdc"": ""100"", ""toh"": ""False"", ""ng"": ""NO"", ""lc"": ""2"", ""negative"": ""VA"", ""generic2"": ""True"", ""sb"": ""NO""}",1.2899492920259945,1.7697687500040047,,ExitStatus.UNKNOWN,False,False,1.7697687500040047
2025-06-09T10:06:35.350320,KidneyExchange-4-041_c23.xml,"{""input"": ""tests/xcsp3/cop/UNKNOWN/KidneyExchange-4-041_c23.xml"", ""solver"": ""xcsp:ACE@2.4"", ""output_dir"": ""results_comparison"", ""global_time_limit"": 600, ""max_tries"": 50, ""tuning_file"": ""tests/psa/ace.tuning.json"", ""hpo_strategy"": ""hamming"", ""global_time_strategy"": ""PERCENT"", ""percent"": 0.2, ""round_time_strategy"": ""STATIC"", ""time_evolution"": ""STATIC"", ""stop_strategy"": ""TIMEOUT""}",146,"{""varh"": ""WdegOnDom"", ""valh"": ""Last"", ""saf"": ""False"", ""pc1"": ""True"", ""bdc"": ""1"", ""toh"": ""False"", ""ng"": ""NO"", ""lc"": ""2"", ""negative"": ""STR1N"", ""generic2"": ""True"", ""sb"": ""NO""}",1.2899492920259945,1.9753334589768201,1,ExitStatus.FEASIBLE,False,False,1.9753334589768201
2025-06-09T10:06:37.511332,KidneyExchange-4-041_c23.xml,"{""input"": ""tests/xcsp3/cop/UNKNOWN/KidneyExchange-4-041_c23.xml"", ""solver"": ""xcsp:ACE@2.4"", ""output_dir"": ""results_comparison"", ""global_time_limit"": 600, ""max_tries"": 50, ""tuning_file"": ""tests/psa/ace.tuning.json"", ""hpo_strategy"": ""hamming"", ""global_time_strategy"": ""PERCENT"", ""percent"": 0.2, ""round_time_strategy"": ""STATIC"", ""time_evolution"": ""STATIC"", ""stop_strategy"": ""TIMEOUT""}",147,"{""varh"": ""Wdeg"", ""valh"": ""Vals"", ""saf"": ""False"", ""pc1"": ""True"", ""bdc"": ""1"", ""toh"": ""False"", ""ng"": ""NO"", ""lc"": ""2"", ""negative"": ""STR2N"", ""generic2"": ""True"", ""sb"": ""NO""}",1.2899492920259945,1.953394665964879,-11,ExitStatus.FEASIBLE,False,False,1.953394665964879
2025-06-09T10:06:39.647679,KidneyExchange-4-041_c23.xml,"{""input"": ""tests/xcsp3/cop/UNKNOWN/KidneyExchange-4-041_c23.xml"", ""solver"": ""xcsp:ACE@2.4"", ""output_dir"": ""results_comparison"", ""global_time_limit"": 600, ""max_tries"": 50, ""tuning_file"": ""tests/psa/ace.tuning.json"", ""hpo_strategy"": ""hamming"", ""global_time_strategy"": ""PERCENT"", ""percent"": 0.2, ""round_time_strategy"": ""STATIC"", ""time_evolution"": ""STATIC"", ""stop_strategy"": ""TIMEOUT""}",148,"{""varh"": ""Impact"", ""valh"": ""Last"", ""saf"": ""False"", ""pc1"": ""True"", ""bdc"": ""1"", ""toh"": ""False"", ""ng"": ""NO"", ""lc"": ""2"", ""negative"": ""CT"", ""generic2"": ""True"", ""sb"": ""NO""}",1.2899492920259945,1.9408937499974854,-7,ExitStatus.FEASIBLE,False,False,1.9408937499974854
2025-06-09T10:06:41.845076,KidneyExchange-4-041_c23.xml,"{""input"": ""tests/xcsp3/cop/UNKNOWN/KidneyExchange-4-041_c23.xml"", ""solver"": ""xcsp:ACE@2.4"", ""output_dir"": ""results_comparison"", ""global_time_limit"": 600, ""max_tries"": 50, ""tuning_file"": ""tests/psa/ace.tuning.json"", ""hpo_strategy"": ""hamming"", ""global_time_strategy"": ""PERCENT"", ""percent"": 0.2, ""round_time_strategy"": ""STATIC"", ""time_evolution"": ""STATIC"", ""stop_strategy"": ""TIMEOUT""}",149,"{""varh"": ""WdegOnDom"", ""valh"": ""Last"", ""saf"": ""False"", ""pc1"": ""True"", ""bdc"": ""1"", ""toh"": ""False"", ""ng"": ""NO"", ""lc"": ""2"", ""negative"": ""V"", ""generic2"": ""True"", ""sb"": ""NO""}",1.2899492920259945,1.993009667028673,1,ExitStatus.FEASIBLE,False,False,1.993009667028673
2025-06-09T10:06:44.025384,KidneyExchange-4-041_c23.xml,"{""input"": ""tests/xcsp3/cop/UNKNOWN/KidneyExchange-4-041_c23.xml"", ""solver"": ""xcsp:ACE@2.4"", ""output_dir"": ""results_comparison"", ""global_time_limit"": 600, ""max_tries"": 50, ""tuning_file"": ""tests/psa/ace.tuning.json"", ""hpo_strategy"": ""hamming"", ""global_time_strategy"": ""PERCENT"", ""percent"": 0.2, ""round_time_strategy"": ""STATIC"", ""time_evolution"": ""STATIC"", ""stop_strategy"": ""TIMEOUT""}",150,"{""varh"": ""Wdeg"", ""valh"": ""Rand"", ""saf"": ""False"", ""pc1"": ""True"", ""bdc"": ""1"", ""toh"": ""False"", ""ng"": ""NO"", ""lc"": ""1"", ""negative"": ""VA"", ""generic2"": ""True"", ""sb"": ""NO""}",1.2899492920259945,1.979745999968145,-1,ExitStatus.FEASIBLE,False,False,1.979745999968145
2025-06-09T10:06:46.178947,KidneyExchange-4-041_c23.xml,"{""input"": ""tests/xcsp3/cop/UNKNOWN/KidneyExchange-4-041_c23.xml"", ""solver"": ""xcsp:ACE@2.4"", ""output_dir"": ""results_comparison"", ""global_time_limit"": 600, ""max_tries"": 50, ""tuning_file"": ""tests/psa/ace.tuning.json"", ""hpo_strategy"": ""hamming"", ""global_time_strategy"": ""PERCENT"", ""percent"": 0.2, ""round_time_strategy"": ""STATIC"", ""time_evolution"": ""STATIC"", ""stop_strategy"": ""TIMEOUT""}",151,"{""varh"": ""Wdeg"", ""valh"": ""First"", ""saf"": ""True"", ""pc1"": ""True"", ""bdc"": ""1"", ""toh"": ""False"", ""ng"": ""NO"", ""lc"": ""2"", ""negative"": ""VA"", ""generic2"": ""True"", ""sb"": ""NO""}",1.2899492920259945,1.9545105409924872,-7,ExitStatus.FEASIBLE,False,False,1.9545105409924872
2025-06-09T10:06:48.358004,KidneyExchange-4-041_c23.xml,"{""input"": ""tests/xcsp3/cop/UNKNOWN/KidneyExchange-4-041_c23.xml"", ""solver"": ""xcsp:ACE@2.4"", ""output_dir"": ""results_comparison"", ""global_time_limit"": 600, ""max_tries"": 50, ""tuning_file"": ""tests/psa/ace.tuning.json"", ""hpo_strategy"": ""hamming"", ""global_time_strategy"": ""PERCENT"", ""percent"": 0.2, ""round_time_strategy"": ""STATIC"", ""time_evolution"": ""STATIC"", ""stop_strategy"": ""TIMEOUT""}",152,"{""varh"": ""PickOnDom"", ""valh"": ""Median"", ""saf"": ""False"", ""pc1"": ""True"", ""bdc"": ""1"", ""toh"": ""False"", ""ng"": ""NO"", ""lc"": ""2"", ""negative"": ""VA"", ""generic2"": ""True"", ""sb"": ""NO""}",1.2899492920259945,1.9653865419677459,-1,ExitStatus.FEASIBLE,False,False,1.9653865419677459
2025-06-09T10:06:50.551380,KidneyExchange-4-041_c23.xml,"{""input"": ""tests/xcsp3/cop/UNKNOWN/KidneyExchange-4-041_c23.xml"", ""solver"": ""xcsp:ACE@2.4"", ""output_dir"": ""results_comparison"", ""global_time_limit"": 600, ""max_tries"": 50, ""tuning_file"": ""tests/psa/ace.tuning.json"", ""hpo_strategy"": ""hamming"", ""global_time_strategy"": ""PERCENT"", ""percent"": 0.2, ""round_time_strategy"": ""STATIC"", ""time_evolution"": ""STATIC"", ""stop_strategy"": ""TIMEOUT""}",153,"{""varh"": ""WdegOnDom"", ""valh"": ""Median"", ""saf"": ""False"", ""pc1"": ""True"", ""bdc"": ""1"", ""toh"": ""False"", ""ng"": ""NO"", ""lc"": ""2"", ""negative"": ""VA"", ""generic2"": ""True"", ""sb"": ""NO""}",1.2899492920259945,1.969103708048351,-1,ExitStatus.FEASIBLE,False,False,1.969103708048351
2025-06-09T10:06:52.463662,KidneyExchange-4-041_c23.xml,"{""input"": ""tests/xcsp3/cop/UNKNOWN/KidneyExchange-4-041_c23.xml"", ""solver"": ""xcsp:ACE@2.4"", ""output_dir"": ""results_comparison"", ""global_time_limit"": 600, ""max_tries"": 50, ""tuning_file"": ""tests/psa/ace.tuning.json"", ""hpo_strategy"": ""hamming"", ""global_time_strategy"": ""PERCENT"", ""percent"": 0.2, ""round_time_strategy"": ""STATIC"", ""time_evolution"": ""STATIC"", ""stop_strategy"": ""TIMEOUT""}",154,"{""varh"": ""Wdeg"", ""valh"": ""Rand"", ""saf"": ""False"", ""pc1"": ""True"", ""bdc"": ""100"", ""toh"": ""False"", ""ng"": ""NO"", ""lc"": ""2"", ""negative"": ""VA"", ""generic2"": ""True"", ""sb"": ""NO""}",1.2899492920259945,1.710780417022761,,ExitStatus.UNKNOWN,False,False,1.710780417022761
2025-06-09T10:06:54.619112,KidneyExchange-4-041_c23.xml,"{""input"": ""tests/xcsp3/cop/UNKNOWN/KidneyExchange-4-041_c23.xml"", ""solver"": ""xcsp:ACE@2.4"", ""output_dir"": ""results_comparison"", ""global_time_limit"": 600, ""max_tries"": 50, ""tuning_file"": ""tests/psa/ace.tuning.json"", ""hpo_strategy"": ""hamming"", ""global_time_strategy"": ""PERCENT"", ""percent"": 0.2, ""round_time_strategy"": ""STATIC"", ""time_evolution"": ""STATIC"", ""stop_strategy"": ""TIMEOUT""}",155,"{""varh"": ""Memory"", ""valh"": ""Last"", ""saf"": ""False"", ""pc1"": ""True"", ""bdc"": ""1"", ""toh"": ""False"", ""ng"": ""NO"", ""lc"": ""0"", ""negative"": ""VA"", ""generic2"": ""True"", ""sb"": ""NO""}",1.2899492920259945,1.947663500031922,1,ExitStatus.FEASIBLE,False,False,1.947663500031922
2025-06-09T10:06:56.806793,KidneyExchange-4-041_c23.xml,"{""input"": ""tests/xcsp3/cop/UNKNOWN/KidneyExchange-4-041_c23.xml"", ""solver"": ""xcsp:ACE@2.4"", ""output_dir"": ""results_comparison"", ""global_time_limit"": 600, ""max_tries"": 50, ""tuning_file"": ""tests/psa/ace.tuning.json"", ""hpo_strategy"": ""hamming"", ""global_time_strategy"": ""PERCENT"", ""percent"": 0.2, ""round_time_strategy"": ""STATIC"", ""time_evolution"": ""STATIC"", ""stop_strategy"": ""TIMEOUT""}",156,"{""varh"": ""FrbaOnDom"", ""valh"": ""Last"", ""saf"": ""True"", ""pc1"": ""True"", ""bdc"": ""1"", ""toh"": ""False"", ""ng"": ""NO"", ""lc"": ""2"", ""negative"": ""VA"", ""generic2"": ""True"", ""sb"": ""NO""}",1.2899492920259945,1.9897145419963636,1,ExitStatus.FEASIBLE,False,False,1.9897145419963636
2025-06-09T10:06:58.765361,KidneyExchange-4-041_c23.xml,"{""input"": ""tests/xcsp3/cop/UNKNOWN/KidneyExchange-4-041_c23.xml"", ""solver"": ""xcsp:ACE@2.4"", ""output_dir"": ""results_comparison"", ""global_time_limit"": 600, ""max_tries"": 50, ""tuning_file"": ""tests/psa/ace.tuning.json"", ""hpo_strategy"": ""hamming"", ""global_time_strategy"": ""PERCENT"", ""percent"": 0.2, ""round_time_strategy"": ""STATIC"", ""time_evolution"": ""STATIC"", ""stop_strategy"": ""TIMEOUT""}",157,"{""varh"": ""Wdeg"", ""valh"": ""FlrsE"", ""saf"": ""False"", ""pc1"": ""True"", ""bdc"": ""100"", ""toh"": ""False"", ""ng"": ""NO"", ""lc"": ""2"", ""negative"": ""VA"", ""generic2"": ""True"", ""sb"": ""NO""}",1.2899492920259945,1.7576183340279385,,ExitStatus.UNKNOWN,False,False,1.7576183340279385
2025-06-09T10:07:00.744987,KidneyExchange-4-041_c23.xml,"{""input"": ""tests/xcsp3/cop/UNKNOWN/KidneyExchange-4-041_c23.xml"", ""solver"": ""xcsp:ACE@2.4"", ""output_dir"": ""results_comparison"", ""global_time_limit"": 600, ""max_tries"": 50, ""tuning_file"": ""tests/psa/ace.tuning.json"", ""hpo_strategy"": ""hamming"", ""global_time_strategy"": ""PERCENT"", ""percent"": 0.2, ""round_time_strategy"": ""STATIC"", ""time_evolution"": ""STATIC"", ""stop_strategy"": ""TIMEOUT""}",158,"{""varh"": ""Wdeg"", ""valh"": ""Last"", ""saf"": ""False"", ""pc1"": ""True"", ""bdc"": ""1000"", ""toh"": ""False"", ""ng"": ""NO"", ""lc"": ""5"", ""negative"": ""VA"", ""generic2"": ""True"", ""sb"": ""NO""}",1.2899492920259945,1.7622824169811793,,ExitStatus.UNKNOWN,False,False,1.7622824169811793
2025-06-09T10:07:02.804030,KidneyExchange-4-041_c23.xml,"{""input"": ""tests/xcsp3/cop/UNKNOWN/KidneyExchange-4-041_c23.xml"", ""solver"": ""xcsp:ACE@2.4"", ""output_dir"": ""results_comparison"", ""global_time_limit"": 600, ""max_tries"": 50, ""tuning_file"": ""tests/psa/ace.tuning.json"", ""hpo_strategy"": ""hamming"", ""global_time_strategy"": ""PERCENT"", ""percent"": 0.2, ""round_time_strategy"": ""STATIC"", ""time_evolution"": ""STATIC"", ""stop_strategy"": ""TIMEOUT""}",159,"{""varh"": ""Wdeg"", ""valh"": ""RunRobin"", ""saf"": ""False"", ""pc1"": ""True"", ""bdc"": ""1000"", ""toh"": ""False"", ""ng"": ""NO"", ""lc"": ""2"", ""negative"": ""VA"", ""generic2"": ""True"", ""sb"": ""NO""}",1.2899492920259945,1.8637255419744179,,ExitStatus.UNKNOWN,False,False,1.8637255419744179
2025-06-09T10:07:04.992291,KidneyExchange-4-041_c23.xml,"{""input"": ""tests/xcsp3/cop/UNKNOWN/KidneyExchange-4-041_c23.xml"", ""solver"": ""xcsp:ACE@2.4"", ""output_dir"": ""results_comparison"", ""global_time_limit"": 600, ""max_tries"": 50, ""tuning_file"": ""tests/psa/ace.tuning.json"", ""hpo_strategy"": ""hamming"", ""global_time_strategy"": ""PERCENT"", ""percent"": 0.2, ""round_time_strategy"": ""STATIC"", ""time_evolution"": ""STATIC"", ""stop_strategy"": ""TIMEOUT""}",160,"{""varh"": ""FrbaOnDom"", ""valh"": ""Last"", ""saf"": ""False"", ""pc1"": ""True"", ""bdc"": ""10"", ""toh"": ""False"", ""ng"": ""NO"", ""lc"": ""2"", ""negative"": ""VA"", ""generic2"": ""True"", ""sb"": ""NO""}",1.2899492920259945,1.9727625420200638,-7,ExitStatus.FEASIBLE,False,False,1.9727625420200638
2025-06-09T10:07:07.149771,KidneyExchange-4-041_c23.xml,"{""input"": ""tests/xcsp3/cop/UNKNOWN/KidneyExchange-4-041_c23.xml"", ""solver"": ""xcsp:ACE@2.4"", ""output_dir"": ""results_comparison"", ""global_time_limit"": 600, ""max_tries"": 50, ""tuning_file"": ""tests/psa/ace.tuning.json"", ""hpo_strategy"": ""hamming"", ""global_time_strategy"": ""PERCENT"", ""percent"": 0.2, ""round_time_strategy"": ""STATIC"", ""time_evolution"": ""STATIC"", ""stop_strategy"": ""TIMEOUT""}",161,"{""varh"": ""Wdeg"", ""valh"": ""Last"", ""saf"": ""True"", ""pc1"": ""True"", ""bdc"": ""1"", ""toh"": ""False"", ""ng"": ""NO"", ""lc"": ""0"", ""negative"": ""VA"", ""generic2"": ""True"", ""sb"": ""NO""}",1.2899492920259945,1.9606864579836838,1,ExitStatus.FEASIBLE,False,False,1.9606864579836838
2025-06-09T10:07:09.291055,KidneyExchange-4-041_c23.xml,"{""input"": ""tests/xcsp3/cop/UNKNOWN/KidneyExchange-4-041_c23.xml"", ""solver"": ""xcsp:ACE@2.4"", ""output_dir"": ""results_comparison"", ""global_time_limit"": 600, ""max_tries"": 50, ""tuning_file"": ""tests/psa/ace.tuning.json"", ""hpo_strategy"": ""hamming"", ""global_time_strategy"": ""PERCENT"", ""percent"": 0.2, ""round_time_strategy"": ""STATIC"", ""time_evolution"": ""STATIC"", ""stop_strategy"": ""TIMEOUT""}",162,"{""varh"": ""Wdeg"", ""valh"": ""Rand"", ""saf"": ""False"", ""pc1"": ""True"", ""bdc"": ""1"", ""toh"": ""False"", ""ng"": ""NO"", ""lc"": ""0"", ""negative"": ""VA"", ""generic2"": ""True"", ""sb"": ""NO""}",1.2899492920259945,1.949808083998505,1,ExitStatus.FEASIBLE,False,False,1.949808083998505
2025-06-09T10:07:11.426267,KidneyExchange-4-041_c23.xml,"{""input"": ""tests/xcsp3/cop/UNKNOWN/KidneyExchange-4-041_c23.xml"", ""solver"": ""xcsp:ACE@2.4"", ""output_dir"": ""results_comparison"", ""global_time_limit"": 600, ""max_tries"": 50, ""tuning_file"": ""tests/psa/ace.tuning.json"", ""hpo_strategy"": ""hamming"", ""global_time_strategy"": ""PERCENT"", ""percent"": 0.2, ""round_time_strategy"": ""STATIC"", ""time_evolution"": ""STATIC"", ""stop_strategy"": ""TIMEOUT""}",163,"{""varh"": ""Wdeg"", ""valh"": ""Last"", ""saf"": ""False"", ""pc1"": ""True"", ""bdc"": ""1"", ""toh"": ""False"", ""ng"": ""NO"", ""lc"": ""5"", ""negative"": ""STR2"", ""generic2"": ""True"", ""sb"": ""NO""}",1.2899492920259945,1.9406504589715041,1,ExitStatus.FEASIBLE,False,False,1.9406504589715041
2025-06-09T10:07:13.559370,KidneyExchange-4-041_c23.xml,"{""input"": ""tests/xcsp3/cop/UNKNOWN/KidneyExchange-4-041_c23.xml"", ""solver"": ""xcsp:ACE@2.4"", ""output_dir"": ""results_comparison"", ""global_time_limit"": 600, ""max_tries"": 50, ""tuning_file"": ""tests/psa/ace.tuning.json"", ""hpo_strategy"": ""hamming"", ""global_time_strategy"": ""PERCENT"", ""percent"": 0.2, ""round_time_strategy"": ""STATIC"", ""time_evolution"": ""STATIC"", ""stop_strategy"": ""TIMEOUT""}",164,"{""varh"": ""Lexico"", ""valh"": ""FlrsE"", ""saf"": ""False"", ""pc1"": ""True"", ""bdc"": ""1"", ""toh"": ""False"", ""ng"": ""NO"", ""lc"": ""2"", ""negative"": ""VA"", ""generic2"": ""True"", ""sb"": ""NO""}",1.2899492920259945,1.9246665420359932,-27,ExitStatus.FEASIBLE,False,False,1.9246665420359932
2025-06-09T10:07:15.688057,KidneyExchange-4-041_c23.xml,"{""input"": ""tests/xcsp3/cop/UNKNOWN/KidneyExchange-4-041_c23.xml"", ""solver"": ""xcsp:ACE@2.4"", ""output_dir"": ""results_comparison"", ""global_time_limit"": 600, ""max_tries"": 50, ""tuning_file"": ""tests/psa/ace.tuning.json"", ""hpo_strategy"": ""hamming"", ""global_time_strategy"": ""PERCENT"", ""percent"": 0.2, ""round_time_strategy"": ""STATIC"", ""time_evolution"": ""STATIC"", ""stop_strategy"": ""TIMEOUT""}",165,"{""varh"": ""Wdeg"", ""valh"": ""FlrsE"", ""saf"": ""False"", ""pc1"": ""True"", ""bdc"": ""1"", ""toh"": ""False"", ""ng"": ""NO"", ""lc"": ""2"", ""negative"": ""STR1N"", ""generic2"": ""True"", ""sb"": ""NO""}",1.2899492920259945,1.9278922909870744,-9,ExitStatus.FEASIBLE,False,False,1.9278922909870744
2025-06-09T10:07:17.818510,KidneyExchange-4-041_c23.xml,"{""input"": ""tests/xcsp3/cop/UNKNOWN/KidneyExchange-4-041_c23.xml"", ""solver"": ""xcsp:ACE@2.4"", ""output_dir"": ""results_comparison"", ""global_time_limit"": 600, ""max_tries"": 50, ""tuning_file"": ""tests/psa/ace.tuning.json"", ""hpo_strategy"": ""hamming"", ""global_time_strategy"": ""PERCENT"", ""percent"": 0.2, ""round_time_strategy"": ""STATIC"", ""time_evolution"": ""STATIC"", ""stop_strategy"": ""TIMEOUT""}",166,"{""varh"": ""PickOnDom"", ""valh"": ""Vals"", ""saf"": ""False"", ""pc1"": ""True"", ""bdc"": ""1"", ""toh"": ""False"", ""ng"": ""NO"", ""lc"": ""2"", ""negative"": ""VA"", ""generic2"": ""True"", ""sb"": ""NO""}",1.2899492920259945,1.9329067500075325,-5,ExitStatus.FEASIBLE,False,False,1.9329067500075325
2025-06-09T10:07:19.694596,KidneyExchange-4-041_c23.xml,"{""input"": ""tests/xcsp3/cop/UNKNOWN/KidneyExchange-4-041_c23.xml"", ""solver"": ""xcsp:ACE@2.4"", ""output_dir"": ""results_comparison"", ""global_time_limit"": 600, ""max_tries"": 50, ""tuning_file"": ""tests/psa/ace.tuning.json"", ""hpo_strategy"": ""hamming"", ""global_time_strategy"": ""PERCENT"", ""percent"": 0.2, ""round_time_strategy"": ""STATIC"", ""time_evolution"": ""STATIC"", ""stop_strategy"": ""TIMEOUT""}",167,"{""varh"": ""Wdeg"", ""valh"": ""Median"", ""saf"": ""False"", ""pc1"": ""True"", ""bdc"": ""1000"", ""toh"": ""False"", ""ng"": ""NO"", ""lc"": ""2"", ""negative"": ""VA"", ""generic2"": ""True"", ""sb"": ""NO""}",1.2899492920259945,1.6827083749813028,,ExitStatus.UNKNOWN,False,False,1.6827083749813028
2025-06-09T10:07:21.823497,KidneyExchange-4-041_c23.xml,"{""input"": ""tests/xcsp3/cop/UNKNOWN/KidneyExchange-4-041_c23.xml"", ""solver"": ""xcsp:ACE@2.4"", ""output_dir"": ""results_comparison"", ""global_time_limit"": 600, ""max_tries"": 50, ""tuning_file"": ""tests/psa/ace.tuning.json"", ""hpo_strategy"": ""hamming"", ""global_time_strategy"": ""PERCENT"", ""percent"": 0.2, ""round_time_strategy"": ""STATIC"", ""time_evolution"": ""STATIC"", ""stop_strategy"": ""TIMEOUT""}",168,"{""varh"": ""Wdeg"", ""valh"": ""Last"", ""saf"": ""False"", ""pc1"": ""True"", ""bdc"": ""1"", ""toh"": ""True"", ""ng"": ""NO"", ""lc"": ""2"", ""negative"": ""CT"", ""generic2"": ""True"", ""sb"": ""NO""}",1.2899492920259945,1.93039462500019,1,ExitStatus.FEASIBLE,False,False,1.93039462500019
2025-06-09T10:07:23.963708,KidneyExchange-4-041_c23.xml,"{""input"": ""tests/xcsp3/cop/UNKNOWN/KidneyExchange-4-041_c23.xml"", ""solver"": ""xcsp:ACE@2.4"", ""output_dir"": ""results_comparison"", ""global_time_limit"": 600, ""max_tries"": 50, ""tuning_file"": ""tests/psa/ace.tuning.json"", ""hpo_strategy"": ""hamming"", ""global_time_strategy"": ""PERCENT"", ""percent"": 0.2, ""round_time_strategy"": ""STATIC"", ""time_evolution"": ""STATIC"", ""stop_strategy"": ""TIMEOUT""}",169,"{""varh"": ""Wdeg"", ""valh"": ""Last"", ""saf"": ""False"", ""pc1"": ""True"", ""bdc"": ""1"", ""toh"": ""False"", ""ng"": ""NO"", ""lc"": ""10"", ""negative"": ""CT"", ""generic2"": ""True"", ""sb"": ""NO""}",1.2899492920259945,1.9441771659767255,1,ExitStatus.FEASIBLE,False,False,1.9441771659767255
2025-06-09T10:07:26.072258,KidneyExchange-4-041_c23.xml,"{""input"": ""tests/xcsp3/cop/UNKNOWN/KidneyExchange-4-041_c23.xml"", ""solver"": ""xcsp:ACE@2.4"", ""output_dir"": ""results_comparison"", ""global_time_limit"": 600, ""max_tries"": 50, ""tuning_file"": ""tests/psa/ace.tuning.json"", ""hpo_strategy"": ""hamming"", ""global_time_strategy"": ""PERCENT"", ""percent"": 0.2, ""round_time_strategy"": ""STATIC"", ""time_evolution"": ""STATIC"", ""stop_strategy"": ""TIMEOUT""}",170,"{""varh"": ""Memory"", ""valh"": ""Last"", ""saf"": ""False"", ""pc1"": ""True"", ""bdc"": ""1"", ""toh"": ""False"", ""ng"": ""NO"", ""lc"": ""2"", ""negative"": ""STR2N"", ""generic2"": ""True"", ""sb"": ""NO""}",1.2899492920259945,1.913889916962944,1,ExitStatus.FEASIBLE,False,False,1.913889916962944
2025-06-09T10:07:28.211844,KidneyExchange-4-041_c23.xml,"{""input"": ""tests/xcsp3/cop/UNKNOWN/KidneyExchange-4-041_c23.xml"", ""solver"": ""xcsp:ACE@2.4"", ""output_dir"": ""results_comparison"", ""global_time_limit"": 600, ""max_tries"": 50, ""tuning_file"": ""tests/psa/ace.tuning.json"", ""hpo_strategy"": ""hamming"", ""global_time_strategy"": ""PERCENT"", ""percent"": 0.2, ""round_time_strategy"": ""STATIC"", ""time_evolution"": ""STATIC"", ""stop_strategy"": ""TIMEOUT""}",171,"{""varh"": ""Memory"", ""valh"": ""Last"", ""saf"": ""False"", ""pc1"": ""True"", ""bdc"": ""1"", ""toh"": ""True"", ""ng"": ""NO"", ""lc"": ""2"", ""negative"": ""VA"", ""generic2"": ""True"", ""sb"": ""NO""}",1.2899492920259945,1.9254676249693148,1,ExitStatus.FEASIBLE,False,False,1.9254676249693148
2025-06-09T10:07:30.335532,KidneyExchange-4-041_c23.xml,"{""input"": ""tests/xcsp3/cop/UNKNOWN/KidneyExchange-4-041_c23.xml"", ""solver"": ""xcsp:ACE@2.4"", ""output_dir"": ""results_comparison"", ""global_time_limit"": 600, ""max_tries"": 50, ""tuning_file"": ""tests/psa/ace.tuning.json"", ""hpo_strategy"": ""hamming"", ""global_time_strategy"": ""PERCENT"", ""percent"": 0.2, ""round_time_strategy"": ""STATIC"", ""time_evolution"": ""STATIC"", ""stop_strategy"": ""TIMEOUT""}",172,"{""varh"": ""Activity"", ""valh"": ""Bivs3"", ""saf"": ""False"", ""pc1"": ""True"", ""bdc"": ""1"", ""toh"": ""False"", ""ng"": ""NO"", ""lc"": ""2"", ""negative"": ""VA"", ""generic2"": ""True"", ""sb"": ""NO""}",1.2899492920259945,1.9247708339826204,-23,ExitStatus.FEASIBLE,False,False,1.9247708339826204
2025-06-09T10:07:32.440634,KidneyExchange-4-041_c23.xml,"{""input"": ""tests/xcsp3/cop/UNKNOWN/KidneyExchange-4-041_c23.xml"", ""solver"": ""xcsp:ACE@2.4"", ""output_dir"": ""results_comparison"", ""global_time_limit"": 600, ""max_tries"": 50, ""tuning_file"": ""tests/psa/ace.tuning.json"", ""hpo_strategy"": ""hamming"", ""global_time_strategy"": ""PERCENT"", ""percent"": 0.2, ""round_time_strategy"": ""STATIC"", ""time_evolution"": ""STATIC"", ""stop_strategy"": ""TIMEOUT""}",173,"{""varh"": ""Wdeg"", ""valh"": ""Median"", ""saf"": ""False"", ""pc1"": ""True"", ""bdc"": ""1"", ""toh"": ""False"", ""ng"": ""NO"", ""lc"": ""2"", ""negative"": ""STR1N"", ""generic2"": ""True"", ""sb"": ""NO""}",1.2899492920259945,1.9062504160101525,-9,ExitStatus.FEASIBLE,False,False,1.9062504160101525
2025-06-09T10:07:34.563613,KidneyExchange-4-041_c23.xml,"{""input"": ""tests/xcsp3/cop/UNKNOWN/KidneyExchange-4-041_c23.xml"", ""solver"": ""xcsp:ACE@2.4"", ""output_dir"": ""results_comparison"", ""global_time_limit"": 600, ""max_tries"": 50, ""tuning_file"": ""tests/psa/ace.tuning.json"", ""hpo_strategy"": ""hamming"", ""global_time_strategy"": ""PERCENT"", ""percent"": 0.2, ""round_time_strategy"": ""STATIC"", ""time_evolution"": ""STATIC"", ""stop_strategy"": ""TIMEOUT""}",174,"{""varh"": ""Wdeg"", ""valh"": ""Median"", ""saf"": ""False"", ""pc1"": ""True"", ""bdc"": ""1"", ""toh"": ""False"", ""ng"": ""NO"", ""lc"": ""1"", ""negative"": ""VA"", ""generic2"": ""True"", ""sb"": ""NO""}",1.2899492920259945,1.9189844579668716,-7,ExitStatus.FEASIBLE,False,False,1.9189844579668716
2025-06-09T10:07:36.687417,KidneyExchange-4-041_c23.xml,"{""input"": ""tests/xcsp3/cop/UNKNOWN/KidneyExchange-4-041_c23.xml"", ""solver"": ""xcsp:ACE@2.4"", ""output_dir"": ""results_comparison"", ""global_time_limit"": 600, ""max_tries"": 50, ""tuning_file"": ""tests/psa/ace.tuning.json"", ""hpo_strategy"": ""hamming"", ""global_time_strategy"": ""PERCENT"", ""percent"": 0.2, ""round_time_strategy"": ""STATIC"", ""time_evolution"": ""STATIC"", ""stop_strategy"": ""TIMEOUT""}",175,"{""varh"": ""RunRobin"", ""valh"": ""Last"", ""saf"": ""False"", ""pc1"": ""True"", ""bdc"": ""1"", ""toh"": ""False"", ""ng"": ""NO"", ""lc"": ""2"", ""negative"": ""STR2"", ""generic2"": ""True"", ""sb"": ""NO""}",1.2899492920259945,1.9275168330059387,1,ExitStatus.FEASIBLE,False,False,1.9275168330059387
2025-06-09T10:07:38.813937,KidneyExchange-4-041_c23.xml,"{""input"": ""tests/xcsp3/cop/UNKNOWN/KidneyExchange-4-041_c23.xml"", ""solver"": ""xcsp:ACE@2.4"", ""output_dir"": ""results_comparison"", ""global_time_limit"": 600, ""max_tries"": 50, ""tuning_file"": ""tests/psa/ace.tuning.json"", ""hpo_strategy"": ""hamming"", ""global_time_strategy"": ""PERCENT"", ""percent"": 0.2, ""round_time_strategy"": ""STATIC"", ""time_evolution"": ""STATIC"", ""stop_strategy"": ""TIMEOUT""}",176,"{""varh"": ""WdegOnDom"", ""valh"": ""First"", ""saf"": ""False"", ""pc1"": ""True"", ""bdc"": ""1"", ""toh"": ""False"", ""ng"": ""NO"", ""lc"": ""2"", ""negative"": ""VA"", ""generic2"": ""True"", ""sb"": ""NO""}",1.2899492920259945,1.932913709024433,-3,ExitStatus.FEASIBLE,False,False,1.932913709024433
2025-06-09T10:07:41.131775,KidneyExchange-4-041_c23.xml,"{""input"": ""tests/xcsp3/cop/UNKNOWN/KidneyExchange-4-041_c23.xml"", ""solver"": ""xcsp:ACE@2.4"", ""output_dir"": ""results_comparison"", ""global_time_limit"": 600, ""max_tries"": 50, ""tuning_file"": ""tests/psa/ace.tuning.json"", ""hpo_strategy"": ""hamming"", ""global_time_strategy"": ""PERCENT"", ""percent"": 0.2, ""round_time_strategy"": ""STATIC"", ""time_evolution"": ""STATIC"", ""stop_strategy"": ""TIMEOUT""}",177,"{""varh"": ""Wdeg"", ""valh"": ""Last"", ""saf"": ""False"", ""pc1"": ""True"", ""bdc"": ""10"", ""toh"": ""False"", ""ng"": ""NO"", ""lc"": ""2"", ""negative"": ""STR1"", ""generic2"": ""True"", ""sb"": ""NO""}",1.2899492920259945,2.114369374990929,-7,ExitStatus.FEASIBLE,False,False,2.114369374990929
2025-06-09T10:07:43.291695,KidneyExchange-4-041_c23.xml,"{""input"": ""tests/xcsp3/cop/UNKNOWN/KidneyExchange-4-041_c23.xml"", ""solver"": ""xcsp:ACE@2.4"", ""output_dir"": ""results_comparison"", ""global_time_limit"": 600, ""max_tries"": 50, ""tuning_file"": ""tests/psa/ace.tuning.json"", ""hpo_strategy"": ""hamming"", ""global_time_strategy"": ""PERCENT"", ""percent"": 0.2, ""round_time_strategy"": ""STATIC"", ""time_evolution"": ""STATIC"", ""stop_strategy"": ""TIMEOUT""}",178,"{""varh"": ""Wdeg"", ""valh"": ""Last"", ""saf"": ""False"", ""pc1"": ""True"", ""bdc"": ""1"", ""toh"": ""False"", ""ng"": ""NO"", ""lc"": ""5"", ""negative"": ""STR1N"", ""generic2"": ""True"", ""sb"": ""NO""}",1.2899492920259945,1.9618997920188121,1,ExitStatus.FEASIBLE,False,False,1.9618997920188121
2025-06-09T10:07:45.256512,KidneyExchange-4-041_c23.xml,"{""input"": ""tests/xcsp3/cop/UNKNOWN/KidneyExchange-4-041_c23.xml"", ""solver"": ""xcsp:ACE@2.4"", ""output_dir"": ""results_comparison"", ""global_time_limit"": 600, ""max_tries"": 50, ""tuning_file"": ""tests/psa/ace.tuning.json"", ""hpo_strategy"": ""hamming"", ""global_time_strategy"": ""PERCENT"", ""percent"": 0.2, ""round_time_strategy"": ""STATIC"", ""time_evolution"": ""STATIC"", ""stop_strategy"": ""TIMEOUT""}",179,"{""varh"": ""FrbaOnDom"", ""valh"": ""Last"", ""saf"": ""False"", ""pc1"": ""True"", ""bdc"": ""100"", ""toh"": ""False"", ""ng"": ""NO"", ""lc"": ""2"", ""negative"": ""VA"", ""generic2"": ""True"", ""sb"": ""NO""}",1.2899492920259945,1.7698047080193646,,ExitStatus.UNKNOWN,False,False,1.7698047080193646
2025-06-09T10:07:47.499702,KidneyExchange-4-041_c23.xml,"{""input"": ""tests/xcsp3/cop/UNKNOWN/KidneyExchange-4-041_c23.xml"", ""solver"": ""xcsp:ACE@2.4"", ""output_dir"": ""results_comparison"", ""global_time_limit"": 600, ""max_tries"": 50, ""tuning_file"": ""tests/psa/ace.tuning.json"", ""hpo_strategy"": ""hamming"", ""global_time_strategy"": ""PERCENT"", ""percent"": 0.2, ""round_time_strategy"": ""STATIC"", ""time_evolution"": ""STATIC"", ""stop_strategy"": ""TIMEOUT""}",180,"{""varh"": ""Impact"", ""valh"": ""Bivs3"", ""saf"": ""False"", ""pc1"": ""True"", ""bdc"": ""1"", ""toh"": ""False"", ""ng"": ""NO"", ""lc"": ""2"", ""negative"": ""VA"", ""generic2"": ""True"", ""sb"": ""NO""}",1.2899492920259945,2.0330719579942524,-27,ExitStatus.FEASIBLE,False,False,2.0330719579942524
2025-06-09T10:07:49.781844,KidneyExchange-4-041_c23.xml,"{""input"": ""tests/xcsp3/cop/UNKNOWN/KidneyExchange-4-041_c23.xml"", ""solver"": ""xcsp:ACE@2.4"", ""output_dir"": ""results_comparison"", ""global_time_limit"": 600, ""max_tries"": 50, ""tuning_file"": ""tests/psa/ace.tuning.json"", ""hpo_strategy"": ""hamming"", ""global_time_strategy"": ""PERCENT"", ""percent"": 0.2, ""round_time_strategy"": ""STATIC"", ""time_evolution"": ""STATIC"", ""stop_strategy"": ""TIMEOUT""}",181,"{""varh"": ""RunRobin"", ""valh"": ""Last"", ""saf"": ""False"", ""pc1"": ""True"", ""bdc"": ""1"", ""toh"": ""False"", ""ng"": ""NO"", ""lc"": ""2"", ""negative"": ""STR2N"", ""generic2"": ""True"", ""sb"": ""NO""}",1.2899492920259945,2.0159200000343844,1,ExitStatus.FEASIBLE,False,False,2.0159200000343844
2025-06-09T10:07:52.179059,KidneyExchange-4-041_c23.xml,"{""input"": ""tests/xcsp3/cop/UNKNOWN/KidneyExchange-4-041_c23.xml"", ""solver"": ""xcsp:ACE@2.4"", ""output_dir"": ""results_comparison"", ""global_time_limit"": 600, ""max_tries"": 50, ""tuning_file"": ""tests/psa/ace.tuning.json"", ""hpo_strategy"": ""hamming"", ""global_time_strategy"": ""PERCENT"", ""percent"": 0.2, ""round_time_strategy"": ""STATIC"", ""time_evolution"": ""STATIC"", ""stop_strategy"": ""TIMEOUT""}",182,"{""varh"": ""RunRobin"", ""valh"": ""FlrsE"", ""saf"": ""False"", ""pc1"": ""True"", ""bdc"": ""1"", ""toh"": ""False"", ""ng"": ""NO"", ""lc"": ""2"", ""negative"": ""VA"", ""generic2"": ""True"", ""sb"": ""NO""}",1.2899492920259945,2.1776666669757105,-21,ExitStatus.FEASIBLE,False,False,2.1776666669757105
2025-06-09T10:07:54.428567,KidneyExchange-4-041_c23.xml,"{""input"": ""tests/xcsp3/cop/UNKNOWN/KidneyExchange-4-041_c23.xml"", ""solver"": ""xcsp:ACE@2.4"", ""output_dir"": ""results_comparison"", ""global_time_limit"": 600, ""max_tries"": 50, ""tuning_file"": ""tests/psa/ace.tuning.json"", ""hpo_strategy"": ""hamming"", ""global_time_strategy"": ""PERCENT"", ""percent"": 0.2, ""round_time_strategy"": ""STATIC"", ""time_evolution"": ""STATIC"", ""stop_strategy"": ""TIMEOUT""}",183,"{""varh"": ""Activity"", ""valh"": ""Last"", ""saf"": ""False"", ""pc1"": ""True"", ""bdc"": ""1"", ""toh"": ""False"", ""ng"": ""NO"", ""lc"": ""2"", ""negative"": ""STR0"", ""generic2"": ""True"", ""sb"": ""NO""}",1.2899492920259945,2.038528667006176,-27,ExitStatus.FEASIBLE,False,False,2.038528667006176
2025-06-09T10:07:56.632183,KidneyExchange-4-041_c23.xml,"{""input"": ""tests/xcsp3/cop/UNKNOWN/KidneyExchange-4-041_c23.xml"", ""solver"": ""xcsp:ACE@2.4"", ""output_dir"": ""results_comparison"", ""global_time_limit"": 600, ""max_tries"": 50, ""tuning_file"": ""tests/psa/ace.tuning.json"", ""hpo_strategy"": ""hamming"", ""global_time_strategy"": ""PERCENT"", ""percent"": 0.2, ""round_time_strategy"": ""STATIC"", ""time_evolution"": ""STATIC"", ""stop_strategy"": ""TIMEOUT""}",184,"{""varh"": ""Wdeg"", ""valh"": ""Last"", ""saf"": ""False"", ""pc1"": ""True"", ""bdc"": ""1"", ""toh"": ""True"", ""ng"": ""NO"", ""lc"": ""2"", ""negative"": ""STR1"", ""generic2"": ""True"", ""sb"": ""NO""}",1.2899492920259945,1.9970697500393726,1,ExitStatus.FEASIBLE,False,False,1.9970697500393726
2025-06-09T10:08:02.855483,KidneyExchange-4-041_c23.xml,"{""input"": ""tests/xcsp3/cop/UNKNOWN/KidneyExchange-4-041_c23.xml"", ""solver"": ""xcsp:ACE@2.4"", ""output_dir"": ""results_comparison"", ""global_time_limit"": 600, ""max_tries"": 50, ""tuning_file"": ""tests/psa/ace.tuning.json"", ""hpo_strategy"": ""hamming"", ""global_time_strategy"": ""PERCENT"", ""percent"": 0.2, ""round_time_strategy"": ""STATIC"", ""time_evolution"": ""STATIC"", ""stop_strategy"": ""TIMEOUT""}",185,"{""varh"": ""Wdeg"", ""valh"": ""Conflicts"", ""saf"": ""False"", ""pc1"": ""True"", ""bdc"": ""1"", ""toh"": ""False"", ""ng"": ""NO"", ""lc"": ""2"", ""negative"": ""STR1N"", ""generic2"": ""True"", ""sb"": ""NO""}",1.2899492920259945,1,,ExitStatus.UNKNOWN,False,False,1
2025-06-09T10:08:05.141392,KidneyExchange-4-041_c23.xml,"{""input"": ""tests/xcsp3/cop/UNKNOWN/KidneyExchange-4-041_c23.xml"", ""solver"": ""xcsp:ACE@2.4"", ""output_dir"": ""results_comparison"", ""global_time_limit"": 600, ""max_tries"": 50, ""tuning_file"": ""tests/psa/ace.tuning.json"", ""hpo_strategy"": ""hamming"", ""global_time_strategy"": ""PERCENT"", ""percent"": 0.2, ""round_time_strategy"": ""STATIC"", ""time_evolution"": ""STATIC"", ""stop_strategy"": ""TIMEOUT""}",186,"{""varh"": ""Impact"", ""valh"": ""Median"", ""saf"": ""False"", ""pc1"": ""True"", ""bdc"": ""1"", ""toh"": ""False"", ""ng"": ""NO"", ""lc"": ""2"", ""negative"": ""VA"", ""generic2"": ""True"", ""sb"": ""NO""}",1.2899492920259945,2.0842485000030138,-7,ExitStatus.FEASIBLE,False,False,2.0842485000030138
2025-06-09T10:08:07.265203,KidneyExchange-4-041_c23.xml,"{""input"": ""tests/xcsp3/cop/UNKNOWN/KidneyExchange-4-041_c23.xml"", ""solver"": ""xcsp:ACE@2.4"", ""output_dir"": ""results_comparison"", ""global_time_limit"": 600, ""max_tries"": 50, ""tuning_file"": ""tests/psa/ace.tuning.json"", ""hpo_strategy"": ""hamming"", ""global_time_strategy"": ""PERCENT"", ""percent"": 0.2, ""round_time_strategy"": ""STATIC"", ""time_evolution"": ""STATIC"", ""stop_strategy"": ""TIMEOUT""}",187,"{""varh"": ""Wdeg"", ""valh"": ""Last"", ""saf"": ""False"", ""pc1"": ""True"", ""bdc"": ""1000"", ""toh"": ""False"", ""ng"": ""NO"", ""lc"": ""2"", ""negative"": ""CT"", ""generic2"": ""True"", ""sb"": ""NO""}",1.2899492920259945,1.9013510419754311,,ExitStatus.UNKNOWN,False,False,1.9013510419754311
2025-06-09T10:08:09.450955,KidneyExchange-4-041_c23.xml,"{""input"": ""tests/xcsp3/cop/UNKNOWN/KidneyExchange-4-041_c23.xml"", ""solver"": ""xcsp:ACE@2.4"", ""output_dir"": ""results_comparison"", ""global_time_limit"": 600, ""max_tries"": 50, ""tuning_file"": ""tests/psa/ace.tuning.json"", ""hpo_strategy"": ""hamming"", ""global_time_strategy"": ""PERCENT"", ""percent"": 0.2, ""round_time_strategy"": ""STATIC"", ""time_evolution"": ""STATIC"", ""stop_strategy"": ""TIMEOUT""}",188,"{""varh"": ""Memory"", ""valh"": ""Last"", ""saf"": ""False"", ""pc1"": ""True"", ""bdc"": ""1"", ""toh"": ""False"", ""ng"": ""NO"", ""lc"": ""5"", ""negative"": ""VA"", ""generic2"": ""True"", ""sb"": ""NO""}",1.2899492920259945,1.9811079170322046,1,ExitStatus.FEASIBLE,False,False,1.9811079170322046
2025-06-09T10:08:11.685561,KidneyExchange-4-041_c23.xml,"{""input"": ""tests/xcsp3/cop/UNKNOWN/KidneyExchange-4-041_c23.xml"", ""solver"": ""xcsp:ACE@2.4"", ""output_dir"": ""results_comparison"", ""global_time_limit"": 600, ""max_tries"": 50, ""tuning_file"": ""tests/psa/ace.tuning.json"", ""hpo_strategy"": ""hamming"", ""global_time_strategy"": ""PERCENT"", ""percent"": 0.2, ""round_time_strategy"": ""STATIC"", ""time_evolution"": ""STATIC"", ""stop_strategy"": ""TIMEOUT""}",189,"{""varh"": ""Wdeg"", ""valh"": ""Last"", ""saf"": ""False"", ""pc1"": ""True"", ""bdc"": ""1"", ""toh"": ""False"", ""ng"": ""NO"", ""lc"": ""5"", ""negative"": ""STR0"", ""generic2"": ""True"", ""sb"": ""NO""}",1.2899492920259945,2.0161183329764754,1,ExitStatus.FEASIBLE,False,False,2.0161183329764754
2025-06-09T10:08:13.869517,KidneyExchange-4-041_c23.xml,"{""input"": ""tests/xcsp3/cop/UNKNOWN/KidneyExchange-4-041_c23.xml"", ""solver"": ""xcsp:ACE@2.4"", ""output_dir"": ""results_comparison"", ""global_time_limit"": 600, ""max_tries"": 50, ""tuning_file"": ""tests/psa/ace.tuning.json"", ""hpo_strategy"": ""hamming"", ""global_time_strategy"": ""PERCENT"", ""percent"": 0.2, ""round_time_strategy"": ""STATIC"", ""time_evolution"": ""STATIC"", ""stop_strategy"": ""TIMEOUT""}",190,"{""varh"": ""RunRobin"", ""valh"": ""Median"", ""saf"": ""False"", ""pc1"": ""True"", ""bdc"": ""1"", ""toh"": ""False"", ""ng"": ""NO"", ""lc"": ""2"", ""negative"": ""VA"", ""generic2"": ""True"", ""sb"": ""NO""}",1.2899492920259945,1.9745906250318512,-3,ExitStatus.FEASIBLE,False,False,1.9745906250318512
2025-06-09T10:08:16.043121,KidneyExchange-4-041_c23.xml,"{""input"": ""tests/xcsp3/cop/UNKNOWN/KidneyExchange-4-041_c23.xml"", ""solver"": ""xcsp:ACE@2.4"", ""output_dir"": ""results_comparison"", ""global_time_limit"": 600, ""max_tries"": 50, ""tuning_file"": ""tests/psa/ace.tuning.json"", ""hpo_strategy"": ""hamming"", ""global_time_strategy"": ""PERCENT"", ""percent"": 0.2, ""round_time_strategy"": ""STATIC"", ""time_evolution"": ""STATIC"", ""stop_strategy"": ""TIMEOUT""}",191,"{""varh"": ""Memory"", ""valh"": ""Median"", ""saf"": ""False"", ""pc1"": ""True"", ""bdc"": ""1"", ""toh"": ""False"", ""ng"": ""NO"", ""lc"": ""2"", ""negative"": ""VA"", ""generic2"": ""True"", ""sb"": ""NO""}",1.2899492920259945,1.9672688340069726,-3,ExitStatus.FEASIBLE,False,False,1.9672688340069726
2025-06-09T10:08:18.282153,KidneyExchange-4-041_c23.xml,"{""input"": ""tests/xcsp3/cop/UNKNOWN/KidneyExchange-4-041_c23.xml"", ""solver"": ""xcsp:ACE@2.4"", ""output_dir"": ""results_comparison"", ""global_time_limit"": 600, ""max_tries"": 50, ""tuning_file"": ""tests/psa/ace.tuning.json"", ""hpo_strategy"": ""hamming"", ""global_time_strategy"": ""PERCENT"", ""percent"": 0.2, ""round_time_strategy"": ""STATIC"", ""time_evolution"": ""STATIC"", ""stop_strategy"": ""TIMEOUT""}",192,"{""varh"": ""PickOnDom"", ""valh"": ""Last"", ""saf"": ""False"", ""pc1"": ""True"", ""bdc"": ""1"", ""toh"": ""False"", ""ng"": ""NO"", ""lc"": ""2"", ""negative"": ""CT"", ""generic2"": ""True"", ""sb"": ""NO""}",1.2899492920259945,2.025683041953016,-1,ExitStatus.FEASIBLE,False,False,2.025683041953016
2025-06-09T10:08:20.536222,KidneyExchange-4-041_c23.xml,"{""input"": ""tests/xcsp3/cop/UNKNOWN/KidneyExchange-4-041_c23.xml"", ""solver"": ""xcsp:ACE@2.4"", ""output_dir"": ""results_comparison"", ""global_time_limit"": 600, ""max_tries"": 50, ""tuning_file"": ""tests/psa/ace.tuning.json"", ""hpo_strategy"": ""hamming"", ""global_time_strategy"": ""PERCENT"", ""percent"": 0.2, ""round_time_strategy"": ""STATIC"", ""time_evolution"": ""STATIC"", ""stop_strategy"": ""TIMEOUT""}",193,"{""varh"": ""Wdeg"", ""valh"": ""Last"", ""saf"": ""False"", ""pc1"": ""True"", ""bdc"": ""1"", ""toh"": ""True"", ""ng"": ""NO"", ""lc"": ""2"", ""negative"": ""V"", ""generic2"": ""True"", ""sb"": ""NO""}",1.2899492920259945,2.0503640410024673,1,ExitStatus.FEASIBLE,False,False,2.0503640410024673
2025-06-09T10:08:22.792308,KidneyExchange-4-041_c23.xml,"{""input"": ""tests/xcsp3/cop/UNKNOWN/KidneyExchange-4-041_c23.xml"", ""solver"": ""xcsp:ACE@2.4"", ""output_dir"": ""results_comparison"", ""global_time_limit"": 600, ""max_tries"": 50, ""tuning_file"": ""tests/psa/ace.tuning.json"", ""hpo_strategy"": ""hamming"", ""global_time_strategy"": ""PERCENT"", ""percent"": 0.2, ""round_time_strategy"": ""STATIC"", ""time_evolution"": ""STATIC"", ""stop_strategy"": ""TIMEOUT""}",194,"{""varh"": ""Wdeg"", ""valh"": ""Last"", ""saf"": ""False"", ""pc1"": ""True"", ""bdc"": ""1"", ""toh"": ""False"", ""ng"": ""NO"", ""lc"": ""2"", ""negative"": ""STR2N"", ""generic2"": ""False"", ""sb"": ""NO""}",1.2899492920259945,2.0395700000226498,-1,ExitStatus.FEASIBLE,False,False,2.0395700000226498
2025-06-09T10:08:25.028826,KidneyExchange-4-041_c23.xml,"{""input"": ""tests/xcsp3/cop/UNKNOWN/KidneyExchange-4-041_c23.xml"", ""solver"": ""xcsp:ACE@2.4"", ""output_dir"": ""results_comparison"", ""global_time_limit"": 600, ""max_tries"": 50, ""tuning_file"": ""tests/psa/ace.tuning.json"", ""hpo_strategy"": ""hamming"", ""global_time_strategy"": ""PERCENT"", ""percent"": 0.2, ""round_time_strategy"": ""STATIC"", ""time_evolution"": ""STATIC"", ""stop_strategy"": ""TIMEOUT""}",195,"{""varh"": ""Wdeg"", ""valh"": ""FlrsE"", ""saf"": ""False"", ""pc1"": ""False"", ""bdc"": ""1"", ""toh"": ""False"", ""ng"": ""NO"", ""lc"": ""2"", ""negative"": ""VA"", ""generic2"": ""True"", ""sb"": ""NO""}",1.2899492920259945,2.036233125021681,-9,ExitStatus.FEASIBLE,False,False,2.036233125021681
2025-06-09T10:08:27.215090,KidneyExchange-4-041_c23.xml,"{""input"": ""tests/xcsp3/cop/UNKNOWN/KidneyExchange-4-041_c23.xml"", ""solver"": ""xcsp:ACE@2.4"", ""output_dir"": ""results_comparison"", ""global_time_limit"": 600, ""max_tries"": 50, ""tuning_file"": ""tests/psa/ace.tuning.json"", ""hpo_strategy"": ""hamming"", ""global_time_strategy"": ""PERCENT"", ""percent"": 0.2, ""round_time_strategy"": ""STATIC"", ""time_evolution"": ""STATIC"", ""stop_strategy"": ""TIMEOUT""}",196,"{""varh"": ""Memory"", ""valh"": ""First"", ""saf"": ""False"", ""pc1"": ""True"", ""bdc"": ""1"", ""toh"": ""False"", ""ng"": ""NO"", ""lc"": ""2"", ""negative"": ""VA"", ""generic2"": ""True"", ""sb"": ""NO""}",1.2899492920259945,1.9919855410116725,-15,ExitStatus.FEASIBLE,False,False,1.9919855410116725
2025-06-09T10:08:29.394465,KidneyExchange-4-041_c23.xml,"{""input"": ""tests/xcsp3/cop/UNKNOWN/KidneyExchange-4-041_c23.xml"", ""solver"": ""xcsp:ACE@2.4"", ""output_dir"": ""results_comparison"", ""global_time_limit"": 600, ""max_tries"": 50, ""tuning_file"": ""tests/psa/ace.tuning.json"", ""hpo_strategy"": ""hamming"", ""global_time_strategy"": ""PERCENT"", ""percent"": 0.2, ""round_time_strategy"": ""STATIC"", ""time_evolution"": ""STATIC"", ""stop_strategy"": ""TIMEOUT""}",197,"{""varh"": ""Wdeg"", ""valh"": ""Rand"", ""saf"": ""False"", ""pc1"": ""True"", ""bdc"": ""1"", ""toh"": ""False"", ""ng"": ""NO"", ""lc"": ""2"", ""negative"": ""VA"", ""generic2"": ""False"", ""sb"": ""NO""}",1.2899492920259945,1.9771756249829195,-3,ExitStatus.FEASIBLE,False,False,1.9771756249829195
2025-06-09T10:08:31.579067,KidneyExchange-4-041_c23.xml,"{""input"": ""tests/xcsp3/cop/UNKNOWN/KidneyExchange-4-041_c23.xml"", ""solver"": ""xcsp:ACE@2.4"", ""output_dir"": ""results_comparison"", ""global_time_limit"": 600, ""max_tries"": 50, ""tuning_file"": ""tests/psa/ace.tuning.json"", ""hpo_strategy"": ""hamming"", ""global_time_strategy"": ""PERCENT"", ""percent"": 0.2, ""round_time_strategy"": ""STATIC"", ""time_evolution"": ""STATIC"", ""stop_strategy"": ""TIMEOUT""}",198,"{""varh"": ""Wdeg"", ""valh"": ""RunRobin"", ""saf"": ""False"", ""pc1"": ""True"", ""bdc"": ""1"", ""toh"": ""False"", ""ng"": ""NO"", ""lc"": ""2"", ""negative"": ""STR0"", ""generic2"": ""True"", ""sb"": ""NO""}",1.2899492920259945,1.9776384580181912,-13,ExitStatus.FEASIBLE,False,False,1.9776384580181912
2025-06-09T10:08:33.757858,KidneyExchange-4-041_c23.xml,"{""input"": ""tests/xcsp3/cop/UNKNOWN/KidneyExchange-4-041_c23.xml"", ""solver"": ""xcsp:ACE@2.4"", ""output_dir"": ""results_comparison"", ""global_time_limit"": 600, ""max_tries"": 50, ""tuning_file"": ""tests/psa/ace.tuning.json"", ""hpo_strategy"": ""hamming"", ""global_time_strategy"": ""PERCENT"", ""percent"": 0.2, ""round_time_strategy"": ""STATIC"", ""time_evolution"": ""STATIC"", ""stop_strategy"": ""TIMEOUT""}",199,"{""varh"": ""WdegOnDom"", ""valh"": ""Last"", ""saf"": ""False"", ""pc1"": ""True"", ""bdc"": ""1"", ""toh"": ""False"", ""ng"": ""NO"", ""lc"": ""10"", ""negative"": ""VA"", ""generic2"": ""True"", ""sb"": ""NO""}",1.2899492920259945,1.976700166997034,1,ExitStatus.FEASIBLE,False,False,1.976700166997034
2025-06-09T10:08:35.933014,KidneyExchange-4-041_c23.xml,"{""input"": ""tests/xcsp3/cop/UNKNOWN/KidneyExchange-4-041_c23.xml"", ""solver"": ""xcsp:ACE@2.4"", ""output_dir"": ""results_comparison"", ""global_time_limit"": 600, ""max_tries"": 50, ""tuning_file"": ""tests/psa/ace.tuning.json"", ""hpo_strategy"": ""hamming"", ""global_time_strategy"": ""PERCENT"", ""percent"": 0.2, ""round_time_strategy"": ""STATIC"", ""time_evolution"": ""STATIC"", ""stop_strategy"": ""TIMEOUT""}",200,"{""varh"": ""Wdeg"", ""valh"": ""Last"", ""saf"": ""False"", ""pc1"": ""False"", ""bdc"": ""1"", ""toh"": ""False"", ""ng"": ""NO"", ""lc"": ""2"", ""negative"": ""STR1N"", ""generic2"": ""True"", ""sb"": ""NO""}",1.2899492920259945,1.9663671249873005,1,ExitStatus.FEASIBLE,False,False,1.9663671249873005
2025-06-09T10:08:38.029514,KidneyExchange-4-041_c23.xml,"{""input"": ""tests/xcsp3/cop/UNKNOWN/KidneyExchange-4-041_c23.xml"", ""solver"": ""xcsp:ACE@2.4"", ""output_dir"": ""results_comparison"", ""global_time_limit"": 600, ""max_tries"": 50, ""tuning_file"": ""tests/psa/ace.tuning.json"", ""hpo_strategy"": ""hamming"", ""global_time_strategy"": ""PERCENT"", ""percent"": 0.2, ""round_time_strategy"": ""STATIC"", ""time_evolution"": ""STATIC"", ""stop_strategy"": ""TIMEOUT""}",201,"{""varh"": ""Wdeg"", ""valh"": ""Last"", ""saf"": ""False"", ""pc1"": ""True"", ""bdc"": ""100"", ""toh"": ""True"", ""ng"": ""NO"", ""lc"": ""2"", ""negative"": ""VA"", ""generic2"": ""True"", ""sb"": ""NO""}",1.2899492920259945,1.8906380829866976,,ExitStatus.UNKNOWN,False,False,1.8906380829866976
2025-06-09T10:08:40.272857,KidneyExchange-4-041_c23.xml,"{""input"": ""tests/xcsp3/cop/UNKNOWN/KidneyExchange-4-041_c23.xml"", ""solver"": ""xcsp:ACE@2.4"", ""output_dir"": ""results_comparison"", ""global_time_limit"": 600, ""max_tries"": 50, ""tuning_file"": ""tests/psa/ace.tuning.json"", ""hpo_strategy"": ""hamming"", ""global_time_strategy"": ""PERCENT"", ""percent"": 0.2, ""round_time_strategy"": ""STATIC"", ""time_evolution"": ""STATIC"", ""stop_strategy"": ""TIMEOUT""}",202,"{""varh"": ""RunRobin"", ""valh"": ""Bivs3"", ""saf"": ""False"", ""pc1"": ""True"", ""bdc"": ""1"", ""toh"": ""False"", ""ng"": ""NO"", ""lc"": ""2"", ""negative"": ""VA"", ""generic2"": ""True"", ""sb"": ""NO""}",1.2899492920259945,2.0203042500070296,-27,ExitStatus.FEASIBLE,False,False,2.0203042500070296
2025-06-09T10:08:42.510926,KidneyExchange-4-041_c23.xml,"{""input"": ""tests/xcsp3/cop/UNKNOWN/KidneyExchange-4-041_c23.xml"", ""solver"": ""xcsp:ACE@2.4"", ""output_dir"": ""results_comparison"", ""global_time_limit"": 600, ""max_tries"": 50, ""tuning_file"": ""tests/psa/ace.tuning.json"", ""hpo_strategy"": ""hamming"", ""global_time_strategy"": ""PERCENT"", ""percent"": 0.2, ""round_time_strategy"": ""STATIC"", ""time_evolution"": ""STATIC"", ""stop_strategy"": ""TIMEOUT""}",203,"{""varh"": ""Wdeg"", ""valh"": ""Last"", ""saf"": ""False"", ""pc1"": ""True"", ""bdc"": ""1"", ""toh"": ""False"", ""ng"": ""NO"", ""lc"": ""5"", ""negative"": ""V"", ""generic2"": ""True"", ""sb"": ""NO""}",1.2899492920259945,2.0244531250209548,-3,ExitStatus.FEASIBLE,False,False,2.0244531250209548
2025-06-09T10:08:44.592819,KidneyExchange-4-041_c23.xml,"{""input"": ""tests/xcsp3/cop/UNKNOWN/KidneyExchange-4-041_c23.xml"", ""solver"": ""xcsp:ACE@2.4"", ""output_dir"": ""results_comparison"", ""global_time_limit"": 600, ""max_tries"": 50, ""tuning_file"": ""tests/psa/ace.tuning.json"", ""hpo_strategy"": ""hamming"", ""global_time_strategy"": ""PERCENT"", ""percent"": 0.2, ""round_time_strategy"": ""STATIC"", ""time_evolution"": ""STATIC"", ""stop_strategy"": ""TIMEOUT""}",204,"{""varh"": ""Wdeg"", ""valh"": ""Last"", ""saf"": ""False"", ""pc1"": ""True"", ""bdc"": ""100"", ""toh"": ""False"", ""ng"": ""NO"", ""lc"": ""2"", ""negative"": ""V"", ""generic2"": ""True"", ""sb"": ""NO""}",1.2899492920259945,1.8695817500120029,,ExitStatus.UNKNOWN,False,False,1.8695817500120029
2025-06-09T10:08:46.805224,KidneyExchange-4-041_c23.xml,"{""input"": ""tests/xcsp3/cop/UNKNOWN/KidneyExchange-4-041_c23.xml"", ""solver"": ""xcsp:ACE@2.4"", ""output_dir"": ""results_comparison"", ""global_time_limit"": 600, ""max_tries"": 50, ""tuning_file"": ""tests/psa/ace.tuning.json"", ""hpo_strategy"": ""hamming"", ""global_time_strategy"": ""PERCENT"", ""percent"": 0.2, ""round_time_strategy"": ""STATIC"", ""time_evolution"": ""STATIC"", ""stop_strategy"": ""TIMEOUT""}",205,"{""varh"": ""Wdeg"", ""valh"": ""OccsR"", ""saf"": ""False"", ""pc1"": ""True"", ""bdc"": ""1"", ""toh"": ""False"", ""ng"": ""NO"", ""lc"": ""1"", ""negative"": ""VA"", ""generic2"": ""True"", ""sb"": ""NO""}",1.2899492920259945,2.001567667000927,-17,ExitStatus.FEASIBLE,False,False,2.001567667000927
2025-06-09T10:08:49.078698,KidneyExchange-4-041_c23.xml,"{""input"": ""tests/xcsp3/cop/UNKNOWN/KidneyExchange-4-041_c23.xml"", ""solver"": ""xcsp:ACE@2.4"", ""output_dir"": ""results_comparison"", ""global_time_limit"": 600, ""max_tries"": 50, ""tuning_file"": ""tests/psa/ace.tuning.json"", ""hpo_strategy"": ""hamming"", ""global_time_strategy"": ""PERCENT"", ""percent"": 0.2, ""round_time_strategy"": ""STATIC"", ""time_evolution"": ""STATIC"", ""stop_strategy"": ""TIMEOUT""}",206,"{""varh"": ""Wdeg"", ""valh"": ""Last"", ""saf"": ""False"", ""pc1"": ""True"", ""bdc"": ""1"", ""toh"": ""False"", ""ng"": ""NO"", ""lc"": ""0"", ""negative"": ""CT"", ""generic2"": ""True"", ""sb"": ""NO""}",1.2899492920259945,2.0661097079864703,1,ExitStatus.FEASIBLE,False,False,2.0661097079864703
2025-06-09T10:08:51.319276,KidneyExchange-4-041_c23.xml,"{""input"": ""tests/xcsp3/cop/UNKNOWN/KidneyExchange-4-041_c23.xml"", ""solver"": ""xcsp:ACE@2.4"", ""output_dir"": ""results_comparison"", ""global_time_limit"": 600, ""max_tries"": 50, ""tuning_file"": ""tests/psa/ace.tuning.json"", ""hpo_strategy"": ""hamming"", ""global_time_strategy"": ""PERCENT"", ""percent"": 0.2, ""round_time_strategy"": ""STATIC"", ""time_evolution"": ""STATIC"", ""stop_strategy"": ""TIMEOUT""}",207,"{""varh"": ""Lexico"", ""valh"": ""Last"", ""saf"": ""False"", ""pc1"": ""True"", ""bdc"": ""1"", ""toh"": ""False"", ""ng"": ""NO"", ""lc"": ""2"", ""negative"": ""STR0"", ""generic2"": ""True"", ""sb"": ""NO""}",1.2899492920259945,2.030008625006303,-3,ExitStatus.FEASIBLE,False,False,2.030008625006303
2025-06-09T10:08:53.578011,KidneyExchange-4-041_c23.xml,"{""input"": ""tests/xcsp3/cop/UNKNOWN/KidneyExchange-4-041_c23.xml"", ""solver"": ""xcsp:ACE@2.4"", ""output_dir"": ""results_comparison"", ""global_time_limit"": 600, ""max_tries"": 50, ""tuning_file"": ""tests/psa/ace.tuning.json"", ""hpo_strategy"": ""hamming"", ""global_time_strategy"": ""PERCENT"", ""percent"": 0.2, ""round_time_strategy"": ""STATIC"", ""time_evolution"": ""STATIC"", ""stop_strategy"": ""TIMEOUT""}",208,"{""varh"": ""Lexico"", ""valh"": ""Last"", ""saf"": ""True"", ""pc1"": ""True"", ""bdc"": ""1"", ""toh"": ""False"", ""ng"": ""NO"", ""lc"": ""2"", ""negative"": ""VA"", ""generic2"": ""True"", ""sb"": ""NO""}",1.2899492920259945,2.0295908330008388,-3,ExitStatus.FEASIBLE,False,False,2.0295908330008388
2025-06-09T10:08:55.855693,KidneyExchange-4-041_c23.xml,"{""input"": ""tests/xcsp3/cop/UNKNOWN/KidneyExchange-4-041_c23.xml"", ""solver"": ""xcsp:ACE@2.4"", ""output_dir"": ""results_comparison"", ""global_time_limit"": 600, ""max_tries"": 50, ""tuning_file"": ""tests/psa/ace.tuning.json"", ""hpo_strategy"": ""hamming"", ""global_time_strategy"": ""PERCENT"", ""percent"": 0.2, ""round_time_strategy"": ""STATIC"", ""time_evolution"": ""STATIC"", ""stop_strategy"": ""TIMEOUT""}",209,"{""varh"": ""Memory"", ""valh"": ""Last"", ""saf"": ""False"", ""pc1"": ""True"", ""bdc"": ""1"", ""toh"": ""False"", ""ng"": ""NO"", ""lc"": ""2"", ""negative"": ""V"", ""generic2"": ""True"", ""sb"": ""NO""}",1.2899492920259945,2.0650462500052527,1,ExitStatus.FEASIBLE,False,False,2.0650462500052527
2025-06-09T10:08:58.132638,KidneyExchange-4-041_c23.xml,"{""input"": ""tests/xcsp3/cop/UNKNOWN/KidneyExchange-4-041_c23.xml"", ""solver"": ""xcsp:ACE@2.4"", ""output_dir"": ""results_comparison"", ""global_time_limit"": 600, ""max_tries"": 50, ""tuning_file"": ""tests/psa/ace.tuning.json"", ""hpo_strategy"": ""hamming"", ""global_time_strategy"": ""PERCENT"", ""percent"": 0.2, ""round_time_strategy"": ""STATIC"", ""time_evolution"": ""STATIC"", ""stop_strategy"": ""TIMEOUT""}",210,"{""varh"": ""WdegOnDom"", ""valh"": ""Last"", ""saf"": ""False"", ""pc1"": ""True"", ""bdc"": ""1"", ""toh"": ""False"", ""ng"": ""NO"", ""lc"": ""1"", ""negative"": ""VA"", ""generic2"": ""True"", ""sb"": ""NO""}",1.2899492920259945,2.0633486249716952,1,ExitStatus.FEASIBLE,False,False,2.0633486249716952
2025-06-09T10:09:00.643856,KidneyExchange-4-041_c23.xml,"{""input"": ""tests/xcsp3/cop/UNKNOWN/KidneyExchange-4-041_c23.xml"", ""solver"": ""xcsp:ACE@2.4"", ""output_dir"": ""results_comparison"", ""global_time_limit"": 600, ""max_tries"": 50, ""tuning_file"": ""tests/psa/ace.tuning.json"", ""hpo_strategy"": ""hamming"", ""global_time_strategy"": ""PERCENT"", ""percent"": 0.2, ""round_time_strategy"": ""STATIC"", ""time_evolution"": ""STATIC"", ""stop_strategy"": ""TIMEOUT""}",211,"{""varh"": ""Rand"", ""valh"": ""RunRobin"", ""saf"": ""False"", ""pc1"": ""True"", ""bdc"": ""1"", ""toh"": ""False"", ""ng"": ""NO"", ""lc"": ""2"", ""negative"": ""VA"", ""generic2"": ""True"", ""sb"": ""NO""}",1.2899492920259945,2.2731743750046007,,ExitStatus.UNKNOWN,False,False,2.2731743750046007
2025-06-09T10:09:02.950044,KidneyExchange-4-041_c23.xml,"{""input"": ""tests/xcsp3/cop/UNKNOWN/KidneyExchange-4-041_c23.xml"", ""solver"": ""xcsp:ACE@2.4"", ""output_dir"": ""results_comparison"", ""global_time_limit"": 600, ""max_tries"": 50, ""tuning_file"": ""tests/psa/ace.tuning.json"", ""hpo_strategy"": ""hamming"", ""global_time_strategy"": ""PERCENT"", ""percent"": 0.2, ""round_time_strategy"": ""STATIC"", ""time_evolution"": ""STATIC"", ""stop_strategy"": ""TIMEOUT""}",212,"{""varh"": ""Wdeg"", ""valh"": ""First"", ""saf"": ""False"", ""pc1"": ""True"", ""bdc"": ""1"", ""toh"": ""False"", ""ng"": ""NO"", ""lc"": ""0"", ""negative"": ""VA"", ""generic2"": ""True"", ""sb"": ""NO""}",1.2899492920259945,2.076519416004885,-15,ExitStatus.FEASIBLE,False,False,2.076519416004885
2025-06-09T10:09:05.203307,KidneyExchange-4-041_c23.xml,"{""input"": ""tests/xcsp3/cop/UNKNOWN/KidneyExchange-4-041_c23.xml"", ""solver"": ""xcsp:ACE@2.4"", ""output_dir"": ""results_comparison"", ""global_time_limit"": 600, ""max_tries"": 50, ""tuning_file"": ""tests/psa/ace.tuning.json"", ""hpo_strategy"": ""hamming"", ""global_time_strategy"": ""PERCENT"", ""percent"": 0.2, ""round_time_strategy"": ""STATIC"", ""time_evolution"": ""STATIC"", ""stop_strategy"": ""TIMEOUT""}",213,"{""varh"": ""Lexico"", ""valh"": ""Median"", ""saf"": ""False"", ""pc1"": ""True"", ""bdc"": ""1"", ""toh"": ""False"", ""ng"": ""NO"", ""lc"": ""2"", ""negative"": ""VA"", ""generic2"": ""True"", ""sb"": ""NO""}",1.2899492920259945,2.044174333976116,-5,ExitStatus.FEASIBLE,False,False,2.044174333976116
2025-06-09T10:09:07.455901,KidneyExchange-4-041_c23.xml,"{""input"": ""tests/xcsp3/cop/UNKNOWN/KidneyExchange-4-041_c23.xml"", ""solver"": ""xcsp:ACE@2.4"", ""output_dir"": ""results_comparison"", ""global_time_limit"": 600, ""max_tries"": 50, ""tuning_file"": ""tests/psa/ace.tuning.json"", ""hpo_strategy"": ""hamming"", ""global_time_strategy"": ""PERCENT"", ""percent"": 0.2, ""round_time_strategy"": ""STATIC"", ""time_evolution"": ""STATIC"", ""stop_strategy"": ""TIMEOUT""}",214,"{""varh"": ""Wdeg"", ""valh"": ""First"", ""saf"": ""False"", ""pc1"": ""True"", ""bdc"": ""1"", ""toh"": ""True"", ""ng"": ""NO"", ""lc"": ""2"", ""negative"": ""VA"", ""generic2"": ""True"", ""sb"": ""NO""}",1.2899492920259945,2.0561414590338245,-13,ExitStatus.FEASIBLE,False,False,2.0561414590338245
2025-06-09T10:09:09.433030,KidneyExchange-4-041_c23.xml,"{""input"": ""tests/xcsp3/cop/UNKNOWN/KidneyExchange-4-041_c23.xml"", ""solver"": ""xcsp:ACE@2.4"", ""output_dir"": ""results_comparison"", ""global_time_limit"": 600, ""max_tries"": 50, ""tuning_file"": ""tests/psa/ace.tuning.json"", ""hpo_strategy"": ""hamming"", ""global_time_strategy"": ""PERCENT"", ""percent"": 0.2, ""round_time_strategy"": ""STATIC"", ""time_evolution"": ""STATIC"", ""stop_strategy"": ""TIMEOUT""}",215,"{""varh"": ""Wdeg"", ""valh"": ""Last"", ""saf"": ""False"", ""pc1"": ""True"", ""bdc"": ""1000"", ""toh"": ""False"", ""ng"": ""NO"", ""lc"": ""2"", ""negative"": ""V"", ""generic2"": ""True"", ""sb"": ""NO""}",1.2899492920259945,1.7796346670365892,,ExitStatus.UNKNOWN,False,False,1.7796346670365892
2025-06-09T10:09:11.612507,KidneyExchange-4-041_c23.xml,"{""input"": ""tests/xcsp3/cop/UNKNOWN/KidneyExchange-4-041_c23.xml"", ""solver"": ""xcsp:ACE@2.4"", ""output_dir"": ""results_comparison"", ""global_time_limit"": 600, ""max_tries"": 50, ""tuning_file"": ""tests/psa/ace.tuning.json"", ""hpo_strategy"": ""hamming"", ""global_time_strategy"": ""PERCENT"", ""percent"": 0.2, ""round_time_strategy"": ""STATIC"", ""time_evolution"": ""STATIC"", ""stop_strategy"": ""TIMEOUT""}",216,"{""varh"": ""Rand"", ""valh"": ""Last"", ""saf"": ""False"", ""pc1"": ""True"", ""bdc"": ""1"", ""toh"": ""False"", ""ng"": ""NO"", ""lc"": ""2"", ""negative"": ""STR1N"", ""generic2"": ""True"", ""sb"": ""NO""}",1.2899492920259945,1.9752243749680929,-5,ExitStatus.FEASIBLE,False,False,1.9752243749680929
2025-06-09T10:09:13.795419,KidneyExchange-4-041_c23.xml,"{""input"": ""tests/xcsp3/cop/UNKNOWN/KidneyExchange-4-041_c23.xml"", ""solver"": ""xcsp:ACE@2.4"", ""output_dir"": ""results_comparison"", ""global_time_limit"": 600, ""max_tries"": 50, ""tuning_file"": ""tests/psa/ace.tuning.json"", ""hpo_strategy"": ""hamming"", ""global_time_strategy"": ""PERCENT"", ""percent"": 0.2, ""round_time_strategy"": ""STATIC"", ""time_evolution"": ""STATIC"", ""stop_strategy"": ""TIMEOUT""}",217,"{""varh"": ""Rand"", ""valh"": ""Last"", ""saf"": ""False"", ""pc1"": ""False"", ""bdc"": ""1"", ""toh"": ""False"", ""ng"": ""NO"", ""lc"": ""2"", ""negative"": ""VA"", ""generic2"": ""True"", ""sb"": ""NO""}",1.2899492920259945,1.9786155420006253,-5,ExitStatus.FEASIBLE,False,False,1.9786155420006253
2025-06-09T10:09:15.973962,KidneyExchange-4-041_c23.xml,"{""input"": ""tests/xcsp3/cop/UNKNOWN/KidneyExchange-4-041_c23.xml"", ""solver"": ""xcsp:ACE@2.4"", ""output_dir"": ""results_comparison"", ""global_time_limit"": 600, ""max_tries"": 50, ""tuning_file"": ""tests/psa/ace.tuning.json"", ""hpo_strategy"": ""hamming"", ""global_time_strategy"": ""PERCENT"", ""percent"": 0.2, ""round_time_strategy"": ""STATIC"", ""time_evolution"": ""STATIC"", ""stop_strategy"": ""TIMEOUT""}",218,"{""varh"": ""Impact"", ""valh"": ""Last"", ""saf"": ""False"", ""pc1"": ""True"", ""bdc"": ""1"", ""toh"": ""False"", ""ng"": ""NO"", ""lc"": ""2"", ""negative"": ""STR0"", ""generic2"": ""True"", ""sb"": ""NO""}",1.2899492920259945,1.957901582994964,-7,ExitStatus.FEASIBLE,False,False,1.957901582994964
2025-06-09T10:09:18.152891,KidneyExchange-4-041_c23.xml,"{""input"": ""tests/xcsp3/cop/UNKNOWN/KidneyExchange-4-041_c23.xml"", ""solver"": ""xcsp:ACE@2.4"", ""output_dir"": ""results_comparison"", ""global_time_limit"": 600, ""max_tries"": 50, ""tuning_file"": ""tests/psa/ace.tuning.json"", ""hpo_strategy"": ""hamming"", ""global_time_strategy"": ""PERCENT"", ""percent"": 0.2, ""round_time_strategy"": ""STATIC"", ""time_evolution"": ""STATIC"", ""stop_strategy"": ""TIMEOUT""}",219,"{""varh"": ""Impact"", ""valh"": ""OccsR"", ""saf"": ""False"", ""pc1"": ""True"", ""bdc"": ""1"", ""toh"": ""False"", ""ng"": ""NO"", ""lc"": ""2"", ""negative"": ""VA"", ""generic2"": ""True"", ""sb"": ""NO""}",1.2899492920259945,1.974436832999345,-21,ExitStatus.FEASIBLE,False,False,1.974436832999345
2025-06-09T10:09:20.320259,KidneyExchange-4-041_c23.xml,"{""input"": ""tests/xcsp3/cop/UNKNOWN/KidneyExchange-4-041_c23.xml"", ""solver"": ""xcsp:ACE@2.4"", ""output_dir"": ""results_comparison"", ""global_time_limit"": 600, ""max_tries"": 50, ""tuning_file"": ""tests/psa/ace.tuning.json"", ""hpo_strategy"": ""hamming"", ""global_time_strategy"": ""PERCENT"", ""percent"": 0.2, ""round_time_strategy"": ""STATIC"", ""time_evolution"": ""STATIC"", ""stop_strategy"": ""TIMEOUT""}",220,"{""varh"": ""Wdeg"", ""valh"": ""OccsR"", ""saf"": ""False"", ""pc1"": ""True"", ""bdc"": ""1"", ""toh"": ""False"", ""ng"": ""NO"", ""lc"": ""2"", ""negative"": ""CT"", ""generic2"": ""True"", ""sb"": ""NO""}",1.2899492920259945,1.9669475419796072,-9,ExitStatus.FEASIBLE,False,False,1.9669475419796072
2025-06-09T10:09:22.552809,KidneyExchange-4-041_c23.xml,"{""input"": ""tests/xcsp3/cop/UNKNOWN/KidneyExchange-4-041_c23.xml"", ""solver"": ""xcsp:ACE@2.4"", ""output_dir"": ""results_comparison"", ""global_time_limit"": 600, ""max_tries"": 50, ""tuning_file"": ""tests/psa/ace.tuning.json"", ""hpo_strategy"": ""hamming"", ""global_time_strategy"": ""PERCENT"", ""percent"": 0.2, ""round_time_strategy"": ""STATIC"", ""time_evolution"": ""STATIC"", ""stop_strategy"": ""TIMEOUT""}",221,"{""varh"": ""Wdeg"", ""valh"": ""Bivs3"", ""saf"": ""True"", ""pc1"": ""True"", ""bdc"": ""1"", ""toh"": ""False"", ""ng"": ""NO"", ""lc"": ""2"", ""negative"": ""VA"", ""generic2"": ""True"", ""sb"": ""NO""}",1.2899492920259945,2.014723333006259,-9,ExitStatus.FEASIBLE,False,False,2.014723333006259
2025-06-09T10:09:24.818975,KidneyExchange-4-041_c23.xml,"{""input"": ""tests/xcsp3/cop/UNKNOWN/KidneyExchange-4-041_c23.xml"", ""solver"": ""xcsp:ACE@2.4"", ""output_dir"": ""results_comparison"", ""global_time_limit"": 600, ""max_tries"": 50, ""tuning_file"": ""tests/psa/ace.tuning.json"", ""hpo_strategy"": ""hamming"", ""global_time_strategy"": ""PERCENT"", ""percent"": 0.2, ""round_time_strategy"": ""STATIC"", ""time_evolution"": ""STATIC"", ""stop_strategy"": ""TIMEOUT""}",222,"{""varh"": ""Wdeg"", ""valh"": ""OccsR"", ""saf"": ""False"", ""pc1"": ""True"", ""bdc"": ""100"", ""toh"": ""False"", ""ng"": ""NO"", ""lc"": ""2"", ""negative"": ""VA"", ""generic2"": ""True"", ""sb"": ""NO""}",1.2899492920259945,1.9635803329874761,,ExitStatus.UNKNOWN,False,False,1.9635803329874761
2025-06-09T10:09:27.130680,KidneyExchange-4-041_c23.xml,"{""input"": ""tests/xcsp3/cop/UNKNOWN/KidneyExchange-4-041_c23.xml"", ""solver"": ""xcsp:ACE@2.4"", ""output_dir"": ""results_comparison"", ""global_time_limit"": 600, ""max_tries"": 50, ""tuning_file"": ""tests/psa/ace.tuning.json"", ""hpo_strategy"": ""hamming"", ""global_time_strategy"": ""PERCENT"", ""percent"": 0.2, ""round_time_strategy"": ""STATIC"", ""time_evolution"": ""STATIC"", ""stop_strategy"": ""TIMEOUT""}",223,"{""varh"": ""Lexico"", ""valh"": ""Last"", ""saf"": ""False"", ""pc1"": ""False"", ""bdc"": ""1"", ""toh"": ""False"", ""ng"": ""NO"", ""lc"": ""2"", ""negative"": ""VA"", ""generic2"": ""True"", ""sb"": ""NO""}",1.2899492920259945,2.0946665839874186,-3,ExitStatus.FEASIBLE,False,False,2.0946665839874186
2025-06-09T10:09:29.289440,KidneyExchange-4-041_c23.xml,"{""input"": ""tests/xcsp3/cop/UNKNOWN/KidneyExchange-4-041_c23.xml"", ""solver"": ""xcsp:ACE@2.4"", ""output_dir"": ""results_comparison"", ""global_time_limit"": 600, ""max_tries"": 50, ""tuning_file"": ""tests/psa/ace.tuning.json"", ""hpo_strategy"": ""hamming"", ""global_time_strategy"": ""PERCENT"", ""percent"": 0.2, ""round_time_strategy"": ""STATIC"", ""time_evolution"": ""STATIC"", ""stop_strategy"": ""TIMEOUT""}",224,"{""varh"": ""Rand"", ""valh"": ""Last"", ""saf"": ""False"", ""pc1"": ""True"", ""bdc"": ""1000"", ""toh"": ""False"", ""ng"": ""NO"", ""lc"": ""2"", ""negative"": ""VA"", ""generic2"": ""True"", ""sb"": ""NO""}",1.2899492920259945,1.9502712090034038,,ExitStatus.UNKNOWN,False,False,1.9502712090034038
2025-06-09T10:09:31.596394,KidneyExchange-4-041_c23.xml,"{""input"": ""tests/xcsp3/cop/UNKNOWN/KidneyExchange-4-041_c23.xml"", ""solver"": ""xcsp:ACE@2.4"", ""output_dir"": ""results_comparison"", ""global_time_limit"": 600, ""max_tries"": 50, ""tuning_file"": ""tests/psa/ace.tuning.json"", ""hpo_strategy"": ""hamming"", ""global_time_strategy"": ""PERCENT"", ""percent"": 0.2, ""round_time_strategy"": ""STATIC"", ""time_evolution"": ""STATIC"", ""stop_strategy"": ""TIMEOUT""}",225,"{""varh"": ""Wdeg"", ""valh"": ""Last"", ""saf"": ""False"", ""pc1"": ""True"", ""bdc"": ""1"", ""toh"": ""False"", ""ng"": ""NO"", ""lc"": ""5"", ""negative"": ""VA"", ""generic2"": ""False"", ""sb"": ""NO""}",1.2899492920259945,2.0981471670093015,-3,ExitStatus.FEASIBLE,False,False,2.0981471670093015
2025-06-09T10:09:33.877968,KidneyExchange-4-041_c23.xml,"{""input"": ""tests/xcsp3/cop/UNKNOWN/KidneyExchange-4-041_c23.xml"", ""solver"": ""xcsp:ACE@2.4"", ""output_dir"": ""results_comparison"", ""global_time_limit"": 600, ""max_tries"": 50, ""tuning_file"": ""tests/psa/ace.tuning.json"", ""hpo_strategy"": ""hamming"", ""global_time_strategy"": ""PERCENT"", ""percent"": 0.2, ""round_time_strategy"": ""STATIC"", ""time_evolution"": ""STATIC"", ""stop_strategy"": ""TIMEOUT""}",226,"{""varh"": ""Wdeg"", ""valh"": ""Last"", ""saf"": ""False"", ""pc1"": ""False"", ""bdc"": ""10"", ""toh"": ""False"", ""ng"": ""NO"", ""lc"": ""2"", ""negative"": ""VA"", ""generic2"": ""True"", ""sb"": ""NO""}",1.2899492920259945,2.0697202080045827,-7,ExitStatus.FEASIBLE,False,False,2.0697202080045827
2025-06-09T10:09:36.026706,KidneyExchange-4-041_c23.xml,"{""input"": ""tests/xcsp3/cop/UNKNOWN/KidneyExchange-4-041_c23.xml"", ""solver"": ""xcsp:ACE@2.4"", ""output_dir"": ""results_comparison"", ""global_time_limit"": 600, ""max_tries"": 50, ""tuning_file"": ""tests/psa/ace.tuning.json"", ""hpo_strategy"": ""hamming"", ""global_time_strategy"": ""PERCENT"", ""percent"": 0.2, ""round_time_strategy"": ""STATIC"", ""time_evolution"": ""STATIC"", ""stop_strategy"": ""TIMEOUT""}",227,"{""varh"": ""Wdeg"", ""valh"": ""Last"", ""saf"": ""False"", ""pc1"": ""True"", ""bdc"": ""100"", ""toh"": ""False"", ""ng"": ""NO"", ""lc"": ""2"", ""negative"": ""STR0"", ""generic2"": ""True"", ""sb"": ""NO""}",1.2899492920259945,1.9406572089646943,,ExitStatus.UNKNOWN,False,False,1.9406572089646943
2025-06-09T10:09:38.263864,KidneyExchange-4-041_c23.xml,"{""input"": ""tests/xcsp3/cop/UNKNOWN/KidneyExchange-4-041_c23.xml"", ""solver"": ""xcsp:ACE@2.4"", ""output_dir"": ""results_comparison"", ""global_time_limit"": 600, ""max_tries"": 50, ""tuning_file"": ""tests/psa/ace.tuning.json"", ""hpo_strategy"": ""hamming"", ""global_time_strategy"": ""PERCENT"", ""percent"": 0.2, ""round_time_strategy"": ""STATIC"", ""time_evolution"": ""STATIC"", ""stop_strategy"": ""TIMEOUT""}",228,"{""varh"": ""Impact"", ""valh"": ""Last"", ""saf"": ""False"", ""pc1"": ""True"", ""bdc"": ""1"", ""toh"": ""False"", ""ng"": ""NO"", ""lc"": ""2"", ""negative"": ""STR2"", ""generic2"": ""True"", ""sb"": ""NO""}",1.2899492920259945,2.0260914160171524,-7,ExitStatus.FEASIBLE,False,False,2.0260914160171524
2025-06-09T10:09:40.493659,KidneyExchange-4-041_c23.xml,"{""input"": ""tests/xcsp3/cop/UNKNOWN/KidneyExchange-4-041_c23.xml"", ""solver"": ""xcsp:ACE@2.4"", ""output_dir"": ""results_comparison"", ""global_time_limit"": 600, ""max_tries"": 50, ""tuning_file"": ""tests/psa/ace.tuning.json"", ""hpo_strategy"": ""hamming"", ""global_time_strategy"": ""PERCENT"", ""percent"": 0.2, ""round_time_strategy"": ""STATIC"", ""time_evolution"": ""STATIC"", ""stop_strategy"": ""TIMEOUT""}",229,"{""varh"": ""Wdeg"", ""valh"": ""Last"", ""saf"": ""False"", ""pc1"": ""True"", ""bdc"": ""1"", ""toh"": ""False"", ""ng"": ""NO"", ""lc"": ""1"", ""negative"": ""STR2"", ""generic2"": ""True"", ""sb"": ""NO""}",1.2899492920259945,2.0196208329871297,-3,ExitStatus.FEASIBLE,False,False,2.0196208329871297
2025-06-09T10:09:42.736362,KidneyExchange-4-041_c23.xml,"{""input"": ""tests/xcsp3/cop/UNKNOWN/KidneyExchange-4-041_c23.xml"", ""solver"": ""xcsp:ACE@2.4"", ""output_dir"": ""results_comparison"", ""global_time_limit"": 600, ""max_tries"": 50, ""tuning_file"": ""tests/psa/ace.tuning.json"", ""hpo_strategy"": ""hamming"", ""global_time_strategy"": ""PERCENT"", ""percent"": 0.2, ""round_time_strategy"": ""STATIC"", ""time_evolution"": ""STATIC"", ""stop_strategy"": ""TIMEOUT""}",230,"{""varh"": ""Wdeg"", ""valh"": ""Last"", ""saf"": ""True"", ""pc1"": ""True"", ""bdc"": ""1"", ""toh"": ""False"", ""ng"": ""NO"", ""lc"": ""2"", ""negative"": ""STR2N"", ""generic2"": ""True"", ""sb"": ""NO""}",1.2899492920259945,2.036534874991048,1,ExitStatus.FEASIBLE,False,False,2.036534874991048
2025-06-09T10:09:44.951340,KidneyExchange-4-041_c23.xml,"{""input"": ""tests/xcsp3/cop/UNKNOWN/KidneyExchange-4-041_c23.xml"", ""solver"": ""xcsp:ACE@2.4"", ""output_dir"": ""results_comparison"", ""global_time_limit"": 600, ""max_tries"": 50, ""tuning_file"": ""tests/psa/ace.tuning.json"", ""hpo_strategy"": ""hamming"", ""global_time_strategy"": ""PERCENT"", ""percent"": 0.2, ""round_time_strategy"": ""STATIC"", ""time_evolution"": ""STATIC"", ""stop_strategy"": ""TIMEOUT""}",231,"{""varh"": ""Activity"", ""valh"": ""Last"", ""saf"": ""False"", ""pc1"": ""True"", ""bdc"": ""1"", ""toh"": ""False"", ""ng"": ""NO"", ""lc"": ""2"", ""negative"": ""CT"", ""generic2"": ""True"", ""sb"": ""NO""}",1.2899492920259945,2.0109375420142896,-27,ExitStatus.FEASIBLE,False,False,2.0109375420142896
2025-06-09T10:09:47.132037,KidneyExchange-4-041_c23.xml,"{""input"": ""tests/xcsp3/cop/UNKNOWN/KidneyExchange-4-041_c23.xml"", ""solver"": ""xcsp:ACE@2.4"", ""output_dir"": ""results_comparison"", ""global_time_limit"": 600, ""max_tries"": 50, ""tuning_file"": ""tests/psa/ace.tuning.json"", ""hpo_strategy"": ""hamming"", ""global_time_strategy"": ""PERCENT"", ""percent"": 0.2, ""round_time_strategy"": ""STATIC"", ""time_evolution"": ""STATIC"", ""stop_strategy"": ""TIMEOUT""}",232,"{""varh"": ""Wdeg"", ""valh"": ""Last"", ""saf"": ""False"", ""pc1"": ""True"", ""bdc"": ""1"", ""toh"": ""False"", ""ng"": ""NO"", ""lc"": ""2"", ""negative"": ""V"", ""generic2"": ""False"", ""sb"": ""NO""}",1.2899492920259945,1.9739427079912275,-3,ExitStatus.FEASIBLE,False,False,1.9739427079912275
2025-06-09T10:09:49.549392,KidneyExchange-4-041_c23.xml,"{""input"": ""tests/xcsp3/cop/UNKNOWN/KidneyExchange-4-041_c23.xml"", ""solver"": ""xcsp:ACE@2.4"", ""output_dir"": ""results_comparison"", ""global_time_limit"": 600, ""max_tries"": 50, ""tuning_file"": ""tests/psa/ace.tuning.json"", ""hpo_strategy"": ""hamming"", ""global_time_strategy"": ""PERCENT"", ""percent"": 0.2, ""round_time_strategy"": ""STATIC"", ""time_evolution"": ""STATIC"", ""stop_strategy"": ""TIMEOUT""}",233,"{""varh"": ""Wdeg"", ""valh"": ""Last"", ""saf"": ""False"", ""pc1"": ""False"", ""bdc"": ""1"", ""toh"": ""False"", ""ng"": ""NO"", ""lc"": ""2"", ""negative"": ""V"", ""generic2"": ""True"", ""sb"": ""NO""}",1.2899492920259945,2.188411667011678,-7,ExitStatus.FEASIBLE,False,False,2.188411667011678
2025-06-09T10:09:51.913253,KidneyExchange-4-041_c23.xml,"{""input"": ""tests/xcsp3/cop/UNKNOWN/KidneyExchange-4-041_c23.xml"", ""solver"": ""xcsp:ACE@2.4"", ""output_dir"": ""results_comparison"", ""global_time_limit"": 600, ""max_tries"": 50, ""tuning_file"": ""tests/psa/ace.tuning.json"", ""hpo_strategy"": ""hamming"", ""global_time_strategy"": ""PERCENT"", ""percent"": 0.2, ""round_time_strategy"": ""STATIC"", ""time_evolution"": ""STATIC"", ""stop_strategy"": ""TIMEOUT""}",234,"{""varh"": ""Memory"", ""valh"": ""Last"", ""saf"": ""False"", ""pc1"": ""True"", ""bdc"": ""1000"", ""toh"": ""False"", ""ng"": ""NO"", ""lc"": ""2"", ""negative"": ""VA"", ""generic2"": ""True"", ""sb"": ""NO""}",1.2899492920259945,2.13339662499493,,ExitStatus.UNKNOWN,False,False,2.13339662499493
2025-06-09T10:09:54.332141,KidneyExchange-4-041_c23.xml,"{""input"": ""tests/xcsp3/cop/UNKNOWN/KidneyExchange-4-041_c23.xml"", ""solver"": ""xcsp:ACE@2.4"", ""output_dir"": ""results_comparison"", ""global_time_limit"": 600, ""max_tries"": 50, ""tuning_file"": ""tests/psa/ace.tuning.json"", ""hpo_strategy"": ""hamming"", ""global_time_strategy"": ""PERCENT"", ""percent"": 0.2, ""round_time_strategy"": ""STATIC"", ""time_evolution"": ""STATIC"", ""stop_strategy"": ""TIMEOUT""}",235,"{""varh"": ""Rand"", ""valh"": ""Last"", ""saf"": ""True"", ""pc1"": ""True"", ""bdc"": ""1"", ""toh"": ""False"", ""ng"": ""NO"", ""lc"": ""2"", ""negative"": ""VA"", ""generic2"": ""True"", ""sb"": ""NO""}",1.2899492920259945,2.1869530829717405,-5,ExitStatus.FEASIBLE,False,False,2.1869530829717405
2025-06-09T10:09:56.982267,KidneyExchange-4-041_c23.xml,"{""input"": ""tests/xcsp3/cop/UNKNOWN/KidneyExchange-4-041_c23.xml"", ""solver"": ""xcsp:ACE@2.4"", ""output_dir"": ""results_comparison"", ""global_time_limit"": 600, ""max_tries"": 50, ""tuning_file"": ""tests/psa/ace.tuning.json"", ""hpo_strategy"": ""hamming"", ""global_time_strategy"": ""PERCENT"", ""percent"": 0.2, ""round_time_strategy"": ""STATIC"", ""time_evolution"": ""STATIC"", ""stop_strategy"": ""TIMEOUT""}",236,"{""varh"": ""Wdeg"", ""valh"": ""Last"", ""saf"": ""False"", ""pc1"": ""False"", ""bdc"": ""1"", ""toh"": ""False"", ""ng"": ""NO"", ""lc"": ""5"", ""negative"": ""VA"", ""generic2"": ""True"", ""sb"": ""NO""}",1.2899492920259945,2.0787367089651525,-1,ExitStatus.FEASIBLE,False,False,2.0787367089651525
2025-06-09T10:09:59.297197,KidneyExchange-4-041_c23.xml,"{""input"": ""tests/xcsp3/cop/UNKNOWN/KidneyExchange-4-041_c23.xml"", ""solver"": ""xcsp:ACE@2.4"", ""output_dir"": ""results_comparison"", ""global_time_limit"": 600, ""max_tries"": 50, ""tuning_file"": ""tests/psa/ace.tuning.json"", ""hpo_strategy"": ""hamming"", ""global_time_strategy"": ""PERCENT"", ""percent"": 0.2, ""round_time_strategy"": ""STATIC"", ""time_evolution"": ""STATIC"", ""stop_strategy"": ""TIMEOUT""}",237,"{""varh"": ""Wdeg"", ""valh"": ""Vals"", ""saf"": ""False"", ""pc1"": ""True"", ""bdc"": ""1"", ""toh"": ""False"", ""ng"": ""NO"", ""lc"": ""5"", ""negative"": ""VA"", ""generic2"": ""True"", ""sb"": ""NO""}",1.2899492920259945,2.109375792031642,-25,ExitStatus.FEASIBLE,False,False,2.109375792031642
2025-06-09T10:10:01.511449,KidneyExchange-4-041_c23.xml,"{""input"": ""tests/xcsp3/cop/UNKNOWN/KidneyExchange-4-041_c23.xml"", ""solver"": ""xcsp:ACE@2.4"", ""output_dir"": ""results_comparison"", ""global_time_limit"": 600, ""max_tries"": 50, ""tuning_file"": ""tests/psa/ace.tuning.json"", ""hpo_strategy"": ""hamming"", ""global_time_strategy"": ""PERCENT"", ""percent"": 0.2, ""round_time_strategy"": ""STATIC"", ""time_evolution"": ""STATIC"", ""stop_strategy"": ""TIMEOUT""}",238,"{""varh"": ""Wdeg"", ""valh"": ""Bivs3"", ""saf"": ""False"", ""pc1"": ""False"", ""bdc"": ""1"", ""toh"": ""False"", ""ng"": ""NO"", ""lc"": ""2"", ""negative"": ""VA"", ""generic2"": ""True"", ""sb"": ""NO""}",1.2899492920259945,1.9998638750403188,-9,ExitStatus.FEASIBLE,False,False,1.9998638750403188
2025-06-09T10:10:07.745720,KidneyExchange-4-041_c23.xml,"{""input"": ""tests/xcsp3/cop/UNKNOWN/KidneyExchange-4-041_c23.xml"", ""solver"": ""xcsp:ACE@2.4"", ""output_dir"": ""results_comparison"", ""global_time_limit"": 600, ""max_tries"": 50, ""tuning_file"": ""tests/psa/ace.tuning.json"", ""hpo_strategy"": ""hamming"", ""global_time_strategy"": ""PERCENT"", ""percent"": 0.2, ""round_time_strategy"": ""STATIC"", ""time_evolution"": ""STATIC"", ""stop_strategy"": ""TIMEOUT""}",239,"{""varh"": ""Lexico"", ""valh"": ""Conflicts"", ""saf"": ""False"", ""pc1"": ""True"", ""bdc"": ""1"", ""toh"": ""False"", ""ng"": ""NO"", ""lc"": ""2"", ""negative"": ""VA"", ""generic2"": ""True"", ""sb"": ""NO""}",1.2899492920259945,1,,ExitStatus.UNKNOWN,False,False,1
2025-06-09T10:10:10.365122,KidneyExchange-4-041_c23.xml,"{""input"": ""tests/xcsp3/cop/UNKNOWN/KidneyExchange-4-041_c23.xml"", ""solver"": ""xcsp:ACE@2.4"", ""output_dir"": ""results_comparison"", ""global_time_limit"": 600, ""max_tries"": 50, ""tuning_file"": ""tests/psa/ace.tuning.json"", ""hpo_strategy"": ""hamming"", ""global_time_strategy"": ""PERCENT"", ""percent"": 0.2, ""round_time_strategy"": ""STATIC"", ""time_evolution"": ""STATIC"", ""stop_strategy"": ""TIMEOUT""}",240,"{""varh"": ""Wdeg"", ""valh"": ""FlrsE"", ""saf"": ""False"", ""pc1"": ""True"", ""bdc"": ""1000"", ""toh"": ""False"", ""ng"": ""NO"", ""lc"": ""2"", ""negative"": ""VA"", ""generic2"": ""True"", ""sb"": ""NO""}",1.2899492920259945,2.3148525000433438,,ExitStatus.UNKNOWN,False,False,2.3148525000433438
2025-06-09T10:10:12.673891,KidneyExchange-4-041_c23.xml,"{""input"": ""tests/xcsp3/cop/UNKNOWN/KidneyExchange-4-041_c23.xml"", ""solver"": ""xcsp:ACE@2.4"", ""output_dir"": ""results_comparison"", ""global_time_limit"": 600, ""max_tries"": 50, ""tuning_file"": ""tests/psa/ace.tuning.json"", ""hpo_strategy"": ""hamming"", ""global_time_strategy"": ""PERCENT"", ""percent"": 0.2, ""round_time_strategy"": ""STATIC"", ""time_evolution"": ""STATIC"", ""stop_strategy"": ""TIMEOUT""}",241,"{""varh"": ""RunRobin"", ""valh"": ""Last"", ""saf"": ""True"", ""pc1"": ""True"", ""bdc"": ""1"", ""toh"": ""False"", ""ng"": ""NO"", ""lc"": ""2"", ""negative"": ""VA"", ""generic2"": ""True"", ""sb"": ""NO""}",1.2899492920259945,2.107464417000301,-1,ExitStatus.FEASIBLE,False,False,2.107464417000301
2025-06-09T10:10:14.909609,KidneyExchange-4-041_c23.xml,"{""input"": ""tests/xcsp3/cop/UNKNOWN/KidneyExchange-4-041_c23.xml"", ""solver"": ""xcsp:ACE@2.4"", ""output_dir"": ""results_comparison"", ""global_time_limit"": 600, ""max_tries"": 50, ""tuning_file"": ""tests/psa/ace.tuning.json"", ""hpo_strategy"": ""hamming"", ""global_time_strategy"": ""PERCENT"", ""percent"": 0.2, ""round_time_strategy"": ""STATIC"", ""time_evolution"": ""STATIC"", ""stop_strategy"": ""TIMEOUT""}",242,"{""varh"": ""Wdeg"", ""valh"": ""Bivs3"", ""saf"": ""False"", ""pc1"": ""True"", ""bdc"": ""1"", ""toh"": ""False"", ""ng"": ""NO"", ""lc"": ""2"", ""negative"": ""STR1N"", ""generic2"": ""True"", ""sb"": ""NO""}",1.2899492920259945,2.0322304580477066,-15,ExitStatus.FEASIBLE,False,False,2.0322304580477066
2025-06-09T10:10:17.290075,KidneyExchange-4-041_c23.xml,"{""input"": ""tests/xcsp3/cop/UNKNOWN/KidneyExchange-4-041_c23.xml"", ""solver"": ""xcsp:ACE@2.4"", ""output_dir"": ""results_comparison"", ""global_time_limit"": 600, ""max_tries"": 50, ""tuning_file"": ""tests/psa/ace.tuning.json"", ""hpo_strategy"": ""hamming"", ""global_time_strategy"": ""PERCENT"", ""percent"": 0.2, ""round_time_strategy"": ""STATIC"", ""time_evolution"": ""STATIC"", ""stop_strategy"": ""TIMEOUT""}",243,"{""varh"": ""Activity"", ""valh"": ""RunRobin"", ""saf"": ""False"", ""pc1"": ""True"", ""bdc"": ""1"", ""toh"": ""False"", ""ng"": ""NO"", ""lc"": ""2"", ""negative"": ""VA"", ""generic2"": ""True"", ""sb"": ""NO""}",1.2899492920259945,2.1243427919689566,-23,ExitStatus.FEASIBLE,False,False,2.1243427919689566
2025-06-09T10:10:19.620321,KidneyExchange-4-041_c23.xml,"{""input"": ""tests/xcsp3/cop/UNKNOWN/KidneyExchange-4-041_c23.xml"", ""solver"": ""xcsp:ACE@2.4"", ""output_dir"": ""results_comparison"", ""global_time_limit"": 600, ""max_tries"": 50, ""tuning_file"": ""tests/psa/ace.tuning.json"", ""hpo_strategy"": ""hamming"", ""global_time_strategy"": ""PERCENT"", ""percent"": 0.2, ""round_time_strategy"": ""STATIC"", ""time_evolution"": ""STATIC"", ""stop_strategy"": ""TIMEOUT""}",244,"{""varh"": ""Wdeg"", ""valh"": ""Last"", ""saf"": ""False"", ""pc1"": ""True"", ""bdc"": ""1"", ""toh"": ""True"", ""ng"": ""NO"", ""lc"": ""5"", ""negative"": ""VA"", ""generic2"": ""True"", ""sb"": ""NO""}",1.2899492920259945,2.093878792016767,-3,ExitStatus.FEASIBLE,False,False,2.093878792016767
2025-06-09T10:10:21.933403,KidneyExchange-4-041_c23.xml,"{""input"": ""tests/xcsp3/cop/UNKNOWN/KidneyExchange-4-041_c23.xml"", ""solver"": ""xcsp:ACE@2.4"", ""output_dir"": ""results_comparison"", ""global_time_limit"": 600, ""max_tries"": 50, ""tuning_file"": ""tests/psa/ace.tuning.json"", ""hpo_strategy"": ""hamming"", ""global_time_strategy"": ""PERCENT"", ""percent"": 0.2, ""round_time_strategy"": ""STATIC"", ""time_evolution"": ""STATIC"", ""stop_strategy"": ""TIMEOUT""}",245,"{""varh"": ""FrbaOnDom"", ""valh"": ""Last"", ""saf"": ""False"", ""pc1"": ""True"", ""bdc"": ""1"", ""toh"": ""False"", ""ng"": ""NO"", ""lc"": ""2"", ""negative"": ""STR1N"", ""generic2"": ""True"", ""sb"": ""NO""}",1.2899492920259945,2.091346708999481,-3,ExitStatus.FEASIBLE,False,False,2.091346708999481
2025-06-09T10:10:24.249058,KidneyExchange-4-041_c23.xml,"{""input"": ""tests/xcsp3/cop/UNKNOWN/KidneyExchange-4-041_c23.xml"", ""solver"": ""xcsp:ACE@2.4"", ""output_dir"": ""results_comparison"", ""global_time_limit"": 600, ""max_tries"": 50, ""tuning_file"": ""tests/psa/ace.tuning.json"", ""hpo_strategy"": ""hamming"", ""global_time_strategy"": ""PERCENT"", ""percent"": 0.2, ""round_time_strategy"": ""STATIC"", ""time_evolution"": ""STATIC"", ""stop_strategy"": ""TIMEOUT""}",246,"{""varh"": ""FrbaOnDom"", ""valh"": ""Last"", ""saf"": ""False"", ""pc1"": ""True"", ""bdc"": ""1"", ""toh"": ""False"", ""ng"": ""NO"", ""lc"": ""0"", ""negative"": ""VA"", ""generic2"": ""True"", ""sb"": ""NO""}",1.2899492920259945,2.1071492919581942,-1,ExitStatus.FEASIBLE,False,False,2.1071492919581942
2025-06-09T10:10:26.559542,KidneyExchange-4-041_c23.xml,"{""input"": ""tests/xcsp3/cop/UNKNOWN/KidneyExchange-4-041_c23.xml"", ""solver"": ""xcsp:ACE@2.4"", ""output_dir"": ""results_comparison"", ""global_time_limit"": 600, ""max_tries"": 50, ""tuning_file"": ""tests/psa/ace.tuning.json"", ""hpo_strategy"": ""hamming"", ""global_time_strategy"": ""PERCENT"", ""percent"": 0.2, ""round_time_strategy"": ""STATIC"", ""time_evolution"": ""STATIC"", ""stop_strategy"": ""TIMEOUT""}",247,"{""varh"": ""PickOnDom"", ""valh"": ""Last"", ""saf"": ""False"", ""pc1"": ""True"", ""bdc"": ""1"", ""toh"": ""False"", ""ng"": ""NO"", ""lc"": ""2"", ""negative"": ""STR0"", ""generic2"": ""True"", ""sb"": ""NO""}",1.2899492920259945,2.059416375006549,1,ExitStatus.FEASIBLE,False,False,2.059416375006549
2025-06-09T10:10:28.840447,KidneyExchange-4-041_c23.xml,"{""input"": ""tests/xcsp3/cop/UNKNOWN/KidneyExchange-4-041_c23.xml"", ""solver"": ""xcsp:ACE@2.4"", ""output_dir"": ""results_comparison"", ""global_time_limit"": 600, ""max_tries"": 50, ""tuning_file"": ""tests/psa/ace.tuning.json"", ""hpo_strategy"": ""hamming"", ""global_time_strategy"": ""PERCENT"", ""percent"": 0.2, ""round_time_strategy"": ""STATIC"", ""time_evolution"": ""STATIC"", ""stop_strategy"": ""TIMEOUT""}",248,"{""varh"": ""RunRobin"", ""valh"": ""Last"", ""saf"": ""False"", ""pc1"": ""True"", ""bdc"": ""1"", ""toh"": ""False"", ""ng"": ""NO"", ""lc"": ""5"", ""negative"": ""VA"", ""generic2"": ""True"", ""sb"": ""NO""}",1.2899492920259945,2.066388916980941,-1,ExitStatus.FEASIBLE,False,False,2.066388916980941
2025-06-09T10:10:31.141657,KidneyExchange-4-041_c23.xml,"{""input"": ""tests/xcsp3/cop/UNKNOWN/KidneyExchange-4-041_c23.xml"", ""solver"": ""xcsp:ACE@2.4"", ""output_dir"": ""results_comparison"", ""global_time_limit"": 600, ""max_tries"": 50, ""tuning_file"": ""tests/psa/ace.tuning.json"", ""hpo_strategy"": ""hamming"", ""global_time_strategy"": ""PERCENT"", ""percent"": 0.2, ""round_time_strategy"": ""STATIC"", ""time_evolution"": ""STATIC"", ""stop_strategy"": ""TIMEOUT""}",249,"{""varh"": ""Impact"", ""valh"": ""FlrsE"", ""saf"": ""False"", ""pc1"": ""True"", ""bdc"": ""1"", ""toh"": ""False"", ""ng"": ""NO"", ""lc"": ""2"", ""negative"": ""VA"", ""generic2"": ""True"", ""sb"": ""NO""}",1.2899492920259945,2.0754180410294794,-27,ExitStatus.FEASIBLE,False,False,2.0754180410294794
2025-06-09T10:10:33.425750,KidneyExchange-4-041_c23.xml,"{""input"": ""tests/xcsp3/cop/UNKNOWN/KidneyExchange-4-041_c23.xml"", ""solver"": ""xcsp:ACE@2.4"", ""output_dir"": ""results_comparison"", ""global_time_limit"": 600, ""max_tries"": 50, ""tuning_file"": ""tests/psa/ace.tuning.json"", ""hpo_strategy"": ""hamming"", ""global_time_strategy"": ""PERCENT"", ""percent"": 0.2, ""round_time_strategy"": ""STATIC"", ""time_evolution"": ""STATIC"", ""stop_strategy"": ""TIMEOUT""}",250,"{""varh"": ""Wdeg"", ""valh"": ""Last"", ""saf"": ""False"", ""pc1"": ""True"", ""bdc"": ""10"", ""toh"": ""False"", ""ng"": ""NO"", ""lc"": ""2"", ""negative"": ""V"", ""generic2"": ""True"", ""sb"": ""NO""}",1.2899492920259945,2.087792875012383,-7,ExitStatus.FEASIBLE,False,False,2.087792875012383
2025-06-09T10:10:35.699042,KidneyExchange-4-041_c23.xml,"{""input"": ""tests/xcsp3/cop/UNKNOWN/KidneyExchange-4-041_c23.xml"", ""solver"": ""xcsp:ACE@2.4"", ""output_dir"": ""results_comparison"", ""global_time_limit"": 600, ""max_tries"": 50, ""tuning_file"": ""tests/psa/ace.tuning.json"", ""hpo_strategy"": ""hamming"", ""global_time_strategy"": ""PERCENT"", ""percent"": 0.2, ""round_time_strategy"": ""STATIC"", ""time_evolution"": ""STATIC"", ""stop_strategy"": ""TIMEOUT""}",251,"{""varh"": ""Wdeg"", ""valh"": ""Last"", ""saf"": ""False"", ""pc1"": ""True"", ""bdc"": ""1"", ""toh"": ""False"", ""ng"": ""NO"", ""lc"": ""10"", ""negative"": ""VA"", ""generic2"": ""False"", ""sb"": ""NO""}",1.2899492920259945,2.04204024997307,-3,ExitStatus.FEASIBLE,False,False,2.04204024997307
2025-06-09T10:10:37.954303,KidneyExchange-4-041_c23.xml,"{""input"": ""tests/xcsp3/cop/UNKNOWN/KidneyExchange-4-041_c23.xml"", ""solver"": ""xcsp:ACE@2.4"", ""output_dir"": ""results_comparison"", ""global_time_limit"": 600, ""max_tries"": 50, ""tuning_file"": ""tests/psa/ace.tuning.json"", ""hpo_strategy"": ""hamming"", ""global_time_strategy"": ""PERCENT"", ""percent"": 0.2, ""round_time_strategy"": ""STATIC"", ""time_evolution"": ""STATIC"", ""stop_strategy"": ""TIMEOUT""}",252,"{""varh"": ""Wdeg"", ""valh"": ""Last"", ""saf"": ""False"", ""pc1"": ""True"", ""bdc"": ""1"", ""toh"": ""False"", ""ng"": ""NO"", ""lc"": ""1"", ""negative"": ""CT"", ""generic2"": ""True"", ""sb"": ""NO""}",1.2899492920259945,2.0490912910318,-1,ExitStatus.FEASIBLE,False,False,2.0490912910318
2025-06-09T10:10:40.384222,KidneyExchange-4-041_c23.xml,"{""input"": ""tests/xcsp3/cop/UNKNOWN/KidneyExchange-4-041_c23.xml"", ""solver"": ""xcsp:ACE@2.4"", ""output_dir"": ""results_comparison"", ""global_time_limit"": 600, ""max_tries"": 50, ""tuning_file"": ""tests/psa/ace.tuning.json"", ""hpo_strategy"": ""hamming"", ""global_time_strategy"": ""PERCENT"", ""percent"": 0.2, ""round_time_strategy"": ""STATIC"", ""time_evolution"": ""STATIC"", ""stop_strategy"": ""TIMEOUT""}",253,"{""varh"": ""RunRobin"", ""valh"": ""Last"", ""saf"": ""False"", ""pc1"": ""False"", ""bdc"": ""1"", ""toh"": ""False"", ""ng"": ""NO"", ""lc"": ""2"", ""negative"": ""VA"", ""generic2"": ""True"", ""sb"": ""NO""}",1.2899492920259945,2.2116482499986887,-1,ExitStatus.FEASIBLE,False,False,2.2116482499986887
2025-06-09T10:10:42.666762,KidneyExchange-4-041_c23.xml,"{""input"": ""tests/xcsp3/cop/UNKNOWN/KidneyExchange-4-041_c23.xml"", ""solver"": ""xcsp:ACE@2.4"", ""output_dir"": ""results_comparison"", ""global_time_limit"": 600, ""max_tries"": 50, ""tuning_file"": ""tests/psa/ace.tuning.json"", ""hpo_strategy"": ""hamming"", ""global_time_strategy"": ""PERCENT"", ""percent"": 0.2, ""round_time_strategy"": ""STATIC"", ""time_evolution"": ""STATIC"", ""stop_strategy"": ""TIMEOUT""}",254,"{""varh"": ""Wdeg"", ""valh"": ""Last"", ""saf"": ""False"", ""pc1"": ""True"", ""bdc"": ""1"", ""toh"": ""False"", ""ng"": ""NO"", ""lc"": ""0"", ""negative"": ""V"", ""generic2"": ""True"", ""sb"": ""NO""}",1.2899492920259945,2.069169291993603,1,ExitStatus.FEASIBLE,False,False,2.069169291993603
2025-06-09T10:10:44.895967,KidneyExchange-4-041_c23.xml,"{""input"": ""tests/xcsp3/cop/UNKNOWN/KidneyExchange-4-041_c23.xml"", ""solver"": ""xcsp:ACE@2.4"", ""output_dir"": ""results_comparison"", ""global_time_limit"": 600, ""max_tries"": 50, ""tuning_file"": ""tests/psa/ace.tuning.json"", ""hpo_strategy"": ""hamming"", ""global_time_strategy"": ""PERCENT"", ""percent"": 0.2, ""round_time_strategy"": ""STATIC"", ""time_evolution"": ""STATIC"", ""stop_strategy"": ""TIMEOUT""}",255,"{""varh"": ""WdegOnDom"", ""valh"": ""Last"", ""saf"": ""False"", ""pc1"": ""False"", ""bdc"": ""1"", ""toh"": ""False"", ""ng"": ""NO"", ""lc"": ""2"", ""negative"": ""VA"", ""generic2"": ""True"", ""sb"": ""NO""}",1.2899492920259945,2.028782457986381,1,ExitStatus.FEASIBLE,False,False,2.028782457986381
2025-06-09T10:10:51.111129,KidneyExchange-4-041_c23.xml,"{""input"": ""tests/xcsp3/cop/UNKNOWN/KidneyExchange-4-041_c23.xml"", ""solver"": ""xcsp:ACE@2.4"", ""output_dir"": ""results_comparison"", ""global_time_limit"": 600, ""max_tries"": 50, ""tuning_file"": ""tests/psa/ace.tuning.json"", ""hpo_strategy"": ""hamming"", ""global_time_strategy"": ""PERCENT"", ""percent"": 0.2, ""round_time_strategy"": ""STATIC"", ""time_evolution"": ""STATIC"", ""stop_strategy"": ""TIMEOUT""}",256,"{""varh"": ""Wdeg"", ""valh"": ""Conflicts"", ""saf"": ""False"", ""pc1"": ""True"", ""bdc"": ""1"", ""toh"": ""False"", ""ng"": ""NO"", ""lc"": ""2"", ""negative"": ""VA"", ""generic2"": ""False"", ""sb"": ""NO""}",1.2899492920259945,1,,ExitStatus.UNKNOWN,False,False,1
2025-06-09T10:10:53.735715,KidneyExchange-4-041_c23.xml,"{""input"": ""tests/xcsp3/cop/UNKNOWN/KidneyExchange-4-041_c23.xml"", ""solver"": ""xcsp:ACE@2.4"", ""output_dir"": ""results_comparison"", ""global_time_limit"": 600, ""max_tries"": 50, ""tuning_file"": ""tests/psa/ace.tuning.json"", ""hpo_strategy"": ""hamming"", ""global_time_strategy"": ""PERCENT"", ""percent"": 0.2, ""round_time_strategy"": ""STATIC"", ""time_evolution"": ""STATIC"", ""stop_strategy"": ""TIMEOUT""}",257,"{""varh"": ""Wdeg"", ""valh"": ""Median"", ""saf"": ""False"", ""pc1"": ""True"", ""bdc"": ""1"", ""toh"": ""True"", ""ng"": ""NO"", ""lc"": ""2"", ""negative"": ""VA"", ""generic2"": ""True"", ""sb"": ""NO""}",1.2899492920259945,2.40757812501397,-9,ExitStatus.FEASIBLE,False,False,2.40757812501397
2025-06-09T10:10:55.927968,KidneyExchange-4-041_c23.xml,"{""input"": ""tests/xcsp3/cop/UNKNOWN/KidneyExchange-4-041_c23.xml"", ""solver"": ""xcsp:ACE@2.4"", ""output_dir"": ""results_comparison"", ""global_time_limit"": 600, ""max_tries"": 50, ""tuning_file"": ""tests/psa/ace.tuning.json"", ""hpo_strategy"": ""hamming"", ""global_time_strategy"": ""PERCENT"", ""percent"": 0.2, ""round_time_strategy"": ""STATIC"", ""time_evolution"": ""STATIC"", ""stop_strategy"": ""TIMEOUT""}",258,"{""varh"": ""Wdeg"", ""valh"": ""Last"", ""saf"": ""False"", ""pc1"": ""True"", ""bdc"": ""100"", ""toh"": ""False"", ""ng"": ""NO"", ""lc"": ""2"", ""negative"": ""CT"", ""generic2"": ""True"", ""sb"": ""NO""}",1.2899492920259945,1.9507455000421032,,ExitStatus.UNKNOWN,False,False,1.9507455000421032
2025-06-09T10:10:58.282585,KidneyExchange-4-041_c23.xml,"{""input"": ""tests/xcsp3/cop/UNKNOWN/KidneyExchange-4-041_c23.xml"", ""solver"": ""xcsp:ACE@2.4"", ""output_dir"": ""results_comparison"", ""global_time_limit"": 600, ""max_tries"": 50, ""tuning_file"": ""tests/psa/ace.tuning.json"", ""hpo_strategy"": ""hamming"", ""global_time_strategy"": ""PERCENT"", ""percent"": 0.2, ""round_time_strategy"": ""STATIC"", ""time_evolution"": ""STATIC"", ""stop_strategy"": ""TIMEOUT""}",259,"{""varh"": ""Wdeg"", ""valh"": ""Last"", ""saf"": ""False"", ""pc1"": ""True"", ""bdc"": ""1000"", ""toh"": ""False"", ""ng"": ""NO"", ""lc"": ""2"", ""negative"": ""VA"", ""generic2"": ""False"", ""sb"": ""NO""}",1.2899492920259945,2.126401540997904,,ExitStatus.UNKNOWN,False,False,2.126401540997904
2025-06-09T10:11:00.624084,KidneyExchange-4-041_c23.xml,"{""input"": ""tests/xcsp3/cop/UNKNOWN/KidneyExchange-4-041_c23.xml"", ""solver"": ""xcsp:ACE@2.4"", ""output_dir"": ""results_comparison"", ""global_time_limit"": 600, ""max_tries"": 50, ""tuning_file"": ""tests/psa/ace.tuning.json"", ""hpo_strategy"": ""hamming"", ""global_time_strategy"": ""PERCENT"", ""percent"": 0.2, ""round_time_strategy"": ""STATIC"", ""time_evolution"": ""STATIC"", ""stop_strategy"": ""TIMEOUT""}",260,"{""varh"": ""PickOnDom"", ""valh"": ""Last"", ""saf"": ""False"", ""pc1"": ""False"", ""bdc"": ""1"", ""toh"": ""False"", ""ng"": ""NO"", ""lc"": ""2"", ""negative"": ""VA"", ""generic2"": ""True"", ""sb"": ""NO""}",1.2899492920259945,2.101000541995745,1,ExitStatus.FEASIBLE,False,False,2.101000541995745
2025-06-09T10:11:02.988164,KidneyExchange-4-041_c23.xml,"{""input"": ""tests/xcsp3/cop/UNKNOWN/KidneyExchange-4-041_c23.xml"", ""solver"": ""xcsp:ACE@2.4"", ""output_dir"": ""results_comparison"", ""global_time_limit"": 600, ""max_tries"": 50, ""tuning_file"": ""tests/psa/ace.tuning.json"", ""hpo_strategy"": ""hamming"", ""global_time_strategy"": ""PERCENT"", ""percent"": 0.2, ""round_time_strategy"": ""STATIC"", ""time_evolution"": ""STATIC"", ""stop_strategy"": ""TIMEOUT""}",261,"{""varh"": ""Rand"", ""valh"": ""Last"", ""saf"": ""False"", ""pc1"": ""True"", ""bdc"": ""1"", ""toh"": ""False"", ""ng"": ""NO"", ""lc"": ""0"", ""negative"": ""VA"", ""generic2"": ""True"", ""sb"": ""NO""}",1.2899492920259945,2.119572124967817,-5,ExitStatus.FEASIBLE,False,False,2.119572124967817
2025-06-09T10:11:05.326520,KidneyExchange-4-041_c23.xml,"{""input"": ""tests/xcsp3/cop/UNKNOWN/KidneyExchange-4-041_c23.xml"", ""solver"": ""xcsp:ACE@2.4"", ""output_dir"": ""results_comparison"", ""global_time_limit"": 600, ""max_tries"": 50, ""tuning_file"": ""tests/psa/ace.tuning.json"", ""hpo_strategy"": ""hamming"", ""global_time_strategy"": ""PERCENT"", ""percent"": 0.2, ""round_time_strategy"": ""STATIC"", ""time_evolution"": ""STATIC"", ""stop_strategy"": ""TIMEOUT""}",262,"{""varh"": ""Wdeg"", ""valh"": ""Last"", ""saf"": ""False"", ""pc1"": ""True"", ""bdc"": ""1"", ""toh"": ""True"", ""ng"": ""NO"", ""lc"": ""2"", ""negative"": ""STR1N"", ""generic2"": ""True"", ""sb"": ""NO""}",1.2899492920259945,2.108799082983751,-1,ExitStatus.FEASIBLE,False,False,2.108799082983751
2025-06-09T10:11:07.642796,KidneyExchange-4-041_c23.xml,"{""input"": ""tests/xcsp3/cop/UNKNOWN/KidneyExchange-4-041_c23.xml"", ""solver"": ""xcsp:ACE@2.4"", ""output_dir"": ""results_comparison"", ""global_time_limit"": 600, ""max_tries"": 50, ""tuning_file"": ""tests/psa/ace.tuning.json"", ""hpo_strategy"": ""hamming"", ""global_time_strategy"": ""PERCENT"", ""percent"": 0.2, ""round_time_strategy"": ""STATIC"", ""time_evolution"": ""STATIC"", ""stop_strategy"": ""TIMEOUT""}",263,"{""varh"": ""Wdeg"", ""valh"": ""Vals"", ""saf"": ""False"", ""pc1"": ""True"", ""bdc"": ""1"", ""toh"": ""True"", ""ng"": ""NO"", ""lc"": ""2"", ""negative"": ""VA"", ""generic2"": ""True"", ""sb"": ""NO""}",1.2899492920259945,2.0715864169760607,-29,ExitStatus.FEASIBLE,False,False,2.0715864169760607
2025-06-09T10:11:09.998459,KidneyExchange-4-041_c23.xml,"{""input"": ""tests/xcsp3/cop/UNKNOWN/KidneyExchange-4-041_c23.xml"", ""solver"": ""xcsp:ACE@2.4"", ""output_dir"": ""results_comparison"", ""global_time_limit"": 600, ""max_tries"": 50, ""tuning_file"": ""tests/psa/ace.tuning.json"", ""hpo_strategy"": ""hamming"", ""global_time_strategy"": ""PERCENT"", ""percent"": 0.2, ""round_time_strategy"": ""STATIC"", ""time_evolution"": ""STATIC"", ""stop_strategy"": ""TIMEOUT""}",264,"{""varh"": ""PickOnDom"", ""valh"": ""OccsR"", ""saf"": ""False"", ""pc1"": ""True"", ""bdc"": ""1"", ""toh"": ""False"", ""ng"": ""NO"", ""lc"": ""2"", ""negative"": ""VA"", ""generic2"": ""True"", ""sb"": ""NO""}",1.2899492920259945,2.1203186660422944,-11,ExitStatus.FEASIBLE,False,False,2.1203186660422944
2025-06-09T10:11:12.547231,KidneyExchange-4-041_c23.xml,"{""input"": ""tests/xcsp3/cop/UNKNOWN/KidneyExchange-4-041_c23.xml"", ""solver"": ""xcsp:ACE@2.4"", ""output_dir"": ""results_comparison"", ""global_time_limit"": 600, ""max_tries"": 50, ""tuning_file"": ""tests/psa/ace.tuning.json"", ""hpo_strategy"": ""hamming"", ""global_time_strategy"": ""PERCENT"", ""percent"": 0.2, ""round_time_strategy"": ""STATIC"", ""time_evolution"": ""STATIC"", ""stop_strategy"": ""TIMEOUT""}",265,"{""varh"": ""Wdeg"", ""valh"": ""RunRobin"", ""saf"": ""False"", ""pc1"": ""True"", ""bdc"": ""1"", ""toh"": ""False"", ""ng"": ""NO"", ""lc"": ""2"", ""negative"": ""STR2N"", ""generic2"": ""True"", ""sb"": ""NO""}",1.2899492920259945,2.314913499983959,-15,ExitStatus.FEASIBLE,False,False,2.314913499983959
2025-06-09T10:11:14.718548,KidneyExchange-4-041_c23.xml,"{""input"": ""tests/xcsp3/cop/UNKNOWN/KidneyExchange-4-041_c23.xml"", ""solver"": ""xcsp:ACE@2.4"", ""output_dir"": ""results_comparison"", ""global_time_limit"": 600, ""max_tries"": 50, ""tuning_file"": ""tests/psa/ace.tuning.json"", ""hpo_strategy"": ""hamming"", ""global_time_strategy"": ""PERCENT"", ""percent"": 0.2, ""round_time_strategy"": ""STATIC"", ""time_evolution"": ""STATIC"", ""stop_strategy"": ""TIMEOUT""}",266,"{""varh"": ""Activity"", ""valh"": ""Last"", ""saf"": ""False"", ""pc1"": ""True"", ""bdc"": ""100"", ""toh"": ""False"", ""ng"": ""NO"", ""lc"": ""2"", ""negative"": ""VA"", ""generic2"": ""True"", ""sb"": ""NO""}",1.2899492920259945,1.9490277909790166,,ExitStatus.UNKNOWN,False,False,1.9490277909790166
2025-06-09T10:11:17.356103,KidneyExchange-4-041_c23.xml,"{""input"": ""tests/xcsp3/cop/UNKNOWN/KidneyExchange-4-041_c23.xml"", ""solver"": ""xcsp:ACE@2.4"", ""output_dir"": ""results_comparison"", ""global_time_limit"": 600, ""max_tries"": 50, ""tuning_file"": ""tests/psa/ace.tuning.json"", ""hpo_strategy"": ""hamming"", ""global_time_strategy"": ""PERCENT"", ""percent"": 0.2, ""round_time_strategy"": ""STATIC"", ""time_evolution"": ""STATIC"", ""stop_strategy"": ""TIMEOUT""}",267,"{""varh"": ""Wdeg"", ""valh"": ""Last"", ""saf"": ""False"", ""pc1"": ""True"", ""bdc"": ""10"", ""toh"": ""True"", ""ng"": ""NO"", ""lc"": ""2"", ""negative"": ""VA"", ""generic2"": ""True"", ""sb"": ""NO""}",1.2899492920259945,2.4075612089945935,-7,ExitStatus.FEASIBLE,False,False,2.4075612089945935
2025-06-09T10:11:19.641984,KidneyExchange-4-041_c23.xml,"{""input"": ""tests/xcsp3/cop/UNKNOWN/KidneyExchange-4-041_c23.xml"", ""solver"": ""xcsp:ACE@2.4"", ""output_dir"": ""results_comparison"", ""global_time_limit"": 600, ""max_tries"": 50, ""tuning_file"": ""tests/psa/ace.tuning.json"", ""hpo_strategy"": ""hamming"", ""global_time_strategy"": ""PERCENT"", ""percent"": 0.2, ""round_time_strategy"": ""STATIC"", ""time_evolution"": ""STATIC"", ""stop_strategy"": ""TIMEOUT""}",268,"{""varh"": ""Wdeg"", ""valh"": ""RunRobin"", ""saf"": ""False"", ""pc1"": ""True"", ""bdc"": ""1"", ""toh"": ""False"", ""ng"": ""NO"", ""lc"": ""1"", ""negative"": ""VA"", ""generic2"": ""True"", ""sb"": ""NO""}",1.2899492920259945,2.0624213330447674,-15,ExitStatus.FEASIBLE,False,False,2.0624213330447674
2025-06-09T10:11:22.085889,KidneyExchange-4-041_c23.xml,"{""input"": ""tests/xcsp3/cop/UNKNOWN/KidneyExchange-4-041_c23.xml"", ""solver"": ""xcsp:ACE@2.4"", ""output_dir"": ""results_comparison"", ""global_time_limit"": 600, ""max_tries"": 50, ""tuning_file"": ""tests/psa/ace.tuning.json"", ""hpo_strategy"": ""hamming"", ""global_time_strategy"": ""PERCENT"", ""percent"": 0.2, ""round_time_strategy"": ""STATIC"", ""time_evolution"": ""STATIC"", ""stop_strategy"": ""TIMEOUT""}",269,"{""varh"": ""WdegOnDom"", ""valh"": ""Last"", ""saf"": ""False"", ""pc1"": ""True"", ""bdc"": ""1"", ""toh"": ""False"", ""ng"": ""NO"", ""lc"": ""0"", ""negative"": ""VA"", ""generic2"": ""True"", ""sb"": ""NO""}",1.2899492920259945,2.2157841250300407,-3,ExitStatus.FEASIBLE,False,False,2.2157841250300407
2025-06-09T10:11:24.512945,KidneyExchange-4-041_c23.xml,"{""input"": ""tests/xcsp3/cop/UNKNOWN/KidneyExchange-4-041_c23.xml"", ""solver"": ""xcsp:ACE@2.4"", ""output_dir"": ""results_comparison"", ""global_time_limit"": 600, ""max_tries"": 50, ""tuning_file"": ""tests/psa/ace.tuning.json"", ""hpo_strategy"": ""hamming"", ""global_time_strategy"": ""PERCENT"", ""percent"": 0.2, ""round_time_strategy"": ""STATIC"", ""time_evolution"": ""STATIC"", ""stop_strategy"": ""TIMEOUT""}",270,"{""varh"": ""Memory"", ""valh"": ""Last"", ""saf"": ""False"", ""pc1"": ""True"", ""bdc"": ""1"", ""toh"": ""False"", ""ng"": ""NO"", ""lc"": ""2"", ""negative"": ""VA"", ""generic2"": ""False"", ""sb"": ""NO""}",1.2899492920259945,2.185618458024692,-1,ExitStatus.FEASIBLE,False,False,2.185618458024692
2025-06-09T10:11:27.057819,KidneyExchange-4-041_c23.xml,"{""input"": ""tests/xcsp3/cop/UNKNOWN/KidneyExchange-4-041_c23.xml"", ""solver"": ""xcsp:ACE@2.4"", ""output_dir"": ""results_comparison"", ""global_time_limit"": 600, ""max_tries"": 50, ""tuning_file"": ""tests/psa/ace.tuning.json"", ""hpo_strategy"": ""hamming"", ""global_time_strategy"": ""PERCENT"", ""percent"": 0.2, ""round_time_strategy"": ""STATIC"", ""time_evolution"": ""STATIC"", ""stop_strategy"": ""TIMEOUT""}",271,"{""varh"": ""Wdeg"", ""valh"": ""FlrsE"", ""saf"": ""False"", ""pc1"": ""True"", ""bdc"": ""1"", ""toh"": ""False"", ""ng"": ""NO"", ""lc"": ""0"", ""negative"": ""VA"", ""generic2"": ""True"", ""sb"": ""NO""}",1.2899492920259945,2.3168796250247397,-31,ExitStatus.FEASIBLE,False,False,2.3168796250247397
2025-06-09T10:11:33.325232,KidneyExchange-4-041_c23.xml,"{""input"": ""tests/xcsp3/cop/UNKNOWN/KidneyExchange-4-041_c23.xml"", ""solver"": ""xcsp:ACE@2.4"", ""output_dir"": ""results_comparison"", ""global_time_limit"": 600, ""max_tries"": 50, ""tuning_file"": ""tests/psa/ace.tuning.json"", ""hpo_strategy"": ""hamming"", ""global_time_strategy"": ""PERCENT"", ""percent"": 0.2, ""round_time_strategy"": ""STATIC"", ""time_evolution"": ""STATIC"", ""stop_strategy"": ""TIMEOUT""}",272,"{""varh"": ""WdegOnDom"", ""valh"": ""Conflicts"", ""saf"": ""False"", ""pc1"": ""True"", ""bdc"": ""1"", ""toh"": ""False"", ""ng"": ""NO"", ""lc"": ""2"", ""negative"": ""VA"", ""generic2"": ""True"", ""sb"": ""NO""}",1.2899492920259945,1,,ExitStatus.UNKNOWN,False,False,1
2025-06-09T10:11:35.926148,KidneyExchange-4-041_c23.xml,"{""input"": ""tests/xcsp3/cop/UNKNOWN/KidneyExchange-4-041_c23.xml"", ""solver"": ""xcsp:ACE@2.4"", ""output_dir"": ""results_comparison"", ""global_time_limit"": 600, ""max_tries"": 50, ""tuning_file"": ""tests/psa/ace.tuning.json"", ""hpo_strategy"": ""hamming"", ""global_time_strategy"": ""PERCENT"", ""percent"": 0.2, ""round_time_strategy"": ""STATIC"", ""time_evolution"": ""STATIC"", ""stop_strategy"": ""TIMEOUT""}",273,"{""varh"": ""Wdeg"", ""valh"": ""Last"", ""saf"": ""False"", ""pc1"": ""True"", ""bdc"": ""100"", ""toh"": ""False"", ""ng"": ""NO"", ""lc"": ""2"", ""negative"": ""VA"", ""generic2"": ""False"", ""sb"": ""NO""}",1.2899492920259945,2.248187083983794,,ExitStatus.UNKNOWN,False,False,2.248187083983794
2025-06-09T10:11:38.518210,KidneyExchange-4-041_c23.xml,"{""input"": ""tests/xcsp3/cop/UNKNOWN/KidneyExchange-4-041_c23.xml"", ""solver"": ""xcsp:ACE@2.4"", ""output_dir"": ""results_comparison"", ""global_time_limit"": 600, ""max_tries"": 50, ""tuning_file"": ""tests/psa/ace.tuning.json"", ""hpo_strategy"": ""hamming"", ""global_time_strategy"": ""PERCENT"", ""percent"": 0.2, ""round_time_strategy"": ""STATIC"", ""time_evolution"": ""STATIC"", ""stop_strategy"": ""TIMEOUT""}",274,"{""varh"": ""Wdeg"", ""valh"": ""Vals"", ""saf"": ""False"", ""pc1"": ""True"", ""bdc"": ""1"", ""toh"": ""False"", ""ng"": ""NO"", ""lc"": ""2"", ""negative"": ""STR2"", ""generic2"": ""True"", ""sb"": ""NO""}",1.2899492920259945,2.309407083026599,-29,ExitStatus.FEASIBLE,False,False,2.309407083026599
2025-06-09T10:11:41.336864,KidneyExchange-4-041_c23.xml,"{""input"": ""tests/xcsp3/cop/UNKNOWN/KidneyExchange-4-041_c23.xml"", ""solver"": ""xcsp:ACE@2.4"", ""output_dir"": ""results_comparison"", ""global_time_limit"": 600, ""max_tries"": 50, ""tuning_file"": ""tests/psa/ace.tuning.json"", ""hpo_strategy"": ""hamming"", ""global_time_strategy"": ""PERCENT"", ""percent"": 0.2, ""round_time_strategy"": ""STATIC"", ""time_evolution"": ""STATIC"", ""stop_strategy"": ""TIMEOUT""}",275,"{""varh"": ""Wdeg"", ""valh"": ""RunRobin"", ""saf"": ""False"", ""pc1"": ""True"", ""bdc"": ""1"", ""toh"": ""True"", ""ng"": ""NO"", ""lc"": ""2"", ""negative"": ""VA"", ""generic2"": ""True"", ""sb"": ""NO""}",1.2899492920259945,2.5819807079969905,-29,ExitStatus.FEASIBLE,False,False,2.5819807079969905
2025-06-09T10:11:47.708904,KidneyExchange-4-041_c23.xml,"{""input"": ""tests/xcsp3/cop/UNKNOWN/KidneyExchange-4-041_c23.xml"", ""solver"": ""xcsp:ACE@2.4"", ""output_dir"": ""results_comparison"", ""global_time_limit"": 600, ""max_tries"": 50, ""tuning_file"": ""tests/psa/ace.tuning.json"", ""hpo_strategy"": ""hamming"", ""global_time_strategy"": ""PERCENT"", ""percent"": 0.2, ""round_time_strategy"": ""STATIC"", ""time_evolution"": ""STATIC"", ""stop_strategy"": ""TIMEOUT""}",276,"{""varh"": ""Wdeg"", ""valh"": ""Conflicts"", ""saf"": ""False"", ""pc1"": ""True"", ""bdc"": ""1"", ""toh"": ""False"", ""ng"": ""NO"", ""lc"": ""2"", ""negative"": ""STR2N"", ""generic2"": ""True"", ""sb"": ""NO""}",1.2899492920259945,1,,ExitStatus.UNKNOWN,False,False,1
