timestamp,instance_name,cli_args,probe_round,hyperparameters,timeout_used,runtime_returned,objective_returned,status_returned,is_best_so_far_runtime,is_best_so_far_objective,bo_objective_reported
2025-06-07T21:14:32.422370,ProgressiveParty-rally-red12-09_c23.xml,"{""input"": ""tests/xcsp3/cop/UNKNOWN/ProgressiveParty-rally-red12-09_c23.xml"", ""solver"": ""xcsp:ACE@2.4"", ""output_dir"": ""results_comparison"", ""global_time_limit"": 600, ""max_tries"": 50, ""tuning_file"": ""tests/psa/ace.tuning.json"", ""hpo_strategy"": ""hamming"", ""global_time_strategy"": ""PERCENT"", ""percent"": 0.2, ""round_time_strategy"": ""STATIC"", ""time_evolution"": ""STATIC"", ""stop_strategy"": ""TIMEOUT""}",0,"{""varh"": ""Wdeg"", ""valh"": ""First"", ""saf"": ""False"", ""pc1"": ""True"", ""bdc"": ""1"", ""toh"": ""False"", ""ng"": ""NO"", ""lc"": ""2"", ""negative"": ""V"", ""generic2"": ""True"", ""sb"": ""NO""}",31.58913300000131,31.58913300000131,9,ExitStatus.FEASIBLE,False,False,31.58913300000131
2025-06-07T21:14:34.119260,ProgressiveParty-rally-red12-09_c23.xml,"{""input"": ""tests/xcsp3/cop/UNKNOWN/ProgressiveParty-rally-red12-09_c23.xml"", ""solver"": ""xcsp:ACE@2.4"", ""output_dir"": ""results_comparison"", ""global_time_limit"": 600, ""max_tries"": 50, ""tuning_file"": ""tests/psa/ace.tuning.json"", ""hpo_strategy"": ""hamming"", ""global_time_strategy"": ""PERCENT"", ""percent"": 0.2, ""round_time_strategy"": ""STATIC"", ""time_evolution"": ""STATIC"", ""stop_strategy"": ""TIMEOUT""}",1,"{""varh"": ""PickOnDom"", ""valh"": ""First"", ""saf"": ""False"", ""pc1"": ""True"", ""bdc"": ""1"", ""toh"": ""False"", ""ng"": ""NO"", ""lc"": ""2"", ""negative"": ""V"", ""generic2"": ""True"", ""sb"": ""NO""}",1.5570193750027101,1.5570193750027101,9,ExitStatus.OPTIMAL,False,False,1.5570193750027101
2025-06-07T21:14:35.832875,ProgressiveParty-rally-red12-09_c23.xml,"{""input"": ""tests/xcsp3/cop/UNKNOWN/ProgressiveParty-rally-red12-09_c23.xml"", ""solver"": ""xcsp:ACE@2.4"", ""output_dir"": ""results_comparison"", ""global_time_limit"": 600, ""max_tries"": 50, ""tuning_file"": ""tests/psa/ace.tuning.json"", ""hpo_strategy"": ""hamming"", ""global_time_strategy"": ""PERCENT"", ""percent"": 0.2, ""round_time_strategy"": ""STATIC"", ""time_evolution"": ""STATIC"", ""stop_strategy"": ""TIMEOUT""}",2,"{""varh"": ""Wdeg"", ""valh"": ""First"", ""saf"": ""False"", ""pc1"": ""True"", ""bdc"": ""1"", ""toh"": ""False"", ""ng"": ""NO"", ""lc"": ""2"", ""negative"": ""STR2"", ""generic2"": ""True"", ""sb"": ""NO""}",1.5570193750027101,1.5883871670230292,9,ExitStatus.FEASIBLE,False,False,1.5883871670230292
2025-06-07T21:14:37.546040,ProgressiveParty-rally-red12-09_c23.xml,"{""input"": ""tests/xcsp3/cop/UNKNOWN/ProgressiveParty-rally-red12-09_c23.xml"", ""solver"": ""xcsp:ACE@2.4"", ""output_dir"": ""results_comparison"", ""global_time_limit"": 600, ""max_tries"": 50, ""tuning_file"": ""tests/psa/ace.tuning.json"", ""hpo_strategy"": ""hamming"", ""global_time_strategy"": ""PERCENT"", ""percent"": 0.2, ""round_time_strategy"": ""STATIC"", ""time_evolution"": ""STATIC"", ""stop_strategy"": ""TIMEOUT""}",3,"{""varh"": ""Impact"", ""valh"": ""First"", ""saf"": ""False"", ""pc1"": ""True"", ""bdc"": ""1"", ""toh"": ""False"", ""ng"": ""NO"", ""lc"": ""2"", ""negative"": ""V"", ""generic2"": ""True"", ""sb"": ""NO""}",1.5570193750027101,1.582043166999938,9,ExitStatus.FEASIBLE,False,False,1.582043166999938
2025-06-07T21:14:38.763494,ProgressiveParty-rally-red12-09_c23.xml,"{""input"": ""tests/xcsp3/cop/UNKNOWN/ProgressiveParty-rally-red12-09_c23.xml"", ""solver"": ""xcsp:ACE@2.4"", ""output_dir"": ""results_comparison"", ""global_time_limit"": 600, ""max_tries"": 50, ""tuning_file"": ""tests/psa/ace.tuning.json"", ""hpo_strategy"": ""hamming"", ""global_time_strategy"": ""PERCENT"", ""percent"": 0.2, ""round_time_strategy"": ""STATIC"", ""time_evolution"": ""STATIC"", ""stop_strategy"": ""TIMEOUT""}",4,"{""varh"": ""Wdeg"", ""valh"": ""First"", ""saf"": ""False"", ""pc1"": ""True"", ""bdc"": ""10"", ""toh"": ""False"", ""ng"": ""NO"", ""lc"": ""2"", ""negative"": ""V"", ""generic2"": ""True"", ""sb"": ""NO""}",1.103298874979373,1.103298874979373,9,ExitStatus.OPTIMAL,False,False,1.103298874979373
2025-06-07T21:14:40.438268,ProgressiveParty-rally-red12-09_c23.xml,"{""input"": ""tests/xcsp3/cop/UNKNOWN/ProgressiveParty-rally-red12-09_c23.xml"", ""solver"": ""xcsp:ACE@2.4"", ""output_dir"": ""results_comparison"", ""global_time_limit"": 600, ""max_tries"": 50, ""tuning_file"": ""tests/psa/ace.tuning.json"", ""hpo_strategy"": ""hamming"", ""global_time_strategy"": ""PERCENT"", ""percent"": 0.2, ""round_time_strategy"": ""STATIC"", ""time_evolution"": ""STATIC"", ""stop_strategy"": ""TIMEOUT""}",5,"{""varh"": ""Wdeg"", ""valh"": ""RunRobin"", ""saf"": ""False"", ""pc1"": ""True"", ""bdc"": ""1"", ""toh"": ""False"", ""ng"": ""NO"", ""lc"": ""2"", ""negative"": ""V"", ""generic2"": ""True"", ""sb"": ""NO""}",1.103298874979373,1.56050999998115,9,ExitStatus.FEASIBLE,False,False,1.56050999998115
2025-06-07T21:14:42.129247,ProgressiveParty-rally-red12-09_c23.xml,"{""input"": ""tests/xcsp3/cop/UNKNOWN/ProgressiveParty-rally-red12-09_c23.xml"", ""solver"": ""xcsp:ACE@2.4"", ""output_dir"": ""results_comparison"", ""global_time_limit"": 600, ""max_tries"": 50, ""tuning_file"": ""tests/psa/ace.tuning.json"", ""hpo_strategy"": ""hamming"", ""global_time_strategy"": ""PERCENT"", ""percent"": 0.2, ""round_time_strategy"": ""STATIC"", ""time_evolution"": ""STATIC"", ""stop_strategy"": ""TIMEOUT""}",6,"{""varh"": ""Wdeg"", ""valh"": ""First"", ""saf"": ""True"", ""pc1"": ""True"", ""bdc"": ""1"", ""toh"": ""False"", ""ng"": ""NO"", ""lc"": ""2"", ""negative"": ""V"", ""generic2"": ""True"", ""sb"": ""NO""}",1.103298874979373,1.577713374979794,9,ExitStatus.FEASIBLE,False,False,1.577713374979794
2025-06-07T21:14:43.831417,ProgressiveParty-rally-red12-09_c23.xml,"{""input"": ""tests/xcsp3/cop/UNKNOWN/ProgressiveParty-rally-red12-09_c23.xml"", ""solver"": ""xcsp:ACE@2.4"", ""output_dir"": ""results_comparison"", ""global_time_limit"": 600, ""max_tries"": 50, ""tuning_file"": ""tests/psa/ace.tuning.json"", ""hpo_strategy"": ""hamming"", ""global_time_strategy"": ""PERCENT"", ""percent"": 0.2, ""round_time_strategy"": ""STATIC"", ""time_evolution"": ""STATIC"", ""stop_strategy"": ""TIMEOUT""}",7,"{""varh"": ""Wdeg"", ""valh"": ""First"", ""saf"": ""False"", ""pc1"": ""True"", ""bdc"": ""1"", ""toh"": ""False"", ""ng"": ""NO"", ""lc"": ""10"", ""negative"": ""V"", ""generic2"": ""True"", ""sb"": ""NO""}",1.103298874979373,1.587185500015039,9,ExitStatus.FEASIBLE,False,False,1.587185500015039
2025-06-07T21:14:45.511923,ProgressiveParty-rally-red12-09_c23.xml,"{""input"": ""tests/xcsp3/cop/UNKNOWN/ProgressiveParty-rally-red12-09_c23.xml"", ""solver"": ""xcsp:ACE@2.4"", ""output_dir"": ""results_comparison"", ""global_time_limit"": 600, ""max_tries"": 50, ""tuning_file"": ""tests/psa/ace.tuning.json"", ""hpo_strategy"": ""hamming"", ""global_time_strategy"": ""PERCENT"", ""percent"": 0.2, ""round_time_strategy"": ""STATIC"", ""time_evolution"": ""STATIC"", ""stop_strategy"": ""TIMEOUT""}",8,"{""varh"": ""Wdeg"", ""valh"": ""First"", ""saf"": ""False"", ""pc1"": ""True"", ""bdc"": ""1"", ""toh"": ""False"", ""ng"": ""NO"", ""lc"": ""2"", ""negative"": ""STR3"", ""generic2"": ""True"", ""sb"": ""NO""}",1.103298874979373,1.5642675420094747,9,ExitStatus.FEASIBLE,False,False,1.5642675420094747
2025-06-07T21:14:47.185335,ProgressiveParty-rally-red12-09_c23.xml,"{""input"": ""tests/xcsp3/cop/UNKNOWN/ProgressiveParty-rally-red12-09_c23.xml"", ""solver"": ""xcsp:ACE@2.4"", ""output_dir"": ""results_comparison"", ""global_time_limit"": 600, ""max_tries"": 50, ""tuning_file"": ""tests/psa/ace.tuning.json"", ""hpo_strategy"": ""hamming"", ""global_time_strategy"": ""PERCENT"", ""percent"": 0.2, ""round_time_strategy"": ""STATIC"", ""time_evolution"": ""STATIC"", ""stop_strategy"": ""TIMEOUT""}",9,"{""varh"": ""Rand"", ""valh"": ""First"", ""saf"": ""False"", ""pc1"": ""True"", ""bdc"": ""1"", ""toh"": ""False"", ""ng"": ""NO"", ""lc"": ""2"", ""negative"": ""V"", ""generic2"": ""True"", ""sb"": ""NO""}",1.103298874979373,1.5611230420181528,9,ExitStatus.FEASIBLE,False,False,1.5611230420181528
2025-06-07T21:14:48.435569,ProgressiveParty-rally-red12-09_c23.xml,"{""input"": ""tests/xcsp3/cop/UNKNOWN/ProgressiveParty-rally-red12-09_c23.xml"", ""solver"": ""xcsp:ACE@2.4"", ""output_dir"": ""results_comparison"", ""global_time_limit"": 600, ""max_tries"": 50, ""tuning_file"": ""tests/psa/ace.tuning.json"", ""hpo_strategy"": ""hamming"", ""global_time_strategy"": ""PERCENT"", ""percent"": 0.2, ""round_time_strategy"": ""STATIC"", ""time_evolution"": ""STATIC"", ""stop_strategy"": ""TIMEOUT""}",10,"{""varh"": ""Wdeg"", ""valh"": ""First"", ""saf"": ""False"", ""pc1"": ""True"", ""bdc"": ""100"", ""toh"": ""False"", ""ng"": ""NO"", ""lc"": ""2"", ""negative"": ""V"", ""generic2"": ""True"", ""sb"": ""NO""}",1.103298874979373,1.138097333983751,9,ExitStatus.UNKNOWN,False,False,1.138097333983751
2025-06-07T21:14:49.870741,ProgressiveParty-rally-red12-09_c23.xml,"{""input"": ""tests/xcsp3/cop/UNKNOWN/ProgressiveParty-rally-red12-09_c23.xml"", ""solver"": ""xcsp:ACE@2.4"", ""output_dir"": ""results_comparison"", ""global_time_limit"": 600, ""max_tries"": 50, ""tuning_file"": ""tests/psa/ace.tuning.json"", ""hpo_strategy"": ""hamming"", ""global_time_strategy"": ""PERCENT"", ""percent"": 0.2, ""round_time_strategy"": ""STATIC"", ""time_evolution"": ""STATIC"", ""stop_strategy"": ""TIMEOUT""}",11,"{""varh"": ""WdegOnDom"", ""valh"": ""First"", ""saf"": ""False"", ""pc1"": ""True"", ""bdc"": ""1"", ""toh"": ""False"", ""ng"": ""NO"", ""lc"": ""2"", ""negative"": ""V"", ""generic2"": ""True"", ""sb"": ""NO""}",1.103298874979373,1.322387666994473,9,ExitStatus.OPTIMAL,False,False,1.322387666994473
2025-06-07T21:14:55.989058,ProgressiveParty-rally-red12-09_c23.xml,"{""input"": ""tests/xcsp3/cop/UNKNOWN/ProgressiveParty-rally-red12-09_c23.xml"", ""solver"": ""xcsp:ACE@2.4"", ""output_dir"": ""results_comparison"", ""global_time_limit"": 600, ""max_tries"": 50, ""tuning_file"": ""tests/psa/ace.tuning.json"", ""hpo_strategy"": ""hamming"", ""global_time_strategy"": ""PERCENT"", ""percent"": 0.2, ""round_time_strategy"": ""STATIC"", ""time_evolution"": ""STATIC"", ""stop_strategy"": ""TIMEOUT""}",12,"{""varh"": ""Wdeg"", ""valh"": ""Conflicts"", ""saf"": ""False"", ""pc1"": ""True"", ""bdc"": ""1"", ""toh"": ""False"", ""ng"": ""NO"", ""lc"": ""2"", ""negative"": ""V"", ""generic2"": ""True"", ""sb"": ""NO""}",1.103298874979373,1,,ExitStatus.UNKNOWN,False,False,1
2025-06-07T21:14:57.717133,ProgressiveParty-rally-red12-09_c23.xml,"{""input"": ""tests/xcsp3/cop/UNKNOWN/ProgressiveParty-rally-red12-09_c23.xml"", ""solver"": ""xcsp:ACE@2.4"", ""output_dir"": ""results_comparison"", ""global_time_limit"": 600, ""max_tries"": 50, ""tuning_file"": ""tests/psa/ace.tuning.json"", ""hpo_strategy"": ""hamming"", ""global_time_strategy"": ""PERCENT"", ""percent"": 0.2, ""round_time_strategy"": ""STATIC"", ""time_evolution"": ""STATIC"", ""stop_strategy"": ""TIMEOUT""}",13,"{""varh"": ""RunRobin"", ""valh"": ""First"", ""saf"": ""False"", ""pc1"": ""True"", ""bdc"": ""1"", ""toh"": ""False"", ""ng"": ""NO"", ""lc"": ""2"", ""negative"": ""V"", ""generic2"": ""True"", ""sb"": ""NO""}",1.103298874979373,1.6122342919989023,9,ExitStatus.FEASIBLE,False,False,1.6122342919989023
2025-06-07T21:14:59.447889,ProgressiveParty-rally-red12-09_c23.xml,"{""input"": ""tests/xcsp3/cop/UNKNOWN/ProgressiveParty-rally-red12-09_c23.xml"", ""solver"": ""xcsp:ACE@2.4"", ""output_dir"": ""results_comparison"", ""global_time_limit"": 600, ""max_tries"": 50, ""tuning_file"": ""tests/psa/ace.tuning.json"", ""hpo_strategy"": ""hamming"", ""global_time_strategy"": ""PERCENT"", ""percent"": 0.2, ""round_time_strategy"": ""STATIC"", ""time_evolution"": ""STATIC"", ""stop_strategy"": ""TIMEOUT""}",14,"{""varh"": ""FrbaOnDom"", ""valh"": ""First"", ""saf"": ""False"", ""pc1"": ""True"", ""bdc"": ""1"", ""toh"": ""False"", ""ng"": ""NO"", ""lc"": ""2"", ""negative"": ""V"", ""generic2"": ""True"", ""sb"": ""NO""}",1.103298874979373,1.6026566659857053,9,ExitStatus.FEASIBLE,False,False,1.6026566659857053
2025-06-07T21:15:00.850664,ProgressiveParty-rally-red12-09_c23.xml,"{""input"": ""tests/xcsp3/cop/UNKNOWN/ProgressiveParty-rally-red12-09_c23.xml"", ""solver"": ""xcsp:ACE@2.4"", ""output_dir"": ""results_comparison"", ""global_time_limit"": 600, ""max_tries"": 50, ""tuning_file"": ""tests/psa/ace.tuning.json"", ""hpo_strategy"": ""hamming"", ""global_time_strategy"": ""PERCENT"", ""percent"": 0.2, ""round_time_strategy"": ""STATIC"", ""time_evolution"": ""STATIC"", ""stop_strategy"": ""TIMEOUT""}",15,"{""varh"": ""Wdeg"", ""valh"": ""First"", ""saf"": ""False"", ""pc1"": ""True"", ""bdc"": ""1000"", ""toh"": ""False"", ""ng"": ""NO"", ""lc"": ""2"", ""negative"": ""V"", ""generic2"": ""True"", ""sb"": ""NO""}",1.103298874979373,1.273123500024667,9,ExitStatus.UNKNOWN,False,False,1.273123500024667
2025-06-07T21:15:02.575253,ProgressiveParty-rally-red12-09_c23.xml,"{""input"": ""tests/xcsp3/cop/UNKNOWN/ProgressiveParty-rally-red12-09_c23.xml"", ""solver"": ""xcsp:ACE@2.4"", ""output_dir"": ""results_comparison"", ""global_time_limit"": 600, ""max_tries"": 50, ""tuning_file"": ""tests/psa/ace.tuning.json"", ""hpo_strategy"": ""hamming"", ""global_time_strategy"": ""PERCENT"", ""percent"": 0.2, ""round_time_strategy"": ""STATIC"", ""time_evolution"": ""STATIC"", ""stop_strategy"": ""TIMEOUT""}",16,"{""varh"": ""Wdeg"", ""valh"": ""First"", ""saf"": ""False"", ""pc1"": ""True"", ""bdc"": ""1"", ""toh"": ""False"", ""ng"": ""NO"", ""lc"": ""2"", ""negative"": ""STR2N"", ""generic2"": ""True"", ""sb"": ""NO""}",1.103298874979373,1.5975754160026554,9,ExitStatus.FEASIBLE,False,False,1.5975754160026554
2025-06-07T21:15:04.376378,ProgressiveParty-rally-red12-09_c23.xml,"{""input"": ""tests/xcsp3/cop/UNKNOWN/ProgressiveParty-rally-red12-09_c23.xml"", ""solver"": ""xcsp:ACE@2.4"", ""output_dir"": ""results_comparison"", ""global_time_limit"": 600, ""max_tries"": 50, ""tuning_file"": ""tests/psa/ace.tuning.json"", ""hpo_strategy"": ""hamming"", ""global_time_strategy"": ""PERCENT"", ""percent"": 0.2, ""round_time_strategy"": ""STATIC"", ""time_evolution"": ""STATIC"", ""stop_strategy"": ""TIMEOUT""}",17,"{""varh"": ""Wdeg"", ""valh"": ""First"", ""saf"": ""False"", ""pc1"": ""True"", ""bdc"": ""1"", ""toh"": ""False"", ""ng"": ""NO"", ""lc"": ""2"", ""negative"": ""CT"", ""generic2"": ""True"", ""sb"": ""NO""}",1.103298874979373,1.6694576669833623,9,ExitStatus.FEASIBLE,False,False,1.6694576669833623
2025-06-07T21:15:06.166154,ProgressiveParty-rally-red12-09_c23.xml,"{""input"": ""tests/xcsp3/cop/UNKNOWN/ProgressiveParty-rally-red12-09_c23.xml"", ""solver"": ""xcsp:ACE@2.4"", ""output_dir"": ""results_comparison"", ""global_time_limit"": 600, ""max_tries"": 50, ""tuning_file"": ""tests/psa/ace.tuning.json"", ""hpo_strategy"": ""hamming"", ""global_time_strategy"": ""PERCENT"", ""percent"": 0.2, ""round_time_strategy"": ""STATIC"", ""time_evolution"": ""STATIC"", ""stop_strategy"": ""TIMEOUT""}",18,"{""varh"": ""Wdeg"", ""valh"": ""First"", ""saf"": ""False"", ""pc1"": ""True"", ""bdc"": ""1"", ""toh"": ""False"", ""ng"": ""NO"", ""lc"": ""2"", ""negative"": ""VA"", ""generic2"": ""True"", ""sb"": ""NO""}",1.103298874979373,1.6504798329842743,9,ExitStatus.FEASIBLE,False,False,1.6504798329842743
2025-06-07T21:15:08.017572,ProgressiveParty-rally-red12-09_c23.xml,"{""input"": ""tests/xcsp3/cop/UNKNOWN/ProgressiveParty-rally-red12-09_c23.xml"", ""solver"": ""xcsp:ACE@2.4"", ""output_dir"": ""results_comparison"", ""global_time_limit"": 600, ""max_tries"": 50, ""tuning_file"": ""tests/psa/ace.tuning.json"", ""hpo_strategy"": ""hamming"", ""global_time_strategy"": ""PERCENT"", ""percent"": 0.2, ""round_time_strategy"": ""STATIC"", ""time_evolution"": ""STATIC"", ""stop_strategy"": ""TIMEOUT""}",19,"{""varh"": ""Activity"", ""valh"": ""First"", ""saf"": ""False"", ""pc1"": ""True"", ""bdc"": ""1"", ""toh"": ""False"", ""ng"": ""NO"", ""lc"": ""2"", ""negative"": ""V"", ""generic2"": ""True"", ""sb"": ""NO""}",1.103298874979373,1.7186864170071203,9,ExitStatus.FEASIBLE,False,False,1.7186864170071203
2025-06-07T21:15:09.748536,ProgressiveParty-rally-red12-09_c23.xml,"{""input"": ""tests/xcsp3/cop/UNKNOWN/ProgressiveParty-rally-red12-09_c23.xml"", ""solver"": ""xcsp:ACE@2.4"", ""output_dir"": ""results_comparison"", ""global_time_limit"": 600, ""max_tries"": 50, ""tuning_file"": ""tests/psa/ace.tuning.json"", ""hpo_strategy"": ""hamming"", ""global_time_strategy"": ""PERCENT"", ""percent"": 0.2, ""round_time_strategy"": ""STATIC"", ""time_evolution"": ""STATIC"", ""stop_strategy"": ""TIMEOUT""}",20,"{""varh"": ""Memory"", ""valh"": ""First"", ""saf"": ""False"", ""pc1"": ""True"", ""bdc"": ""1"", ""toh"": ""False"", ""ng"": ""NO"", ""lc"": ""2"", ""negative"": ""V"", ""generic2"": ""True"", ""sb"": ""NO""}",1.103298874979373,1.6051399169955403,9,ExitStatus.FEASIBLE,False,False,1.6051399169955403
2025-06-07T21:15:11.482099,ProgressiveParty-rally-red12-09_c23.xml,"{""input"": ""tests/xcsp3/cop/UNKNOWN/ProgressiveParty-rally-red12-09_c23.xml"", ""solver"": ""xcsp:ACE@2.4"", ""output_dir"": ""results_comparison"", ""global_time_limit"": 600, ""max_tries"": 50, ""tuning_file"": ""tests/psa/ace.tuning.json"", ""hpo_strategy"": ""hamming"", ""global_time_strategy"": ""PERCENT"", ""percent"": 0.2, ""round_time_strategy"": ""STATIC"", ""time_evolution"": ""STATIC"", ""stop_strategy"": ""TIMEOUT""}",21,"{""varh"": ""Wdeg"", ""valh"": ""First"", ""saf"": ""False"", ""pc1"": ""True"", ""bdc"": ""1"", ""toh"": ""True"", ""ng"": ""NO"", ""lc"": ""2"", ""negative"": ""V"", ""generic2"": ""True"", ""sb"": ""NO""}",1.103298874979373,1.6019967909960542,9,ExitStatus.FEASIBLE,False,False,1.6019967909960542
2025-06-07T21:15:13.213237,ProgressiveParty-rally-red12-09_c23.xml,"{""input"": ""tests/xcsp3/cop/UNKNOWN/ProgressiveParty-rally-red12-09_c23.xml"", ""solver"": ""xcsp:ACE@2.4"", ""output_dir"": ""results_comparison"", ""global_time_limit"": 600, ""max_tries"": 50, ""tuning_file"": ""tests/psa/ace.tuning.json"", ""hpo_strategy"": ""hamming"", ""global_time_strategy"": ""PERCENT"", ""percent"": 0.2, ""round_time_strategy"": ""STATIC"", ""time_evolution"": ""STATIC"", ""stop_strategy"": ""TIMEOUT""}",22,"{""varh"": ""Wdeg"", ""valh"": ""Last"", ""saf"": ""False"", ""pc1"": ""True"", ""bdc"": ""1"", ""toh"": ""False"", ""ng"": ""NO"", ""lc"": ""2"", ""negative"": ""V"", ""generic2"": ""True"", ""sb"": ""NO""}",1.103298874979373,1.6004349589929916,9,ExitStatus.FEASIBLE,False,False,1.6004349589929916
2025-06-07T21:15:14.934196,ProgressiveParty-rally-red12-09_c23.xml,"{""input"": ""tests/xcsp3/cop/UNKNOWN/ProgressiveParty-rally-red12-09_c23.xml"", ""solver"": ""xcsp:ACE@2.4"", ""output_dir"": ""results_comparison"", ""global_time_limit"": 600, ""max_tries"": 50, ""tuning_file"": ""tests/psa/ace.tuning.json"", ""hpo_strategy"": ""hamming"", ""global_time_strategy"": ""PERCENT"", ""percent"": 0.2, ""round_time_strategy"": ""STATIC"", ""time_evolution"": ""STATIC"", ""stop_strategy"": ""TIMEOUT""}",23,"{""varh"": ""Wdeg"", ""valh"": ""First"", ""saf"": ""False"", ""pc1"": ""True"", ""bdc"": ""1"", ""toh"": ""False"", ""ng"": ""NO"", ""lc"": ""1"", ""negative"": ""V"", ""generic2"": ""True"", ""sb"": ""NO""}",1.103298874979373,1.5884460829838645,9,ExitStatus.FEASIBLE,False,False,1.5884460829838645
2025-06-07T21:15:16.680341,ProgressiveParty-rally-red12-09_c23.xml,"{""input"": ""tests/xcsp3/cop/UNKNOWN/ProgressiveParty-rally-red12-09_c23.xml"", ""solver"": ""xcsp:ACE@2.4"", ""output_dir"": ""results_comparison"", ""global_time_limit"": 600, ""max_tries"": 50, ""tuning_file"": ""tests/psa/ace.tuning.json"", ""hpo_strategy"": ""hamming"", ""global_time_strategy"": ""PERCENT"", ""percent"": 0.2, ""round_time_strategy"": ""STATIC"", ""time_evolution"": ""STATIC"", ""stop_strategy"": ""TIMEOUT""}",24,"{""varh"": ""Wdeg"", ""valh"": ""First"", ""saf"": ""False"", ""pc1"": ""True"", ""bdc"": ""1"", ""toh"": ""False"", ""ng"": ""NO"", ""lc"": ""5"", ""negative"": ""V"", ""generic2"": ""True"", ""sb"": ""NO""}",1.103298874979373,1.606565167021472,9,ExitStatus.FEASIBLE,False,False,1.606565167021472
2025-06-07T21:15:18.407161,ProgressiveParty-rally-red12-09_c23.xml,"{""input"": ""tests/xcsp3/cop/UNKNOWN/ProgressiveParty-rally-red12-09_c23.xml"", ""solver"": ""xcsp:ACE@2.4"", ""output_dir"": ""results_comparison"", ""global_time_limit"": 600, ""max_tries"": 50, ""tuning_file"": ""tests/psa/ace.tuning.json"", ""hpo_strategy"": ""hamming"", ""global_time_strategy"": ""PERCENT"", ""percent"": 0.2, ""round_time_strategy"": ""STATIC"", ""time_evolution"": ""STATIC"", ""stop_strategy"": ""TIMEOUT""}",25,"{""varh"": ""Wdeg"", ""valh"": ""First"", ""saf"": ""False"", ""pc1"": ""True"", ""bdc"": ""1"", ""toh"": ""False"", ""ng"": ""NO"", ""lc"": ""2"", ""negative"": ""STR0"", ""generic2"": ""True"", ""sb"": ""NO""}",1.103298874979373,1.5974433330120519,9,ExitStatus.FEASIBLE,False,False,1.5974433330120519
2025-06-07T21:15:20.131015,ProgressiveParty-rally-red12-09_c23.xml,"{""input"": ""tests/xcsp3/cop/UNKNOWN/ProgressiveParty-rally-red12-09_c23.xml"", ""solver"": ""xcsp:ACE@2.4"", ""output_dir"": ""results_comparison"", ""global_time_limit"": 600, ""max_tries"": 50, ""tuning_file"": ""tests/psa/ace.tuning.json"", ""hpo_strategy"": ""hamming"", ""global_time_strategy"": ""PERCENT"", ""percent"": 0.2, ""round_time_strategy"": ""STATIC"", ""time_evolution"": ""STATIC"", ""stop_strategy"": ""TIMEOUT""}",26,"{""varh"": ""Wdeg"", ""valh"": ""First"", ""saf"": ""False"", ""pc1"": ""False"", ""bdc"": ""1"", ""toh"": ""False"", ""ng"": ""NO"", ""lc"": ""2"", ""negative"": ""V"", ""generic2"": ""True"", ""sb"": ""NO""}",1.103298874979373,1.5938717500248458,9,ExitStatus.FEASIBLE,False,False,1.5938717500248458
2025-06-07T21:15:21.867793,ProgressiveParty-rally-red12-09_c23.xml,"{""input"": ""tests/xcsp3/cop/UNKNOWN/ProgressiveParty-rally-red12-09_c23.xml"", ""solver"": ""xcsp:ACE@2.4"", ""output_dir"": ""results_comparison"", ""global_time_limit"": 600, ""max_tries"": 50, ""tuning_file"": ""tests/psa/ace.tuning.json"", ""hpo_strategy"": ""hamming"", ""global_time_strategy"": ""PERCENT"", ""percent"": 0.2, ""round_time_strategy"": ""STATIC"", ""time_evolution"": ""STATIC"", ""stop_strategy"": ""TIMEOUT""}",27,"{""varh"": ""Wdeg"", ""valh"": ""Vals"", ""saf"": ""False"", ""pc1"": ""True"", ""bdc"": ""1"", ""toh"": ""False"", ""ng"": ""NO"", ""lc"": ""2"", ""negative"": ""V"", ""generic2"": ""True"", ""sb"": ""NO""}",1.103298874979373,1.6078550840029493,9,ExitStatus.FEASIBLE,False,False,1.6078550840029493
2025-06-07T21:15:24.052419,ProgressiveParty-rally-red12-09_c23.xml,"{""input"": ""tests/xcsp3/cop/UNKNOWN/ProgressiveParty-rally-red12-09_c23.xml"", ""solver"": ""xcsp:ACE@2.4"", ""output_dir"": ""results_comparison"", ""global_time_limit"": 600, ""max_tries"": 50, ""tuning_file"": ""tests/psa/ace.tuning.json"", ""hpo_strategy"": ""hamming"", ""global_time_strategy"": ""PERCENT"", ""percent"": 0.2, ""round_time_strategy"": ""STATIC"", ""time_evolution"": ""STATIC"", ""stop_strategy"": ""TIMEOUT""}",28,"{""varh"": ""Wdeg"", ""valh"": ""OccsR"", ""saf"": ""False"", ""pc1"": ""True"", ""bdc"": ""1"", ""toh"": ""False"", ""ng"": ""NO"", ""lc"": ""2"", ""negative"": ""V"", ""generic2"": ""True"", ""sb"": ""NO""}",1.103298874979373,2.0156309170124587,9,ExitStatus.FEASIBLE,False,False,2.0156309170124587
2025-06-07T21:15:25.811538,ProgressiveParty-rally-red12-09_c23.xml,"{""input"": ""tests/xcsp3/cop/UNKNOWN/ProgressiveParty-rally-red12-09_c23.xml"", ""solver"": ""xcsp:ACE@2.4"", ""output_dir"": ""results_comparison"", ""global_time_limit"": 600, ""max_tries"": 50, ""tuning_file"": ""tests/psa/ace.tuning.json"", ""hpo_strategy"": ""hamming"", ""global_time_strategy"": ""PERCENT"", ""percent"": 0.2, ""round_time_strategy"": ""STATIC"", ""time_evolution"": ""STATIC"", ""stop_strategy"": ""TIMEOUT""}",29,"{""varh"": ""Wdeg"", ""valh"": ""First"", ""saf"": ""False"", ""pc1"": ""True"", ""bdc"": ""1"", ""toh"": ""False"", ""ng"": ""NO"", ""lc"": ""0"", ""negative"": ""V"", ""generic2"": ""True"", ""sb"": ""NO""}",1.103298874979373,1.597725375002483,9,ExitStatus.FEASIBLE,False,False,1.597725375002483
2025-06-07T21:15:27.540635,ProgressiveParty-rally-red12-09_c23.xml,"{""input"": ""tests/xcsp3/cop/UNKNOWN/ProgressiveParty-rally-red12-09_c23.xml"", ""solver"": ""xcsp:ACE@2.4"", ""output_dir"": ""results_comparison"", ""global_time_limit"": 600, ""max_tries"": 50, ""tuning_file"": ""tests/psa/ace.tuning.json"", ""hpo_strategy"": ""hamming"", ""global_time_strategy"": ""PERCENT"", ""percent"": 0.2, ""round_time_strategy"": ""STATIC"", ""time_evolution"": ""STATIC"", ""stop_strategy"": ""TIMEOUT""}",30,"{""varh"": ""Wdeg"", ""valh"": ""First"", ""saf"": ""False"", ""pc1"": ""True"", ""bdc"": ""1"", ""toh"": ""False"", ""ng"": ""NO"", ""lc"": ""2"", ""negative"": ""STR1"", ""generic2"": ""True"", ""sb"": ""NO""}",1.103298874979373,1.5976983750006184,9,ExitStatus.FEASIBLE,False,False,1.5976983750006184
2025-06-07T21:15:29.260890,ProgressiveParty-rally-red12-09_c23.xml,"{""input"": ""tests/xcsp3/cop/UNKNOWN/ProgressiveParty-rally-red12-09_c23.xml"", ""solver"": ""xcsp:ACE@2.4"", ""output_dir"": ""results_comparison"", ""global_time_limit"": 600, ""max_tries"": 50, ""tuning_file"": ""tests/psa/ace.tuning.json"", ""hpo_strategy"": ""hamming"", ""global_time_strategy"": ""PERCENT"", ""percent"": 0.2, ""round_time_strategy"": ""STATIC"", ""time_evolution"": ""STATIC"", ""stop_strategy"": ""TIMEOUT""}",31,"{""varh"": ""Wdeg"", ""valh"": ""Median"", ""saf"": ""False"", ""pc1"": ""True"", ""bdc"": ""1"", ""toh"": ""False"", ""ng"": ""NO"", ""lc"": ""2"", ""negative"": ""V"", ""generic2"": ""True"", ""sb"": ""NO""}",1.103298874979373,1.598595750023378,9,ExitStatus.FEASIBLE,False,False,1.598595750023378
2025-06-07T21:15:30.987656,ProgressiveParty-rally-red12-09_c23.xml,"{""input"": ""tests/xcsp3/cop/UNKNOWN/ProgressiveParty-rally-red12-09_c23.xml"", ""solver"": ""xcsp:ACE@2.4"", ""output_dir"": ""results_comparison"", ""global_time_limit"": 600, ""max_tries"": 50, ""tuning_file"": ""tests/psa/ace.tuning.json"", ""hpo_strategy"": ""hamming"", ""global_time_strategy"": ""PERCENT"", ""percent"": 0.2, ""round_time_strategy"": ""STATIC"", ""time_evolution"": ""STATIC"", ""stop_strategy"": ""TIMEOUT""}",32,"{""varh"": ""Wdeg"", ""valh"": ""FlrsE"", ""saf"": ""False"", ""pc1"": ""True"", ""bdc"": ""1"", ""toh"": ""False"", ""ng"": ""NO"", ""lc"": ""2"", ""negative"": ""V"", ""generic2"": ""True"", ""sb"": ""NO""}",1.103298874979373,1.5940030830097385,9,ExitStatus.FEASIBLE,False,False,1.5940030830097385
2025-06-07T21:15:32.724835,ProgressiveParty-rally-red12-09_c23.xml,"{""input"": ""tests/xcsp3/cop/UNKNOWN/ProgressiveParty-rally-red12-09_c23.xml"", ""solver"": ""xcsp:ACE@2.4"", ""output_dir"": ""results_comparison"", ""global_time_limit"": 600, ""max_tries"": 50, ""tuning_file"": ""tests/psa/ace.tuning.json"", ""hpo_strategy"": ""hamming"", ""global_time_strategy"": ""PERCENT"", ""percent"": 0.2, ""round_time_strategy"": ""STATIC"", ""time_evolution"": ""STATIC"", ""stop_strategy"": ""TIMEOUT""}",33,"{""varh"": ""Lexico"", ""valh"": ""First"", ""saf"": ""False"", ""pc1"": ""True"", ""bdc"": ""1"", ""toh"": ""False"", ""ng"": ""NO"", ""lc"": ""2"", ""negative"": ""V"", ""generic2"": ""True"", ""sb"": ""NO""}",1.103298874979373,1.6055683339945972,9,ExitStatus.FEASIBLE,False,False,1.6055683339945972
2025-06-07T21:15:34.448062,ProgressiveParty-rally-red12-09_c23.xml,"{""input"": ""tests/xcsp3/cop/UNKNOWN/ProgressiveParty-rally-red12-09_c23.xml"", ""solver"": ""xcsp:ACE@2.4"", ""output_dir"": ""results_comparison"", ""global_time_limit"": 600, ""max_tries"": 50, ""tuning_file"": ""tests/psa/ace.tuning.json"", ""hpo_strategy"": ""hamming"", ""global_time_strategy"": ""PERCENT"", ""percent"": 0.2, ""round_time_strategy"": ""STATIC"", ""time_evolution"": ""STATIC"", ""stop_strategy"": ""TIMEOUT""}",34,"{""varh"": ""Wdeg"", ""valh"": ""First"", ""saf"": ""False"", ""pc1"": ""True"", ""bdc"": ""1"", ""toh"": ""False"", ""ng"": ""NO"", ""lc"": ""2"", ""negative"": ""V"", ""generic2"": ""False"", ""sb"": ""NO""}",1.103298874979373,1.593002624984365,9,ExitStatus.FEASIBLE,False,False,1.593002624984365
2025-06-07T21:15:36.166785,ProgressiveParty-rally-red12-09_c23.xml,"{""input"": ""tests/xcsp3/cop/UNKNOWN/ProgressiveParty-rally-red12-09_c23.xml"", ""solver"": ""xcsp:ACE@2.4"", ""output_dir"": ""results_comparison"", ""global_time_limit"": 600, ""max_tries"": 50, ""tuning_file"": ""tests/psa/ace.tuning.json"", ""hpo_strategy"": ""hamming"", ""global_time_strategy"": ""PERCENT"", ""percent"": 0.2, ""round_time_strategy"": ""STATIC"", ""time_evolution"": ""STATIC"", ""stop_strategy"": ""TIMEOUT""}",35,"{""varh"": ""Wdeg"", ""valh"": ""Bivs3"", ""saf"": ""False"", ""pc1"": ""True"", ""bdc"": ""1"", ""toh"": ""False"", ""ng"": ""NO"", ""lc"": ""2"", ""negative"": ""V"", ""generic2"": ""True"", ""sb"": ""NO""}",1.103298874979373,1.591310165997129,9,ExitStatus.FEASIBLE,False,False,1.591310165997129
2025-06-07T21:15:37.834605,ProgressiveParty-rally-red12-09_c23.xml,"{""input"": ""tests/xcsp3/cop/UNKNOWN/ProgressiveParty-rally-red12-09_c23.xml"", ""solver"": ""xcsp:ACE@2.4"", ""output_dir"": ""results_comparison"", ""global_time_limit"": 600, ""max_tries"": 50, ""tuning_file"": ""tests/psa/ace.tuning.json"", ""hpo_strategy"": ""hamming"", ""global_time_strategy"": ""PERCENT"", ""percent"": 0.2, ""round_time_strategy"": ""STATIC"", ""time_evolution"": ""STATIC"", ""stop_strategy"": ""TIMEOUT""}",36,"{""varh"": ""Wdeg"", ""valh"": ""First"", ""saf"": ""False"", ""pc1"": ""True"", ""bdc"": ""1"", ""toh"": ""False"", ""ng"": ""NO"", ""lc"": ""2"", ""negative"": ""STR1N"", ""generic2"": ""True"", ""sb"": ""NO""}",1.103298874979373,1.5554407500021625,9,ExitStatus.FEASIBLE,False,False,1.5554407500021625
2025-06-07T21:15:39.503553,ProgressiveParty-rally-red12-09_c23.xml,"{""input"": ""tests/xcsp3/cop/UNKNOWN/ProgressiveParty-rally-red12-09_c23.xml"", ""solver"": ""xcsp:ACE@2.4"", ""output_dir"": ""results_comparison"", ""global_time_limit"": 600, ""max_tries"": 50, ""tuning_file"": ""tests/psa/ace.tuning.json"", ""hpo_strategy"": ""hamming"", ""global_time_strategy"": ""PERCENT"", ""percent"": 0.2, ""round_time_strategy"": ""STATIC"", ""time_evolution"": ""STATIC"", ""stop_strategy"": ""TIMEOUT""}",37,"{""varh"": ""Wdeg"", ""valh"": ""Rand"", ""saf"": ""False"", ""pc1"": ""True"", ""bdc"": ""1"", ""toh"": ""False"", ""ng"": ""NO"", ""lc"": ""2"", ""negative"": ""V"", ""generic2"": ""True"", ""sb"": ""NO""}",1.103298874979373,1.5575631659885403,9,ExitStatus.FEASIBLE,False,False,1.5575631659885403
2025-06-07T21:15:40.741450,ProgressiveParty-rally-red12-09_c23.xml,"{""input"": ""tests/xcsp3/cop/UNKNOWN/ProgressiveParty-rally-red12-09_c23.xml"", ""solver"": ""xcsp:ACE@2.4"", ""output_dir"": ""results_comparison"", ""global_time_limit"": 600, ""max_tries"": 50, ""tuning_file"": ""tests/psa/ace.tuning.json"", ""hpo_strategy"": ""hamming"", ""global_time_strategy"": ""PERCENT"", ""percent"": 0.2, ""round_time_strategy"": ""STATIC"", ""time_evolution"": ""STATIC"", ""stop_strategy"": ""TIMEOUT""}",38,"{""varh"": ""FrbaOnDom"", ""valh"": ""First"", ""saf"": ""False"", ""pc1"": ""True"", ""bdc"": ""1000"", ""toh"": ""False"", ""ng"": ""NO"", ""lc"": ""2"", ""negative"": ""V"", ""generic2"": ""True"", ""sb"": ""NO""}",1.103298874979373,1.1247485830099322,9,ExitStatus.UNKNOWN,False,False,1.1247485830099322
2025-06-07T21:15:42.417772,ProgressiveParty-rally-red12-09_c23.xml,"{""input"": ""tests/xcsp3/cop/UNKNOWN/ProgressiveParty-rally-red12-09_c23.xml"", ""solver"": ""xcsp:ACE@2.4"", ""output_dir"": ""results_comparison"", ""global_time_limit"": 600, ""max_tries"": 50, ""tuning_file"": ""tests/psa/ace.tuning.json"", ""hpo_strategy"": ""hamming"", ""global_time_strategy"": ""PERCENT"", ""percent"": 0.2, ""round_time_strategy"": ""STATIC"", ""time_evolution"": ""STATIC"", ""stop_strategy"": ""TIMEOUT""}",39,"{""varh"": ""Wdeg"", ""valh"": ""RunRobin"", ""saf"": ""False"", ""pc1"": ""False"", ""bdc"": ""1"", ""toh"": ""False"", ""ng"": ""NO"", ""lc"": ""2"", ""negative"": ""V"", ""generic2"": ""True"", ""sb"": ""NO""}",1.103298874979373,1.5615859999961685,9,ExitStatus.FEASIBLE,False,False,1.5615859999961685
2025-06-07T21:15:43.631189,ProgressiveParty-rally-red12-09_c23.xml,"{""input"": ""tests/xcsp3/cop/UNKNOWN/ProgressiveParty-rally-red12-09_c23.xml"", ""solver"": ""xcsp:ACE@2.4"", ""output_dir"": ""results_comparison"", ""global_time_limit"": 600, ""max_tries"": 50, ""tuning_file"": ""tests/psa/ace.tuning.json"", ""hpo_strategy"": ""hamming"", ""global_time_strategy"": ""PERCENT"", ""percent"": 0.2, ""round_time_strategy"": ""STATIC"", ""time_evolution"": ""STATIC"", ""stop_strategy"": ""TIMEOUT""}",40,"{""varh"": ""Wdeg"", ""valh"": ""First"", ""saf"": ""False"", ""pc1"": ""True"", ""bdc"": ""10"", ""toh"": ""False"", ""ng"": ""NO"", ""lc"": ""2"", ""negative"": ""STR1N"", ""generic2"": ""True"", ""sb"": ""NO""}",1.100360082986299,1.100360082986299,9,ExitStatus.OPTIMAL,False,False,1.100360082986299
2025-06-07T21:15:44.895655,ProgressiveParty-rally-red12-09_c23.xml,"{""input"": ""tests/xcsp3/cop/UNKNOWN/ProgressiveParty-rally-red12-09_c23.xml"", ""solver"": ""xcsp:ACE@2.4"", ""output_dir"": ""results_comparison"", ""global_time_limit"": 600, ""max_tries"": 50, ""tuning_file"": ""tests/psa/ace.tuning.json"", ""hpo_strategy"": ""hamming"", ""global_time_strategy"": ""PERCENT"", ""percent"": 0.2, ""round_time_strategy"": ""STATIC"", ""time_evolution"": ""STATIC"", ""stop_strategy"": ""TIMEOUT""}",41,"{""varh"": ""Wdeg"", ""valh"": ""First"", ""saf"": ""False"", ""pc1"": ""True"", ""bdc"": ""10"", ""toh"": ""False"", ""ng"": ""NO"", ""lc"": ""5"", ""negative"": ""V"", ""generic2"": ""True"", ""sb"": ""NO""}",1.100360082986299,1.1510519160074182,9,ExitStatus.OPTIMAL,False,False,1.1510519160074182
2025-06-07T21:15:46.558195,ProgressiveParty-rally-red12-09_c23.xml,"{""input"": ""tests/xcsp3/cop/UNKNOWN/ProgressiveParty-rally-red12-09_c23.xml"", ""solver"": ""xcsp:ACE@2.4"", ""output_dir"": ""results_comparison"", ""global_time_limit"": 600, ""max_tries"": 50, ""tuning_file"": ""tests/psa/ace.tuning.json"", ""hpo_strategy"": ""hamming"", ""global_time_strategy"": ""PERCENT"", ""percent"": 0.2, ""round_time_strategy"": ""STATIC"", ""time_evolution"": ""STATIC"", ""stop_strategy"": ""TIMEOUT""}",42,"{""varh"": ""Wdeg"", ""valh"": ""First"", ""saf"": ""False"", ""pc1"": ""True"", ""bdc"": ""1"", ""toh"": ""True"", ""ng"": ""NO"", ""lc"": ""2"", ""negative"": ""STR2N"", ""generic2"": ""True"", ""sb"": ""NO""}",1.100360082986299,1.5504330419935286,9,ExitStatus.FEASIBLE,False,False,1.5504330419935286
2025-06-07T21:15:48.247642,ProgressiveParty-rally-red12-09_c23.xml,"{""input"": ""tests/xcsp3/cop/UNKNOWN/ProgressiveParty-rally-red12-09_c23.xml"", ""solver"": ""xcsp:ACE@2.4"", ""output_dir"": ""results_comparison"", ""global_time_limit"": 600, ""max_tries"": 50, ""tuning_file"": ""tests/psa/ace.tuning.json"", ""hpo_strategy"": ""hamming"", ""global_time_strategy"": ""PERCENT"", ""percent"": 0.2, ""round_time_strategy"": ""STATIC"", ""time_evolution"": ""STATIC"", ""stop_strategy"": ""TIMEOUT""}",43,"{""varh"": ""Wdeg"", ""valh"": ""First"", ""saf"": ""False"", ""pc1"": ""True"", ""bdc"": ""1"", ""toh"": ""False"", ""ng"": ""NO"", ""lc"": ""0"", ""negative"": ""V"", ""generic2"": ""False"", ""sb"": ""NO""}",1.100360082986299,1.5756026669987477,9,ExitStatus.FEASIBLE,False,False,1.5756026669987477
2025-06-07T21:15:49.929701,ProgressiveParty-rally-red12-09_c23.xml,"{""input"": ""tests/xcsp3/cop/UNKNOWN/ProgressiveParty-rally-red12-09_c23.xml"", ""solver"": ""xcsp:ACE@2.4"", ""output_dir"": ""results_comparison"", ""global_time_limit"": 600, ""max_tries"": 50, ""tuning_file"": ""tests/psa/ace.tuning.json"", ""hpo_strategy"": ""hamming"", ""global_time_strategy"": ""PERCENT"", ""percent"": 0.2, ""round_time_strategy"": ""STATIC"", ""time_evolution"": ""STATIC"", ""stop_strategy"": ""TIMEOUT""}",44,"{""varh"": ""RunRobin"", ""valh"": ""First"", ""saf"": ""False"", ""pc1"": ""True"", ""bdc"": ""1"", ""toh"": ""True"", ""ng"": ""NO"", ""lc"": ""2"", ""negative"": ""V"", ""generic2"": ""True"", ""sb"": ""NO""}",1.100360082986299,1.5692531669919845,9,ExitStatus.FEASIBLE,False,False,1.5692531669919845
2025-06-07T21:15:51.185422,ProgressiveParty-rally-red12-09_c23.xml,"{""input"": ""tests/xcsp3/cop/UNKNOWN/ProgressiveParty-rally-red12-09_c23.xml"", ""solver"": ""xcsp:ACE@2.4"", ""output_dir"": ""results_comparison"", ""global_time_limit"": 600, ""max_tries"": 50, ""tuning_file"": ""tests/psa/ace.tuning.json"", ""hpo_strategy"": ""hamming"", ""global_time_strategy"": ""PERCENT"", ""percent"": 0.2, ""round_time_strategy"": ""STATIC"", ""time_evolution"": ""STATIC"", ""stop_strategy"": ""TIMEOUT""}",45,"{""varh"": ""Impact"", ""valh"": ""First"", ""saf"": ""False"", ""pc1"": ""True"", ""bdc"": ""1000"", ""toh"": ""False"", ""ng"": ""NO"", ""lc"": ""2"", ""negative"": ""V"", ""generic2"": ""True"", ""sb"": ""NO""}",1.100360082986299,1.1429486249980982,9,ExitStatus.UNKNOWN,False,False,1.1429486249980982
2025-06-07T21:15:52.433396,ProgressiveParty-rally-red12-09_c23.xml,"{""input"": ""tests/xcsp3/cop/UNKNOWN/ProgressiveParty-rally-red12-09_c23.xml"", ""solver"": ""xcsp:ACE@2.4"", ""output_dir"": ""results_comparison"", ""global_time_limit"": 600, ""max_tries"": 50, ""tuning_file"": ""tests/psa/ace.tuning.json"", ""hpo_strategy"": ""hamming"", ""global_time_strategy"": ""PERCENT"", ""percent"": 0.2, ""round_time_strategy"": ""STATIC"", ""time_evolution"": ""STATIC"", ""stop_strategy"": ""TIMEOUT""}",46,"{""varh"": ""RunRobin"", ""valh"": ""First"", ""saf"": ""False"", ""pc1"": ""True"", ""bdc"": ""1000"", ""toh"": ""False"", ""ng"": ""NO"", ""lc"": ""2"", ""negative"": ""V"", ""generic2"": ""True"", ""sb"": ""NO""}",1.100360082986299,1.1345163329970092,9,ExitStatus.UNKNOWN,False,False,1.1345163329970092
2025-06-07T21:15:53.638422,ProgressiveParty-rally-red12-09_c23.xml,"{""input"": ""tests/xcsp3/cop/UNKNOWN/ProgressiveParty-rally-red12-09_c23.xml"", ""solver"": ""xcsp:ACE@2.4"", ""output_dir"": ""results_comparison"", ""global_time_limit"": 600, ""max_tries"": 50, ""tuning_file"": ""tests/psa/ace.tuning.json"", ""hpo_strategy"": ""hamming"", ""global_time_strategy"": ""PERCENT"", ""percent"": 0.2, ""round_time_strategy"": ""STATIC"", ""time_evolution"": ""STATIC"", ""stop_strategy"": ""TIMEOUT""}",47,"{""varh"": ""Wdeg"", ""valh"": ""Median"", ""saf"": ""False"", ""pc1"": ""True"", ""bdc"": ""10"", ""toh"": ""False"", ""ng"": ""NO"", ""lc"": ""2"", ""negative"": ""V"", ""generic2"": ""True"", ""sb"": ""NO""}",1.0868106249836273,1.0868106249836273,12,ExitStatus.OPTIMAL,True,False,1.0868106249836273
2025-06-07T21:15:59.761621,ProgressiveParty-rally-red12-09_c23.xml,"{""input"": ""tests/xcsp3/cop/UNKNOWN/ProgressiveParty-rally-red12-09_c23.xml"", ""solver"": ""xcsp:ACE@2.4"", ""output_dir"": ""results_comparison"", ""global_time_limit"": 600, ""max_tries"": 50, ""tuning_file"": ""tests/psa/ace.tuning.json"", ""hpo_strategy"": ""hamming"", ""global_time_strategy"": ""PERCENT"", ""percent"": 0.2, ""round_time_strategy"": ""STATIC"", ""time_evolution"": ""STATIC"", ""stop_strategy"": ""TIMEOUT""}",48,"{""varh"": ""Wdeg"", ""valh"": ""Conflicts"", ""saf"": ""False"", ""pc1"": ""True"", ""bdc"": ""1000"", ""toh"": ""False"", ""ng"": ""NO"", ""lc"": ""2"", ""negative"": ""V"", ""generic2"": ""True"", ""sb"": ""NO""}",1.0868106249836273,1,,ExitStatus.UNKNOWN,False,False,1
2025-06-07T21:16:01.377348,ProgressiveParty-rally-red12-09_c23.xml,"{""input"": ""tests/xcsp3/cop/UNKNOWN/ProgressiveParty-rally-red12-09_c23.xml"", ""solver"": ""xcsp:ACE@2.4"", ""output_dir"": ""results_comparison"", ""global_time_limit"": 600, ""max_tries"": 50, ""tuning_file"": ""tests/psa/ace.tuning.json"", ""hpo_strategy"": ""hamming"", ""global_time_strategy"": ""PERCENT"", ""percent"": 0.2, ""round_time_strategy"": ""STATIC"", ""time_evolution"": ""STATIC"", ""stop_strategy"": ""TIMEOUT""}",49,"{""varh"": ""Activity"", ""valh"": ""First"", ""saf"": ""False"", ""pc1"": ""True"", ""bdc"": ""10"", ""toh"": ""False"", ""ng"": ""NO"", ""lc"": ""2"", ""negative"": ""V"", ""generic2"": ""True"", ""sb"": ""NO""}",1.0868106249836273,1.5020634999964386,9,ExitStatus.OPTIMAL,False,False,1.5020634999964386
2025-06-07T21:16:03.115413,ProgressiveParty-rally-red12-09_c23.xml,"{""input"": ""tests/xcsp3/cop/UNKNOWN/ProgressiveParty-rally-red12-09_c23.xml"", ""solver"": ""xcsp:ACE@2.4"", ""output_dir"": ""results_comparison"", ""global_time_limit"": 600, ""max_tries"": 50, ""tuning_file"": ""tests/psa/ace.tuning.json"", ""hpo_strategy"": ""hamming"", ""global_time_strategy"": ""PERCENT"", ""percent"": 0.2, ""round_time_strategy"": ""STATIC"", ""time_evolution"": ""STATIC"", ""stop_strategy"": ""TIMEOUT""}",50,"{""varh"": ""Lexico"", ""valh"": ""FlrsE"", ""saf"": ""False"", ""pc1"": ""True"", ""bdc"": ""1"", ""toh"": ""False"", ""ng"": ""NO"", ""lc"": ""2"", ""negative"": ""V"", ""generic2"": ""True"", ""sb"": ""NO""}",1.0868106249836273,1.6130703339877073,9,ExitStatus.FEASIBLE,False,False,1.6130703339877073
2025-06-07T21:16:04.862474,ProgressiveParty-rally-red12-09_c23.xml,"{""input"": ""tests/xcsp3/cop/UNKNOWN/ProgressiveParty-rally-red12-09_c23.xml"", ""solver"": ""xcsp:ACE@2.4"", ""output_dir"": ""results_comparison"", ""global_time_limit"": 600, ""max_tries"": 50, ""tuning_file"": ""tests/psa/ace.tuning.json"", ""hpo_strategy"": ""hamming"", ""global_time_strategy"": ""PERCENT"", ""percent"": 0.2, ""round_time_strategy"": ""STATIC"", ""time_evolution"": ""STATIC"", ""stop_strategy"": ""TIMEOUT""}",51,"{""varh"": ""WdegOnDom"", ""valh"": ""First"", ""saf"": ""False"", ""pc1"": ""True"", ""bdc"": ""1"", ""toh"": ""True"", ""ng"": ""NO"", ""lc"": ""2"", ""negative"": ""V"", ""generic2"": ""True"", ""sb"": ""NO""}",1.0868106249836273,1.614540082984604,9,ExitStatus.FEASIBLE,False,False,1.614540082984604
2025-06-07T21:16:06.580651,ProgressiveParty-rally-red12-09_c23.xml,"{""input"": ""tests/xcsp3/cop/UNKNOWN/ProgressiveParty-rally-red12-09_c23.xml"", ""solver"": ""xcsp:ACE@2.4"", ""output_dir"": ""results_comparison"", ""global_time_limit"": 600, ""max_tries"": 50, ""tuning_file"": ""tests/psa/ace.tuning.json"", ""hpo_strategy"": ""hamming"", ""global_time_strategy"": ""PERCENT"", ""percent"": 0.2, ""round_time_strategy"": ""STATIC"", ""time_evolution"": ""STATIC"", ""stop_strategy"": ""TIMEOUT""}",52,"{""varh"": ""Wdeg"", ""valh"": ""Rand"", ""saf"": ""False"", ""pc1"": ""False"", ""bdc"": ""1"", ""toh"": ""False"", ""ng"": ""NO"", ""lc"": ""2"", ""negative"": ""V"", ""generic2"": ""True"", ""sb"": ""NO""}",1.0868106249836273,1.5872483749990351,9,ExitStatus.FEASIBLE,False,False,1.5872483749990351
2025-06-07T21:16:08.023206,ProgressiveParty-rally-red12-09_c23.xml,"{""input"": ""tests/xcsp3/cop/UNKNOWN/ProgressiveParty-rally-red12-09_c23.xml"", ""solver"": ""xcsp:ACE@2.4"", ""output_dir"": ""results_comparison"", ""global_time_limit"": 600, ""max_tries"": 50, ""tuning_file"": ""tests/psa/ace.tuning.json"", ""hpo_strategy"": ""hamming"", ""global_time_strategy"": ""PERCENT"", ""percent"": 0.2, ""round_time_strategy"": ""STATIC"", ""time_evolution"": ""STATIC"", ""stop_strategy"": ""TIMEOUT""}",53,"{""varh"": ""Memory"", ""valh"": ""First"", ""saf"": ""False"", ""pc1"": ""True"", ""bdc"": ""1000"", ""toh"": ""False"", ""ng"": ""NO"", ""lc"": ""2"", ""negative"": ""V"", ""generic2"": ""True"", ""sb"": ""NO""}",1.0868106249836273,1.3083662499848288,9,ExitStatus.UNKNOWN,False,False,1.3083662499848288
2025-06-07T21:16:09.437450,ProgressiveParty-rally-red12-09_c23.xml,"{""input"": ""tests/xcsp3/cop/UNKNOWN/ProgressiveParty-rally-red12-09_c23.xml"", ""solver"": ""xcsp:ACE@2.4"", ""output_dir"": ""results_comparison"", ""global_time_limit"": 600, ""max_tries"": 50, ""tuning_file"": ""tests/psa/ace.tuning.json"", ""hpo_strategy"": ""hamming"", ""global_time_strategy"": ""PERCENT"", ""percent"": 0.2, ""round_time_strategy"": ""STATIC"", ""time_evolution"": ""STATIC"", ""stop_strategy"": ""TIMEOUT""}",54,"{""varh"": ""Wdeg"", ""valh"": ""First"", ""saf"": ""False"", ""pc1"": ""True"", ""bdc"": ""100"", ""toh"": ""False"", ""ng"": ""NO"", ""lc"": ""10"", ""negative"": ""V"", ""generic2"": ""True"", ""sb"": ""NO""}",1.0868106249836273,1.2854778329783585,9,ExitStatus.UNKNOWN,False,False,1.2854778329783585
2025-06-07T21:16:11.152542,ProgressiveParty-rally-red12-09_c23.xml,"{""input"": ""tests/xcsp3/cop/UNKNOWN/ProgressiveParty-rally-red12-09_c23.xml"", ""solver"": ""xcsp:ACE@2.4"", ""output_dir"": ""results_comparison"", ""global_time_limit"": 600, ""max_tries"": 50, ""tuning_file"": ""tests/psa/ace.tuning.json"", ""hpo_strategy"": ""hamming"", ""global_time_strategy"": ""PERCENT"", ""percent"": 0.2, ""round_time_strategy"": ""STATIC"", ""time_evolution"": ""STATIC"", ""stop_strategy"": ""TIMEOUT""}",55,"{""varh"": ""FrbaOnDom"", ""valh"": ""OccsR"", ""saf"": ""False"", ""pc1"": ""True"", ""bdc"": ""1"", ""toh"": ""False"", ""ng"": ""NO"", ""lc"": ""2"", ""negative"": ""V"", ""generic2"": ""True"", ""sb"": ""NO""}",1.0868106249836273,1.5877245830197353,9,ExitStatus.FEASIBLE,False,False,1.5877245830197353
2025-06-07T21:16:12.887291,ProgressiveParty-rally-red12-09_c23.xml,"{""input"": ""tests/xcsp3/cop/UNKNOWN/ProgressiveParty-rally-red12-09_c23.xml"", ""solver"": ""xcsp:ACE@2.4"", ""output_dir"": ""results_comparison"", ""global_time_limit"": 600, ""max_tries"": 50, ""tuning_file"": ""tests/psa/ace.tuning.json"", ""hpo_strategy"": ""hamming"", ""global_time_strategy"": ""PERCENT"", ""percent"": 0.2, ""round_time_strategy"": ""STATIC"", ""time_evolution"": ""STATIC"", ""stop_strategy"": ""TIMEOUT""}",56,"{""varh"": ""Wdeg"", ""valh"": ""RunRobin"", ""saf"": ""False"", ""pc1"": ""True"", ""bdc"": ""1"", ""toh"": ""False"", ""ng"": ""NO"", ""lc"": ""1"", ""negative"": ""V"", ""generic2"": ""True"", ""sb"": ""NO""}",1.0868106249836273,1.5990557089971844,9,ExitStatus.FEASIBLE,False,False,1.5990557089971844
2025-06-07T21:16:14.622989,ProgressiveParty-rally-red12-09_c23.xml,"{""input"": ""tests/xcsp3/cop/UNKNOWN/ProgressiveParty-rally-red12-09_c23.xml"", ""solver"": ""xcsp:ACE@2.4"", ""output_dir"": ""results_comparison"", ""global_time_limit"": 600, ""max_tries"": 50, ""tuning_file"": ""tests/psa/ace.tuning.json"", ""hpo_strategy"": ""hamming"", ""global_time_strategy"": ""PERCENT"", ""percent"": 0.2, ""round_time_strategy"": ""STATIC"", ""time_evolution"": ""STATIC"", ""stop_strategy"": ""TIMEOUT""}",57,"{""varh"": ""Wdeg"", ""valh"": ""Rand"", ""saf"": ""False"", ""pc1"": ""True"", ""bdc"": ""1"", ""toh"": ""False"", ""ng"": ""NO"", ""lc"": ""2"", ""negative"": ""STR1N"", ""generic2"": ""True"", ""sb"": ""NO""}",1.0868106249836273,1.6017303330008872,9,ExitStatus.FEASIBLE,False,False,1.6017303330008872
2025-06-07T21:16:16.372313,ProgressiveParty-rally-red12-09_c23.xml,"{""input"": ""tests/xcsp3/cop/UNKNOWN/ProgressiveParty-rally-red12-09_c23.xml"", ""solver"": ""xcsp:ACE@2.4"", ""output_dir"": ""results_comparison"", ""global_time_limit"": 600, ""max_tries"": 50, ""tuning_file"": ""tests/psa/ace.tuning.json"", ""hpo_strategy"": ""hamming"", ""global_time_strategy"": ""PERCENT"", ""percent"": 0.2, ""round_time_strategy"": ""STATIC"", ""time_evolution"": ""STATIC"", ""stop_strategy"": ""TIMEOUT""}",58,"{""varh"": ""Wdeg"", ""valh"": ""First"", ""saf"": ""False"", ""pc1"": ""True"", ""bdc"": ""1"", ""toh"": ""False"", ""ng"": ""NO"", ""lc"": ""0"", ""negative"": ""STR1N"", ""generic2"": ""True"", ""sb"": ""NO""}",1.0868106249836273,1.615959082992049,9,ExitStatus.FEASIBLE,False,False,1.615959082992049
2025-06-07T21:16:18.101350,ProgressiveParty-rally-red12-09_c23.xml,"{""input"": ""tests/xcsp3/cop/UNKNOWN/ProgressiveParty-rally-red12-09_c23.xml"", ""solver"": ""xcsp:ACE@2.4"", ""output_dir"": ""results_comparison"", ""global_time_limit"": 600, ""max_tries"": 50, ""tuning_file"": ""tests/psa/ace.tuning.json"", ""hpo_strategy"": ""hamming"", ""global_time_strategy"": ""PERCENT"", ""percent"": 0.2, ""round_time_strategy"": ""STATIC"", ""time_evolution"": ""STATIC"", ""stop_strategy"": ""TIMEOUT""}",59,"{""varh"": ""Wdeg"", ""valh"": ""Rand"", ""saf"": ""False"", ""pc1"": ""True"", ""bdc"": ""1"", ""toh"": ""False"", ""ng"": ""NO"", ""lc"": ""2"", ""negative"": ""V"", ""generic2"": ""False"", ""sb"": ""NO""}",1.0868106249836273,1.5980952919926494,9,ExitStatus.FEASIBLE,False,False,1.5980952919926494
2025-06-07T21:16:19.832563,ProgressiveParty-rally-red12-09_c23.xml,"{""input"": ""tests/xcsp3/cop/UNKNOWN/ProgressiveParty-rally-red12-09_c23.xml"", ""solver"": ""xcsp:ACE@2.4"", ""output_dir"": ""results_comparison"", ""global_time_limit"": 600, ""max_tries"": 50, ""tuning_file"": ""tests/psa/ace.tuning.json"", ""hpo_strategy"": ""hamming"", ""global_time_strategy"": ""PERCENT"", ""percent"": 0.2, ""round_time_strategy"": ""STATIC"", ""time_evolution"": ""STATIC"", ""stop_strategy"": ""TIMEOUT""}",60,"{""varh"": ""Wdeg"", ""valh"": ""Vals"", ""saf"": ""False"", ""pc1"": ""True"", ""bdc"": ""1"", ""toh"": ""False"", ""ng"": ""NO"", ""lc"": ""2"", ""negative"": ""STR1N"", ""generic2"": ""True"", ""sb"": ""NO""}",1.0868106249836273,1.6000507920107339,9,ExitStatus.FEASIBLE,False,False,1.6000507920107339
2025-06-07T21:16:21.561058,ProgressiveParty-rally-red12-09_c23.xml,"{""input"": ""tests/xcsp3/cop/UNKNOWN/ProgressiveParty-rally-red12-09_c23.xml"", ""solver"": ""xcsp:ACE@2.4"", ""output_dir"": ""results_comparison"", ""global_time_limit"": 600, ""max_tries"": 50, ""tuning_file"": ""tests/psa/ace.tuning.json"", ""hpo_strategy"": ""hamming"", ""global_time_strategy"": ""PERCENT"", ""percent"": 0.2, ""round_time_strategy"": ""STATIC"", ""time_evolution"": ""STATIC"", ""stop_strategy"": ""TIMEOUT""}",61,"{""varh"": ""Activity"", ""valh"": ""First"", ""saf"": ""False"", ""pc1"": ""True"", ""bdc"": ""1"", ""toh"": ""False"", ""ng"": ""NO"", ""lc"": ""2"", ""negative"": ""STR1N"", ""generic2"": ""True"", ""sb"": ""NO""}",1.0868106249836273,1.5969114999752492,9,ExitStatus.FEASIBLE,False,False,1.5969114999752492
2025-06-07T21:16:23.288610,ProgressiveParty-rally-red12-09_c23.xml,"{""input"": ""tests/xcsp3/cop/UNKNOWN/ProgressiveParty-rally-red12-09_c23.xml"", ""solver"": ""xcsp:ACE@2.4"", ""output_dir"": ""results_comparison"", ""global_time_limit"": 600, ""max_tries"": 50, ""tuning_file"": ""tests/psa/ace.tuning.json"", ""hpo_strategy"": ""hamming"", ""global_time_strategy"": ""PERCENT"", ""percent"": 0.2, ""round_time_strategy"": ""STATIC"", ""time_evolution"": ""STATIC"", ""stop_strategy"": ""TIMEOUT""}",62,"{""varh"": ""Lexico"", ""valh"": ""First"", ""saf"": ""True"", ""pc1"": ""True"", ""bdc"": ""1"", ""toh"": ""False"", ""ng"": ""NO"", ""lc"": ""2"", ""negative"": ""V"", ""generic2"": ""True"", ""sb"": ""NO""}",1.0868106249836273,1.6016918329987675,9,ExitStatus.FEASIBLE,False,False,1.6016918329987675
2025-06-07T21:16:25.012179,ProgressiveParty-rally-red12-09_c23.xml,"{""input"": ""tests/xcsp3/cop/UNKNOWN/ProgressiveParty-rally-red12-09_c23.xml"", ""solver"": ""xcsp:ACE@2.4"", ""output_dir"": ""results_comparison"", ""global_time_limit"": 600, ""max_tries"": 50, ""tuning_file"": ""tests/psa/ace.tuning.json"", ""hpo_strategy"": ""hamming"", ""global_time_strategy"": ""PERCENT"", ""percent"": 0.2, ""round_time_strategy"": ""STATIC"", ""time_evolution"": ""STATIC"", ""stop_strategy"": ""TIMEOUT""}",63,"{""varh"": ""Rand"", ""valh"": ""First"", ""saf"": ""False"", ""pc1"": ""True"", ""bdc"": ""1"", ""toh"": ""False"", ""ng"": ""NO"", ""lc"": ""2"", ""negative"": ""STR0"", ""generic2"": ""True"", ""sb"": ""NO""}",1.0868106249836273,1.5936094999779016,9,ExitStatus.FEASIBLE,False,False,1.5936094999779016
2025-06-07T21:16:26.747611,ProgressiveParty-rally-red12-09_c23.xml,"{""input"": ""tests/xcsp3/cop/UNKNOWN/ProgressiveParty-rally-red12-09_c23.xml"", ""solver"": ""xcsp:ACE@2.4"", ""output_dir"": ""results_comparison"", ""global_time_limit"": 600, ""max_tries"": 50, ""tuning_file"": ""tests/psa/ace.tuning.json"", ""hpo_strategy"": ""hamming"", ""global_time_strategy"": ""PERCENT"", ""percent"": 0.2, ""round_time_strategy"": ""STATIC"", ""time_evolution"": ""STATIC"", ""stop_strategy"": ""TIMEOUT""}",64,"{""varh"": ""PickOnDom"", ""valh"": ""First"", ""saf"": ""False"", ""pc1"": ""True"", ""bdc"": ""1"", ""toh"": ""False"", ""ng"": ""NO"", ""lc"": ""2"", ""negative"": ""STR3"", ""generic2"": ""True"", ""sb"": ""NO""}",1.0868106249836273,1.6045264580170624,9,ExitStatus.FEASIBLE,False,False,1.6045264580170624
2025-06-07T21:16:28.478275,ProgressiveParty-rally-red12-09_c23.xml,"{""input"": ""tests/xcsp3/cop/UNKNOWN/ProgressiveParty-rally-red12-09_c23.xml"", ""solver"": ""xcsp:ACE@2.4"", ""output_dir"": ""results_comparison"", ""global_time_limit"": 600, ""max_tries"": 50, ""tuning_file"": ""tests/psa/ace.tuning.json"", ""hpo_strategy"": ""hamming"", ""global_time_strategy"": ""PERCENT"", ""percent"": 0.2, ""round_time_strategy"": ""STATIC"", ""time_evolution"": ""STATIC"", ""stop_strategy"": ""TIMEOUT""}",65,"{""varh"": ""Wdeg"", ""valh"": ""First"", ""saf"": ""False"", ""pc1"": ""False"", ""bdc"": ""1"", ""toh"": ""False"", ""ng"": ""NO"", ""lc"": ""5"", ""negative"": ""V"", ""generic2"": ""True"", ""sb"": ""NO""}",1.0868106249836273,1.599398708989611,9,ExitStatus.FEASIBLE,False,False,1.599398708989611
2025-06-07T21:16:30.215966,ProgressiveParty-rally-red12-09_c23.xml,"{""input"": ""tests/xcsp3/cop/UNKNOWN/ProgressiveParty-rally-red12-09_c23.xml"", ""solver"": ""xcsp:ACE@2.4"", ""output_dir"": ""results_comparison"", ""global_time_limit"": 600, ""max_tries"": 50, ""tuning_file"": ""tests/psa/ace.tuning.json"", ""hpo_strategy"": ""hamming"", ""global_time_strategy"": ""PERCENT"", ""percent"": 0.2, ""round_time_strategy"": ""STATIC"", ""time_evolution"": ""STATIC"", ""stop_strategy"": ""TIMEOUT""}",66,"{""varh"": ""Wdeg"", ""valh"": ""Bivs3"", ""saf"": ""False"", ""pc1"": ""True"", ""bdc"": ""1"", ""toh"": ""False"", ""ng"": ""NO"", ""lc"": ""1"", ""negative"": ""V"", ""generic2"": ""True"", ""sb"": ""NO""}",1.0868106249836273,1.608279667008901,9,ExitStatus.FEASIBLE,False,False,1.608279667008901
2025-06-07T21:16:31.938447,ProgressiveParty-rally-red12-09_c23.xml,"{""input"": ""tests/xcsp3/cop/UNKNOWN/ProgressiveParty-rally-red12-09_c23.xml"", ""solver"": ""xcsp:ACE@2.4"", ""output_dir"": ""results_comparison"", ""global_time_limit"": 600, ""max_tries"": 50, ""tuning_file"": ""tests/psa/ace.tuning.json"", ""hpo_strategy"": ""hamming"", ""global_time_strategy"": ""PERCENT"", ""percent"": 0.2, ""round_time_strategy"": ""STATIC"", ""time_evolution"": ""STATIC"", ""stop_strategy"": ""TIMEOUT""}",67,"{""varh"": ""RunRobin"", ""valh"": ""First"", ""saf"": ""False"", ""pc1"": ""True"", ""bdc"": ""1"", ""toh"": ""False"", ""ng"": ""NO"", ""lc"": ""5"", ""negative"": ""V"", ""generic2"": ""True"", ""sb"": ""NO""}",1.0868106249836273,1.5904313340142835,9,ExitStatus.FEASIBLE,False,False,1.5904313340142835
2025-06-07T21:16:33.659436,ProgressiveParty-rally-red12-09_c23.xml,"{""input"": ""tests/xcsp3/cop/UNKNOWN/ProgressiveParty-rally-red12-09_c23.xml"", ""solver"": ""xcsp:ACE@2.4"", ""output_dir"": ""results_comparison"", ""global_time_limit"": 600, ""max_tries"": 50, ""tuning_file"": ""tests/psa/ace.tuning.json"", ""hpo_strategy"": ""hamming"", ""global_time_strategy"": ""PERCENT"", ""percent"": 0.2, ""round_time_strategy"": ""STATIC"", ""time_evolution"": ""STATIC"", ""stop_strategy"": ""TIMEOUT""}",68,"{""varh"": ""Wdeg"", ""valh"": ""First"", ""saf"": ""False"", ""pc1"": ""True"", ""bdc"": ""1"", ""toh"": ""True"", ""ng"": ""NO"", ""lc"": ""2"", ""negative"": ""STR2"", ""generic2"": ""True"", ""sb"": ""NO""}",1.0868106249836273,1.5913480000162963,9,ExitStatus.FEASIBLE,False,False,1.5913480000162963
2025-06-07T21:16:35.398007,ProgressiveParty-rally-red12-09_c23.xml,"{""input"": ""tests/xcsp3/cop/UNKNOWN/ProgressiveParty-rally-red12-09_c23.xml"", ""solver"": ""xcsp:ACE@2.4"", ""output_dir"": ""results_comparison"", ""global_time_limit"": 600, ""max_tries"": 50, ""tuning_file"": ""tests/psa/ace.tuning.json"", ""hpo_strategy"": ""hamming"", ""global_time_strategy"": ""PERCENT"", ""percent"": 0.2, ""round_time_strategy"": ""STATIC"", ""time_evolution"": ""STATIC"", ""stop_strategy"": ""TIMEOUT""}",69,"{""varh"": ""Wdeg"", ""valh"": ""First"", ""saf"": ""False"", ""pc1"": ""True"", ""bdc"": ""1"", ""toh"": ""False"", ""ng"": ""NO"", ""lc"": ""2"", ""negative"": ""STR2"", ""generic2"": ""False"", ""sb"": ""NO""}",1.0868106249836273,1.6084907079930417,9,ExitStatus.FEASIBLE,False,False,1.6084907079930417
2025-06-07T21:16:37.123199,ProgressiveParty-rally-red12-09_c23.xml,"{""input"": ""tests/xcsp3/cop/UNKNOWN/ProgressiveParty-rally-red12-09_c23.xml"", ""solver"": ""xcsp:ACE@2.4"", ""output_dir"": ""results_comparison"", ""global_time_limit"": 600, ""max_tries"": 50, ""tuning_file"": ""tests/psa/ace.tuning.json"", ""hpo_strategy"": ""hamming"", ""global_time_strategy"": ""PERCENT"", ""percent"": 0.2, ""round_time_strategy"": ""STATIC"", ""time_evolution"": ""STATIC"", ""stop_strategy"": ""TIMEOUT""}",70,"{""varh"": ""Wdeg"", ""valh"": ""OccsR"", ""saf"": ""False"", ""pc1"": ""True"", ""bdc"": ""1"", ""toh"": ""False"", ""ng"": ""NO"", ""lc"": ""5"", ""negative"": ""V"", ""generic2"": ""True"", ""sb"": ""NO""}",1.0868106249836273,1.5963963749818504,9,ExitStatus.FEASIBLE,False,False,1.5963963749818504
2025-06-07T21:16:38.825880,ProgressiveParty-rally-red12-09_c23.xml,"{""input"": ""tests/xcsp3/cop/UNKNOWN/ProgressiveParty-rally-red12-09_c23.xml"", ""solver"": ""xcsp:ACE@2.4"", ""output_dir"": ""results_comparison"", ""global_time_limit"": 600, ""max_tries"": 50, ""tuning_file"": ""tests/psa/ace.tuning.json"", ""hpo_strategy"": ""hamming"", ""global_time_strategy"": ""PERCENT"", ""percent"": 0.2, ""round_time_strategy"": ""STATIC"", ""time_evolution"": ""STATIC"", ""stop_strategy"": ""TIMEOUT""}",71,"{""varh"": ""Wdeg"", ""valh"": ""RunRobin"", ""saf"": ""False"", ""pc1"": ""True"", ""bdc"": ""1"", ""toh"": ""False"", ""ng"": ""NO"", ""lc"": ""2"", ""negative"": ""STR0"", ""generic2"": ""True"", ""sb"": ""NO""}",1.0868106249836273,1.5733049169939477,9,ExitStatus.FEASIBLE,False,False,1.5733049169939477
2025-06-07T21:16:40.341389,ProgressiveParty-rally-red12-09_c23.xml,"{""input"": ""tests/xcsp3/cop/UNKNOWN/ProgressiveParty-rally-red12-09_c23.xml"", ""solver"": ""xcsp:ACE@2.4"", ""output_dir"": ""results_comparison"", ""global_time_limit"": 600, ""max_tries"": 50, ""tuning_file"": ""tests/psa/ace.tuning.json"", ""hpo_strategy"": ""hamming"", ""global_time_strategy"": ""PERCENT"", ""percent"": 0.2, ""round_time_strategy"": ""STATIC"", ""time_evolution"": ""STATIC"", ""stop_strategy"": ""TIMEOUT""}",72,"{""varh"": ""Lexico"", ""valh"": ""First"", ""saf"": ""False"", ""pc1"": ""True"", ""bdc"": ""1"", ""toh"": ""False"", ""ng"": ""NO"", ""lc"": ""1"", ""negative"": ""V"", ""generic2"": ""True"", ""sb"": ""NO""}",1.0868106249836273,1.3993674580124207,9,ExitStatus.OPTIMAL,False,False,1.3993674580124207
2025-06-07T21:16:42.041051,ProgressiveParty-rally-red12-09_c23.xml,"{""input"": ""tests/xcsp3/cop/UNKNOWN/ProgressiveParty-rally-red12-09_c23.xml"", ""solver"": ""xcsp:ACE@2.4"", ""output_dir"": ""results_comparison"", ""global_time_limit"": 600, ""max_tries"": 50, ""tuning_file"": ""tests/psa/ace.tuning.json"", ""hpo_strategy"": ""hamming"", ""global_time_strategy"": ""PERCENT"", ""percent"": 0.2, ""round_time_strategy"": ""STATIC"", ""time_evolution"": ""STATIC"", ""stop_strategy"": ""TIMEOUT""}",73,"{""varh"": ""Impact"", ""valh"": ""First"", ""saf"": ""False"", ""pc1"": ""True"", ""bdc"": ""1"", ""toh"": ""False"", ""ng"": ""NO"", ""lc"": ""10"", ""negative"": ""V"", ""generic2"": ""True"", ""sb"": ""NO""}",1.0868106249836273,1.5740172909863759,9,ExitStatus.FEASIBLE,False,False,1.5740172909863759
2025-06-07T21:16:43.239903,ProgressiveParty-rally-red12-09_c23.xml,"{""input"": ""tests/xcsp3/cop/UNKNOWN/ProgressiveParty-rally-red12-09_c23.xml"", ""solver"": ""xcsp:ACE@2.4"", ""output_dir"": ""results_comparison"", ""global_time_limit"": 600, ""max_tries"": 50, ""tuning_file"": ""tests/psa/ace.tuning.json"", ""hpo_strategy"": ""hamming"", ""global_time_strategy"": ""PERCENT"", ""percent"": 0.2, ""round_time_strategy"": ""STATIC"", ""time_evolution"": ""STATIC"", ""stop_strategy"": ""TIMEOUT""}",74,"{""varh"": ""Wdeg"", ""valh"": ""OccsR"", ""saf"": ""False"", ""pc1"": ""True"", ""bdc"": ""10"", ""toh"": ""False"", ""ng"": ""NO"", ""lc"": ""2"", ""negative"": ""V"", ""generic2"": ""True"", ""sb"": ""NO""}",1.0862119579978753,1.0862119579978753,9,ExitStatus.OPTIMAL,False,False,1.0862119579978753
2025-06-07T21:16:44.436717,ProgressiveParty-rally-red12-09_c23.xml,"{""input"": ""tests/xcsp3/cop/UNKNOWN/ProgressiveParty-rally-red12-09_c23.xml"", ""solver"": ""xcsp:ACE@2.4"", ""output_dir"": ""results_comparison"", ""global_time_limit"": 600, ""max_tries"": 50, ""tuning_file"": ""tests/psa/ace.tuning.json"", ""hpo_strategy"": ""hamming"", ""global_time_strategy"": ""PERCENT"", ""percent"": 0.2, ""round_time_strategy"": ""STATIC"", ""time_evolution"": ""STATIC"", ""stop_strategy"": ""TIMEOUT""}",75,"{""varh"": ""Rand"", ""valh"": ""First"", ""saf"": ""False"", ""pc1"": ""True"", ""bdc"": ""1000"", ""toh"": ""False"", ""ng"": ""NO"", ""lc"": ""2"", ""negative"": ""V"", ""generic2"": ""True"", ""sb"": ""NO""}",1.0862119579978753,1.084852875006618,9,ExitStatus.UNKNOWN,False,False,1.084852875006618
2025-06-07T21:16:45.664662,ProgressiveParty-rally-red12-09_c23.xml,"{""input"": ""tests/xcsp3/cop/UNKNOWN/ProgressiveParty-rally-red12-09_c23.xml"", ""solver"": ""xcsp:ACE@2.4"", ""output_dir"": ""results_comparison"", ""global_time_limit"": 600, ""max_tries"": 50, ""tuning_file"": ""tests/psa/ace.tuning.json"", ""hpo_strategy"": ""hamming"", ""global_time_strategy"": ""PERCENT"", ""percent"": 0.2, ""round_time_strategy"": ""STATIC"", ""time_evolution"": ""STATIC"", ""stop_strategy"": ""TIMEOUT""}",76,"{""varh"": ""Wdeg"", ""valh"": ""First"", ""saf"": ""False"", ""pc1"": ""True"", ""bdc"": ""1000"", ""toh"": ""False"", ""ng"": ""NO"", ""lc"": ""2"", ""negative"": ""STR3"", ""generic2"": ""True"", ""sb"": ""NO""}",1.0862119579978753,1.1140124580124393,9,ExitStatus.UNKNOWN,False,False,1.1140124580124393
2025-06-07T21:16:47.330979,ProgressiveParty-rally-red12-09_c23.xml,"{""input"": ""tests/xcsp3/cop/UNKNOWN/ProgressiveParty-rally-red12-09_c23.xml"", ""solver"": ""xcsp:ACE@2.4"", ""output_dir"": ""results_comparison"", ""global_time_limit"": 600, ""max_tries"": 50, ""tuning_file"": ""tests/psa/ace.tuning.json"", ""hpo_strategy"": ""hamming"", ""global_time_strategy"": ""PERCENT"", ""percent"": 0.2, ""round_time_strategy"": ""STATIC"", ""time_evolution"": ""STATIC"", ""stop_strategy"": ""TIMEOUT""}",77,"{""varh"": ""Activity"", ""valh"": ""First"", ""saf"": ""False"", ""pc1"": ""True"", ""bdc"": ""1"", ""toh"": ""False"", ""ng"": ""NO"", ""lc"": ""2"", ""negative"": ""STR3"", ""generic2"": ""True"", ""sb"": ""NO""}",1.0862119579978753,1.5533658750064205,9,ExitStatus.FEASIBLE,False,False,1.5533658750064205
2025-06-07T21:16:49.003760,ProgressiveParty-rally-red12-09_c23.xml,"{""input"": ""tests/xcsp3/cop/UNKNOWN/ProgressiveParty-rally-red12-09_c23.xml"", ""solver"": ""xcsp:ACE@2.4"", ""output_dir"": ""results_comparison"", ""global_time_limit"": 600, ""max_tries"": 50, ""tuning_file"": ""tests/psa/ace.tuning.json"", ""hpo_strategy"": ""hamming"", ""global_time_strategy"": ""PERCENT"", ""percent"": 0.2, ""round_time_strategy"": ""STATIC"", ""time_evolution"": ""STATIC"", ""stop_strategy"": ""TIMEOUT""}",78,"{""varh"": ""Wdeg"", ""valh"": ""Bivs3"", ""saf"": ""False"", ""pc1"": ""False"", ""bdc"": ""1"", ""toh"": ""False"", ""ng"": ""NO"", ""lc"": ""2"", ""negative"": ""V"", ""generic2"": ""True"", ""sb"": ""NO""}",1.0862119579978753,1.5603677080071066,9,ExitStatus.FEASIBLE,False,False,1.5603677080071066
2025-06-07T21:16:50.670805,ProgressiveParty-rally-red12-09_c23.xml,"{""input"": ""tests/xcsp3/cop/UNKNOWN/ProgressiveParty-rally-red12-09_c23.xml"", ""solver"": ""xcsp:ACE@2.4"", ""output_dir"": ""results_comparison"", ""global_time_limit"": 600, ""max_tries"": 50, ""tuning_file"": ""tests/psa/ace.tuning.json"", ""hpo_strategy"": ""hamming"", ""global_time_strategy"": ""PERCENT"", ""percent"": 0.2, ""round_time_strategy"": ""STATIC"", ""time_evolution"": ""STATIC"", ""stop_strategy"": ""TIMEOUT""}",79,"{""varh"": ""Impact"", ""valh"": ""FlrsE"", ""saf"": ""False"", ""pc1"": ""True"", ""bdc"": ""1"", ""toh"": ""False"", ""ng"": ""NO"", ""lc"": ""2"", ""negative"": ""V"", ""generic2"": ""True"", ""sb"": ""NO""}",1.0862119579978753,1.5557249590056017,9,ExitStatus.FEASIBLE,False,False,1.5557249590056017
2025-06-07T21:16:52.355621,ProgressiveParty-rally-red12-09_c23.xml,"{""input"": ""tests/xcsp3/cop/UNKNOWN/ProgressiveParty-rally-red12-09_c23.xml"", ""solver"": ""xcsp:ACE@2.4"", ""output_dir"": ""results_comparison"", ""global_time_limit"": 600, ""max_tries"": 50, ""tuning_file"": ""tests/psa/ace.tuning.json"", ""hpo_strategy"": ""hamming"", ""global_time_strategy"": ""PERCENT"", ""percent"": 0.2, ""round_time_strategy"": ""STATIC"", ""time_evolution"": ""STATIC"", ""stop_strategy"": ""TIMEOUT""}",80,"{""varh"": ""Rand"", ""valh"": ""First"", ""saf"": ""False"", ""pc1"": ""True"", ""bdc"": ""1"", ""toh"": ""False"", ""ng"": ""NO"", ""lc"": ""5"", ""negative"": ""V"", ""generic2"": ""True"", ""sb"": ""NO""}",1.0862119579978753,1.5631152919959277,9,ExitStatus.FEASIBLE,False,False,1.5631152919959277
2025-06-07T21:16:54.040071,ProgressiveParty-rally-red12-09_c23.xml,"{""input"": ""tests/xcsp3/cop/UNKNOWN/ProgressiveParty-rally-red12-09_c23.xml"", ""solver"": ""xcsp:ACE@2.4"", ""output_dir"": ""results_comparison"", ""global_time_limit"": 600, ""max_tries"": 50, ""tuning_file"": ""tests/psa/ace.tuning.json"", ""hpo_strategy"": ""hamming"", ""global_time_strategy"": ""PERCENT"", ""percent"": 0.2, ""round_time_strategy"": ""STATIC"", ""time_evolution"": ""STATIC"", ""stop_strategy"": ""TIMEOUT""}",81,"{""varh"": ""Wdeg"", ""valh"": ""First"", ""saf"": ""False"", ""pc1"": ""True"", ""bdc"": ""1"", ""toh"": ""False"", ""ng"": ""NO"", ""lc"": ""5"", ""negative"": ""STR2"", ""generic2"": ""True"", ""sb"": ""NO""}",1.0862119579978753,1.5715854580048472,9,ExitStatus.FEASIBLE,False,False,1.5715854580048472
2025-06-07T21:16:55.717625,ProgressiveParty-rally-red12-09_c23.xml,"{""input"": ""tests/xcsp3/cop/UNKNOWN/ProgressiveParty-rally-red12-09_c23.xml"", ""solver"": ""xcsp:ACE@2.4"", ""output_dir"": ""results_comparison"", ""global_time_limit"": 600, ""max_tries"": 50, ""tuning_file"": ""tests/psa/ace.tuning.json"", ""hpo_strategy"": ""hamming"", ""global_time_strategy"": ""PERCENT"", ""percent"": 0.2, ""round_time_strategy"": ""STATIC"", ""time_evolution"": ""STATIC"", ""stop_strategy"": ""TIMEOUT""}",82,"{""varh"": ""Wdeg"", ""valh"": ""First"", ""saf"": ""False"", ""pc1"": ""True"", ""bdc"": ""1"", ""toh"": ""False"", ""ng"": ""NO"", ""lc"": ""10"", ""negative"": ""STR0"", ""generic2"": ""True"", ""sb"": ""NO""}",1.0862119579978753,1.570798750006361,9,ExitStatus.FEASIBLE,False,False,1.570798750006361
2025-06-07T21:16:57.383508,ProgressiveParty-rally-red12-09_c23.xml,"{""input"": ""tests/xcsp3/cop/UNKNOWN/ProgressiveParty-rally-red12-09_c23.xml"", ""solver"": ""xcsp:ACE@2.4"", ""output_dir"": ""results_comparison"", ""global_time_limit"": 600, ""max_tries"": 50, ""tuning_file"": ""tests/psa/ace.tuning.json"", ""hpo_strategy"": ""hamming"", ""global_time_strategy"": ""PERCENT"", ""percent"": 0.2, ""round_time_strategy"": ""STATIC"", ""time_evolution"": ""STATIC"", ""stop_strategy"": ""TIMEOUT""}",83,"{""varh"": ""Memory"", ""valh"": ""First"", ""saf"": ""False"", ""pc1"": ""True"", ""bdc"": ""1"", ""toh"": ""False"", ""ng"": ""NO"", ""lc"": ""2"", ""negative"": ""STR1N"", ""generic2"": ""True"", ""sb"": ""NO""}",1.0862119579978753,1.558183041983284,9,ExitStatus.FEASIBLE,False,False,1.558183041983284
2025-06-07T21:16:58.792282,ProgressiveParty-rally-red12-09_c23.xml,"{""input"": ""tests/xcsp3/cop/UNKNOWN/ProgressiveParty-rally-red12-09_c23.xml"", ""solver"": ""xcsp:ACE@2.4"", ""output_dir"": ""results_comparison"", ""global_time_limit"": 600, ""max_tries"": 50, ""tuning_file"": ""tests/psa/ace.tuning.json"", ""hpo_strategy"": ""hamming"", ""global_time_strategy"": ""PERCENT"", ""percent"": 0.2, ""round_time_strategy"": ""STATIC"", ""time_evolution"": ""STATIC"", ""stop_strategy"": ""TIMEOUT""}",84,"{""varh"": ""PickOnDom"", ""valh"": ""First"", ""saf"": ""False"", ""pc1"": ""True"", ""bdc"": ""1"", ""toh"": ""False"", ""ng"": ""NO"", ""lc"": ""2"", ""negative"": ""STR0"", ""generic2"": ""True"", ""sb"": ""NO""}",1.0862119579978753,1.2952239169972017,9,ExitStatus.OPTIMAL,False,False,1.2952239169972017
2025-06-07T21:17:00.430188,ProgressiveParty-rally-red12-09_c23.xml,"{""input"": ""tests/xcsp3/cop/UNKNOWN/ProgressiveParty-rally-red12-09_c23.xml"", ""solver"": ""xcsp:ACE@2.4"", ""output_dir"": ""results_comparison"", ""global_time_limit"": 600, ""max_tries"": 50, ""tuning_file"": ""tests/psa/ace.tuning.json"", ""hpo_strategy"": ""hamming"", ""global_time_strategy"": ""PERCENT"", ""percent"": 0.2, ""round_time_strategy"": ""STATIC"", ""time_evolution"": ""STATIC"", ""stop_strategy"": ""TIMEOUT""}",85,"{""varh"": ""Wdeg"", ""valh"": ""Last"", ""saf"": ""False"", ""pc1"": ""True"", ""bdc"": ""1"", ""toh"": ""False"", ""ng"": ""NO"", ""lc"": ""5"", ""negative"": ""V"", ""generic2"": ""True"", ""sb"": ""NO""}",1.0862119579978753,1.5234580409887712,9,ExitStatus.OPTIMAL,False,False,1.5234580409887712
2025-06-07T21:17:06.544550,ProgressiveParty-rally-red12-09_c23.xml,"{""input"": ""tests/xcsp3/cop/UNKNOWN/ProgressiveParty-rally-red12-09_c23.xml"", ""solver"": ""xcsp:ACE@2.4"", ""output_dir"": ""results_comparison"", ""global_time_limit"": 600, ""max_tries"": 50, ""tuning_file"": ""tests/psa/ace.tuning.json"", ""hpo_strategy"": ""hamming"", ""global_time_strategy"": ""PERCENT"", ""percent"": 0.2, ""round_time_strategy"": ""STATIC"", ""time_evolution"": ""STATIC"", ""stop_strategy"": ""TIMEOUT""}",86,"{""varh"": ""FrbaOnDom"", ""valh"": ""Conflicts"", ""saf"": ""False"", ""pc1"": ""True"", ""bdc"": ""1"", ""toh"": ""False"", ""ng"": ""NO"", ""lc"": ""2"", ""negative"": ""V"", ""generic2"": ""True"", ""sb"": ""NO""}",1.0862119579978753,1,,ExitStatus.UNKNOWN,False,False,1
2025-06-07T21:17:08.276002,ProgressiveParty-rally-red12-09_c23.xml,"{""input"": ""tests/xcsp3/cop/UNKNOWN/ProgressiveParty-rally-red12-09_c23.xml"", ""solver"": ""xcsp:ACE@2.4"", ""output_dir"": ""results_comparison"", ""global_time_limit"": 600, ""max_tries"": 50, ""tuning_file"": ""tests/psa/ace.tuning.json"", ""hpo_strategy"": ""hamming"", ""global_time_strategy"": ""PERCENT"", ""percent"": 0.2, ""round_time_strategy"": ""STATIC"", ""time_evolution"": ""STATIC"", ""stop_strategy"": ""TIMEOUT""}",87,"{""varh"": ""Activity"", ""valh"": ""First"", ""saf"": ""False"", ""pc1"": ""True"", ""bdc"": ""1"", ""toh"": ""False"", ""ng"": ""NO"", ""lc"": ""2"", ""negative"": ""V"", ""generic2"": ""False"", ""sb"": ""NO""}",1.0862119579978753,1.617074958019657,9,ExitStatus.FEASIBLE,False,False,1.617074958019657
2025-06-07T21:17:09.991071,ProgressiveParty-rally-red12-09_c23.xml,"{""input"": ""tests/xcsp3/cop/UNKNOWN/ProgressiveParty-rally-red12-09_c23.xml"", ""solver"": ""xcsp:ACE@2.4"", ""output_dir"": ""results_comparison"", ""global_time_limit"": 600, ""max_tries"": 50, ""tuning_file"": ""tests/psa/ace.tuning.json"", ""hpo_strategy"": ""hamming"", ""global_time_strategy"": ""PERCENT"", ""percent"": 0.2, ""round_time_strategy"": ""STATIC"", ""time_evolution"": ""STATIC"", ""stop_strategy"": ""TIMEOUT""}",88,"{""varh"": ""Wdeg"", ""valh"": ""Last"", ""saf"": ""False"", ""pc1"": ""True"", ""bdc"": ""1"", ""toh"": ""False"", ""ng"": ""NO"", ""lc"": ""0"", ""negative"": ""V"", ""generic2"": ""True"", ""sb"": ""NO""}",1.0862119579978753,1.5893917090143077,9,ExitStatus.FEASIBLE,False,False,1.5893917090143077
2025-06-07T21:17:11.432629,ProgressiveParty-rally-red12-09_c23.xml,"{""input"": ""tests/xcsp3/cop/UNKNOWN/ProgressiveParty-rally-red12-09_c23.xml"", ""solver"": ""xcsp:ACE@2.4"", ""output_dir"": ""results_comparison"", ""global_time_limit"": 600, ""max_tries"": 50, ""tuning_file"": ""tests/psa/ace.tuning.json"", ""hpo_strategy"": ""hamming"", ""global_time_strategy"": ""PERCENT"", ""percent"": 0.2, ""round_time_strategy"": ""STATIC"", ""time_evolution"": ""STATIC"", ""stop_strategy"": ""TIMEOUT""}",89,"{""varh"": ""PickOnDom"", ""valh"": ""First"", ""saf"": ""True"", ""pc1"": ""True"", ""bdc"": ""1"", ""toh"": ""False"", ""ng"": ""NO"", ""lc"": ""2"", ""negative"": ""V"", ""generic2"": ""True"", ""sb"": ""NO""}",1.0862119579978753,1.3080816669971682,9,ExitStatus.OPTIMAL,False,False,1.3080816669971682
2025-06-07T21:17:12.620576,ProgressiveParty-rally-red12-09_c23.xml,"{""input"": ""tests/xcsp3/cop/UNKNOWN/ProgressiveParty-rally-red12-09_c23.xml"", ""solver"": ""xcsp:ACE@2.4"", ""output_dir"": ""results_comparison"", ""global_time_limit"": 600, ""max_tries"": 50, ""tuning_file"": ""tests/psa/ace.tuning.json"", ""hpo_strategy"": ""hamming"", ""global_time_strategy"": ""PERCENT"", ""percent"": 0.2, ""round_time_strategy"": ""STATIC"", ""time_evolution"": ""STATIC"", ""stop_strategy"": ""TIMEOUT""}",90,"{""varh"": ""Wdeg"", ""valh"": ""Bivs3"", ""saf"": ""False"", ""pc1"": ""True"", ""bdc"": ""100"", ""toh"": ""False"", ""ng"": ""NO"", ""lc"": ""2"", ""negative"": ""V"", ""generic2"": ""True"", ""sb"": ""NO""}",1.0862119579978753,1.0753584170015529,9,ExitStatus.UNKNOWN,False,False,1.0753584170015529
2025-06-07T21:17:14.299954,ProgressiveParty-rally-red12-09_c23.xml,"{""input"": ""tests/xcsp3/cop/UNKNOWN/ProgressiveParty-rally-red12-09_c23.xml"", ""solver"": ""xcsp:ACE@2.4"", ""output_dir"": ""results_comparison"", ""global_time_limit"": 600, ""max_tries"": 50, ""tuning_file"": ""tests/psa/ace.tuning.json"", ""hpo_strategy"": ""hamming"", ""global_time_strategy"": ""PERCENT"", ""percent"": 0.2, ""round_time_strategy"": ""STATIC"", ""time_evolution"": ""STATIC"", ""stop_strategy"": ""TIMEOUT""}",91,"{""varh"": ""Wdeg"", ""valh"": ""Vals"", ""saf"": ""False"", ""pc1"": ""True"", ""bdc"": ""1"", ""toh"": ""False"", ""ng"": ""NO"", ""lc"": ""2"", ""negative"": ""STR2"", ""generic2"": ""True"", ""sb"": ""NO""}",1.0862119579978753,1.5662567499966826,9,ExitStatus.FEASIBLE,False,False,1.5662567499966826
2025-06-07T21:17:15.981196,ProgressiveParty-rally-red12-09_c23.xml,"{""input"": ""tests/xcsp3/cop/UNKNOWN/ProgressiveParty-rally-red12-09_c23.xml"", ""solver"": ""xcsp:ACE@2.4"", ""output_dir"": ""results_comparison"", ""global_time_limit"": 600, ""max_tries"": 50, ""tuning_file"": ""tests/psa/ace.tuning.json"", ""hpo_strategy"": ""hamming"", ""global_time_strategy"": ""PERCENT"", ""percent"": 0.2, ""round_time_strategy"": ""STATIC"", ""time_evolution"": ""STATIC"", ""stop_strategy"": ""TIMEOUT""}",92,"{""varh"": ""Wdeg"", ""valh"": ""Rand"", ""saf"": ""False"", ""pc1"": ""True"", ""bdc"": ""1"", ""toh"": ""False"", ""ng"": ""NO"", ""lc"": ""2"", ""negative"": ""CT"", ""generic2"": ""True"", ""sb"": ""NO""}",1.0862119579978753,1.5687333749956451,9,ExitStatus.FEASIBLE,False,False,1.5687333749956451
2025-06-07T21:17:17.287264,ProgressiveParty-rally-red12-09_c23.xml,"{""input"": ""tests/xcsp3/cop/UNKNOWN/ProgressiveParty-rally-red12-09_c23.xml"", ""solver"": ""xcsp:ACE@2.4"", ""output_dir"": ""results_comparison"", ""global_time_limit"": 600, ""max_tries"": 50, ""tuning_file"": ""tests/psa/ace.tuning.json"", ""hpo_strategy"": ""hamming"", ""global_time_strategy"": ""PERCENT"", ""percent"": 0.2, ""round_time_strategy"": ""STATIC"", ""time_evolution"": ""STATIC"", ""stop_strategy"": ""TIMEOUT""}",93,"{""varh"": ""Wdeg"", ""valh"": ""First"", ""saf"": ""False"", ""pc1"": ""True"", ""bdc"": ""10"", ""toh"": ""False"", ""ng"": ""NO"", ""lc"": ""2"", ""negative"": ""VA"", ""generic2"": ""True"", ""sb"": ""NO""}",1.0862119579978753,1.1924689169973135,9,ExitStatus.OPTIMAL,False,False,1.1924689169973135
2025-06-07T21:17:18.956945,ProgressiveParty-rally-red12-09_c23.xml,"{""input"": ""tests/xcsp3/cop/UNKNOWN/ProgressiveParty-rally-red12-09_c23.xml"", ""solver"": ""xcsp:ACE@2.4"", ""output_dir"": ""results_comparison"", ""global_time_limit"": 600, ""max_tries"": 50, ""tuning_file"": ""tests/psa/ace.tuning.json"", ""hpo_strategy"": ""hamming"", ""global_time_strategy"": ""PERCENT"", ""percent"": 0.2, ""round_time_strategy"": ""STATIC"", ""time_evolution"": ""STATIC"", ""stop_strategy"": ""TIMEOUT""}",94,"{""varh"": ""Wdeg"", ""valh"": ""Last"", ""saf"": ""True"", ""pc1"": ""True"", ""bdc"": ""1"", ""toh"": ""False"", ""ng"": ""NO"", ""lc"": ""2"", ""negative"": ""V"", ""generic2"": ""True"", ""sb"": ""NO""}",1.0862119579978753,1.556780416984111,9,ExitStatus.FEASIBLE,False,False,1.556780416984111
2025-06-07T21:17:20.635530,ProgressiveParty-rally-red12-09_c23.xml,"{""input"": ""tests/xcsp3/cop/UNKNOWN/ProgressiveParty-rally-red12-09_c23.xml"", ""solver"": ""xcsp:ACE@2.4"", ""output_dir"": ""results_comparison"", ""global_time_limit"": 600, ""max_tries"": 50, ""tuning_file"": ""tests/psa/ace.tuning.json"", ""hpo_strategy"": ""hamming"", ""global_time_strategy"": ""PERCENT"", ""percent"": 0.2, ""round_time_strategy"": ""STATIC"", ""time_evolution"": ""STATIC"", ""stop_strategy"": ""TIMEOUT""}",95,"{""varh"": ""Wdeg"", ""valh"": ""First"", ""saf"": ""False"", ""pc1"": ""True"", ""bdc"": ""1"", ""toh"": ""False"", ""ng"": ""NO"", ""lc"": ""1"", ""negative"": ""VA"", ""generic2"": ""True"", ""sb"": ""NO""}",1.0862119579978753,1.566239207983017,9,ExitStatus.FEASIBLE,False,False,1.566239207983017
2025-06-07T21:17:22.309212,ProgressiveParty-rally-red12-09_c23.xml,"{""input"": ""tests/xcsp3/cop/UNKNOWN/ProgressiveParty-rally-red12-09_c23.xml"", ""solver"": ""xcsp:ACE@2.4"", ""output_dir"": ""results_comparison"", ""global_time_limit"": 600, ""max_tries"": 50, ""tuning_file"": ""tests/psa/ace.tuning.json"", ""hpo_strategy"": ""hamming"", ""global_time_strategy"": ""PERCENT"", ""percent"": 0.2, ""round_time_strategy"": ""STATIC"", ""time_evolution"": ""STATIC"", ""stop_strategy"": ""TIMEOUT""}",96,"{""varh"": ""Wdeg"", ""valh"": ""Bivs3"", ""saf"": ""False"", ""pc1"": ""True"", ""bdc"": ""1"", ""toh"": ""False"", ""ng"": ""NO"", ""lc"": ""10"", ""negative"": ""V"", ""generic2"": ""True"", ""sb"": ""NO""}",1.0862119579978753,1.5603586669894867,9,ExitStatus.FEASIBLE,False,False,1.5603586669894867
2025-06-07T21:17:23.990936,ProgressiveParty-rally-red12-09_c23.xml,"{""input"": ""tests/xcsp3/cop/UNKNOWN/ProgressiveParty-rally-red12-09_c23.xml"", ""solver"": ""xcsp:ACE@2.4"", ""output_dir"": ""results_comparison"", ""global_time_limit"": 600, ""max_tries"": 50, ""tuning_file"": ""tests/psa/ace.tuning.json"", ""hpo_strategy"": ""hamming"", ""global_time_strategy"": ""PERCENT"", ""percent"": 0.2, ""round_time_strategy"": ""STATIC"", ""time_evolution"": ""STATIC"", ""stop_strategy"": ""TIMEOUT""}",97,"{""varh"": ""Wdeg"", ""valh"": ""First"", ""saf"": ""False"", ""pc1"": ""False"", ""bdc"": ""1"", ""toh"": ""False"", ""ng"": ""NO"", ""lc"": ""2"", ""negative"": ""STR2N"", ""generic2"": ""True"", ""sb"": ""NO""}",1.0862119579978753,1.5682703329948708,9,ExitStatus.FEASIBLE,False,False,1.5682703329948708
2025-06-07T21:17:25.677514,ProgressiveParty-rally-red12-09_c23.xml,"{""input"": ""tests/xcsp3/cop/UNKNOWN/ProgressiveParty-rally-red12-09_c23.xml"", ""solver"": ""xcsp:ACE@2.4"", ""output_dir"": ""results_comparison"", ""global_time_limit"": 600, ""max_tries"": 50, ""tuning_file"": ""tests/psa/ace.tuning.json"", ""hpo_strategy"": ""hamming"", ""global_time_strategy"": ""PERCENT"", ""percent"": 0.2, ""round_time_strategy"": ""STATIC"", ""time_evolution"": ""STATIC"", ""stop_strategy"": ""TIMEOUT""}",98,"{""varh"": ""Wdeg"", ""valh"": ""Bivs3"", ""saf"": ""False"", ""pc1"": ""True"", ""bdc"": ""1"", ""toh"": ""False"", ""ng"": ""NO"", ""lc"": ""2"", ""negative"": ""STR3"", ""generic2"": ""True"", ""sb"": ""NO""}",1.0862119579978753,1.5732641250069719,9,ExitStatus.FEASIBLE,False,False,1.5732641250069719
2025-06-07T21:17:27.152048,ProgressiveParty-rally-red12-09_c23.xml,"{""input"": ""tests/xcsp3/cop/UNKNOWN/ProgressiveParty-rally-red12-09_c23.xml"", ""solver"": ""xcsp:ACE@2.4"", ""output_dir"": ""results_comparison"", ""global_time_limit"": 600, ""max_tries"": 50, ""tuning_file"": ""tests/psa/ace.tuning.json"", ""hpo_strategy"": ""hamming"", ""global_time_strategy"": ""PERCENT"", ""percent"": 0.2, ""round_time_strategy"": ""STATIC"", ""time_evolution"": ""STATIC"", ""stop_strategy"": ""TIMEOUT""}",99,"{""varh"": ""Lexico"", ""valh"": ""First"", ""saf"": ""False"", ""pc1"": ""True"", ""bdc"": ""1"", ""toh"": ""False"", ""ng"": ""NO"", ""lc"": ""5"", ""negative"": ""V"", ""generic2"": ""True"", ""sb"": ""NO""}",1.0862119579978753,1.3624809159955475,9,ExitStatus.OPTIMAL,False,False,1.3624809159955475
2025-06-07T21:17:28.838386,ProgressiveParty-rally-red12-09_c23.xml,"{""input"": ""tests/xcsp3/cop/UNKNOWN/ProgressiveParty-rally-red12-09_c23.xml"", ""solver"": ""xcsp:ACE@2.4"", ""output_dir"": ""results_comparison"", ""global_time_limit"": 600, ""max_tries"": 50, ""tuning_file"": ""tests/psa/ace.tuning.json"", ""hpo_strategy"": ""hamming"", ""global_time_strategy"": ""PERCENT"", ""percent"": 0.2, ""round_time_strategy"": ""STATIC"", ""time_evolution"": ""STATIC"", ""stop_strategy"": ""TIMEOUT""}",100,"{""varh"": ""Wdeg"", ""valh"": ""FlrsE"", ""saf"": ""False"", ""pc1"": ""True"", ""bdc"": ""1"", ""toh"": ""False"", ""ng"": ""NO"", ""lc"": ""2"", ""negative"": ""STR2"", ""generic2"": ""True"", ""sb"": ""NO""}",1.0862119579978753,1.574138750002021,9,ExitStatus.FEASIBLE,False,False,1.574138750002021
2025-06-07T21:17:30.514348,ProgressiveParty-rally-red12-09_c23.xml,"{""input"": ""tests/xcsp3/cop/UNKNOWN/ProgressiveParty-rally-red12-09_c23.xml"", ""solver"": ""xcsp:ACE@2.4"", ""output_dir"": ""results_comparison"", ""global_time_limit"": 600, ""max_tries"": 50, ""tuning_file"": ""tests/psa/ace.tuning.json"", ""hpo_strategy"": ""hamming"", ""global_time_strategy"": ""PERCENT"", ""percent"": 0.2, ""round_time_strategy"": ""STATIC"", ""time_evolution"": ""STATIC"", ""stop_strategy"": ""TIMEOUT""}",101,"{""varh"": ""Rand"", ""valh"": ""Bivs3"", ""saf"": ""False"", ""pc1"": ""True"", ""bdc"": ""1"", ""toh"": ""False"", ""ng"": ""NO"", ""lc"": ""2"", ""negative"": ""V"", ""generic2"": ""True"", ""sb"": ""NO""}",1.0862119579978753,1.563060625019716,9,ExitStatus.FEASIBLE,False,False,1.563060625019716
2025-06-07T21:17:31.773279,ProgressiveParty-rally-red12-09_c23.xml,"{""input"": ""tests/xcsp3/cop/UNKNOWN/ProgressiveParty-rally-red12-09_c23.xml"", ""solver"": ""xcsp:ACE@2.4"", ""output_dir"": ""results_comparison"", ""global_time_limit"": 600, ""max_tries"": 50, ""tuning_file"": ""tests/psa/ace.tuning.json"", ""hpo_strategy"": ""hamming"", ""global_time_strategy"": ""PERCENT"", ""percent"": 0.2, ""round_time_strategy"": ""STATIC"", ""time_evolution"": ""STATIC"", ""stop_strategy"": ""TIMEOUT""}",102,"{""varh"": ""Wdeg"", ""valh"": ""First"", ""saf"": ""False"", ""pc1"": ""True"", ""bdc"": ""10"", ""toh"": ""False"", ""ng"": ""NO"", ""lc"": ""2"", ""negative"": ""STR2"", ""generic2"": ""True"", ""sb"": ""NO""}",1.0862119579978753,1.1462590000010096,9,ExitStatus.OPTIMAL,False,False,1.1462590000010096
2025-06-07T21:17:33.178148,ProgressiveParty-rally-red12-09_c23.xml,"{""input"": ""tests/xcsp3/cop/UNKNOWN/ProgressiveParty-rally-red12-09_c23.xml"", ""solver"": ""xcsp:ACE@2.4"", ""output_dir"": ""results_comparison"", ""global_time_limit"": 600, ""max_tries"": 50, ""tuning_file"": ""tests/psa/ace.tuning.json"", ""hpo_strategy"": ""hamming"", ""global_time_strategy"": ""PERCENT"", ""percent"": 0.2, ""round_time_strategy"": ""STATIC"", ""time_evolution"": ""STATIC"", ""stop_strategy"": ""TIMEOUT""}",103,"{""varh"": ""PickOnDom"", ""valh"": ""First"", ""saf"": ""False"", ""pc1"": ""True"", ""bdc"": ""1"", ""toh"": ""False"", ""ng"": ""NO"", ""lc"": ""10"", ""negative"": ""V"", ""generic2"": ""True"", ""sb"": ""NO""}",1.0862119579978753,1.2928128330095205,9,ExitStatus.OPTIMAL,False,False,1.2928128330095205
2025-06-07T21:17:34.854763,ProgressiveParty-rally-red12-09_c23.xml,"{""input"": ""tests/xcsp3/cop/UNKNOWN/ProgressiveParty-rally-red12-09_c23.xml"", ""solver"": ""xcsp:ACE@2.4"", ""output_dir"": ""results_comparison"", ""global_time_limit"": 600, ""max_tries"": 50, ""tuning_file"": ""tests/psa/ace.tuning.json"", ""hpo_strategy"": ""hamming"", ""global_time_strategy"": ""PERCENT"", ""percent"": 0.2, ""round_time_strategy"": ""STATIC"", ""time_evolution"": ""STATIC"", ""stop_strategy"": ""TIMEOUT""}",104,"{""varh"": ""Wdeg"", ""valh"": ""Last"", ""saf"": ""False"", ""pc1"": ""True"", ""bdc"": ""1"", ""toh"": ""False"", ""ng"": ""NO"", ""lc"": ""2"", ""negative"": ""STR3"", ""generic2"": ""True"", ""sb"": ""NO""}",1.0862119579978753,1.5633672089898027,9,ExitStatus.FEASIBLE,False,False,1.5633672089898027
2025-06-07T21:17:36.457856,ProgressiveParty-rally-red12-09_c23.xml,"{""input"": ""tests/xcsp3/cop/UNKNOWN/ProgressiveParty-rally-red12-09_c23.xml"", ""solver"": ""xcsp:ACE@2.4"", ""output_dir"": ""results_comparison"", ""global_time_limit"": 600, ""max_tries"": 50, ""tuning_file"": ""tests/psa/ace.tuning.json"", ""hpo_strategy"": ""hamming"", ""global_time_strategy"": ""PERCENT"", ""percent"": 0.2, ""round_time_strategy"": ""STATIC"", ""time_evolution"": ""STATIC"", ""stop_strategy"": ""TIMEOUT""}",105,"{""varh"": ""FrbaOnDom"", ""valh"": ""First"", ""saf"": ""False"", ""pc1"": ""True"", ""bdc"": ""1"", ""toh"": ""False"", ""ng"": ""NO"", ""lc"": ""2"", ""negative"": ""STR0"", ""generic2"": ""True"", ""sb"": ""NO""}",1.0862119579978753,1.490468875010265,9,ExitStatus.OPTIMAL,False,False,1.490468875010265
2025-06-07T21:17:38.145597,ProgressiveParty-rally-red12-09_c23.xml,"{""input"": ""tests/xcsp3/cop/UNKNOWN/ProgressiveParty-rally-red12-09_c23.xml"", ""solver"": ""xcsp:ACE@2.4"", ""output_dir"": ""results_comparison"", ""global_time_limit"": 600, ""max_tries"": 50, ""tuning_file"": ""tests/psa/ace.tuning.json"", ""hpo_strategy"": ""hamming"", ""global_time_strategy"": ""PERCENT"", ""percent"": 0.2, ""round_time_strategy"": ""STATIC"", ""time_evolution"": ""STATIC"", ""stop_strategy"": ""TIMEOUT""}",106,"{""varh"": ""Wdeg"", ""valh"": ""Median"", ""saf"": ""False"", ""pc1"": ""True"", ""bdc"": ""1"", ""toh"": ""False"", ""ng"": ""NO"", ""lc"": ""5"", ""negative"": ""V"", ""generic2"": ""True"", ""sb"": ""NO""}",1.0862119579978753,1.5750994170084596,9,ExitStatus.FEASIBLE,False,False,1.5750994170084596
2025-06-07T21:17:39.353487,ProgressiveParty-rally-red12-09_c23.xml,"{""input"": ""tests/xcsp3/cop/UNKNOWN/ProgressiveParty-rally-red12-09_c23.xml"", ""solver"": ""xcsp:ACE@2.4"", ""output_dir"": ""results_comparison"", ""global_time_limit"": 600, ""max_tries"": 50, ""tuning_file"": ""tests/psa/ace.tuning.json"", ""hpo_strategy"": ""hamming"", ""global_time_strategy"": ""PERCENT"", ""percent"": 0.2, ""round_time_strategy"": ""STATIC"", ""time_evolution"": ""STATIC"", ""stop_strategy"": ""TIMEOUT""}",107,"{""varh"": ""Wdeg"", ""valh"": ""First"", ""saf"": ""False"", ""pc1"": ""True"", ""bdc"": ""100"", ""toh"": ""False"", ""ng"": ""NO"", ""lc"": ""0"", ""negative"": ""V"", ""generic2"": ""True"", ""sb"": ""NO""}",1.0862119579978753,1.0960835000150837,9,ExitStatus.UNKNOWN,False,False,1.0960835000150837
2025-06-07T21:17:41.043111,ProgressiveParty-rally-red12-09_c23.xml,"{""input"": ""tests/xcsp3/cop/UNKNOWN/ProgressiveParty-rally-red12-09_c23.xml"", ""solver"": ""xcsp:ACE@2.4"", ""output_dir"": ""results_comparison"", ""global_time_limit"": 600, ""max_tries"": 50, ""tuning_file"": ""tests/psa/ace.tuning.json"", ""hpo_strategy"": ""hamming"", ""global_time_strategy"": ""PERCENT"", ""percent"": 0.2, ""round_time_strategy"": ""STATIC"", ""time_evolution"": ""STATIC"", ""stop_strategy"": ""TIMEOUT""}",108,"{""varh"": ""Wdeg"", ""valh"": ""First"", ""saf"": ""True"", ""pc1"": ""True"", ""bdc"": ""1"", ""toh"": ""False"", ""ng"": ""NO"", ""lc"": ""0"", ""negative"": ""V"", ""generic2"": ""True"", ""sb"": ""NO""}",1.0862119579978753,1.5711277080117725,9,ExitStatus.FEASIBLE,False,False,1.5711277080117725
2025-06-07T21:17:42.724033,ProgressiveParty-rally-red12-09_c23.xml,"{""input"": ""tests/xcsp3/cop/UNKNOWN/ProgressiveParty-rally-red12-09_c23.xml"", ""solver"": ""xcsp:ACE@2.4"", ""output_dir"": ""results_comparison"", ""global_time_limit"": 600, ""max_tries"": 50, ""tuning_file"": ""tests/psa/ace.tuning.json"", ""hpo_strategy"": ""hamming"", ""global_time_strategy"": ""PERCENT"", ""percent"": 0.2, ""round_time_strategy"": ""STATIC"", ""time_evolution"": ""STATIC"", ""stop_strategy"": ""TIMEOUT""}",109,"{""varh"": ""Wdeg"", ""valh"": ""Last"", ""saf"": ""False"", ""pc1"": ""True"", ""bdc"": ""1"", ""toh"": ""False"", ""ng"": ""NO"", ""lc"": ""2"", ""negative"": ""STR2N"", ""generic2"": ""True"", ""sb"": ""NO""}",1.0862119579978753,1.5673323750088457,9,ExitStatus.FEASIBLE,False,False,1.5673323750088457
2025-06-07T21:17:43.903955,ProgressiveParty-rally-red12-09_c23.xml,"{""input"": ""tests/xcsp3/cop/UNKNOWN/ProgressiveParty-rally-red12-09_c23.xml"", ""solver"": ""xcsp:ACE@2.4"", ""output_dir"": ""results_comparison"", ""global_time_limit"": 600, ""max_tries"": 50, ""tuning_file"": ""tests/psa/ace.tuning.json"", ""hpo_strategy"": ""hamming"", ""global_time_strategy"": ""PERCENT"", ""percent"": 0.2, ""round_time_strategy"": ""STATIC"", ""time_evolution"": ""STATIC"", ""stop_strategy"": ""TIMEOUT""}",110,"{""varh"": ""Lexico"", ""valh"": ""First"", ""saf"": ""False"", ""pc1"": ""True"", ""bdc"": ""10"", ""toh"": ""False"", ""ng"": ""NO"", ""lc"": ""2"", ""negative"": ""V"", ""generic2"": ""True"", ""sb"": ""NO""}",1.0678424999932759,1.0678424999932759,9,ExitStatus.OPTIMAL,True,False,1.0678424999932759
2025-06-07T21:17:45.583930,ProgressiveParty-rally-red12-09_c23.xml,"{""input"": ""tests/xcsp3/cop/UNKNOWN/ProgressiveParty-rally-red12-09_c23.xml"", ""solver"": ""xcsp:ACE@2.4"", ""output_dir"": ""results_comparison"", ""global_time_limit"": 600, ""max_tries"": 50, ""tuning_file"": ""tests/psa/ace.tuning.json"", ""hpo_strategy"": ""hamming"", ""global_time_strategy"": ""PERCENT"", ""percent"": 0.2, ""round_time_strategy"": ""STATIC"", ""time_evolution"": ""STATIC"", ""stop_strategy"": ""TIMEOUT""}",111,"{""varh"": ""RunRobin"", ""valh"": ""First"", ""saf"": ""False"", ""pc1"": ""True"", ""bdc"": ""1"", ""toh"": ""False"", ""ng"": ""NO"", ""lc"": ""2"", ""negative"": ""VA"", ""generic2"": ""True"", ""sb"": ""NO""}",1.0678424999932759,1.5670447500015143,9,ExitStatus.FEASIBLE,False,False,1.5670447500015143
2025-06-07T21:17:47.127234,ProgressiveParty-rally-red12-09_c23.xml,"{""input"": ""tests/xcsp3/cop/UNKNOWN/ProgressiveParty-rally-red12-09_c23.xml"", ""solver"": ""xcsp:ACE@2.4"", ""output_dir"": ""results_comparison"", ""global_time_limit"": 600, ""max_tries"": 50, ""tuning_file"": ""tests/psa/ace.tuning.json"", ""hpo_strategy"": ""hamming"", ""global_time_strategy"": ""PERCENT"", ""percent"": 0.2, ""round_time_strategy"": ""STATIC"", ""time_evolution"": ""STATIC"", ""stop_strategy"": ""TIMEOUT""}",112,"{""varh"": ""RunRobin"", ""valh"": ""First"", ""saf"": ""False"", ""pc1"": ""True"", ""bdc"": ""1"", ""toh"": ""False"", ""ng"": ""NO"", ""lc"": ""0"", ""negative"": ""V"", ""generic2"": ""True"", ""sb"": ""NO""}",1.0678424999932759,1.4300687079958152,9,ExitStatus.OPTIMAL,False,False,1.4300687079958152
2025-06-07T21:17:48.559040,ProgressiveParty-rally-red12-09_c23.xml,"{""input"": ""tests/xcsp3/cop/UNKNOWN/ProgressiveParty-rally-red12-09_c23.xml"", ""solver"": ""xcsp:ACE@2.4"", ""output_dir"": ""results_comparison"", ""global_time_limit"": 600, ""max_tries"": 50, ""tuning_file"": ""tests/psa/ace.tuning.json"", ""hpo_strategy"": ""hamming"", ""global_time_strategy"": ""PERCENT"", ""percent"": 0.2, ""round_time_strategy"": ""STATIC"", ""time_evolution"": ""STATIC"", ""stop_strategy"": ""TIMEOUT""}",113,"{""varh"": ""WdegOnDom"", ""valh"": ""First"", ""saf"": ""False"", ""pc1"": ""True"", ""bdc"": ""1"", ""toh"": ""False"", ""ng"": ""NO"", ""lc"": ""5"", ""negative"": ""V"", ""generic2"": ""True"", ""sb"": ""NO""}",1.0678424999932759,1.3185345829988364,9,ExitStatus.OPTIMAL,False,False,1.3185345829988364
2025-06-07T21:17:49.744068,ProgressiveParty-rally-red12-09_c23.xml,"{""input"": ""tests/xcsp3/cop/UNKNOWN/ProgressiveParty-rally-red12-09_c23.xml"", ""solver"": ""xcsp:ACE@2.4"", ""output_dir"": ""results_comparison"", ""global_time_limit"": 600, ""max_tries"": 50, ""tuning_file"": ""tests/psa/ace.tuning.json"", ""hpo_strategy"": ""hamming"", ""global_time_strategy"": ""PERCENT"", ""percent"": 0.2, ""round_time_strategy"": ""STATIC"", ""time_evolution"": ""STATIC"", ""stop_strategy"": ""TIMEOUT""}",114,"{""varh"": ""Wdeg"", ""valh"": ""Rand"", ""saf"": ""False"", ""pc1"": ""True"", ""bdc"": ""10"", ""toh"": ""False"", ""ng"": ""NO"", ""lc"": ""2"", ""negative"": ""V"", ""generic2"": ""True"", ""sb"": ""NO""}",1.0678424999932759,1.0730496250034776,9,ExitStatus.OPTIMAL,False,False,1.0730496250034776
2025-06-07T21:17:55.870921,ProgressiveParty-rally-red12-09_c23.xml,"{""input"": ""tests/xcsp3/cop/UNKNOWN/ProgressiveParty-rally-red12-09_c23.xml"", ""solver"": ""xcsp:ACE@2.4"", ""output_dir"": ""results_comparison"", ""global_time_limit"": 600, ""max_tries"": 50, ""tuning_file"": ""tests/psa/ace.tuning.json"", ""hpo_strategy"": ""hamming"", ""global_time_strategy"": ""PERCENT"", ""percent"": 0.2, ""round_time_strategy"": ""STATIC"", ""time_evolution"": ""STATIC"", ""stop_strategy"": ""TIMEOUT""}",115,"{""varh"": ""Wdeg"", ""valh"": ""Conflicts"", ""saf"": ""False"", ""pc1"": ""False"", ""bdc"": ""1"", ""toh"": ""False"", ""ng"": ""NO"", ""lc"": ""2"", ""negative"": ""V"", ""generic2"": ""True"", ""sb"": ""NO""}",1.0678424999932759,1,,ExitStatus.UNKNOWN,False,False,1
2025-06-07T21:17:57.624018,ProgressiveParty-rally-red12-09_c23.xml,"{""input"": ""tests/xcsp3/cop/UNKNOWN/ProgressiveParty-rally-red12-09_c23.xml"", ""solver"": ""xcsp:ACE@2.4"", ""output_dir"": ""results_comparison"", ""global_time_limit"": 600, ""max_tries"": 50, ""tuning_file"": ""tests/psa/ace.tuning.json"", ""hpo_strategy"": ""hamming"", ""global_time_strategy"": ""PERCENT"", ""percent"": 0.2, ""round_time_strategy"": ""STATIC"", ""time_evolution"": ""STATIC"", ""stop_strategy"": ""TIMEOUT""}",116,"{""varh"": ""RunRobin"", ""valh"": ""Median"", ""saf"": ""False"", ""pc1"": ""True"", ""bdc"": ""1"", ""toh"": ""False"", ""ng"": ""NO"", ""lc"": ""2"", ""negative"": ""V"", ""generic2"": ""True"", ""sb"": ""NO""}",1.0678424999932759,1.6387593340186868,9,ExitStatus.FEASIBLE,False,False,1.6387593340186868
2025-06-07T21:17:59.377850,ProgressiveParty-rally-red12-09_c23.xml,"{""input"": ""tests/xcsp3/cop/UNKNOWN/ProgressiveParty-rally-red12-09_c23.xml"", ""solver"": ""xcsp:ACE@2.4"", ""output_dir"": ""results_comparison"", ""global_time_limit"": 600, ""max_tries"": 50, ""tuning_file"": ""tests/psa/ace.tuning.json"", ""hpo_strategy"": ""hamming"", ""global_time_strategy"": ""PERCENT"", ""percent"": 0.2, ""round_time_strategy"": ""STATIC"", ""time_evolution"": ""STATIC"", ""stop_strategy"": ""TIMEOUT""}",117,"{""varh"": ""Wdeg"", ""valh"": ""First"", ""saf"": ""False"", ""pc1"": ""True"", ""bdc"": ""1"", ""toh"": ""False"", ""ng"": ""NO"", ""lc"": ""1"", ""negative"": ""STR0"", ""generic2"": ""True"", ""sb"": ""NO""}",1.0678424999932759,1.609803125000326,9,ExitStatus.FEASIBLE,False,False,1.609803125000326
2025-06-07T21:18:01.102894,ProgressiveParty-rally-red12-09_c23.xml,"{""input"": ""tests/xcsp3/cop/UNKNOWN/ProgressiveParty-rally-red12-09_c23.xml"", ""solver"": ""xcsp:ACE@2.4"", ""output_dir"": ""results_comparison"", ""global_time_limit"": 600, ""max_tries"": 50, ""tuning_file"": ""tests/psa/ace.tuning.json"", ""hpo_strategy"": ""hamming"", ""global_time_strategy"": ""PERCENT"", ""percent"": 0.2, ""round_time_strategy"": ""STATIC"", ""time_evolution"": ""STATIC"", ""stop_strategy"": ""TIMEOUT""}",118,"{""varh"": ""RunRobin"", ""valh"": ""OccsR"", ""saf"": ""False"", ""pc1"": ""True"", ""bdc"": ""1"", ""toh"": ""False"", ""ng"": ""NO"", ""lc"": ""2"", ""negative"": ""V"", ""generic2"": ""True"", ""sb"": ""NO""}",1.0678424999932759,1.599216458009323,9,ExitStatus.FEASIBLE,False,False,1.599216458009323
2025-06-07T21:18:02.835571,ProgressiveParty-rally-red12-09_c23.xml,"{""input"": ""tests/xcsp3/cop/UNKNOWN/ProgressiveParty-rally-red12-09_c23.xml"", ""solver"": ""xcsp:ACE@2.4"", ""output_dir"": ""results_comparison"", ""global_time_limit"": 600, ""max_tries"": 50, ""tuning_file"": ""tests/psa/ace.tuning.json"", ""hpo_strategy"": ""hamming"", ""global_time_strategy"": ""PERCENT"", ""percent"": 0.2, ""round_time_strategy"": ""STATIC"", ""time_evolution"": ""STATIC"", ""stop_strategy"": ""TIMEOUT""}",119,"{""varh"": ""Activity"", ""valh"": ""First"", ""saf"": ""False"", ""pc1"": ""True"", ""bdc"": ""1"", ""toh"": ""False"", ""ng"": ""NO"", ""lc"": ""0"", ""negative"": ""V"", ""generic2"": ""True"", ""sb"": ""NO""}",1.0678424999932759,1.5987660420069005,9,ExitStatus.FEASIBLE,False,False,1.5987660420069005
2025-06-07T21:18:04.581129,ProgressiveParty-rally-red12-09_c23.xml,"{""input"": ""tests/xcsp3/cop/UNKNOWN/ProgressiveParty-rally-red12-09_c23.xml"", ""solver"": ""xcsp:ACE@2.4"", ""output_dir"": ""results_comparison"", ""global_time_limit"": 600, ""max_tries"": 50, ""tuning_file"": ""tests/psa/ace.tuning.json"", ""hpo_strategy"": ""hamming"", ""global_time_strategy"": ""PERCENT"", ""percent"": 0.2, ""round_time_strategy"": ""STATIC"", ""time_evolution"": ""STATIC"", ""stop_strategy"": ""TIMEOUT""}",120,"{""varh"": ""Wdeg"", ""valh"": ""FlrsE"", ""saf"": ""False"", ""pc1"": ""True"", ""bdc"": ""1"", ""toh"": ""True"", ""ng"": ""NO"", ""lc"": ""2"", ""negative"": ""V"", ""generic2"": ""True"", ""sb"": ""NO""}",1.0678424999932759,1.6139179169840645,9,ExitStatus.FEASIBLE,False,False,1.6139179169840645
2025-06-07T21:18:06.310189,ProgressiveParty-rally-red12-09_c23.xml,"{""input"": ""tests/xcsp3/cop/UNKNOWN/ProgressiveParty-rally-red12-09_c23.xml"", ""solver"": ""xcsp:ACE@2.4"", ""output_dir"": ""results_comparison"", ""global_time_limit"": 600, ""max_tries"": 50, ""tuning_file"": ""tests/psa/ace.tuning.json"", ""hpo_strategy"": ""hamming"", ""global_time_strategy"": ""PERCENT"", ""percent"": 0.2, ""round_time_strategy"": ""STATIC"", ""time_evolution"": ""STATIC"", ""stop_strategy"": ""TIMEOUT""}",121,"{""varh"": ""RunRobin"", ""valh"": ""First"", ""saf"": ""False"", ""pc1"": ""True"", ""bdc"": ""1"", ""toh"": ""False"", ""ng"": ""NO"", ""lc"": ""1"", ""negative"": ""V"", ""generic2"": ""True"", ""sb"": ""NO""}",1.0678424999932759,1.5983342090039514,9,ExitStatus.FEASIBLE,False,False,1.5983342090039514
2025-06-07T21:18:07.708383,ProgressiveParty-rally-red12-09_c23.xml,"{""input"": ""tests/xcsp3/cop/UNKNOWN/ProgressiveParty-rally-red12-09_c23.xml"", ""solver"": ""xcsp:ACE@2.4"", ""output_dir"": ""results_comparison"", ""global_time_limit"": 600, ""max_tries"": 50, ""tuning_file"": ""tests/psa/ace.tuning.json"", ""hpo_strategy"": ""hamming"", ""global_time_strategy"": ""PERCENT"", ""percent"": 0.2, ""round_time_strategy"": ""STATIC"", ""time_evolution"": ""STATIC"", ""stop_strategy"": ""TIMEOUT""}",122,"{""varh"": ""WdegOnDom"", ""valh"": ""First"", ""saf"": ""False"", ""pc1"": ""True"", ""bdc"": ""1000"", ""toh"": ""False"", ""ng"": ""NO"", ""lc"": ""2"", ""negative"": ""V"", ""generic2"": ""True"", ""sb"": ""NO""}",1.0678424999932759,1.2684933750133496,9,ExitStatus.UNKNOWN,False,False,1.2684933750133496
2025-06-07T21:18:09.440025,ProgressiveParty-rally-red12-09_c23.xml,"{""input"": ""tests/xcsp3/cop/UNKNOWN/ProgressiveParty-rally-red12-09_c23.xml"", ""solver"": ""xcsp:ACE@2.4"", ""output_dir"": ""results_comparison"", ""global_time_limit"": 600, ""max_tries"": 50, ""tuning_file"": ""tests/psa/ace.tuning.json"", ""hpo_strategy"": ""hamming"", ""global_time_strategy"": ""PERCENT"", ""percent"": 0.2, ""round_time_strategy"": ""STATIC"", ""time_evolution"": ""STATIC"", ""stop_strategy"": ""TIMEOUT""}",123,"{""varh"": ""Memory"", ""valh"": ""FlrsE"", ""saf"": ""False"", ""pc1"": ""True"", ""bdc"": ""1"", ""toh"": ""False"", ""ng"": ""NO"", ""lc"": ""2"", ""negative"": ""V"", ""generic2"": ""True"", ""sb"": ""NO""}",1.0678424999932759,1.6023772080079652,9,ExitStatus.FEASIBLE,False,False,1.6023772080079652
2025-06-07T21:18:10.852712,ProgressiveParty-rally-red12-09_c23.xml,"{""input"": ""tests/xcsp3/cop/UNKNOWN/ProgressiveParty-rally-red12-09_c23.xml"", ""solver"": ""xcsp:ACE@2.4"", ""output_dir"": ""results_comparison"", ""global_time_limit"": 600, ""max_tries"": 50, ""tuning_file"": ""tests/psa/ace.tuning.json"", ""hpo_strategy"": ""hamming"", ""global_time_strategy"": ""PERCENT"", ""percent"": 0.2, ""round_time_strategy"": ""STATIC"", ""time_evolution"": ""STATIC"", ""stop_strategy"": ""TIMEOUT""}",124,"{""varh"": ""Wdeg"", ""valh"": ""First"", ""saf"": ""False"", ""pc1"": ""True"", ""bdc"": ""1000"", ""toh"": ""False"", ""ng"": ""NO"", ""lc"": ""2"", ""negative"": ""STR2"", ""generic2"": ""True"", ""sb"": ""NO""}",1.0678424999932759,1.2828488330123946,9,ExitStatus.UNKNOWN,False,False,1.2828488330123946
2025-06-07T21:18:12.265851,ProgressiveParty-rally-red12-09_c23.xml,"{""input"": ""tests/xcsp3/cop/UNKNOWN/ProgressiveParty-rally-red12-09_c23.xml"", ""solver"": ""xcsp:ACE@2.4"", ""output_dir"": ""results_comparison"", ""global_time_limit"": 600, ""max_tries"": 50, ""tuning_file"": ""tests/psa/ace.tuning.json"", ""hpo_strategy"": ""hamming"", ""global_time_strategy"": ""PERCENT"", ""percent"": 0.2, ""round_time_strategy"": ""STATIC"", ""time_evolution"": ""STATIC"", ""stop_strategy"": ""TIMEOUT""}",125,"{""varh"": ""Wdeg"", ""valh"": ""First"", ""saf"": ""False"", ""pc1"": ""True"", ""bdc"": ""1000"", ""toh"": ""False"", ""ng"": ""NO"", ""lc"": ""0"", ""negative"": ""V"", ""generic2"": ""True"", ""sb"": ""NO""}",1.0678424999932759,1.2845313749858178,9,ExitStatus.UNKNOWN,False,False,1.2845313749858178
2025-06-07T21:18:13.686372,ProgressiveParty-rally-red12-09_c23.xml,"{""input"": ""tests/xcsp3/cop/UNKNOWN/ProgressiveParty-rally-red12-09_c23.xml"", ""solver"": ""xcsp:ACE@2.4"", ""output_dir"": ""results_comparison"", ""global_time_limit"": 600, ""max_tries"": 50, ""tuning_file"": ""tests/psa/ace.tuning.json"", ""hpo_strategy"": ""hamming"", ""global_time_strategy"": ""PERCENT"", ""percent"": 0.2, ""round_time_strategy"": ""STATIC"", ""time_evolution"": ""STATIC"", ""stop_strategy"": ""TIMEOUT""}",126,"{""varh"": ""Wdeg"", ""valh"": ""FlrsE"", ""saf"": ""False"", ""pc1"": ""True"", ""bdc"": ""10"", ""toh"": ""False"", ""ng"": ""NO"", ""lc"": ""2"", ""negative"": ""V"", ""generic2"": ""True"", ""sb"": ""NO""}",1.0678424999932759,1.2942132909956854,9,ExitStatus.OPTIMAL,False,False,1.2942132909956854
2025-06-07T21:18:15.413885,ProgressiveParty-rally-red12-09_c23.xml,"{""input"": ""tests/xcsp3/cop/UNKNOWN/ProgressiveParty-rally-red12-09_c23.xml"", ""solver"": ""xcsp:ACE@2.4"", ""output_dir"": ""results_comparison"", ""global_time_limit"": 600, ""max_tries"": 50, ""tuning_file"": ""tests/psa/ace.tuning.json"", ""hpo_strategy"": ""hamming"", ""global_time_strategy"": ""PERCENT"", ""percent"": 0.2, ""round_time_strategy"": ""STATIC"", ""time_evolution"": ""STATIC"", ""stop_strategy"": ""TIMEOUT""}",127,"{""varh"": ""Lexico"", ""valh"": ""First"", ""saf"": ""False"", ""pc1"": ""True"", ""bdc"": ""1"", ""toh"": ""False"", ""ng"": ""NO"", ""lc"": ""10"", ""negative"": ""V"", ""generic2"": ""True"", ""sb"": ""NO""}",1.0678424999932759,1.59899949998362,9,ExitStatus.FEASIBLE,False,False,1.59899949998362
2025-06-07T21:18:17.143428,ProgressiveParty-rally-red12-09_c23.xml,"{""input"": ""tests/xcsp3/cop/UNKNOWN/ProgressiveParty-rally-red12-09_c23.xml"", ""solver"": ""xcsp:ACE@2.4"", ""output_dir"": ""results_comparison"", ""global_time_limit"": 600, ""max_tries"": 50, ""tuning_file"": ""tests/psa/ace.tuning.json"", ""hpo_strategy"": ""hamming"", ""global_time_strategy"": ""PERCENT"", ""percent"": 0.2, ""round_time_strategy"": ""STATIC"", ""time_evolution"": ""STATIC"", ""stop_strategy"": ""TIMEOUT""}",128,"{""varh"": ""Wdeg"", ""valh"": ""First"", ""saf"": ""False"", ""pc1"": ""True"", ""bdc"": ""1"", ""toh"": ""False"", ""ng"": ""NO"", ""lc"": ""2"", ""negative"": ""STR3"", ""generic2"": ""False"", ""sb"": ""NO""}",1.0678424999932759,1.6006074589968193,9,ExitStatus.FEASIBLE,False,False,1.6006074589968193
2025-06-07T21:18:18.865017,ProgressiveParty-rally-red12-09_c23.xml,"{""input"": ""tests/xcsp3/cop/UNKNOWN/ProgressiveParty-rally-red12-09_c23.xml"", ""solver"": ""xcsp:ACE@2.4"", ""output_dir"": ""results_comparison"", ""global_time_limit"": 600, ""max_tries"": 50, ""tuning_file"": ""tests/psa/ace.tuning.json"", ""hpo_strategy"": ""hamming"", ""global_time_strategy"": ""PERCENT"", ""percent"": 0.2, ""round_time_strategy"": ""STATIC"", ""time_evolution"": ""STATIC"", ""stop_strategy"": ""TIMEOUT""}",129,"{""varh"": ""FrbaOnDom"", ""valh"": ""Last"", ""saf"": ""False"", ""pc1"": ""True"", ""bdc"": ""1"", ""toh"": ""False"", ""ng"": ""NO"", ""lc"": ""2"", ""negative"": ""V"", ""generic2"": ""True"", ""sb"": ""NO""}",1.0678424999932759,1.5922497080173343,9,ExitStatus.FEASIBLE,False,False,1.5922497080173343
2025-06-07T21:18:20.593535,ProgressiveParty-rally-red12-09_c23.xml,"{""input"": ""tests/xcsp3/cop/UNKNOWN/ProgressiveParty-rally-red12-09_c23.xml"", ""solver"": ""xcsp:ACE@2.4"", ""output_dir"": ""results_comparison"", ""global_time_limit"": 600, ""max_tries"": 50, ""tuning_file"": ""tests/psa/ace.tuning.json"", ""hpo_strategy"": ""hamming"", ""global_time_strategy"": ""PERCENT"", ""percent"": 0.2, ""round_time_strategy"": ""STATIC"", ""time_evolution"": ""STATIC"", ""stop_strategy"": ""TIMEOUT""}",130,"{""varh"": ""Wdeg"", ""valh"": ""First"", ""saf"": ""False"", ""pc1"": ""True"", ""bdc"": ""1"", ""toh"": ""False"", ""ng"": ""NO"", ""lc"": ""10"", ""negative"": ""VA"", ""generic2"": ""True"", ""sb"": ""NO""}",1.0678424999932759,1.597889500000747,9,ExitStatus.FEASIBLE,False,False,1.597889500000747
2025-06-07T21:18:22.329995,ProgressiveParty-rally-red12-09_c23.xml,"{""input"": ""tests/xcsp3/cop/UNKNOWN/ProgressiveParty-rally-red12-09_c23.xml"", ""solver"": ""xcsp:ACE@2.4"", ""output_dir"": ""results_comparison"", ""global_time_limit"": 600, ""max_tries"": 50, ""tuning_file"": ""tests/psa/ace.tuning.json"", ""hpo_strategy"": ""hamming"", ""global_time_strategy"": ""PERCENT"", ""percent"": 0.2, ""round_time_strategy"": ""STATIC"", ""time_evolution"": ""STATIC"", ""stop_strategy"": ""TIMEOUT""}",131,"{""varh"": ""Lexico"", ""valh"": ""First"", ""saf"": ""False"", ""pc1"": ""True"", ""bdc"": ""1"", ""toh"": ""False"", ""ng"": ""NO"", ""lc"": ""2"", ""negative"": ""STR2N"", ""generic2"": ""True"", ""sb"": ""NO""}",1.0678424999932759,1.6060024999896996,9,ExitStatus.FEASIBLE,False,False,1.6060024999896996
2025-06-07T21:18:24.010777,ProgressiveParty-rally-red12-09_c23.xml,"{""input"": ""tests/xcsp3/cop/UNKNOWN/ProgressiveParty-rally-red12-09_c23.xml"", ""solver"": ""xcsp:ACE@2.4"", ""output_dir"": ""results_comparison"", ""global_time_limit"": 600, ""max_tries"": 50, ""tuning_file"": ""tests/psa/ace.tuning.json"", ""hpo_strategy"": ""hamming"", ""global_time_strategy"": ""PERCENT"", ""percent"": 0.2, ""round_time_strategy"": ""STATIC"", ""time_evolution"": ""STATIC"", ""stop_strategy"": ""TIMEOUT""}",132,"{""varh"": ""PickOnDom"", ""valh"": ""First"", ""saf"": ""False"", ""pc1"": ""True"", ""bdc"": ""1"", ""toh"": ""False"", ""ng"": ""NO"", ""lc"": ""1"", ""negative"": ""V"", ""generic2"": ""True"", ""sb"": ""NO""}",1.0678424999932759,1.5506380000151694,9,ExitStatus.OPTIMAL,False,False,1.5506380000151694
2025-06-07T21:18:25.730962,ProgressiveParty-rally-red12-09_c23.xml,"{""input"": ""tests/xcsp3/cop/UNKNOWN/ProgressiveParty-rally-red12-09_c23.xml"", ""solver"": ""xcsp:ACE@2.4"", ""output_dir"": ""results_comparison"", ""global_time_limit"": 600, ""max_tries"": 50, ""tuning_file"": ""tests/psa/ace.tuning.json"", ""hpo_strategy"": ""hamming"", ""global_time_strategy"": ""PERCENT"", ""percent"": 0.2, ""round_time_strategy"": ""STATIC"", ""time_evolution"": ""STATIC"", ""stop_strategy"": ""TIMEOUT""}",133,"{""varh"": ""Wdeg"", ""valh"": ""First"", ""saf"": ""False"", ""pc1"": ""True"", ""bdc"": ""1"", ""toh"": ""False"", ""ng"": ""NO"", ""lc"": ""0"", ""negative"": ""STR2"", ""generic2"": ""True"", ""sb"": ""NO""}",1.0678424999932759,1.5910180420032702,9,ExitStatus.FEASIBLE,False,False,1.5910180420032702
2025-06-07T21:18:27.104057,ProgressiveParty-rally-red12-09_c23.xml,"{""input"": ""tests/xcsp3/cop/UNKNOWN/ProgressiveParty-rally-red12-09_c23.xml"", ""solver"": ""xcsp:ACE@2.4"", ""output_dir"": ""results_comparison"", ""global_time_limit"": 600, ""max_tries"": 50, ""tuning_file"": ""tests/psa/ace.tuning.json"", ""hpo_strategy"": ""hamming"", ""global_time_strategy"": ""PERCENT"", ""percent"": 0.2, ""round_time_strategy"": ""STATIC"", ""time_evolution"": ""STATIC"", ""stop_strategy"": ""TIMEOUT""}",134,"{""varh"": ""Wdeg"", ""valh"": ""First"", ""saf"": ""False"", ""pc1"": ""True"", ""bdc"": ""1000"", ""toh"": ""False"", ""ng"": ""NO"", ""lc"": ""5"", ""negative"": ""V"", ""generic2"": ""True"", ""sb"": ""NO""}",1.0678424999932759,1.2380038749834057,9,ExitStatus.UNKNOWN,False,False,1.2380038749834057
2025-06-07T21:18:28.832279,ProgressiveParty-rally-red12-09_c23.xml,"{""input"": ""tests/xcsp3/cop/UNKNOWN/ProgressiveParty-rally-red12-09_c23.xml"", ""solver"": ""xcsp:ACE@2.4"", ""output_dir"": ""results_comparison"", ""global_time_limit"": 600, ""max_tries"": 50, ""tuning_file"": ""tests/psa/ace.tuning.json"", ""hpo_strategy"": ""hamming"", ""global_time_strategy"": ""PERCENT"", ""percent"": 0.2, ""round_time_strategy"": ""STATIC"", ""time_evolution"": ""STATIC"", ""stop_strategy"": ""TIMEOUT""}",135,"{""varh"": ""WdegOnDom"", ""valh"": ""Vals"", ""saf"": ""False"", ""pc1"": ""True"", ""bdc"": ""1"", ""toh"": ""False"", ""ng"": ""NO"", ""lc"": ""2"", ""negative"": ""V"", ""generic2"": ""True"", ""sb"": ""NO""}",1.0678424999932759,1.5970035420032218,9,ExitStatus.FEASIBLE,False,False,1.5970035420032218
2025-06-07T21:18:30.560673,ProgressiveParty-rally-red12-09_c23.xml,"{""input"": ""tests/xcsp3/cop/UNKNOWN/ProgressiveParty-rally-red12-09_c23.xml"", ""solver"": ""xcsp:ACE@2.4"", ""output_dir"": ""results_comparison"", ""global_time_limit"": 600, ""max_tries"": 50, ""tuning_file"": ""tests/psa/ace.tuning.json"", ""hpo_strategy"": ""hamming"", ""global_time_strategy"": ""PERCENT"", ""percent"": 0.2, ""round_time_strategy"": ""STATIC"", ""time_evolution"": ""STATIC"", ""stop_strategy"": ""TIMEOUT""}",136,"{""varh"": ""Memory"", ""valh"": ""First"", ""saf"": ""False"", ""pc1"": ""True"", ""bdc"": ""1"", ""toh"": ""False"", ""ng"": ""NO"", ""lc"": ""0"", ""negative"": ""V"", ""generic2"": ""True"", ""sb"": ""NO""}",1.0678424999932759,1.5976020829984918,9,ExitStatus.FEASIBLE,False,False,1.5976020829984918
2025-06-07T21:18:32.299519,ProgressiveParty-rally-red12-09_c23.xml,"{""input"": ""tests/xcsp3/cop/UNKNOWN/ProgressiveParty-rally-red12-09_c23.xml"", ""solver"": ""xcsp:ACE@2.4"", ""output_dir"": ""results_comparison"", ""global_time_limit"": 600, ""max_tries"": 50, ""tuning_file"": ""tests/psa/ace.tuning.json"", ""hpo_strategy"": ""hamming"", ""global_time_strategy"": ""PERCENT"", ""percent"": 0.2, ""round_time_strategy"": ""STATIC"", ""time_evolution"": ""STATIC"", ""stop_strategy"": ""TIMEOUT""}",137,"{""varh"": ""Wdeg"", ""valh"": ""First"", ""saf"": ""False"", ""pc1"": ""True"", ""bdc"": ""1"", ""toh"": ""False"", ""ng"": ""NO"", ""lc"": ""1"", ""negative"": ""V"", ""generic2"": ""False"", ""sb"": ""NO""}",1.0678424999932759,1.607530625013169,9,ExitStatus.FEASIBLE,False,False,1.607530625013169
2025-06-07T21:18:34.035262,ProgressiveParty-rally-red12-09_c23.xml,"{""input"": ""tests/xcsp3/cop/UNKNOWN/ProgressiveParty-rally-red12-09_c23.xml"", ""solver"": ""xcsp:ACE@2.4"", ""output_dir"": ""results_comparison"", ""global_time_limit"": 600, ""max_tries"": 50, ""tuning_file"": ""tests/psa/ace.tuning.json"", ""hpo_strategy"": ""hamming"", ""global_time_strategy"": ""PERCENT"", ""percent"": 0.2, ""round_time_strategy"": ""STATIC"", ""time_evolution"": ""STATIC"", ""stop_strategy"": ""TIMEOUT""}",138,"{""varh"": ""Impact"", ""valh"": ""Median"", ""saf"": ""False"", ""pc1"": ""True"", ""bdc"": ""1"", ""toh"": ""False"", ""ng"": ""NO"", ""lc"": ""2"", ""negative"": ""V"", ""generic2"": ""True"", ""sb"": ""NO""}",1.0678424999932759,1.6057401669968385,10,ExitStatus.FEASIBLE,False,False,1.6057401669968385
2025-06-07T21:18:36.093213,ProgressiveParty-rally-red12-09_c23.xml,"{""input"": ""tests/xcsp3/cop/UNKNOWN/ProgressiveParty-rally-red12-09_c23.xml"", ""solver"": ""xcsp:ACE@2.4"", ""output_dir"": ""results_comparison"", ""global_time_limit"": 600, ""max_tries"": 50, ""tuning_file"": ""tests/psa/ace.tuning.json"", ""hpo_strategy"": ""hamming"", ""global_time_strategy"": ""PERCENT"", ""percent"": 0.2, ""round_time_strategy"": ""STATIC"", ""time_evolution"": ""STATIC"", ""stop_strategy"": ""TIMEOUT""}",139,"{""varh"": ""Wdeg"", ""valh"": ""First"", ""saf"": ""False"", ""pc1"": ""True"", ""bdc"": ""1"", ""toh"": ""False"", ""ng"": ""NO"", ""lc"": ""0"", ""negative"": ""STR3"", ""generic2"": ""True"", ""sb"": ""NO""}",1.0678424999932759,1.9268829580105375,9,ExitStatus.FEASIBLE,False,False,1.9268829580105375
2025-06-07T21:18:37.772374,ProgressiveParty-rally-red12-09_c23.xml,"{""input"": ""tests/xcsp3/cop/UNKNOWN/ProgressiveParty-rally-red12-09_c23.xml"", ""solver"": ""xcsp:ACE@2.4"", ""output_dir"": ""results_comparison"", ""global_time_limit"": 600, ""max_tries"": 50, ""tuning_file"": ""tests/psa/ace.tuning.json"", ""hpo_strategy"": ""hamming"", ""global_time_strategy"": ""PERCENT"", ""percent"": 0.2, ""round_time_strategy"": ""STATIC"", ""time_evolution"": ""STATIC"", ""stop_strategy"": ""TIMEOUT""}",140,"{""varh"": ""Wdeg"", ""valh"": ""Last"", ""saf"": ""False"", ""pc1"": ""True"", ""bdc"": ""1"", ""toh"": ""False"", ""ng"": ""NO"", ""lc"": ""2"", ""negative"": ""VA"", ""generic2"": ""True"", ""sb"": ""NO""}",1.0678424999932759,1.5675288749916945,9,ExitStatus.FEASIBLE,False,False,1.5675288749916945
2025-06-07T21:18:39.446096,ProgressiveParty-rally-red12-09_c23.xml,"{""input"": ""tests/xcsp3/cop/UNKNOWN/ProgressiveParty-rally-red12-09_c23.xml"", ""solver"": ""xcsp:ACE@2.4"", ""output_dir"": ""results_comparison"", ""global_time_limit"": 600, ""max_tries"": 50, ""tuning_file"": ""tests/psa/ace.tuning.json"", ""hpo_strategy"": ""hamming"", ""global_time_strategy"": ""PERCENT"", ""percent"": 0.2, ""round_time_strategy"": ""STATIC"", ""time_evolution"": ""STATIC"", ""stop_strategy"": ""TIMEOUT""}",141,"{""varh"": ""Wdeg"", ""valh"": ""OccsR"", ""saf"": ""False"", ""pc1"": ""True"", ""bdc"": ""1"", ""toh"": ""True"", ""ng"": ""NO"", ""lc"": ""2"", ""negative"": ""V"", ""generic2"": ""True"", ""sb"": ""NO""}",1.0678424999932759,1.5704999160079751,9,ExitStatus.FEASIBLE,False,False,1.5704999160079751
2025-06-07T21:18:41.132648,ProgressiveParty-rally-red12-09_c23.xml,"{""input"": ""tests/xcsp3/cop/UNKNOWN/ProgressiveParty-rally-red12-09_c23.xml"", ""solver"": ""xcsp:ACE@2.4"", ""output_dir"": ""results_comparison"", ""global_time_limit"": 600, ""max_tries"": 50, ""tuning_file"": ""tests/psa/ace.tuning.json"", ""hpo_strategy"": ""hamming"", ""global_time_strategy"": ""PERCENT"", ""percent"": 0.2, ""round_time_strategy"": ""STATIC"", ""time_evolution"": ""STATIC"", ""stop_strategy"": ""TIMEOUT""}",142,"{""varh"": ""Wdeg"", ""valh"": ""First"", ""saf"": ""True"", ""pc1"": ""True"", ""bdc"": ""1"", ""toh"": ""False"", ""ng"": ""NO"", ""lc"": ""1"", ""negative"": ""V"", ""generic2"": ""True"", ""sb"": ""NO""}",1.0678424999932759,1.5822507920092903,9,ExitStatus.FEASIBLE,False,False,1.5822507920092903
2025-06-07T21:18:42.814603,ProgressiveParty-rally-red12-09_c23.xml,"{""input"": ""tests/xcsp3/cop/UNKNOWN/ProgressiveParty-rally-red12-09_c23.xml"", ""solver"": ""xcsp:ACE@2.4"", ""output_dir"": ""results_comparison"", ""global_time_limit"": 600, ""max_tries"": 50, ""tuning_file"": ""tests/psa/ace.tuning.json"", ""hpo_strategy"": ""hamming"", ""global_time_strategy"": ""PERCENT"", ""percent"": 0.2, ""round_time_strategy"": ""STATIC"", ""time_evolution"": ""STATIC"", ""stop_strategy"": ""TIMEOUT""}",143,"{""varh"": ""Impact"", ""valh"": ""First"", ""saf"": ""False"", ""pc1"": ""True"", ""bdc"": ""1"", ""toh"": ""False"", ""ng"": ""NO"", ""lc"": ""2"", ""negative"": ""V"", ""generic2"": ""False"", ""sb"": ""NO""}",1.0678424999932759,1.5692133749835193,9,ExitStatus.FEASIBLE,False,False,1.5692133749835193
2025-06-07T21:18:44.484676,ProgressiveParty-rally-red12-09_c23.xml,"{""input"": ""tests/xcsp3/cop/UNKNOWN/ProgressiveParty-rally-red12-09_c23.xml"", ""solver"": ""xcsp:ACE@2.4"", ""output_dir"": ""results_comparison"", ""global_time_limit"": 600, ""max_tries"": 50, ""tuning_file"": ""tests/psa/ace.tuning.json"", ""hpo_strategy"": ""hamming"", ""global_time_strategy"": ""PERCENT"", ""percent"": 0.2, ""round_time_strategy"": ""STATIC"", ""time_evolution"": ""STATIC"", ""stop_strategy"": ""TIMEOUT""}",144,"{""varh"": ""Wdeg"", ""valh"": ""OccsR"", ""saf"": ""False"", ""pc1"": ""True"", ""bdc"": ""1"", ""toh"": ""False"", ""ng"": ""NO"", ""lc"": ""2"", ""negative"": ""VA"", ""generic2"": ""True"", ""sb"": ""NO""}",1.0678424999932759,1.5576865420152899,9,ExitStatus.FEASIBLE,False,False,1.5576865420152899
2025-06-07T21:18:46.161762,ProgressiveParty-rally-red12-09_c23.xml,"{""input"": ""tests/xcsp3/cop/UNKNOWN/ProgressiveParty-rally-red12-09_c23.xml"", ""solver"": ""xcsp:ACE@2.4"", ""output_dir"": ""results_comparison"", ""global_time_limit"": 600, ""max_tries"": 50, ""tuning_file"": ""tests/psa/ace.tuning.json"", ""hpo_strategy"": ""hamming"", ""global_time_strategy"": ""PERCENT"", ""percent"": 0.2, ""round_time_strategy"": ""STATIC"", ""time_evolution"": ""STATIC"", ""stop_strategy"": ""TIMEOUT""}",145,"{""varh"": ""Wdeg"", ""valh"": ""FlrsE"", ""saf"": ""False"", ""pc1"": ""True"", ""bdc"": ""1"", ""toh"": ""False"", ""ng"": ""NO"", ""lc"": ""0"", ""negative"": ""V"", ""generic2"": ""True"", ""sb"": ""NO""}",1.0678424999932759,1.565198333002627,9,ExitStatus.FEASIBLE,False,False,1.565198333002627
2025-06-07T21:18:47.764540,ProgressiveParty-rally-red12-09_c23.xml,"{""input"": ""tests/xcsp3/cop/UNKNOWN/ProgressiveParty-rally-red12-09_c23.xml"", ""solver"": ""xcsp:ACE@2.4"", ""output_dir"": ""results_comparison"", ""global_time_limit"": 600, ""max_tries"": 50, ""tuning_file"": ""tests/psa/ace.tuning.json"", ""hpo_strategy"": ""hamming"", ""global_time_strategy"": ""PERCENT"", ""percent"": 0.2, ""round_time_strategy"": ""STATIC"", ""time_evolution"": ""STATIC"", ""stop_strategy"": ""TIMEOUT""}",146,"{""varh"": ""FrbaOnDom"", ""valh"": ""First"", ""saf"": ""False"", ""pc1"": ""True"", ""bdc"": ""1"", ""toh"": ""False"", ""ng"": ""NO"", ""lc"": ""2"", ""negative"": ""STR1"", ""generic2"": ""True"", ""sb"": ""NO""}",1.0678424999932759,1.4892622079933062,9,ExitStatus.OPTIMAL,False,False,1.4892622079933062
2025-06-07T21:18:49.446964,ProgressiveParty-rally-red12-09_c23.xml,"{""input"": ""tests/xcsp3/cop/UNKNOWN/ProgressiveParty-rally-red12-09_c23.xml"", ""solver"": ""xcsp:ACE@2.4"", ""output_dir"": ""results_comparison"", ""global_time_limit"": 600, ""max_tries"": 50, ""tuning_file"": ""tests/psa/ace.tuning.json"", ""hpo_strategy"": ""hamming"", ""global_time_strategy"": ""PERCENT"", ""percent"": 0.2, ""round_time_strategy"": ""STATIC"", ""time_evolution"": ""STATIC"", ""stop_strategy"": ""TIMEOUT""}",147,"{""varh"": ""Wdeg"", ""valh"": ""Vals"", ""saf"": ""False"", ""pc1"": ""True"", ""bdc"": ""1"", ""toh"": ""False"", ""ng"": ""NO"", ""lc"": ""1"", ""negative"": ""V"", ""generic2"": ""True"", ""sb"": ""NO""}",1.0678424999932759,1.5689852080249693,9,ExitStatus.FEASIBLE,False,False,1.5689852080249693
2025-06-07T21:18:51.008921,ProgressiveParty-rally-red12-09_c23.xml,"{""input"": ""tests/xcsp3/cop/UNKNOWN/ProgressiveParty-rally-red12-09_c23.xml"", ""solver"": ""xcsp:ACE@2.4"", ""output_dir"": ""results_comparison"", ""global_time_limit"": 600, ""max_tries"": 50, ""tuning_file"": ""tests/psa/ace.tuning.json"", ""hpo_strategy"": ""hamming"", ""global_time_strategy"": ""PERCENT"", ""percent"": 0.2, ""round_time_strategy"": ""STATIC"", ""time_evolution"": ""STATIC"", ""stop_strategy"": ""TIMEOUT""}",148,"{""varh"": ""Lexico"", ""valh"": ""RunRobin"", ""saf"": ""False"", ""pc1"": ""True"", ""bdc"": ""1"", ""toh"": ""False"", ""ng"": ""NO"", ""lc"": ""2"", ""negative"": ""V"", ""generic2"": ""True"", ""sb"": ""NO""}",1.0678424999932759,1.4494728340068832,9,ExitStatus.OPTIMAL,False,False,1.4494728340068832
2025-06-07T21:18:52.678243,ProgressiveParty-rally-red12-09_c23.xml,"{""input"": ""tests/xcsp3/cop/UNKNOWN/ProgressiveParty-rally-red12-09_c23.xml"", ""solver"": ""xcsp:ACE@2.4"", ""output_dir"": ""results_comparison"", ""global_time_limit"": 600, ""max_tries"": 50, ""tuning_file"": ""tests/psa/ace.tuning.json"", ""hpo_strategy"": ""hamming"", ""global_time_strategy"": ""PERCENT"", ""percent"": 0.2, ""round_time_strategy"": ""STATIC"", ""time_evolution"": ""STATIC"", ""stop_strategy"": ""TIMEOUT""}",149,"{""varh"": ""Wdeg"", ""valh"": ""Bivs3"", ""saf"": ""False"", ""pc1"": ""True"", ""bdc"": ""1"", ""toh"": ""False"", ""ng"": ""NO"", ""lc"": ""2"", ""negative"": ""CT"", ""generic2"": ""True"", ""sb"": ""NO""}",1.0678424999932759,1.5549605840060394,9,ExitStatus.FEASIBLE,False,False,1.5549605840060394
2025-06-07T21:18:54.362081,ProgressiveParty-rally-red12-09_c23.xml,"{""input"": ""tests/xcsp3/cop/UNKNOWN/ProgressiveParty-rally-red12-09_c23.xml"", ""solver"": ""xcsp:ACE@2.4"", ""output_dir"": ""results_comparison"", ""global_time_limit"": 600, ""max_tries"": 50, ""tuning_file"": ""tests/psa/ace.tuning.json"", ""hpo_strategy"": ""hamming"", ""global_time_strategy"": ""PERCENT"", ""percent"": 0.2, ""round_time_strategy"": ""STATIC"", ""time_evolution"": ""STATIC"", ""stop_strategy"": ""TIMEOUT""}",150,"{""varh"": ""Wdeg"", ""valh"": ""RunRobin"", ""saf"": ""False"", ""pc1"": ""True"", ""bdc"": ""1"", ""toh"": ""False"", ""ng"": ""NO"", ""lc"": ""5"", ""negative"": ""V"", ""generic2"": ""True"", ""sb"": ""NO""}",1.0678424999932759,1.5718041250074748,9,ExitStatus.FEASIBLE,False,False,1.5718041250074748
2025-06-07T21:18:56.041910,ProgressiveParty-rally-red12-09_c23.xml,"{""input"": ""tests/xcsp3/cop/UNKNOWN/ProgressiveParty-rally-red12-09_c23.xml"", ""solver"": ""xcsp:ACE@2.4"", ""output_dir"": ""results_comparison"", ""global_time_limit"": 600, ""max_tries"": 50, ""tuning_file"": ""tests/psa/ace.tuning.json"", ""hpo_strategy"": ""hamming"", ""global_time_strategy"": ""PERCENT"", ""percent"": 0.2, ""round_time_strategy"": ""STATIC"", ""time_evolution"": ""STATIC"", ""stop_strategy"": ""TIMEOUT""}",151,"{""varh"": ""Wdeg"", ""valh"": ""Vals"", ""saf"": ""False"", ""pc1"": ""True"", ""bdc"": ""1"", ""toh"": ""False"", ""ng"": ""NO"", ""lc"": ""2"", ""negative"": ""V"", ""generic2"": ""False"", ""sb"": ""NO""}",1.0678424999932759,1.5675250840140507,9,ExitStatus.FEASIBLE,False,False,1.5675250840140507
2025-06-07T21:19:02.161507,ProgressiveParty-rally-red12-09_c23.xml,"{""input"": ""tests/xcsp3/cop/UNKNOWN/ProgressiveParty-rally-red12-09_c23.xml"", ""solver"": ""xcsp:ACE@2.4"", ""output_dir"": ""results_comparison"", ""global_time_limit"": 600, ""max_tries"": 50, ""tuning_file"": ""tests/psa/ace.tuning.json"", ""hpo_strategy"": ""hamming"", ""global_time_strategy"": ""PERCENT"", ""percent"": 0.2, ""round_time_strategy"": ""STATIC"", ""time_evolution"": ""STATIC"", ""stop_strategy"": ""TIMEOUT""}",152,"{""varh"": ""Impact"", ""valh"": ""Conflicts"", ""saf"": ""False"", ""pc1"": ""True"", ""bdc"": ""1"", ""toh"": ""False"", ""ng"": ""NO"", ""lc"": ""2"", ""negative"": ""V"", ""generic2"": ""True"", ""sb"": ""NO""}",1.0678424999932759,1,,ExitStatus.UNKNOWN,False,False,1
2025-06-07T21:19:03.905864,ProgressiveParty-rally-red12-09_c23.xml,"{""input"": ""tests/xcsp3/cop/UNKNOWN/ProgressiveParty-rally-red12-09_c23.xml"", ""solver"": ""xcsp:ACE@2.4"", ""output_dir"": ""results_comparison"", ""global_time_limit"": 600, ""max_tries"": 50, ""tuning_file"": ""tests/psa/ace.tuning.json"", ""hpo_strategy"": ""hamming"", ""global_time_strategy"": ""PERCENT"", ""percent"": 0.2, ""round_time_strategy"": ""STATIC"", ""time_evolution"": ""STATIC"", ""stop_strategy"": ""TIMEOUT""}",153,"{""varh"": ""Wdeg"", ""valh"": ""OccsR"", ""saf"": ""False"", ""pc1"": ""False"", ""bdc"": ""1"", ""toh"": ""False"", ""ng"": ""NO"", ""lc"": ""2"", ""negative"": ""V"", ""generic2"": ""True"", ""sb"": ""NO""}",1.0678424999932759,1.6256810839986429,9,ExitStatus.FEASIBLE,False,False,1.6256810839986429
2025-06-07T21:19:05.627027,ProgressiveParty-rally-red12-09_c23.xml,"{""input"": ""tests/xcsp3/cop/UNKNOWN/ProgressiveParty-rally-red12-09_c23.xml"", ""solver"": ""xcsp:ACE@2.4"", ""output_dir"": ""results_comparison"", ""global_time_limit"": 600, ""max_tries"": 50, ""tuning_file"": ""tests/psa/ace.tuning.json"", ""hpo_strategy"": ""hamming"", ""global_time_strategy"": ""PERCENT"", ""percent"": 0.2, ""round_time_strategy"": ""STATIC"", ""time_evolution"": ""STATIC"", ""stop_strategy"": ""TIMEOUT""}",154,"{""varh"": ""Lexico"", ""valh"": ""First"", ""saf"": ""False"", ""pc1"": ""True"", ""bdc"": ""1"", ""toh"": ""False"", ""ng"": ""NO"", ""lc"": ""2"", ""negative"": ""STR1"", ""generic2"": ""True"", ""sb"": ""NO""}",1.0678424999932759,1.5900489169871435,9,ExitStatus.FEASIBLE,False,False,1.5900489169871435
2025-06-07T21:19:07.351051,ProgressiveParty-rally-red12-09_c23.xml,"{""input"": ""tests/xcsp3/cop/UNKNOWN/ProgressiveParty-rally-red12-09_c23.xml"", ""solver"": ""xcsp:ACE@2.4"", ""output_dir"": ""results_comparison"", ""global_time_limit"": 600, ""max_tries"": 50, ""tuning_file"": ""tests/psa/ace.tuning.json"", ""hpo_strategy"": ""hamming"", ""global_time_strategy"": ""PERCENT"", ""percent"": 0.2, ""round_time_strategy"": ""STATIC"", ""time_evolution"": ""STATIC"", ""stop_strategy"": ""TIMEOUT""}",155,"{""varh"": ""PickOnDom"", ""valh"": ""First"", ""saf"": ""False"", ""pc1"": ""True"", ""bdc"": ""1"", ""toh"": ""False"", ""ng"": ""NO"", ""lc"": ""5"", ""negative"": ""V"", ""generic2"": ""True"", ""sb"": ""NO""}",1.0678424999932759,1.589881833002437,9,ExitStatus.FEASIBLE,False,False,1.589881833002437
2025-06-07T21:19:08.834161,ProgressiveParty-rally-red12-09_c23.xml,"{""input"": ""tests/xcsp3/cop/UNKNOWN/ProgressiveParty-rally-red12-09_c23.xml"", ""solver"": ""xcsp:ACE@2.4"", ""output_dir"": ""results_comparison"", ""global_time_limit"": 600, ""max_tries"": 50, ""tuning_file"": ""tests/psa/ace.tuning.json"", ""hpo_strategy"": ""hamming"", ""global_time_strategy"": ""PERCENT"", ""percent"": 0.2, ""round_time_strategy"": ""STATIC"", ""time_evolution"": ""STATIC"", ""stop_strategy"": ""TIMEOUT""}",156,"{""varh"": ""Impact"", ""valh"": ""First"", ""saf"": ""False"", ""pc1"": ""True"", ""bdc"": ""100"", ""toh"": ""False"", ""ng"": ""NO"", ""lc"": ""2"", ""negative"": ""V"", ""generic2"": ""True"", ""sb"": ""NO""}",1.0678424999932759,1.3517828330222983,9,ExitStatus.UNKNOWN,False,False,1.3517828330222983
2025-06-07T21:19:10.549689,ProgressiveParty-rally-red12-09_c23.xml,"{""input"": ""tests/xcsp3/cop/UNKNOWN/ProgressiveParty-rally-red12-09_c23.xml"", ""solver"": ""xcsp:ACE@2.4"", ""output_dir"": ""results_comparison"", ""global_time_limit"": 600, ""max_tries"": 50, ""tuning_file"": ""tests/psa/ace.tuning.json"", ""hpo_strategy"": ""hamming"", ""global_time_strategy"": ""PERCENT"", ""percent"": 0.2, ""round_time_strategy"": ""STATIC"", ""time_evolution"": ""STATIC"", ""stop_strategy"": ""TIMEOUT""}",157,"{""varh"": ""Lexico"", ""valh"": ""OccsR"", ""saf"": ""False"", ""pc1"": ""True"", ""bdc"": ""1"", ""toh"": ""False"", ""ng"": ""NO"", ""lc"": ""2"", ""negative"": ""V"", ""generic2"": ""True"", ""sb"": ""NO""}",1.0678424999932759,1.5904175420000684,9,ExitStatus.FEASIBLE,False,False,1.5904175420000684
2025-06-07T21:19:11.930909,ProgressiveParty-rally-red12-09_c23.xml,"{""input"": ""tests/xcsp3/cop/UNKNOWN/ProgressiveParty-rally-red12-09_c23.xml"", ""solver"": ""xcsp:ACE@2.4"", ""output_dir"": ""results_comparison"", ""global_time_limit"": 600, ""max_tries"": 50, ""tuning_file"": ""tests/psa/ace.tuning.json"", ""hpo_strategy"": ""hamming"", ""global_time_strategy"": ""PERCENT"", ""percent"": 0.2, ""round_time_strategy"": ""STATIC"", ""time_evolution"": ""STATIC"", ""stop_strategy"": ""TIMEOUT""}",158,"{""varh"": ""Wdeg"", ""valh"": ""First"", ""saf"": ""False"", ""pc1"": ""True"", ""bdc"": ""1000"", ""toh"": ""False"", ""ng"": ""NO"", ""lc"": ""2"", ""negative"": ""STR0"", ""generic2"": ""True"", ""sb"": ""NO""}",1.0678424999932759,1.251885667006718,9,ExitStatus.UNKNOWN,False,False,1.251885667006718
2025-06-07T21:19:13.662812,ProgressiveParty-rally-red12-09_c23.xml,"{""input"": ""tests/xcsp3/cop/UNKNOWN/ProgressiveParty-rally-red12-09_c23.xml"", ""solver"": ""xcsp:ACE@2.4"", ""output_dir"": ""results_comparison"", ""global_time_limit"": 600, ""max_tries"": 50, ""tuning_file"": ""tests/psa/ace.tuning.json"", ""hpo_strategy"": ""hamming"", ""global_time_strategy"": ""PERCENT"", ""percent"": 0.2, ""round_time_strategy"": ""STATIC"", ""time_evolution"": ""STATIC"", ""stop_strategy"": ""TIMEOUT""}",159,"{""varh"": ""Wdeg"", ""valh"": ""First"", ""saf"": ""False"", ""pc1"": ""True"", ""bdc"": ""1"", ""toh"": ""False"", ""ng"": ""NO"", ""lc"": ""10"", ""negative"": ""STR1"", ""generic2"": ""True"", ""sb"": ""NO""}",1.0678424999932759,1.6001775419863407,9,ExitStatus.FEASIBLE,False,False,1.6001775419863407
2025-06-07T21:19:15.409329,ProgressiveParty-rally-red12-09_c23.xml,"{""input"": ""tests/xcsp3/cop/UNKNOWN/ProgressiveParty-rally-red12-09_c23.xml"", ""solver"": ""xcsp:ACE@2.4"", ""output_dir"": ""results_comparison"", ""global_time_limit"": 600, ""max_tries"": 50, ""tuning_file"": ""tests/psa/ace.tuning.json"", ""hpo_strategy"": ""hamming"", ""global_time_strategy"": ""PERCENT"", ""percent"": 0.2, ""round_time_strategy"": ""STATIC"", ""time_evolution"": ""STATIC"", ""stop_strategy"": ""TIMEOUT""}",160,"{""varh"": ""Wdeg"", ""valh"": ""First"", ""saf"": ""False"", ""pc1"": ""True"", ""bdc"": ""1"", ""toh"": ""True"", ""ng"": ""NO"", ""lc"": ""2"", ""negative"": ""V"", ""generic2"": ""False"", ""sb"": ""NO""}",1.0678424999932759,1.6112405419989955,9,ExitStatus.FEASIBLE,False,False,1.6112405419989955
2025-06-07T21:19:17.192611,ProgressiveParty-rally-red12-09_c23.xml,"{""input"": ""tests/xcsp3/cop/UNKNOWN/ProgressiveParty-rally-red12-09_c23.xml"", ""solver"": ""xcsp:ACE@2.4"", ""output_dir"": ""results_comparison"", ""global_time_limit"": 600, ""max_tries"": 50, ""tuning_file"": ""tests/psa/ace.tuning.json"", ""hpo_strategy"": ""hamming"", ""global_time_strategy"": ""PERCENT"", ""percent"": 0.2, ""round_time_strategy"": ""STATIC"", ""time_evolution"": ""STATIC"", ""stop_strategy"": ""TIMEOUT""}",161,"{""varh"": ""FrbaOnDom"", ""valh"": ""Bivs3"", ""saf"": ""False"", ""pc1"": ""True"", ""bdc"": ""1"", ""toh"": ""False"", ""ng"": ""NO"", ""lc"": ""2"", ""negative"": ""V"", ""generic2"": ""True"", ""sb"": ""NO""}",1.0678424999932759,1.6195862920139916,9,ExitStatus.FEASIBLE,False,False,1.6195862920139916
2025-06-07T21:19:18.976590,ProgressiveParty-rally-red12-09_c23.xml,"{""input"": ""tests/xcsp3/cop/UNKNOWN/ProgressiveParty-rally-red12-09_c23.xml"", ""solver"": ""xcsp:ACE@2.4"", ""output_dir"": ""results_comparison"", ""global_time_limit"": 600, ""max_tries"": 50, ""tuning_file"": ""tests/psa/ace.tuning.json"", ""hpo_strategy"": ""hamming"", ""global_time_strategy"": ""PERCENT"", ""percent"": 0.2, ""round_time_strategy"": ""STATIC"", ""time_evolution"": ""STATIC"", ""stop_strategy"": ""TIMEOUT""}",162,"{""varh"": ""PickOnDom"", ""valh"": ""First"", ""saf"": ""False"", ""pc1"": ""True"", ""bdc"": ""10"", ""toh"": ""False"", ""ng"": ""NO"", ""lc"": ""2"", ""negative"": ""V"", ""generic2"": ""True"", ""sb"": ""NO""}",1.0678424999932759,1.597253375017317,9,ExitStatus.OPTIMAL,False,False,1.597253375017317
2025-06-07T21:19:20.954677,ProgressiveParty-rally-red12-09_c23.xml,"{""input"": ""tests/xcsp3/cop/UNKNOWN/ProgressiveParty-rally-red12-09_c23.xml"", ""solver"": ""xcsp:ACE@2.4"", ""output_dir"": ""results_comparison"", ""global_time_limit"": 600, ""max_tries"": 50, ""tuning_file"": ""tests/psa/ace.tuning.json"", ""hpo_strategy"": ""hamming"", ""global_time_strategy"": ""PERCENT"", ""percent"": 0.2, ""round_time_strategy"": ""STATIC"", ""time_evolution"": ""STATIC"", ""stop_strategy"": ""TIMEOUT""}",163,"{""varh"": ""Rand"", ""valh"": ""First"", ""saf"": ""False"", ""pc1"": ""True"", ""bdc"": ""1"", ""toh"": ""False"", ""ng"": ""NO"", ""lc"": ""2"", ""negative"": ""VA"", ""generic2"": ""True"", ""sb"": ""NO""}",1.0678424999932759,1.8352157920016907,9,ExitStatus.FEASIBLE,False,False,1.8352157920016907
2025-06-07T21:19:22.581102,ProgressiveParty-rally-red12-09_c23.xml,"{""input"": ""tests/xcsp3/cop/UNKNOWN/ProgressiveParty-rally-red12-09_c23.xml"", ""solver"": ""xcsp:ACE@2.4"", ""output_dir"": ""results_comparison"", ""global_time_limit"": 600, ""max_tries"": 50, ""tuning_file"": ""tests/psa/ace.tuning.json"", ""hpo_strategy"": ""hamming"", ""global_time_strategy"": ""PERCENT"", ""percent"": 0.2, ""round_time_strategy"": ""STATIC"", ""time_evolution"": ""STATIC"", ""stop_strategy"": ""TIMEOUT""}",164,"{""varh"": ""Wdeg"", ""valh"": ""RunRobin"", ""saf"": ""False"", ""pc1"": ""True"", ""bdc"": ""100"", ""toh"": ""False"", ""ng"": ""NO"", ""lc"": ""2"", ""negative"": ""V"", ""generic2"": ""True"", ""sb"": ""NO""}",1.0678424999932759,1.4557479160139337,9,ExitStatus.UNKNOWN,False,False,1.4557479160139337
2025-06-07T21:19:24.348908,ProgressiveParty-rally-red12-09_c23.xml,"{""input"": ""tests/xcsp3/cop/UNKNOWN/ProgressiveParty-rally-red12-09_c23.xml"", ""solver"": ""xcsp:ACE@2.4"", ""output_dir"": ""results_comparison"", ""global_time_limit"": 600, ""max_tries"": 50, ""tuning_file"": ""tests/psa/ace.tuning.json"", ""hpo_strategy"": ""hamming"", ""global_time_strategy"": ""PERCENT"", ""percent"": 0.2, ""round_time_strategy"": ""STATIC"", ""time_evolution"": ""STATIC"", ""stop_strategy"": ""TIMEOUT""}",165,"{""varh"": ""Wdeg"", ""valh"": ""Vals"", ""saf"": ""False"", ""pc1"": ""True"", ""bdc"": ""1"", ""toh"": ""False"", ""ng"": ""NO"", ""lc"": ""10"", ""negative"": ""V"", ""generic2"": ""True"", ""sb"": ""NO""}",1.0678424999932759,1.6270335839944892,9,ExitStatus.FEASIBLE,False,False,1.6270335839944892
2025-06-07T21:19:25.784944,ProgressiveParty-rally-red12-09_c23.xml,"{""input"": ""tests/xcsp3/cop/UNKNOWN/ProgressiveParty-rally-red12-09_c23.xml"", ""solver"": ""xcsp:ACE@2.4"", ""output_dir"": ""results_comparison"", ""global_time_limit"": 600, ""max_tries"": 50, ""tuning_file"": ""tests/psa/ace.tuning.json"", ""hpo_strategy"": ""hamming"", ""global_time_strategy"": ""PERCENT"", ""percent"": 0.2, ""round_time_strategy"": ""STATIC"", ""time_evolution"": ""STATIC"", ""stop_strategy"": ""TIMEOUT""}",166,"{""varh"": ""Wdeg"", ""valh"": ""First"", ""saf"": ""False"", ""pc1"": ""True"", ""bdc"": ""10"", ""toh"": ""True"", ""ng"": ""NO"", ""lc"": ""2"", ""negative"": ""V"", ""generic2"": ""True"", ""sb"": ""NO""}",1.0678424999932759,1.3091523750044871,9,ExitStatus.OPTIMAL,False,False,1.3091523750044871
2025-06-07T21:19:27.516810,ProgressiveParty-rally-red12-09_c23.xml,"{""input"": ""tests/xcsp3/cop/UNKNOWN/ProgressiveParty-rally-red12-09_c23.xml"", ""solver"": ""xcsp:ACE@2.4"", ""output_dir"": ""results_comparison"", ""global_time_limit"": 600, ""max_tries"": 50, ""tuning_file"": ""tests/psa/ace.tuning.json"", ""hpo_strategy"": ""hamming"", ""global_time_strategy"": ""PERCENT"", ""percent"": 0.2, ""round_time_strategy"": ""STATIC"", ""time_evolution"": ""STATIC"", ""stop_strategy"": ""TIMEOUT""}",167,"{""varh"": ""Wdeg"", ""valh"": ""First"", ""saf"": ""True"", ""pc1"": ""True"", ""bdc"": ""1"", ""toh"": ""False"", ""ng"": ""NO"", ""lc"": ""2"", ""negative"": ""STR0"", ""generic2"": ""True"", ""sb"": ""NO""}",1.0678424999932759,1.6046092089964077,9,ExitStatus.FEASIBLE,False,False,1.6046092089964077
2025-06-07T21:19:29.260417,ProgressiveParty-rally-red12-09_c23.xml,"{""input"": ""tests/xcsp3/cop/UNKNOWN/ProgressiveParty-rally-red12-09_c23.xml"", ""solver"": ""xcsp:ACE@2.4"", ""output_dir"": ""results_comparison"", ""global_time_limit"": 600, ""max_tries"": 50, ""tuning_file"": ""tests/psa/ace.tuning.json"", ""hpo_strategy"": ""hamming"", ""global_time_strategy"": ""PERCENT"", ""percent"": 0.2, ""round_time_strategy"": ""STATIC"", ""time_evolution"": ""STATIC"", ""stop_strategy"": ""TIMEOUT""}",168,"{""varh"": ""WdegOnDom"", ""valh"": ""First"", ""saf"": ""False"", ""pc1"": ""True"", ""bdc"": ""1"", ""toh"": ""False"", ""ng"": ""NO"", ""lc"": ""0"", ""negative"": ""V"", ""generic2"": ""True"", ""sb"": ""NO""}",1.0678424999932759,1.6094371660146862,9,ExitStatus.FEASIBLE,False,False,1.6094371660146862
2025-06-07T21:19:30.988871,ProgressiveParty-rally-red12-09_c23.xml,"{""input"": ""tests/xcsp3/cop/UNKNOWN/ProgressiveParty-rally-red12-09_c23.xml"", ""solver"": ""xcsp:ACE@2.4"", ""output_dir"": ""results_comparison"", ""global_time_limit"": 600, ""max_tries"": 50, ""tuning_file"": ""tests/psa/ace.tuning.json"", ""hpo_strategy"": ""hamming"", ""global_time_strategy"": ""PERCENT"", ""percent"": 0.2, ""round_time_strategy"": ""STATIC"", ""time_evolution"": ""STATIC"", ""stop_strategy"": ""TIMEOUT""}",169,"{""varh"": ""RunRobin"", ""valh"": ""Vals"", ""saf"": ""False"", ""pc1"": ""True"", ""bdc"": ""1"", ""toh"": ""False"", ""ng"": ""NO"", ""lc"": ""2"", ""negative"": ""V"", ""generic2"": ""True"", ""sb"": ""NO""}",1.0678424999932759,1.5980269169958774,9,ExitStatus.FEASIBLE,False,False,1.5980269169958774
2025-06-07T21:19:37.125978,ProgressiveParty-rally-red12-09_c23.xml,"{""input"": ""tests/xcsp3/cop/UNKNOWN/ProgressiveParty-rally-red12-09_c23.xml"", ""solver"": ""xcsp:ACE@2.4"", ""output_dir"": ""results_comparison"", ""global_time_limit"": 600, ""max_tries"": 50, ""tuning_file"": ""tests/psa/ace.tuning.json"", ""hpo_strategy"": ""hamming"", ""global_time_strategy"": ""PERCENT"", ""percent"": 0.2, ""round_time_strategy"": ""STATIC"", ""time_evolution"": ""STATIC"", ""stop_strategy"": ""TIMEOUT""}",170,"{""varh"": ""Wdeg"", ""valh"": ""Conflicts"", ""saf"": ""False"", ""pc1"": ""True"", ""bdc"": ""1"", ""toh"": ""False"", ""ng"": ""NO"", ""lc"": ""2"", ""negative"": ""STR0"", ""generic2"": ""True"", ""sb"": ""NO""}",1.0678424999932759,1,,ExitStatus.UNKNOWN,False,False,1
2025-06-07T21:19:38.821077,ProgressiveParty-rally-red12-09_c23.xml,"{""input"": ""tests/xcsp3/cop/UNKNOWN/ProgressiveParty-rally-red12-09_c23.xml"", ""solver"": ""xcsp:ACE@2.4"", ""output_dir"": ""results_comparison"", ""global_time_limit"": 600, ""max_tries"": 50, ""tuning_file"": ""tests/psa/ace.tuning.json"", ""hpo_strategy"": ""hamming"", ""global_time_strategy"": ""PERCENT"", ""percent"": 0.2, ""round_time_strategy"": ""STATIC"", ""time_evolution"": ""STATIC"", ""stop_strategy"": ""TIMEOUT""}",171,"{""varh"": ""Memory"", ""valh"": ""First"", ""saf"": ""False"", ""pc1"": ""True"", ""bdc"": ""1"", ""toh"": ""False"", ""ng"": ""NO"", ""lc"": ""5"", ""negative"": ""V"", ""generic2"": ""True"", ""sb"": ""NO""}",1.0678424999932759,1.5788868750096299,,ExitStatus.UNKNOWN,False,False,1.5788868750096299
2025-06-07T21:19:40.912734,ProgressiveParty-rally-red12-09_c23.xml,"{""input"": ""tests/xcsp3/cop/UNKNOWN/ProgressiveParty-rally-red12-09_c23.xml"", ""solver"": ""xcsp:ACE@2.4"", ""output_dir"": ""results_comparison"", ""global_time_limit"": 600, ""max_tries"": 50, ""tuning_file"": ""tests/psa/ace.tuning.json"", ""hpo_strategy"": ""hamming"", ""global_time_strategy"": ""PERCENT"", ""percent"": 0.2, ""round_time_strategy"": ""STATIC"", ""time_evolution"": ""STATIC"", ""stop_strategy"": ""TIMEOUT""}",172,"{""varh"": ""Wdeg"", ""valh"": ""Median"", ""saf"": ""False"", ""pc1"": ""True"", ""bdc"": ""1"", ""toh"": ""False"", ""ng"": ""NO"", ""lc"": ""1"", ""negative"": ""V"", ""generic2"": ""True"", ""sb"": ""NO""}",1.0678424999932759,1.8730301249888726,9,ExitStatus.FEASIBLE,False,False,1.8730301249888726
2025-06-07T21:19:42.805226,ProgressiveParty-rally-red12-09_c23.xml,"{""input"": ""tests/xcsp3/cop/UNKNOWN/ProgressiveParty-rally-red12-09_c23.xml"", ""solver"": ""xcsp:ACE@2.4"", ""output_dir"": ""results_comparison"", ""global_time_limit"": 600, ""max_tries"": 50, ""tuning_file"": ""tests/psa/ace.tuning.json"", ""hpo_strategy"": ""hamming"", ""global_time_strategy"": ""PERCENT"", ""percent"": 0.2, ""round_time_strategy"": ""STATIC"", ""time_evolution"": ""STATIC"", ""stop_strategy"": ""TIMEOUT""}",173,"{""varh"": ""Wdeg"", ""valh"": ""First"", ""saf"": ""False"", ""pc1"": ""True"", ""bdc"": ""1"", ""toh"": ""True"", ""ng"": ""NO"", ""lc"": ""2"", ""negative"": ""CT"", ""generic2"": ""True"", ""sb"": ""NO""}",1.0678424999932759,1.7348626659950241,9,ExitStatus.FEASIBLE,False,False,1.7348626659950241
2025-06-07T21:19:44.538533,ProgressiveParty-rally-red12-09_c23.xml,"{""input"": ""tests/xcsp3/cop/UNKNOWN/ProgressiveParty-rally-red12-09_c23.xml"", ""solver"": ""xcsp:ACE@2.4"", ""output_dir"": ""results_comparison"", ""global_time_limit"": 600, ""max_tries"": 50, ""tuning_file"": ""tests/psa/ace.tuning.json"", ""hpo_strategy"": ""hamming"", ""global_time_strategy"": ""PERCENT"", ""percent"": 0.2, ""round_time_strategy"": ""STATIC"", ""time_evolution"": ""STATIC"", ""stop_strategy"": ""TIMEOUT""}",174,"{""varh"": ""Impact"", ""valh"": ""First"", ""saf"": ""False"", ""pc1"": ""True"", ""bdc"": ""1"", ""toh"": ""False"", ""ng"": ""NO"", ""lc"": ""0"", ""negative"": ""V"", ""generic2"": ""True"", ""sb"": ""NO""}",1.0678424999932759,1.6154485000006389,9,ExitStatus.FEASIBLE,False,False,1.6154485000006389
2025-06-07T21:19:46.275009,ProgressiveParty-rally-red12-09_c23.xml,"{""input"": ""tests/xcsp3/cop/UNKNOWN/ProgressiveParty-rally-red12-09_c23.xml"", ""solver"": ""xcsp:ACE@2.4"", ""output_dir"": ""results_comparison"", ""global_time_limit"": 600, ""max_tries"": 50, ""tuning_file"": ""tests/psa/ace.tuning.json"", ""hpo_strategy"": ""hamming"", ""global_time_strategy"": ""PERCENT"", ""percent"": 0.2, ""round_time_strategy"": ""STATIC"", ""time_evolution"": ""STATIC"", ""stop_strategy"": ""TIMEOUT""}",175,"{""varh"": ""Wdeg"", ""valh"": ""First"", ""saf"": ""True"", ""pc1"": ""True"", ""bdc"": ""1"", ""toh"": ""False"", ""ng"": ""NO"", ""lc"": ""2"", ""negative"": ""STR3"", ""generic2"": ""True"", ""sb"": ""NO""}",1.0678424999932759,1.6184056669881102,9,ExitStatus.FEASIBLE,False,False,1.6184056669881102
2025-06-07T21:19:47.993683,ProgressiveParty-rally-red12-09_c23.xml,"{""input"": ""tests/xcsp3/cop/UNKNOWN/ProgressiveParty-rally-red12-09_c23.xml"", ""solver"": ""xcsp:ACE@2.4"", ""output_dir"": ""results_comparison"", ""global_time_limit"": 600, ""max_tries"": 50, ""tuning_file"": ""tests/psa/ace.tuning.json"", ""hpo_strategy"": ""hamming"", ""global_time_strategy"": ""PERCENT"", ""percent"": 0.2, ""round_time_strategy"": ""STATIC"", ""time_evolution"": ""STATIC"", ""stop_strategy"": ""TIMEOUT""}",176,"{""varh"": ""Activity"", ""valh"": ""OccsR"", ""saf"": ""False"", ""pc1"": ""True"", ""bdc"": ""1"", ""toh"": ""False"", ""ng"": ""NO"", ""lc"": ""2"", ""negative"": ""V"", ""generic2"": ""True"", ""sb"": ""NO""}",1.0678424999932759,1.5941570419818163,9,ExitStatus.FEASIBLE,False,False,1.5941570419818163
2025-06-07T21:19:49.733815,ProgressiveParty-rally-red12-09_c23.xml,"{""input"": ""tests/xcsp3/cop/UNKNOWN/ProgressiveParty-rally-red12-09_c23.xml"", ""solver"": ""xcsp:ACE@2.4"", ""output_dir"": ""results_comparison"", ""global_time_limit"": 600, ""max_tries"": 50, ""tuning_file"": ""tests/psa/ace.tuning.json"", ""hpo_strategy"": ""hamming"", ""global_time_strategy"": ""PERCENT"", ""percent"": 0.2, ""round_time_strategy"": ""STATIC"", ""time_evolution"": ""STATIC"", ""stop_strategy"": ""TIMEOUT""}",177,"{""varh"": ""RunRobin"", ""valh"": ""Last"", ""saf"": ""False"", ""pc1"": ""True"", ""bdc"": ""1"", ""toh"": ""False"", ""ng"": ""NO"", ""lc"": ""2"", ""negative"": ""V"", ""generic2"": ""True"", ""sb"": ""NO""}",1.0678424999932759,1.6127435420057736,9,ExitStatus.FEASIBLE,False,False,1.6127435420057736
2025-06-07T21:19:51.999345,ProgressiveParty-rally-red12-09_c23.xml,"{""input"": ""tests/xcsp3/cop/UNKNOWN/ProgressiveParty-rally-red12-09_c23.xml"", ""solver"": ""xcsp:ACE@2.4"", ""output_dir"": ""results_comparison"", ""global_time_limit"": 600, ""max_tries"": 50, ""tuning_file"": ""tests/psa/ace.tuning.json"", ""hpo_strategy"": ""hamming"", ""global_time_strategy"": ""PERCENT"", ""percent"": 0.2, ""round_time_strategy"": ""STATIC"", ""time_evolution"": ""STATIC"", ""stop_strategy"": ""TIMEOUT""}",178,"{""varh"": ""Wdeg"", ""valh"": ""Median"", ""saf"": ""False"", ""pc1"": ""True"", ""bdc"": ""100"", ""toh"": ""False"", ""ng"": ""NO"", ""lc"": ""2"", ""negative"": ""V"", ""generic2"": ""True"", ""sb"": ""NO""}",1.0678424999932759,2.1249917079985607,12,ExitStatus.UNKNOWN,False,False,2.1249917079985607
2025-06-07T21:19:54.099901,ProgressiveParty-rally-red12-09_c23.xml,"{""input"": ""tests/xcsp3/cop/UNKNOWN/ProgressiveParty-rally-red12-09_c23.xml"", ""solver"": ""xcsp:ACE@2.4"", ""output_dir"": ""results_comparison"", ""global_time_limit"": 600, ""max_tries"": 50, ""tuning_file"": ""tests/psa/ace.tuning.json"", ""hpo_strategy"": ""hamming"", ""global_time_strategy"": ""PERCENT"", ""percent"": 0.2, ""round_time_strategy"": ""STATIC"", ""time_evolution"": ""STATIC"", ""stop_strategy"": ""TIMEOUT""}",179,"{""varh"": ""Wdeg"", ""valh"": ""Last"", ""saf"": ""False"", ""pc1"": ""True"", ""bdc"": ""1"", ""toh"": ""False"", ""ng"": ""NO"", ""lc"": ""2"", ""negative"": ""STR0"", ""generic2"": ""True"", ""sb"": ""NO""}",1.0678424999932759,1.9499811669811606,9,ExitStatus.FEASIBLE,False,False,1.9499811669811606
2025-06-07T21:19:56.397007,ProgressiveParty-rally-red12-09_c23.xml,"{""input"": ""tests/xcsp3/cop/UNKNOWN/ProgressiveParty-rally-red12-09_c23.xml"", ""solver"": ""xcsp:ACE@2.4"", ""output_dir"": ""results_comparison"", ""global_time_limit"": 600, ""max_tries"": 50, ""tuning_file"": ""tests/psa/ace.tuning.json"", ""hpo_strategy"": ""hamming"", ""global_time_strategy"": ""PERCENT"", ""percent"": 0.2, ""round_time_strategy"": ""STATIC"", ""time_evolution"": ""STATIC"", ""stop_strategy"": ""TIMEOUT""}",180,"{""varh"": ""Wdeg"", ""valh"": ""Last"", ""saf"": ""False"", ""pc1"": ""True"", ""bdc"": ""1"", ""toh"": ""True"", ""ng"": ""NO"", ""lc"": ""2"", ""negative"": ""V"", ""generic2"": ""True"", ""sb"": ""NO""}",1.0678424999932759,2.097169707994908,9,ExitStatus.FEASIBLE,False,False,2.097169707994908
2025-06-07T21:19:58.589045,ProgressiveParty-rally-red12-09_c23.xml,"{""input"": ""tests/xcsp3/cop/UNKNOWN/ProgressiveParty-rally-red12-09_c23.xml"", ""solver"": ""xcsp:ACE@2.4"", ""output_dir"": ""results_comparison"", ""global_time_limit"": 600, ""max_tries"": 50, ""tuning_file"": ""tests/psa/ace.tuning.json"", ""hpo_strategy"": ""hamming"", ""global_time_strategy"": ""PERCENT"", ""percent"": 0.2, ""round_time_strategy"": ""STATIC"", ""time_evolution"": ""STATIC"", ""stop_strategy"": ""TIMEOUT""}",181,"{""varh"": ""FrbaOnDom"", ""valh"": ""Vals"", ""saf"": ""False"", ""pc1"": ""True"", ""bdc"": ""1"", ""toh"": ""False"", ""ng"": ""NO"", ""lc"": ""2"", ""negative"": ""V"", ""generic2"": ""True"", ""sb"": ""NO""}",1.0678424999932759,1.9853467079810798,9,ExitStatus.FEASIBLE,False,False,1.9853467079810798
2025-06-07T21:20:00.412791,ProgressiveParty-rally-red12-09_c23.xml,"{""input"": ""tests/xcsp3/cop/UNKNOWN/ProgressiveParty-rally-red12-09_c23.xml"", ""solver"": ""xcsp:ACE@2.4"", ""output_dir"": ""results_comparison"", ""global_time_limit"": 600, ""max_tries"": 50, ""tuning_file"": ""tests/psa/ace.tuning.json"", ""hpo_strategy"": ""hamming"", ""global_time_strategy"": ""PERCENT"", ""percent"": 0.2, ""round_time_strategy"": ""STATIC"", ""time_evolution"": ""STATIC"", ""stop_strategy"": ""TIMEOUT""}",182,"{""varh"": ""WdegOnDom"", ""valh"": ""First"", ""saf"": ""False"", ""pc1"": ""True"", ""bdc"": ""100"", ""toh"": ""False"", ""ng"": ""NO"", ""lc"": ""2"", ""negative"": ""V"", ""generic2"": ""True"", ""sb"": ""NO""}",1.0678424999932759,1.6132293330156244,9,ExitStatus.UNKNOWN,False,False,1.6132293330156244
2025-06-07T21:20:02.262321,ProgressiveParty-rally-red12-09_c23.xml,"{""input"": ""tests/xcsp3/cop/UNKNOWN/ProgressiveParty-rally-red12-09_c23.xml"", ""solver"": ""xcsp:ACE@2.4"", ""output_dir"": ""results_comparison"", ""global_time_limit"": 600, ""max_tries"": 50, ""tuning_file"": ""tests/psa/ace.tuning.json"", ""hpo_strategy"": ""hamming"", ""global_time_strategy"": ""PERCENT"", ""percent"": 0.2, ""round_time_strategy"": ""STATIC"", ""time_evolution"": ""STATIC"", ""stop_strategy"": ""TIMEOUT""}",183,"{""varh"": ""Wdeg"", ""valh"": ""First"", ""saf"": ""False"", ""pc1"": ""False"", ""bdc"": ""1"", ""toh"": ""False"", ""ng"": ""NO"", ""lc"": ""10"", ""negative"": ""V"", ""generic2"": ""True"", ""sb"": ""NO""}",1.0678424999932759,1.7021361670049373,9,ExitStatus.FEASIBLE,False,False,1.7021361670049373
2025-06-07T21:20:04.131683,ProgressiveParty-rally-red12-09_c23.xml,"{""input"": ""tests/xcsp3/cop/UNKNOWN/ProgressiveParty-rally-red12-09_c23.xml"", ""solver"": ""xcsp:ACE@2.4"", ""output_dir"": ""results_comparison"", ""global_time_limit"": 600, ""max_tries"": 50, ""tuning_file"": ""tests/psa/ace.tuning.json"", ""hpo_strategy"": ""hamming"", ""global_time_strategy"": ""PERCENT"", ""percent"": 0.2, ""round_time_strategy"": ""STATIC"", ""time_evolution"": ""STATIC"", ""stop_strategy"": ""TIMEOUT""}",184,"{""varh"": ""Memory"", ""valh"": ""First"", ""saf"": ""False"", ""pc1"": ""True"", ""bdc"": ""1"", ""toh"": ""False"", ""ng"": ""NO"", ""lc"": ""10"", ""negative"": ""V"", ""generic2"": ""True"", ""sb"": ""NO""}",1.0678424999932759,1.7189593329967465,9,ExitStatus.FEASIBLE,False,False,1.7189593329967465
2025-06-07T21:20:06.028615,ProgressiveParty-rally-red12-09_c23.xml,"{""input"": ""tests/xcsp3/cop/UNKNOWN/ProgressiveParty-rally-red12-09_c23.xml"", ""solver"": ""xcsp:ACE@2.4"", ""output_dir"": ""results_comparison"", ""global_time_limit"": 600, ""max_tries"": 50, ""tuning_file"": ""tests/psa/ace.tuning.json"", ""hpo_strategy"": ""hamming"", ""global_time_strategy"": ""PERCENT"", ""percent"": 0.2, ""round_time_strategy"": ""STATIC"", ""time_evolution"": ""STATIC"", ""stop_strategy"": ""TIMEOUT""}",185,"{""varh"": ""Wdeg"", ""valh"": ""OccsR"", ""saf"": ""False"", ""pc1"": ""True"", ""bdc"": ""1"", ""toh"": ""False"", ""ng"": ""NO"", ""lc"": ""2"", ""negative"": ""STR0"", ""generic2"": ""True"", ""sb"": ""NO""}",1.0678424999932759,1.7495716669945978,9,ExitStatus.FEASIBLE,False,False,1.7495716669945978
2025-06-07T21:20:07.835694,ProgressiveParty-rally-red12-09_c23.xml,"{""input"": ""tests/xcsp3/cop/UNKNOWN/ProgressiveParty-rally-red12-09_c23.xml"", ""solver"": ""xcsp:ACE@2.4"", ""output_dir"": ""results_comparison"", ""global_time_limit"": 600, ""max_tries"": 50, ""tuning_file"": ""tests/psa/ace.tuning.json"", ""hpo_strategy"": ""hamming"", ""global_time_strategy"": ""PERCENT"", ""percent"": 0.2, ""round_time_strategy"": ""STATIC"", ""time_evolution"": ""STATIC"", ""stop_strategy"": ""TIMEOUT""}",186,"{""varh"": ""Wdeg"", ""valh"": ""Last"", ""saf"": ""False"", ""pc1"": ""True"", ""bdc"": ""10"", ""toh"": ""False"", ""ng"": ""NO"", ""lc"": ""2"", ""negative"": ""V"", ""generic2"": ""True"", ""sb"": ""NO""}",1.0678424999932759,1.6599505000049248,12,ExitStatus.OPTIMAL,False,False,1.6599505000049248
2025-06-07T21:20:09.813774,ProgressiveParty-rally-red12-09_c23.xml,"{""input"": ""tests/xcsp3/cop/UNKNOWN/ProgressiveParty-rally-red12-09_c23.xml"", ""solver"": ""xcsp:ACE@2.4"", ""output_dir"": ""results_comparison"", ""global_time_limit"": 600, ""max_tries"": 50, ""tuning_file"": ""tests/psa/ace.tuning.json"", ""hpo_strategy"": ""hamming"", ""global_time_strategy"": ""PERCENT"", ""percent"": 0.2, ""round_time_strategy"": ""STATIC"", ""time_evolution"": ""STATIC"", ""stop_strategy"": ""TIMEOUT""}",187,"{""varh"": ""Wdeg"", ""valh"": ""OccsR"", ""saf"": ""False"", ""pc1"": ""True"", ""bdc"": ""1"", ""toh"": ""False"", ""ng"": ""NO"", ""lc"": ""2"", ""negative"": ""CT"", ""generic2"": ""True"", ""sb"": ""NO""}",1.0678424999932759,1.8044025829876773,9,ExitStatus.FEASIBLE,False,False,1.8044025829876773
2025-06-07T21:20:11.436234,ProgressiveParty-rally-red12-09_c23.xml,"{""input"": ""tests/xcsp3/cop/UNKNOWN/ProgressiveParty-rally-red12-09_c23.xml"", ""solver"": ""xcsp:ACE@2.4"", ""output_dir"": ""results_comparison"", ""global_time_limit"": 600, ""max_tries"": 50, ""tuning_file"": ""tests/psa/ace.tuning.json"", ""hpo_strategy"": ""hamming"", ""global_time_strategy"": ""PERCENT"", ""percent"": 0.2, ""round_time_strategy"": ""STATIC"", ""time_evolution"": ""STATIC"", ""stop_strategy"": ""TIMEOUT""}",188,"{""varh"": ""Wdeg"", ""valh"": ""First"", ""saf"": ""False"", ""pc1"": ""True"", ""bdc"": ""1000"", ""toh"": ""False"", ""ng"": ""NO"", ""lc"": ""2"", ""negative"": ""VA"", ""generic2"": ""True"", ""sb"": ""NO""}",1.0678424999932759,1.4676322499872185,9,ExitStatus.UNKNOWN,False,False,1.4676322499872185
2025-06-07T21:20:13.048283,ProgressiveParty-rally-red12-09_c23.xml,"{""input"": ""tests/xcsp3/cop/UNKNOWN/ProgressiveParty-rally-red12-09_c23.xml"", ""solver"": ""xcsp:ACE@2.4"", ""output_dir"": ""results_comparison"", ""global_time_limit"": 600, ""max_tries"": 50, ""tuning_file"": ""tests/psa/ace.tuning.json"", ""hpo_strategy"": ""hamming"", ""global_time_strategy"": ""PERCENT"", ""percent"": 0.2, ""round_time_strategy"": ""STATIC"", ""time_evolution"": ""STATIC"", ""stop_strategy"": ""TIMEOUT""}",189,"{""varh"": ""Wdeg"", ""valh"": ""OccsR"", ""saf"": ""False"", ""pc1"": ""True"", ""bdc"": ""100"", ""toh"": ""False"", ""ng"": ""NO"", ""lc"": ""2"", ""negative"": ""V"", ""generic2"": ""True"", ""sb"": ""NO""}",1.0678424999932759,1.468737457995303,9,ExitStatus.UNKNOWN,False,False,1.468737457995303
2025-06-07T21:20:14.884472,ProgressiveParty-rally-red12-09_c23.xml,"{""input"": ""tests/xcsp3/cop/UNKNOWN/ProgressiveParty-rally-red12-09_c23.xml"", ""solver"": ""xcsp:ACE@2.4"", ""output_dir"": ""results_comparison"", ""global_time_limit"": 600, ""max_tries"": 50, ""tuning_file"": ""tests/psa/ace.tuning.json"", ""hpo_strategy"": ""hamming"", ""global_time_strategy"": ""PERCENT"", ""percent"": 0.2, ""round_time_strategy"": ""STATIC"", ""time_evolution"": ""STATIC"", ""stop_strategy"": ""TIMEOUT""}",190,"{""varh"": ""Memory"", ""valh"": ""First"", ""saf"": ""False"", ""pc1"": ""True"", ""bdc"": ""1"", ""toh"": ""False"", ""ng"": ""NO"", ""lc"": ""2"", ""negative"": ""STR3"", ""generic2"": ""True"", ""sb"": ""NO""}",1.0678424999932759,1.6914120000146795,9,ExitStatus.FEASIBLE,False,False,1.6914120000146795
2025-06-07T21:20:16.526681,ProgressiveParty-rally-red12-09_c23.xml,"{""input"": ""tests/xcsp3/cop/UNKNOWN/ProgressiveParty-rally-red12-09_c23.xml"", ""solver"": ""xcsp:ACE@2.4"", ""output_dir"": ""results_comparison"", ""global_time_limit"": 600, ""max_tries"": 50, ""tuning_file"": ""tests/psa/ace.tuning.json"", ""hpo_strategy"": ""hamming"", ""global_time_strategy"": ""PERCENT"", ""percent"": 0.2, ""round_time_strategy"": ""STATIC"", ""time_evolution"": ""STATIC"", ""stop_strategy"": ""TIMEOUT""}",191,"{""varh"": ""Wdeg"", ""valh"": ""First"", ""saf"": ""True"", ""pc1"": ""True"", ""bdc"": ""10"", ""toh"": ""False"", ""ng"": ""NO"", ""lc"": ""2"", ""negative"": ""V"", ""generic2"": ""True"", ""sb"": ""NO""}",1.0678424999932759,1.48692941700574,9,ExitStatus.OPTIMAL,False,False,1.48692941700574
2025-06-07T21:20:18.364113,ProgressiveParty-rally-red12-09_c23.xml,"{""input"": ""tests/xcsp3/cop/UNKNOWN/ProgressiveParty-rally-red12-09_c23.xml"", ""solver"": ""xcsp:ACE@2.4"", ""output_dir"": ""results_comparison"", ""global_time_limit"": 600, ""max_tries"": 50, ""tuning_file"": ""tests/psa/ace.tuning.json"", ""hpo_strategy"": ""hamming"", ""global_time_strategy"": ""PERCENT"", ""percent"": 0.2, ""round_time_strategy"": ""STATIC"", ""time_evolution"": ""STATIC"", ""stop_strategy"": ""TIMEOUT""}",192,"{""varh"": ""Wdeg"", ""valh"": ""First"", ""saf"": ""False"", ""pc1"": ""False"", ""bdc"": ""1"", ""toh"": ""False"", ""ng"": ""NO"", ""lc"": ""2"", ""negative"": ""STR2"", ""generic2"": ""True"", ""sb"": ""NO""}",1.0678424999932759,1.6940535829926375,9,ExitStatus.FEASIBLE,False,False,1.6940535829926375
2025-06-07T21:20:19.868833,ProgressiveParty-rally-red12-09_c23.xml,"{""input"": ""tests/xcsp3/cop/UNKNOWN/ProgressiveParty-rally-red12-09_c23.xml"", ""solver"": ""xcsp:ACE@2.4"", ""output_dir"": ""results_comparison"", ""global_time_limit"": 600, ""max_tries"": 50, ""tuning_file"": ""tests/psa/ace.tuning.json"", ""hpo_strategy"": ""hamming"", ""global_time_strategy"": ""PERCENT"", ""percent"": 0.2, ""round_time_strategy"": ""STATIC"", ""time_evolution"": ""STATIC"", ""stop_strategy"": ""TIMEOUT""}",193,"{""varh"": ""Wdeg"", ""valh"": ""First"", ""saf"": ""False"", ""pc1"": ""True"", ""bdc"": ""100"", ""toh"": ""False"", ""ng"": ""NO"", ""lc"": ""2"", ""negative"": ""STR0"", ""generic2"": ""True"", ""sb"": ""NO""}",1.0678424999932759,1.361337124981219,9,ExitStatus.UNKNOWN,False,False,1.361337124981219
2025-06-07T21:20:21.615042,ProgressiveParty-rally-red12-09_c23.xml,"{""input"": ""tests/xcsp3/cop/UNKNOWN/ProgressiveParty-rally-red12-09_c23.xml"", ""solver"": ""xcsp:ACE@2.4"", ""output_dir"": ""results_comparison"", ""global_time_limit"": 600, ""max_tries"": 50, ""tuning_file"": ""tests/psa/ace.tuning.json"", ""hpo_strategy"": ""hamming"", ""global_time_strategy"": ""PERCENT"", ""percent"": 0.2, ""round_time_strategy"": ""STATIC"", ""time_evolution"": ""STATIC"", ""stop_strategy"": ""TIMEOUT""}",194,"{""varh"": ""Wdeg"", ""valh"": ""OccsR"", ""saf"": ""False"", ""pc1"": ""True"", ""bdc"": ""1"", ""toh"": ""False"", ""ng"": ""NO"", ""lc"": ""0"", ""negative"": ""V"", ""generic2"": ""True"", ""sb"": ""NO""}",1.0678424999932759,1.6091874169942457,9,ExitStatus.FEASIBLE,False,False,1.6091874169942457
2025-06-07T21:20:23.387035,ProgressiveParty-rally-red12-09_c23.xml,"{""input"": ""tests/xcsp3/cop/UNKNOWN/ProgressiveParty-rally-red12-09_c23.xml"", ""solver"": ""xcsp:ACE@2.4"", ""output_dir"": ""results_comparison"", ""global_time_limit"": 600, ""max_tries"": 50, ""tuning_file"": ""tests/psa/ace.tuning.json"", ""hpo_strategy"": ""hamming"", ""global_time_strategy"": ""PERCENT"", ""percent"": 0.2, ""round_time_strategy"": ""STATIC"", ""time_evolution"": ""STATIC"", ""stop_strategy"": ""TIMEOUT""}",195,"{""varh"": ""Wdeg"", ""valh"": ""RunRobin"", ""saf"": ""False"", ""pc1"": ""True"", ""bdc"": ""1"", ""toh"": ""True"", ""ng"": ""NO"", ""lc"": ""2"", ""negative"": ""V"", ""generic2"": ""True"", ""sb"": ""NO""}",1.0678424999932759,1.6231275419995654,9,ExitStatus.FEASIBLE,False,False,1.6231275419995654
2025-06-07T21:20:24.844133,ProgressiveParty-rally-red12-09_c23.xml,"{""input"": ""tests/xcsp3/cop/UNKNOWN/ProgressiveParty-rally-red12-09_c23.xml"", ""solver"": ""xcsp:ACE@2.4"", ""output_dir"": ""results_comparison"", ""global_time_limit"": 600, ""max_tries"": 50, ""tuning_file"": ""tests/psa/ace.tuning.json"", ""hpo_strategy"": ""hamming"", ""global_time_strategy"": ""PERCENT"", ""percent"": 0.2, ""round_time_strategy"": ""STATIC"", ""time_evolution"": ""STATIC"", ""stop_strategy"": ""TIMEOUT""}",196,"{""varh"": ""PickOnDom"", ""valh"": ""First"", ""saf"": ""False"", ""pc1"": ""False"", ""bdc"": ""1"", ""toh"": ""False"", ""ng"": ""NO"", ""lc"": ""2"", ""negative"": ""V"", ""generic2"": ""True"", ""sb"": ""NO""}",1.0678424999932759,1.325348375015892,9,ExitStatus.OPTIMAL,False,False,1.325348375015892
2025-06-07T21:20:26.418542,ProgressiveParty-rally-red12-09_c23.xml,"{""input"": ""tests/xcsp3/cop/UNKNOWN/ProgressiveParty-rally-red12-09_c23.xml"", ""solver"": ""xcsp:ACE@2.4"", ""output_dir"": ""results_comparison"", ""global_time_limit"": 600, ""max_tries"": 50, ""tuning_file"": ""tests/psa/ace.tuning.json"", ""hpo_strategy"": ""hamming"", ""global_time_strategy"": ""PERCENT"", ""percent"": 0.2, ""round_time_strategy"": ""STATIC"", ""time_evolution"": ""STATIC"", ""stop_strategy"": ""TIMEOUT""}",197,"{""varh"": ""Lexico"", ""valh"": ""First"", ""saf"": ""False"", ""pc1"": ""True"", ""bdc"": ""1"", ""toh"": ""False"", ""ng"": ""NO"", ""lc"": ""2"", ""negative"": ""STR2"", ""generic2"": ""True"", ""sb"": ""NO""}",1.0678424999932759,1.459118083002977,9,ExitStatus.OPTIMAL,False,False,1.459118083002977
2025-06-07T21:20:28.106001,ProgressiveParty-rally-red12-09_c23.xml,"{""input"": ""tests/xcsp3/cop/UNKNOWN/ProgressiveParty-rally-red12-09_c23.xml"", ""solver"": ""xcsp:ACE@2.4"", ""output_dir"": ""results_comparison"", ""global_time_limit"": 600, ""max_tries"": 50, ""tuning_file"": ""tests/psa/ace.tuning.json"", ""hpo_strategy"": ""hamming"", ""global_time_strategy"": ""PERCENT"", ""percent"": 0.2, ""round_time_strategy"": ""STATIC"", ""time_evolution"": ""STATIC"", ""stop_strategy"": ""TIMEOUT""}",198,"{""varh"": ""Wdeg"", ""valh"": ""Median"", ""saf"": ""False"", ""pc1"": ""True"", ""bdc"": ""1"", ""toh"": ""False"", ""ng"": ""NO"", ""lc"": ""2"", ""negative"": ""STR0"", ""generic2"": ""True"", ""sb"": ""NO""}",1.0678424999932759,1.574038249993464,9,ExitStatus.FEASIBLE,False,False,1.574038249993464
2025-06-07T21:20:29.782848,ProgressiveParty-rally-red12-09_c23.xml,"{""input"": ""tests/xcsp3/cop/UNKNOWN/ProgressiveParty-rally-red12-09_c23.xml"", ""solver"": ""xcsp:ACE@2.4"", ""output_dir"": ""results_comparison"", ""global_time_limit"": 600, ""max_tries"": 50, ""tuning_file"": ""tests/psa/ace.tuning.json"", ""hpo_strategy"": ""hamming"", ""global_time_strategy"": ""PERCENT"", ""percent"": 0.2, ""round_time_strategy"": ""STATIC"", ""time_evolution"": ""STATIC"", ""stop_strategy"": ""TIMEOUT""}",199,"{""varh"": ""Wdeg"", ""valh"": ""First"", ""saf"": ""False"", ""pc1"": ""True"", ""bdc"": ""1"", ""toh"": ""False"", ""ng"": ""NO"", ""lc"": ""1"", ""negative"": ""STR2"", ""generic2"": ""True"", ""sb"": ""NO""}",1.0678424999932759,1.562988541991217,9,ExitStatus.FEASIBLE,False,False,1.562988541991217
2025-06-07T21:20:35.906249,ProgressiveParty-rally-red12-09_c23.xml,"{""input"": ""tests/xcsp3/cop/UNKNOWN/ProgressiveParty-rally-red12-09_c23.xml"", ""solver"": ""xcsp:ACE@2.4"", ""output_dir"": ""results_comparison"", ""global_time_limit"": 600, ""max_tries"": 50, ""tuning_file"": ""tests/psa/ace.tuning.json"", ""hpo_strategy"": ""hamming"", ""global_time_strategy"": ""PERCENT"", ""percent"": 0.2, ""round_time_strategy"": ""STATIC"", ""time_evolution"": ""STATIC"", ""stop_strategy"": ""TIMEOUT""}",200,"{""varh"": ""Memory"", ""valh"": ""Conflicts"", ""saf"": ""False"", ""pc1"": ""True"", ""bdc"": ""1"", ""toh"": ""False"", ""ng"": ""NO"", ""lc"": ""2"", ""negative"": ""V"", ""generic2"": ""True"", ""sb"": ""NO""}",1.0678424999932759,1,,ExitStatus.UNKNOWN,False,False,1
2025-06-07T21:20:37.644137,ProgressiveParty-rally-red12-09_c23.xml,"{""input"": ""tests/xcsp3/cop/UNKNOWN/ProgressiveParty-rally-red12-09_c23.xml"", ""solver"": ""xcsp:ACE@2.4"", ""output_dir"": ""results_comparison"", ""global_time_limit"": 600, ""max_tries"": 50, ""tuning_file"": ""tests/psa/ace.tuning.json"", ""hpo_strategy"": ""hamming"", ""global_time_strategy"": ""PERCENT"", ""percent"": 0.2, ""round_time_strategy"": ""STATIC"", ""time_evolution"": ""STATIC"", ""stop_strategy"": ""TIMEOUT""}",201,"{""varh"": ""Wdeg"", ""valh"": ""Vals"", ""saf"": ""False"", ""pc1"": ""False"", ""bdc"": ""1"", ""toh"": ""False"", ""ng"": ""NO"", ""lc"": ""2"", ""negative"": ""V"", ""generic2"": ""True"", ""sb"": ""NO""}",1.0678424999932759,1.6266800420125946,9,ExitStatus.FEASIBLE,False,False,1.6266800420125946
2025-06-07T21:20:39.042726,ProgressiveParty-rally-red12-09_c23.xml,"{""input"": ""tests/xcsp3/cop/UNKNOWN/ProgressiveParty-rally-red12-09_c23.xml"", ""solver"": ""xcsp:ACE@2.4"", ""output_dir"": ""results_comparison"", ""global_time_limit"": 600, ""max_tries"": 50, ""tuning_file"": ""tests/psa/ace.tuning.json"", ""hpo_strategy"": ""hamming"", ""global_time_strategy"": ""PERCENT"", ""percent"": 0.2, ""round_time_strategy"": ""STATIC"", ""time_evolution"": ""STATIC"", ""stop_strategy"": ""TIMEOUT""}",202,"{""varh"": ""Lexico"", ""valh"": ""First"", ""saf"": ""False"", ""pc1"": ""True"", ""bdc"": ""100"", ""toh"": ""False"", ""ng"": ""NO"", ""lc"": ""2"", ""negative"": ""V"", ""generic2"": ""True"", ""sb"": ""NO""}",1.0678424999932759,1.266526416002307,9,ExitStatus.UNKNOWN,False,False,1.266526416002307
2025-06-07T21:20:40.791445,ProgressiveParty-rally-red12-09_c23.xml,"{""input"": ""tests/xcsp3/cop/UNKNOWN/ProgressiveParty-rally-red12-09_c23.xml"", ""solver"": ""xcsp:ACE@2.4"", ""output_dir"": ""results_comparison"", ""global_time_limit"": 600, ""max_tries"": 50, ""tuning_file"": ""tests/psa/ace.tuning.json"", ""hpo_strategy"": ""hamming"", ""global_time_strategy"": ""PERCENT"", ""percent"": 0.2, ""round_time_strategy"": ""STATIC"", ""time_evolution"": ""STATIC"", ""stop_strategy"": ""TIMEOUT""}",203,"{""varh"": ""Activity"", ""valh"": ""Median"", ""saf"": ""False"", ""pc1"": ""True"", ""bdc"": ""1"", ""toh"": ""False"", ""ng"": ""NO"", ""lc"": ""2"", ""negative"": ""V"", ""generic2"": ""True"", ""sb"": ""NO""}",1.0678424999932759,1.6152488339866977,12,ExitStatus.FEASIBLE,False,False,1.6152488339866977
2025-06-07T21:20:43.021171,ProgressiveParty-rally-red12-09_c23.xml,"{""input"": ""tests/xcsp3/cop/UNKNOWN/ProgressiveParty-rally-red12-09_c23.xml"", ""solver"": ""xcsp:ACE@2.4"", ""output_dir"": ""results_comparison"", ""global_time_limit"": 600, ""max_tries"": 50, ""tuning_file"": ""tests/psa/ace.tuning.json"", ""hpo_strategy"": ""hamming"", ""global_time_strategy"": ""PERCENT"", ""percent"": 0.2, ""round_time_strategy"": ""STATIC"", ""time_evolution"": ""STATIC"", ""stop_strategy"": ""TIMEOUT""}",204,"{""varh"": ""WdegOnDom"", ""valh"": ""Last"", ""saf"": ""False"", ""pc1"": ""True"", ""bdc"": ""1"", ""toh"": ""False"", ""ng"": ""NO"", ""lc"": ""2"", ""negative"": ""V"", ""generic2"": ""True"", ""sb"": ""NO""}",1.0678424999932759,2.074601290980354,9,ExitStatus.FEASIBLE,False,False,2.074601290980354
2025-06-07T21:20:44.976882,ProgressiveParty-rally-red12-09_c23.xml,"{""input"": ""tests/xcsp3/cop/UNKNOWN/ProgressiveParty-rally-red12-09_c23.xml"", ""solver"": ""xcsp:ACE@2.4"", ""output_dir"": ""results_comparison"", ""global_time_limit"": 600, ""max_tries"": 50, ""tuning_file"": ""tests/psa/ace.tuning.json"", ""hpo_strategy"": ""hamming"", ""global_time_strategy"": ""PERCENT"", ""percent"": 0.2, ""round_time_strategy"": ""STATIC"", ""time_evolution"": ""STATIC"", ""stop_strategy"": ""TIMEOUT""}",205,"{""varh"": ""Wdeg"", ""valh"": ""First"", ""saf"": ""False"", ""pc1"": ""True"", ""bdc"": ""1"", ""toh"": ""False"", ""ng"": ""NO"", ""lc"": ""10"", ""negative"": ""STR2N"", ""generic2"": ""True"", ""sb"": ""NO""}",1.0678424999932759,1.8102107500017155,9,ExitStatus.FEASIBLE,False,False,1.8102107500017155
2025-06-07T21:20:46.710823,ProgressiveParty-rally-red12-09_c23.xml,"{""input"": ""tests/xcsp3/cop/UNKNOWN/ProgressiveParty-rally-red12-09_c23.xml"", ""solver"": ""xcsp:ACE@2.4"", ""output_dir"": ""results_comparison"", ""global_time_limit"": 600, ""max_tries"": 50, ""tuning_file"": ""tests/psa/ace.tuning.json"", ""hpo_strategy"": ""hamming"", ""global_time_strategy"": ""PERCENT"", ""percent"": 0.2, ""round_time_strategy"": ""STATIC"", ""time_evolution"": ""STATIC"", ""stop_strategy"": ""TIMEOUT""}",206,"{""varh"": ""Activity"", ""valh"": ""FlrsE"", ""saf"": ""False"", ""pc1"": ""True"", ""bdc"": ""1"", ""toh"": ""False"", ""ng"": ""NO"", ""lc"": ""2"", ""negative"": ""V"", ""generic2"": ""True"", ""sb"": ""NO""}",1.0678424999932759,1.60251724999398,9,ExitStatus.FEASIBLE,False,False,1.60251724999398
2025-06-07T21:20:48.448526,ProgressiveParty-rally-red12-09_c23.xml,"{""input"": ""tests/xcsp3/cop/UNKNOWN/ProgressiveParty-rally-red12-09_c23.xml"", ""solver"": ""xcsp:ACE@2.4"", ""output_dir"": ""results_comparison"", ""global_time_limit"": 600, ""max_tries"": 50, ""tuning_file"": ""tests/psa/ace.tuning.json"", ""hpo_strategy"": ""hamming"", ""global_time_strategy"": ""PERCENT"", ""percent"": 0.2, ""round_time_strategy"": ""STATIC"", ""time_evolution"": ""STATIC"", ""stop_strategy"": ""TIMEOUT""}",207,"{""varh"": ""PickOnDom"", ""valh"": ""First"", ""saf"": ""False"", ""pc1"": ""True"", ""bdc"": ""1"", ""toh"": ""True"", ""ng"": ""NO"", ""lc"": ""2"", ""negative"": ""V"", ""generic2"": ""True"", ""sb"": ""NO""}",1.0678424999932759,1.6118222079821862,9,ExitStatus.OPTIMAL,False,False,1.6118222079821862
2025-06-07T21:20:50.198468,ProgressiveParty-rally-red12-09_c23.xml,"{""input"": ""tests/xcsp3/cop/UNKNOWN/ProgressiveParty-rally-red12-09_c23.xml"", ""solver"": ""xcsp:ACE@2.4"", ""output_dir"": ""results_comparison"", ""global_time_limit"": 600, ""max_tries"": 50, ""tuning_file"": ""tests/psa/ace.tuning.json"", ""hpo_strategy"": ""hamming"", ""global_time_strategy"": ""PERCENT"", ""percent"": 0.2, ""round_time_strategy"": ""STATIC"", ""time_evolution"": ""STATIC"", ""stop_strategy"": ""TIMEOUT""}",208,"{""varh"": ""Wdeg"", ""valh"": ""Bivs3"", ""saf"": ""False"", ""pc1"": ""True"", ""bdc"": ""1"", ""toh"": ""False"", ""ng"": ""NO"", ""lc"": ""2"", ""negative"": ""STR1"", ""generic2"": ""True"", ""sb"": ""NO""}",1.0678424999932759,1.6193008330010343,9,ExitStatus.FEASIBLE,False,False,1.6193008330010343
2025-06-07T21:20:51.651230,ProgressiveParty-rally-red12-09_c23.xml,"{""input"": ""tests/xcsp3/cop/UNKNOWN/ProgressiveParty-rally-red12-09_c23.xml"", ""solver"": ""xcsp:ACE@2.4"", ""output_dir"": ""results_comparison"", ""global_time_limit"": 600, ""max_tries"": 50, ""tuning_file"": ""tests/psa/ace.tuning.json"", ""hpo_strategy"": ""hamming"", ""global_time_strategy"": ""PERCENT"", ""percent"": 0.2, ""round_time_strategy"": ""STATIC"", ""time_evolution"": ""STATIC"", ""stop_strategy"": ""TIMEOUT""}",209,"{""varh"": ""Wdeg"", ""valh"": ""RunRobin"", ""saf"": ""False"", ""pc1"": ""True"", ""bdc"": ""10"", ""toh"": ""False"", ""ng"": ""NO"", ""lc"": ""2"", ""negative"": ""V"", ""generic2"": ""True"", ""sb"": ""NO""}",1.0678424999932759,1.3221485409885645,9,ExitStatus.OPTIMAL,False,False,1.3221485409885645
2025-06-07T21:20:53.072409,ProgressiveParty-rally-red12-09_c23.xml,"{""input"": ""tests/xcsp3/cop/UNKNOWN/ProgressiveParty-rally-red12-09_c23.xml"", ""solver"": ""xcsp:ACE@2.4"", ""output_dir"": ""results_comparison"", ""global_time_limit"": 600, ""max_tries"": 50, ""tuning_file"": ""tests/psa/ace.tuning.json"", ""hpo_strategy"": ""hamming"", ""global_time_strategy"": ""PERCENT"", ""percent"": 0.2, ""round_time_strategy"": ""STATIC"", ""time_evolution"": ""STATIC"", ""stop_strategy"": ""TIMEOUT""}",210,"{""varh"": ""Wdeg"", ""valh"": ""First"", ""saf"": ""False"", ""pc1"": ""True"", ""bdc"": ""10"", ""toh"": ""False"", ""ng"": ""NO"", ""lc"": ""2"", ""negative"": ""STR3"", ""generic2"": ""True"", ""sb"": ""NO""}",1.0678424999932759,1.2919718330085743,9,ExitStatus.OPTIMAL,False,False,1.2919718330085743
2025-06-07T21:20:54.793069,ProgressiveParty-rally-red12-09_c23.xml,"{""input"": ""tests/xcsp3/cop/UNKNOWN/ProgressiveParty-rally-red12-09_c23.xml"", ""solver"": ""xcsp:ACE@2.4"", ""output_dir"": ""results_comparison"", ""global_time_limit"": 600, ""max_tries"": 50, ""tuning_file"": ""tests/psa/ace.tuning.json"", ""hpo_strategy"": ""hamming"", ""global_time_strategy"": ""PERCENT"", ""percent"": 0.2, ""round_time_strategy"": ""STATIC"", ""time_evolution"": ""STATIC"", ""stop_strategy"": ""TIMEOUT""}",211,"{""varh"": ""Lexico"", ""valh"": ""First"", ""saf"": ""False"", ""pc1"": ""True"", ""bdc"": ""1"", ""toh"": ""False"", ""ng"": ""NO"", ""lc"": ""2"", ""negative"": ""STR1N"", ""generic2"": ""True"", ""sb"": ""NO""}",1.0678424999932759,1.5877856659935787,9,ExitStatus.FEASIBLE,False,False,1.5877856659935787
2025-06-07T21:20:56.526063,ProgressiveParty-rally-red12-09_c23.xml,"{""input"": ""tests/xcsp3/cop/UNKNOWN/ProgressiveParty-rally-red12-09_c23.xml"", ""solver"": ""xcsp:ACE@2.4"", ""output_dir"": ""results_comparison"", ""global_time_limit"": 600, ""max_tries"": 50, ""tuning_file"": ""tests/psa/ace.tuning.json"", ""hpo_strategy"": ""hamming"", ""global_time_strategy"": ""PERCENT"", ""percent"": 0.2, ""round_time_strategy"": ""STATIC"", ""time_evolution"": ""STATIC"", ""stop_strategy"": ""TIMEOUT""}",212,"{""varh"": ""RunRobin"", ""valh"": ""First"", ""saf"": ""False"", ""pc1"": ""True"", ""bdc"": ""1"", ""toh"": ""False"", ""ng"": ""NO"", ""lc"": ""2"", ""negative"": ""STR1N"", ""generic2"": ""True"", ""sb"": ""NO""}",1.0678424999932759,1.5969886659877375,9,ExitStatus.FEASIBLE,False,False,1.5969886659877375
2025-06-07T21:20:58.264902,ProgressiveParty-rally-red12-09_c23.xml,"{""input"": ""tests/xcsp3/cop/UNKNOWN/ProgressiveParty-rally-red12-09_c23.xml"", ""solver"": ""xcsp:ACE@2.4"", ""output_dir"": ""results_comparison"", ""global_time_limit"": 600, ""max_tries"": 50, ""tuning_file"": ""tests/psa/ace.tuning.json"", ""hpo_strategy"": ""hamming"", ""global_time_strategy"": ""PERCENT"", ""percent"": 0.2, ""round_time_strategy"": ""STATIC"", ""time_evolution"": ""STATIC"", ""stop_strategy"": ""TIMEOUT""}",213,"{""varh"": ""Wdeg"", ""valh"": ""Conflicts"", ""saf"": ""False"", ""pc1"": ""True"", ""bdc"": ""10"", ""toh"": ""False"", ""ng"": ""NO"", ""lc"": ""2"", ""negative"": ""V"", ""generic2"": ""True"", ""sb"": ""NO""}",1.0678424999932759,1.6072496249980759,,ExitStatus.UNKNOWN,False,False,1.6072496249980759
2025-06-07T21:20:59.965903,ProgressiveParty-rally-red12-09_c23.xml,"{""input"": ""tests/xcsp3/cop/UNKNOWN/ProgressiveParty-rally-red12-09_c23.xml"", ""solver"": ""xcsp:ACE@2.4"", ""output_dir"": ""results_comparison"", ""global_time_limit"": 600, ""max_tries"": 50, ""tuning_file"": ""tests/psa/ace.tuning.json"", ""hpo_strategy"": ""hamming"", ""global_time_strategy"": ""PERCENT"", ""percent"": 0.2, ""round_time_strategy"": ""STATIC"", ""time_evolution"": ""STATIC"", ""stop_strategy"": ""TIMEOUT""}",214,"{""varh"": ""Activity"", ""valh"": ""First"", ""saf"": ""False"", ""pc1"": ""True"", ""bdc"": ""1"", ""toh"": ""False"", ""ng"": ""NO"", ""lc"": ""2"", ""negative"": ""VA"", ""generic2"": ""True"", ""sb"": ""NO""}",1.0678424999932759,1.5765763749950565,9,ExitStatus.FEASIBLE,False,False,1.5765763749950565
2025-06-07T21:21:01.696625,ProgressiveParty-rally-red12-09_c23.xml,"{""input"": ""tests/xcsp3/cop/UNKNOWN/ProgressiveParty-rally-red12-09_c23.xml"", ""solver"": ""xcsp:ACE@2.4"", ""output_dir"": ""results_comparison"", ""global_time_limit"": 600, ""max_tries"": 50, ""tuning_file"": ""tests/psa/ace.tuning.json"", ""hpo_strategy"": ""hamming"", ""global_time_strategy"": ""PERCENT"", ""percent"": 0.2, ""round_time_strategy"": ""STATIC"", ""time_evolution"": ""STATIC"", ""stop_strategy"": ""TIMEOUT""}",215,"{""varh"": ""Rand"", ""valh"": ""First"", ""saf"": ""False"", ""pc1"": ""True"", ""bdc"": ""1"", ""toh"": ""False"", ""ng"": ""NO"", ""lc"": ""2"", ""negative"": ""STR3"", ""generic2"": ""True"", ""sb"": ""NO""}",1.0678424999932759,1.6035864170116838,9,ExitStatus.FEASIBLE,False,False,1.6035864170116838
2025-06-07T21:21:03.435490,ProgressiveParty-rally-red12-09_c23.xml,"{""input"": ""tests/xcsp3/cop/UNKNOWN/ProgressiveParty-rally-red12-09_c23.xml"", ""solver"": ""xcsp:ACE@2.4"", ""output_dir"": ""results_comparison"", ""global_time_limit"": 600, ""max_tries"": 50, ""tuning_file"": ""tests/psa/ace.tuning.json"", ""hpo_strategy"": ""hamming"", ""global_time_strategy"": ""PERCENT"", ""percent"": 0.2, ""round_time_strategy"": ""STATIC"", ""time_evolution"": ""STATIC"", ""stop_strategy"": ""TIMEOUT""}",216,"{""varh"": ""Wdeg"", ""valh"": ""First"", ""saf"": ""False"", ""pc1"": ""False"", ""bdc"": ""1"", ""toh"": ""False"", ""ng"": ""NO"", ""lc"": ""2"", ""negative"": ""CT"", ""generic2"": ""True"", ""sb"": ""NO""}",1.0678424999932759,1.6029782090045046,9,ExitStatus.FEASIBLE,False,False,1.6029782090045046
2025-06-07T21:21:05.192073,ProgressiveParty-rally-red12-09_c23.xml,"{""input"": ""tests/xcsp3/cop/UNKNOWN/ProgressiveParty-rally-red12-09_c23.xml"", ""solver"": ""xcsp:ACE@2.4"", ""output_dir"": ""results_comparison"", ""global_time_limit"": 600, ""max_tries"": 50, ""tuning_file"": ""tests/psa/ace.tuning.json"", ""hpo_strategy"": ""hamming"", ""global_time_strategy"": ""PERCENT"", ""percent"": 0.2, ""round_time_strategy"": ""STATIC"", ""time_evolution"": ""STATIC"", ""stop_strategy"": ""TIMEOUT""}",217,"{""varh"": ""Wdeg"", ""valh"": ""First"", ""saf"": ""False"", ""pc1"": ""True"", ""bdc"": ""1"", ""toh"": ""False"", ""ng"": ""NO"", ""lc"": ""10"", ""negative"": ""V"", ""generic2"": ""False"", ""sb"": ""NO""}",1.0678424999932759,1.6180062080093194,9,ExitStatus.FEASIBLE,False,False,1.6180062080093194
2025-06-07T21:21:06.926875,ProgressiveParty-rally-red12-09_c23.xml,"{""input"": ""tests/xcsp3/cop/UNKNOWN/ProgressiveParty-rally-red12-09_c23.xml"", ""solver"": ""xcsp:ACE@2.4"", ""output_dir"": ""results_comparison"", ""global_time_limit"": 600, ""max_tries"": 50, ""tuning_file"": ""tests/psa/ace.tuning.json"", ""hpo_strategy"": ""hamming"", ""global_time_strategy"": ""PERCENT"", ""percent"": 0.2, ""round_time_strategy"": ""STATIC"", ""time_evolution"": ""STATIC"", ""stop_strategy"": ""TIMEOUT""}",218,"{""varh"": ""Wdeg"", ""valh"": ""Median"", ""saf"": ""False"", ""pc1"": ""True"", ""bdc"": ""1"", ""toh"": ""False"", ""ng"": ""NO"", ""lc"": ""2"", ""negative"": ""VA"", ""generic2"": ""True"", ""sb"": ""NO""}",1.0678424999932759,1.6044070000061765,9,ExitStatus.FEASIBLE,False,False,1.6044070000061765
2025-06-07T21:21:08.696099,ProgressiveParty-rally-red12-09_c23.xml,"{""input"": ""tests/xcsp3/cop/UNKNOWN/ProgressiveParty-rally-red12-09_c23.xml"", ""solver"": ""xcsp:ACE@2.4"", ""output_dir"": ""results_comparison"", ""global_time_limit"": 600, ""max_tries"": 50, ""tuning_file"": ""tests/psa/ace.tuning.json"", ""hpo_strategy"": ""hamming"", ""global_time_strategy"": ""PERCENT"", ""percent"": 0.2, ""round_time_strategy"": ""STATIC"", ""time_evolution"": ""STATIC"", ""stop_strategy"": ""TIMEOUT""}",219,"{""varh"": ""Lexico"", ""valh"": ""Bivs3"", ""saf"": ""False"", ""pc1"": ""True"", ""bdc"": ""1"", ""toh"": ""False"", ""ng"": ""NO"", ""lc"": ""2"", ""negative"": ""V"", ""generic2"": ""True"", ""sb"": ""NO""}",1.0678424999932759,1.6388655829941854,9,ExitStatus.FEASIBLE,False,False,1.6388655829941854
2025-06-07T21:21:10.619920,ProgressiveParty-rally-red12-09_c23.xml,"{""input"": ""tests/xcsp3/cop/UNKNOWN/ProgressiveParty-rally-red12-09_c23.xml"", ""solver"": ""xcsp:ACE@2.4"", ""output_dir"": ""results_comparison"", ""global_time_limit"": 600, ""max_tries"": 50, ""tuning_file"": ""tests/psa/ace.tuning.json"", ""hpo_strategy"": ""hamming"", ""global_time_strategy"": ""PERCENT"", ""percent"": 0.2, ""round_time_strategy"": ""STATIC"", ""time_evolution"": ""STATIC"", ""stop_strategy"": ""TIMEOUT""}",220,"{""varh"": ""Wdeg"", ""valh"": ""First"", ""saf"": ""True"", ""pc1"": ""True"", ""bdc"": ""1"", ""toh"": ""False"", ""ng"": ""NO"", ""lc"": ""2"", ""negative"": ""STR2N"", ""generic2"": ""True"", ""sb"": ""NO""}",1.0678424999932759,1.7771901660016738,9,ExitStatus.FEASIBLE,False,False,1.7771901660016738
2025-06-07T21:21:12.477425,ProgressiveParty-rally-red12-09_c23.xml,"{""input"": ""tests/xcsp3/cop/UNKNOWN/ProgressiveParty-rally-red12-09_c23.xml"", ""solver"": ""xcsp:ACE@2.4"", ""output_dir"": ""results_comparison"", ""global_time_limit"": 600, ""max_tries"": 50, ""tuning_file"": ""tests/psa/ace.tuning.json"", ""hpo_strategy"": ""hamming"", ""global_time_strategy"": ""PERCENT"", ""percent"": 0.2, ""round_time_strategy"": ""STATIC"", ""time_evolution"": ""STATIC"", ""stop_strategy"": ""TIMEOUT""}",221,"{""varh"": ""Wdeg"", ""valh"": ""Last"", ""saf"": ""False"", ""pc1"": ""True"", ""bdc"": ""1"", ""toh"": ""False"", ""ng"": ""NO"", ""lc"": ""2"", ""negative"": ""STR1"", ""generic2"": ""True"", ""sb"": ""NO""}",1.0678424999932759,1.711726958019426,9,ExitStatus.FEASIBLE,False,False,1.711726958019426
2025-06-07T21:21:14.210409,ProgressiveParty-rally-red12-09_c23.xml,"{""input"": ""tests/xcsp3/cop/UNKNOWN/ProgressiveParty-rally-red12-09_c23.xml"", ""solver"": ""xcsp:ACE@2.4"", ""output_dir"": ""results_comparison"", ""global_time_limit"": 600, ""max_tries"": 50, ""tuning_file"": ""tests/psa/ace.tuning.json"", ""hpo_strategy"": ""hamming"", ""global_time_strategy"": ""PERCENT"", ""percent"": 0.2, ""round_time_strategy"": ""STATIC"", ""time_evolution"": ""STATIC"", ""stop_strategy"": ""TIMEOUT""}",222,"{""varh"": ""Lexico"", ""valh"": ""First"", ""saf"": ""False"", ""pc1"": ""True"", ""bdc"": ""1"", ""toh"": ""True"", ""ng"": ""NO"", ""lc"": ""2"", ""negative"": ""V"", ""generic2"": ""True"", ""sb"": ""NO""}",1.0678424999932759,1.6026500419829972,9,ExitStatus.FEASIBLE,False,False,1.6026500419829972
2025-06-07T21:21:15.934572,ProgressiveParty-rally-red12-09_c23.xml,"{""input"": ""tests/xcsp3/cop/UNKNOWN/ProgressiveParty-rally-red12-09_c23.xml"", ""solver"": ""xcsp:ACE@2.4"", ""output_dir"": ""results_comparison"", ""global_time_limit"": 600, ""max_tries"": 50, ""tuning_file"": ""tests/psa/ace.tuning.json"", ""hpo_strategy"": ""hamming"", ""global_time_strategy"": ""PERCENT"", ""percent"": 0.2, ""round_time_strategy"": ""STATIC"", ""time_evolution"": ""STATIC"", ""stop_strategy"": ""TIMEOUT""}",223,"{""varh"": ""Wdeg"", ""valh"": ""OccsR"", ""saf"": ""False"", ""pc1"": ""True"", ""bdc"": ""1"", ""toh"": ""False"", ""ng"": ""NO"", ""lc"": ""2"", ""negative"": ""STR3"", ""generic2"": ""True"", ""sb"": ""NO""}",1.0678424999932759,1.5951259580033366,9,ExitStatus.FEASIBLE,False,False,1.5951259580033366
2025-06-07T21:21:17.653583,ProgressiveParty-rally-red12-09_c23.xml,"{""input"": ""tests/xcsp3/cop/UNKNOWN/ProgressiveParty-rally-red12-09_c23.xml"", ""solver"": ""xcsp:ACE@2.4"", ""output_dir"": ""results_comparison"", ""global_time_limit"": 600, ""max_tries"": 50, ""tuning_file"": ""tests/psa/ace.tuning.json"", ""hpo_strategy"": ""hamming"", ""global_time_strategy"": ""PERCENT"", ""percent"": 0.2, ""round_time_strategy"": ""STATIC"", ""time_evolution"": ""STATIC"", ""stop_strategy"": ""TIMEOUT""}",224,"{""varh"": ""Wdeg"", ""valh"": ""First"", ""saf"": ""False"", ""pc1"": ""True"", ""bdc"": ""1"", ""toh"": ""True"", ""ng"": ""NO"", ""lc"": ""0"", ""negative"": ""V"", ""generic2"": ""True"", ""sb"": ""NO""}",1.0678424999932759,1.5878764579829294,9,ExitStatus.FEASIBLE,False,False,1.5878764579829294
2025-06-07T21:21:19.339825,ProgressiveParty-rally-red12-09_c23.xml,"{""input"": ""tests/xcsp3/cop/UNKNOWN/ProgressiveParty-rally-red12-09_c23.xml"", ""solver"": ""xcsp:ACE@2.4"", ""output_dir"": ""results_comparison"", ""global_time_limit"": 600, ""max_tries"": 50, ""tuning_file"": ""tests/psa/ace.tuning.json"", ""hpo_strategy"": ""hamming"", ""global_time_strategy"": ""PERCENT"", ""percent"": 0.2, ""round_time_strategy"": ""STATIC"", ""time_evolution"": ""STATIC"", ""stop_strategy"": ""TIMEOUT""}",225,"{""varh"": ""Wdeg"", ""valh"": ""Median"", ""saf"": ""False"", ""pc1"": ""True"", ""bdc"": ""1"", ""toh"": ""True"", ""ng"": ""NO"", ""lc"": ""2"", ""negative"": ""V"", ""generic2"": ""True"", ""sb"": ""NO""}",1.0678424999932759,1.57257429198944,9,ExitStatus.FEASIBLE,False,False,1.57257429198944
2025-06-07T21:21:20.791552,ProgressiveParty-rally-red12-09_c23.xml,"{""input"": ""tests/xcsp3/cop/UNKNOWN/ProgressiveParty-rally-red12-09_c23.xml"", ""solver"": ""xcsp:ACE@2.4"", ""output_dir"": ""results_comparison"", ""global_time_limit"": 600, ""max_tries"": 50, ""tuning_file"": ""tests/psa/ace.tuning.json"", ""hpo_strategy"": ""hamming"", ""global_time_strategy"": ""PERCENT"", ""percent"": 0.2, ""round_time_strategy"": ""STATIC"", ""time_evolution"": ""STATIC"", ""stop_strategy"": ""TIMEOUT""}",226,"{""varh"": ""PickOnDom"", ""valh"": ""First"", ""saf"": ""False"", ""pc1"": ""True"", ""bdc"": ""1"", ""toh"": ""False"", ""ng"": ""NO"", ""lc"": ""2"", ""negative"": ""STR1"", ""generic2"": ""True"", ""sb"": ""NO""}",1.0678424999932759,1.3383199580130167,9,ExitStatus.OPTIMAL,False,False,1.3383199580130167
2025-06-07T21:21:22.426779,ProgressiveParty-rally-red12-09_c23.xml,"{""input"": ""tests/xcsp3/cop/UNKNOWN/ProgressiveParty-rally-red12-09_c23.xml"", ""solver"": ""xcsp:ACE@2.4"", ""output_dir"": ""results_comparison"", ""global_time_limit"": 600, ""max_tries"": 50, ""tuning_file"": ""tests/psa/ace.tuning.json"", ""hpo_strategy"": ""hamming"", ""global_time_strategy"": ""PERCENT"", ""percent"": 0.2, ""round_time_strategy"": ""STATIC"", ""time_evolution"": ""STATIC"", ""stop_strategy"": ""TIMEOUT""}",227,"{""varh"": ""Wdeg"", ""valh"": ""Last"", ""saf"": ""False"", ""pc1"": ""True"", ""bdc"": ""1"", ""toh"": ""False"", ""ng"": ""NO"", ""lc"": ""10"", ""negative"": ""V"", ""generic2"": ""True"", ""sb"": ""NO""}",1.0678424999932759,1.5217809170135297,9,ExitStatus.OPTIMAL,False,False,1.5217809170135297
2025-06-07T21:21:24.106348,ProgressiveParty-rally-red12-09_c23.xml,"{""input"": ""tests/xcsp3/cop/UNKNOWN/ProgressiveParty-rally-red12-09_c23.xml"", ""solver"": ""xcsp:ACE@2.4"", ""output_dir"": ""results_comparison"", ""global_time_limit"": 600, ""max_tries"": 50, ""tuning_file"": ""tests/psa/ace.tuning.json"", ""hpo_strategy"": ""hamming"", ""global_time_strategy"": ""PERCENT"", ""percent"": 0.2, ""round_time_strategy"": ""STATIC"", ""time_evolution"": ""STATIC"", ""stop_strategy"": ""TIMEOUT""}",228,"{""varh"": ""Wdeg"", ""valh"": ""Median"", ""saf"": ""False"", ""pc1"": ""True"", ""bdc"": ""1"", ""toh"": ""False"", ""ng"": ""NO"", ""lc"": ""2"", ""negative"": ""STR3"", ""generic2"": ""True"", ""sb"": ""NO""}",1.0678424999932759,1.5668407500197645,9,ExitStatus.FEASIBLE,False,False,1.5668407500197645
2025-06-07T21:21:25.354589,ProgressiveParty-rally-red12-09_c23.xml,"{""input"": ""tests/xcsp3/cop/UNKNOWN/ProgressiveParty-rally-red12-09_c23.xml"", ""solver"": ""xcsp:ACE@2.4"", ""output_dir"": ""results_comparison"", ""global_time_limit"": 600, ""max_tries"": 50, ""tuning_file"": ""tests/psa/ace.tuning.json"", ""hpo_strategy"": ""hamming"", ""global_time_strategy"": ""PERCENT"", ""percent"": 0.2, ""round_time_strategy"": ""STATIC"", ""time_evolution"": ""STATIC"", ""stop_strategy"": ""TIMEOUT""}",229,"{""varh"": ""Wdeg"", ""valh"": ""First"", ""saf"": ""False"", ""pc1"": ""True"", ""bdc"": ""100"", ""toh"": ""False"", ""ng"": ""NO"", ""lc"": ""2"", ""negative"": ""STR2"", ""generic2"": ""True"", ""sb"": ""NO""}",1.0678424999932759,1.1351934169942979,9,ExitStatus.UNKNOWN,False,False,1.1351934169942979
2025-06-07T21:21:26.830446,ProgressiveParty-rally-red12-09_c23.xml,"{""input"": ""tests/xcsp3/cop/UNKNOWN/ProgressiveParty-rally-red12-09_c23.xml"", ""solver"": ""xcsp:ACE@2.4"", ""output_dir"": ""results_comparison"", ""global_time_limit"": 600, ""max_tries"": 50, ""tuning_file"": ""tests/psa/ace.tuning.json"", ""hpo_strategy"": ""hamming"", ""global_time_strategy"": ""PERCENT"", ""percent"": 0.2, ""round_time_strategy"": ""STATIC"", ""time_evolution"": ""STATIC"", ""stop_strategy"": ""TIMEOUT""}",230,"{""varh"": ""PickOnDom"", ""valh"": ""Rand"", ""saf"": ""False"", ""pc1"": ""True"", ""bdc"": ""1"", ""toh"": ""False"", ""ng"": ""NO"", ""lc"": ""2"", ""negative"": ""V"", ""generic2"": ""True"", ""sb"": ""NO""}",1.0678424999932759,1.3621784590068273,9,ExitStatus.OPTIMAL,False,False,1.3621784590068273
2025-06-07T21:21:28.522431,ProgressiveParty-rally-red12-09_c23.xml,"{""input"": ""tests/xcsp3/cop/UNKNOWN/ProgressiveParty-rally-red12-09_c23.xml"", ""solver"": ""xcsp:ACE@2.4"", ""output_dir"": ""results_comparison"", ""global_time_limit"": 600, ""max_tries"": 50, ""tuning_file"": ""tests/psa/ace.tuning.json"", ""hpo_strategy"": ""hamming"", ""global_time_strategy"": ""PERCENT"", ""percent"": 0.2, ""round_time_strategy"": ""STATIC"", ""time_evolution"": ""STATIC"", ""stop_strategy"": ""TIMEOUT""}",231,"{""varh"": ""Wdeg"", ""valh"": ""RunRobin"", ""saf"": ""False"", ""pc1"": ""True"", ""bdc"": ""1"", ""toh"": ""False"", ""ng"": ""NO"", ""lc"": ""2"", ""negative"": ""VA"", ""generic2"": ""True"", ""sb"": ""NO""}",1.0678424999932759,1.5747991249954794,9,ExitStatus.FEASIBLE,False,False,1.5747991249954794
2025-06-07T21:21:29.970175,ProgressiveParty-rally-red12-09_c23.xml,"{""input"": ""tests/xcsp3/cop/UNKNOWN/ProgressiveParty-rally-red12-09_c23.xml"", ""solver"": ""xcsp:ACE@2.4"", ""output_dir"": ""results_comparison"", ""global_time_limit"": 600, ""max_tries"": 50, ""tuning_file"": ""tests/psa/ace.tuning.json"", ""hpo_strategy"": ""hamming"", ""global_time_strategy"": ""PERCENT"", ""percent"": 0.2, ""round_time_strategy"": ""STATIC"", ""time_evolution"": ""STATIC"", ""stop_strategy"": ""TIMEOUT""}",232,"{""varh"": ""WdegOnDom"", ""valh"": ""First"", ""saf"": ""False"", ""pc1"": ""True"", ""bdc"": ""1"", ""toh"": ""False"", ""ng"": ""NO"", ""lc"": ""2"", ""negative"": ""STR1"", ""generic2"": ""True"", ""sb"": ""NO""}",1.0678424999932759,1.3341363749932498,9,ExitStatus.OPTIMAL,False,False,1.3341363749932498
2025-06-07T21:21:31.652763,ProgressiveParty-rally-red12-09_c23.xml,"{""input"": ""tests/xcsp3/cop/UNKNOWN/ProgressiveParty-rally-red12-09_c23.xml"", ""solver"": ""xcsp:ACE@2.4"", ""output_dir"": ""results_comparison"", ""global_time_limit"": 600, ""max_tries"": 50, ""tuning_file"": ""tests/psa/ace.tuning.json"", ""hpo_strategy"": ""hamming"", ""global_time_strategy"": ""PERCENT"", ""percent"": 0.2, ""round_time_strategy"": ""STATIC"", ""time_evolution"": ""STATIC"", ""stop_strategy"": ""TIMEOUT""}",233,"{""varh"": ""Rand"", ""valh"": ""First"", ""saf"": ""True"", ""pc1"": ""True"", ""bdc"": ""1"", ""toh"": ""False"", ""ng"": ""NO"", ""lc"": ""2"", ""negative"": ""V"", ""generic2"": ""True"", ""sb"": ""NO""}",1.0678424999932759,1.5705757079995237,9,ExitStatus.FEASIBLE,False,False,1.5705757079995237
2025-06-07T21:21:33.337143,ProgressiveParty-rally-red12-09_c23.xml,"{""input"": ""tests/xcsp3/cop/UNKNOWN/ProgressiveParty-rally-red12-09_c23.xml"", ""solver"": ""xcsp:ACE@2.4"", ""output_dir"": ""results_comparison"", ""global_time_limit"": 600, ""max_tries"": 50, ""tuning_file"": ""tests/psa/ace.tuning.json"", ""hpo_strategy"": ""hamming"", ""global_time_strategy"": ""PERCENT"", ""percent"": 0.2, ""round_time_strategy"": ""STATIC"", ""time_evolution"": ""STATIC"", ""stop_strategy"": ""TIMEOUT""}",234,"{""varh"": ""Impact"", ""valh"": ""First"", ""saf"": ""False"", ""pc1"": ""True"", ""bdc"": ""1"", ""toh"": ""False"", ""ng"": ""NO"", ""lc"": ""2"", ""negative"": ""CT"", ""generic2"": ""True"", ""sb"": ""NO""}",1.0678424999932759,1.571739458013326,9,ExitStatus.FEASIBLE,False,False,1.571739458013326
2025-06-07T21:21:35.018875,ProgressiveParty-rally-red12-09_c23.xml,"{""input"": ""tests/xcsp3/cop/UNKNOWN/ProgressiveParty-rally-red12-09_c23.xml"", ""solver"": ""xcsp:ACE@2.4"", ""output_dir"": ""results_comparison"", ""global_time_limit"": 600, ""max_tries"": 50, ""tuning_file"": ""tests/psa/ace.tuning.json"", ""hpo_strategy"": ""hamming"", ""global_time_strategy"": ""PERCENT"", ""percent"": 0.2, ""round_time_strategy"": ""STATIC"", ""time_evolution"": ""STATIC"", ""stop_strategy"": ""TIMEOUT""}",235,"{""varh"": ""Wdeg"", ""valh"": ""First"", ""saf"": ""False"", ""pc1"": ""True"", ""bdc"": ""1"", ""toh"": ""False"", ""ng"": ""NO"", ""lc"": ""5"", ""negative"": ""STR0"", ""generic2"": ""True"", ""sb"": ""NO""}",1.0678424999932759,1.5711247500148602,9,ExitStatus.FEASIBLE,False,False,1.5711247500148602
2025-06-07T21:21:36.720469,ProgressiveParty-rally-red12-09_c23.xml,"{""input"": ""tests/xcsp3/cop/UNKNOWN/ProgressiveParty-rally-red12-09_c23.xml"", ""solver"": ""xcsp:ACE@2.4"", ""output_dir"": ""results_comparison"", ""global_time_limit"": 600, ""max_tries"": 50, ""tuning_file"": ""tests/psa/ace.tuning.json"", ""hpo_strategy"": ""hamming"", ""global_time_strategy"": ""PERCENT"", ""percent"": 0.2, ""round_time_strategy"": ""STATIC"", ""time_evolution"": ""STATIC"", ""stop_strategy"": ""TIMEOUT""}",236,"{""varh"": ""Impact"", ""valh"": ""First"", ""saf"": ""False"", ""pc1"": ""True"", ""bdc"": ""1"", ""toh"": ""False"", ""ng"": ""NO"", ""lc"": ""2"", ""negative"": ""VA"", ""generic2"": ""True"", ""sb"": ""NO""}",1.0678424999932759,1.588043875002768,9,ExitStatus.FEASIBLE,False,False,1.588043875002768
2025-06-07T21:21:38.410308,ProgressiveParty-rally-red12-09_c23.xml,"{""input"": ""tests/xcsp3/cop/UNKNOWN/ProgressiveParty-rally-red12-09_c23.xml"", ""solver"": ""xcsp:ACE@2.4"", ""output_dir"": ""results_comparison"", ""global_time_limit"": 600, ""max_tries"": 50, ""tuning_file"": ""tests/psa/ace.tuning.json"", ""hpo_strategy"": ""hamming"", ""global_time_strategy"": ""PERCENT"", ""percent"": 0.2, ""round_time_strategy"": ""STATIC"", ""time_evolution"": ""STATIC"", ""stop_strategy"": ""TIMEOUT""}",237,"{""varh"": ""Wdeg"", ""valh"": ""First"", ""saf"": ""False"", ""pc1"": ""True"", ""bdc"": ""1"", ""toh"": ""False"", ""ng"": ""NO"", ""lc"": ""1"", ""negative"": ""STR1"", ""generic2"": ""True"", ""sb"": ""NO""}",1.0678424999932759,1.5770292920060456,9,ExitStatus.FEASIBLE,False,False,1.5770292920060456
2025-06-07T21:21:40.124366,ProgressiveParty-rally-red12-09_c23.xml,"{""input"": ""tests/xcsp3/cop/UNKNOWN/ProgressiveParty-rally-red12-09_c23.xml"", ""solver"": ""xcsp:ACE@2.4"", ""output_dir"": ""results_comparison"", ""global_time_limit"": 600, ""max_tries"": 50, ""tuning_file"": ""tests/psa/ace.tuning.json"", ""hpo_strategy"": ""hamming"", ""global_time_strategy"": ""PERCENT"", ""percent"": 0.2, ""round_time_strategy"": ""STATIC"", ""time_evolution"": ""STATIC"", ""stop_strategy"": ""TIMEOUT""}",238,"{""varh"": ""Rand"", ""valh"": ""First"", ""saf"": ""False"", ""pc1"": ""True"", ""bdc"": ""1"", ""toh"": ""False"", ""ng"": ""NO"", ""lc"": ""2"", ""negative"": ""STR1N"", ""generic2"": ""True"", ""sb"": ""NO""}",1.0678424999932759,1.5943835829966702,9,ExitStatus.FEASIBLE,False,False,1.5943835829966702
2025-06-07T21:21:41.421035,ProgressiveParty-rally-red12-09_c23.xml,"{""input"": ""tests/xcsp3/cop/UNKNOWN/ProgressiveParty-rally-red12-09_c23.xml"", ""solver"": ""xcsp:ACE@2.4"", ""output_dir"": ""results_comparison"", ""global_time_limit"": 600, ""max_tries"": 50, ""tuning_file"": ""tests/psa/ace.tuning.json"", ""hpo_strategy"": ""hamming"", ""global_time_strategy"": ""PERCENT"", ""percent"": 0.2, ""round_time_strategy"": ""STATIC"", ""time_evolution"": ""STATIC"", ""stop_strategy"": ""TIMEOUT""}",239,"{""varh"": ""Wdeg"", ""valh"": ""First"", ""saf"": ""False"", ""pc1"": ""True"", ""bdc"": ""10"", ""toh"": ""False"", ""ng"": ""NO"", ""lc"": ""2"", ""negative"": ""STR0"", ""generic2"": ""True"", ""sb"": ""NO""}",1.0678424999932759,1.1821642499999143,9,ExitStatus.OPTIMAL,False,False,1.1821642499999143
2025-06-07T21:21:43.102559,ProgressiveParty-rally-red12-09_c23.xml,"{""input"": ""tests/xcsp3/cop/UNKNOWN/ProgressiveParty-rally-red12-09_c23.xml"", ""solver"": ""xcsp:ACE@2.4"", ""output_dir"": ""results_comparison"", ""global_time_limit"": 600, ""max_tries"": 50, ""tuning_file"": ""tests/psa/ace.tuning.json"", ""hpo_strategy"": ""hamming"", ""global_time_strategy"": ""PERCENT"", ""percent"": 0.2, ""round_time_strategy"": ""STATIC"", ""time_evolution"": ""STATIC"", ""stop_strategy"": ""TIMEOUT""}",240,"{""varh"": ""Wdeg"", ""valh"": ""First"", ""saf"": ""False"", ""pc1"": ""False"", ""bdc"": ""1"", ""toh"": ""False"", ""ng"": ""NO"", ""lc"": ""2"", ""negative"": ""STR1N"", ""generic2"": ""True"", ""sb"": ""NO""}",1.0678424999932759,1.5670535839744844,9,ExitStatus.FEASIBLE,False,False,1.5670535839744844
2025-06-07T21:21:44.529911,ProgressiveParty-rally-red12-09_c23.xml,"{""input"": ""tests/xcsp3/cop/UNKNOWN/ProgressiveParty-rally-red12-09_c23.xml"", ""solver"": ""xcsp:ACE@2.4"", ""output_dir"": ""results_comparison"", ""global_time_limit"": 600, ""max_tries"": 50, ""tuning_file"": ""tests/psa/ace.tuning.json"", ""hpo_strategy"": ""hamming"", ""global_time_strategy"": ""PERCENT"", ""percent"": 0.2, ""round_time_strategy"": ""STATIC"", ""time_evolution"": ""STATIC"", ""stop_strategy"": ""TIMEOUT""}",241,"{""varh"": ""PickOnDom"", ""valh"": ""Vals"", ""saf"": ""False"", ""pc1"": ""True"", ""bdc"": ""1"", ""toh"": ""False"", ""ng"": ""NO"", ""lc"": ""2"", ""negative"": ""V"", ""generic2"": ""True"", ""sb"": ""NO""}",1.0678424999932759,1.3153260840044823,9,ExitStatus.OPTIMAL,False,False,1.3153260840044823
2025-06-07T21:21:46.065266,ProgressiveParty-rally-red12-09_c23.xml,"{""input"": ""tests/xcsp3/cop/UNKNOWN/ProgressiveParty-rally-red12-09_c23.xml"", ""solver"": ""xcsp:ACE@2.4"", ""output_dir"": ""results_comparison"", ""global_time_limit"": 600, ""max_tries"": 50, ""tuning_file"": ""tests/psa/ace.tuning.json"", ""hpo_strategy"": ""hamming"", ""global_time_strategy"": ""PERCENT"", ""percent"": 0.2, ""round_time_strategy"": ""STATIC"", ""time_evolution"": ""STATIC"", ""stop_strategy"": ""TIMEOUT""}",242,"{""varh"": ""Lexico"", ""valh"": ""First"", ""saf"": ""False"", ""pc1"": ""True"", ""bdc"": ""1"", ""toh"": ""False"", ""ng"": ""NO"", ""lc"": ""2"", ""negative"": ""CT"", ""generic2"": ""True"", ""sb"": ""NO""}",1.0678424999932759,1.4233173340035137,9,ExitStatus.OPTIMAL,False,False,1.4233173340035137
2025-06-07T21:21:47.752976,ProgressiveParty-rally-red12-09_c23.xml,"{""input"": ""tests/xcsp3/cop/UNKNOWN/ProgressiveParty-rally-red12-09_c23.xml"", ""solver"": ""xcsp:ACE@2.4"", ""output_dir"": ""results_comparison"", ""global_time_limit"": 600, ""max_tries"": 50, ""tuning_file"": ""tests/psa/ace.tuning.json"", ""hpo_strategy"": ""hamming"", ""global_time_strategy"": ""PERCENT"", ""percent"": 0.2, ""round_time_strategy"": ""STATIC"", ""time_evolution"": ""STATIC"", ""stop_strategy"": ""TIMEOUT""}",243,"{""varh"": ""Activity"", ""valh"": ""Last"", ""saf"": ""False"", ""pc1"": ""True"", ""bdc"": ""1"", ""toh"": ""False"", ""ng"": ""NO"", ""lc"": ""2"", ""negative"": ""V"", ""generic2"": ""True"", ""sb"": ""NO""}",1.0678424999932759,1.5752453749882989,9,ExitStatus.FEASIBLE,False,False,1.5752453749882989
2025-06-07T21:21:53.868691,ProgressiveParty-rally-red12-09_c23.xml,"{""input"": ""tests/xcsp3/cop/UNKNOWN/ProgressiveParty-rally-red12-09_c23.xml"", ""solver"": ""xcsp:ACE@2.4"", ""output_dir"": ""results_comparison"", ""global_time_limit"": 600, ""max_tries"": 50, ""tuning_file"": ""tests/psa/ace.tuning.json"", ""hpo_strategy"": ""hamming"", ""global_time_strategy"": ""PERCENT"", ""percent"": 0.2, ""round_time_strategy"": ""STATIC"", ""time_evolution"": ""STATIC"", ""stop_strategy"": ""TIMEOUT""}",244,"{""varh"": ""Wdeg"", ""valh"": ""Conflicts"", ""saf"": ""False"", ""pc1"": ""True"", ""bdc"": ""1"", ""toh"": ""False"", ""ng"": ""NO"", ""lc"": ""2"", ""negative"": ""VA"", ""generic2"": ""True"", ""sb"": ""NO""}",1.0678424999932759,1,,ExitStatus.UNKNOWN,False,False,1
2025-06-07T21:21:55.275177,ProgressiveParty-rally-red12-09_c23.xml,"{""input"": ""tests/xcsp3/cop/UNKNOWN/ProgressiveParty-rally-red12-09_c23.xml"", ""solver"": ""xcsp:ACE@2.4"", ""output_dir"": ""results_comparison"", ""global_time_limit"": 600, ""max_tries"": 50, ""tuning_file"": ""tests/psa/ace.tuning.json"", ""hpo_strategy"": ""hamming"", ""global_time_strategy"": ""PERCENT"", ""percent"": 0.2, ""round_time_strategy"": ""STATIC"", ""time_evolution"": ""STATIC"", ""stop_strategy"": ""TIMEOUT""}",245,"{""varh"": ""Wdeg"", ""valh"": ""First"", ""saf"": ""False"", ""pc1"": ""True"", ""bdc"": ""1000"", ""toh"": ""False"", ""ng"": ""NO"", ""lc"": ""2"", ""negative"": ""CT"", ""generic2"": ""True"", ""sb"": ""NO""}",1.0678424999932759,1.2900943749991711,9,ExitStatus.UNKNOWN,False,False,1.2900943749991711
2025-06-07T21:21:56.994121,ProgressiveParty-rally-red12-09_c23.xml,"{""input"": ""tests/xcsp3/cop/UNKNOWN/ProgressiveParty-rally-red12-09_c23.xml"", ""solver"": ""xcsp:ACE@2.4"", ""output_dir"": ""results_comparison"", ""global_time_limit"": 600, ""max_tries"": 50, ""tuning_file"": ""tests/psa/ace.tuning.json"", ""hpo_strategy"": ""hamming"", ""global_time_strategy"": ""PERCENT"", ""percent"": 0.2, ""round_time_strategy"": ""STATIC"", ""time_evolution"": ""STATIC"", ""stop_strategy"": ""TIMEOUT""}",246,"{""varh"": ""WdegOnDom"", ""valh"": ""First"", ""saf"": ""False"", ""pc1"": ""True"", ""bdc"": ""1"", ""toh"": ""False"", ""ng"": ""NO"", ""lc"": ""2"", ""negative"": ""VA"", ""generic2"": ""True"", ""sb"": ""NO""}",1.0678424999932759,1.593434749986045,9,ExitStatus.OPTIMAL,False,False,1.593434749986045
2025-06-07T21:21:58.729116,ProgressiveParty-rally-red12-09_c23.xml,"{""input"": ""tests/xcsp3/cop/UNKNOWN/ProgressiveParty-rally-red12-09_c23.xml"", ""solver"": ""xcsp:ACE@2.4"", ""output_dir"": ""results_comparison"", ""global_time_limit"": 600, ""max_tries"": 50, ""tuning_file"": ""tests/psa/ace.tuning.json"", ""hpo_strategy"": ""hamming"", ""global_time_strategy"": ""PERCENT"", ""percent"": 0.2, ""round_time_strategy"": ""STATIC"", ""time_evolution"": ""STATIC"", ""stop_strategy"": ""TIMEOUT""}",247,"{""varh"": ""Wdeg"", ""valh"": ""First"", ""saf"": ""False"", ""pc1"": ""True"", ""bdc"": ""1"", ""toh"": ""False"", ""ng"": ""NO"", ""lc"": ""10"", ""negative"": ""STR3"", ""generic2"": ""True"", ""sb"": ""NO""}",1.0678424999932759,1.605393167003058,9,ExitStatus.FEASIBLE,False,False,1.605393167003058
2025-06-07T21:22:00.457261,ProgressiveParty-rally-red12-09_c23.xml,"{""input"": ""tests/xcsp3/cop/UNKNOWN/ProgressiveParty-rally-red12-09_c23.xml"", ""solver"": ""xcsp:ACE@2.4"", ""output_dir"": ""results_comparison"", ""global_time_limit"": 600, ""max_tries"": 50, ""tuning_file"": ""tests/psa/ace.tuning.json"", ""hpo_strategy"": ""hamming"", ""global_time_strategy"": ""PERCENT"", ""percent"": 0.2, ""round_time_strategy"": ""STATIC"", ""time_evolution"": ""STATIC"", ""stop_strategy"": ""TIMEOUT""}",248,"{""varh"": ""Rand"", ""valh"": ""First"", ""saf"": ""False"", ""pc1"": ""True"", ""bdc"": ""1"", ""toh"": ""False"", ""ng"": ""NO"", ""lc"": ""10"", ""negative"": ""V"", ""generic2"": ""True"", ""sb"": ""NO""}",1.0678424999932759,1.5992919169948436,9,ExitStatus.FEASIBLE,False,False,1.5992919169948436
2025-06-07T21:22:02.291307,ProgressiveParty-rally-red12-09_c23.xml,"{""input"": ""tests/xcsp3/cop/UNKNOWN/ProgressiveParty-rally-red12-09_c23.xml"", ""solver"": ""xcsp:ACE@2.4"", ""output_dir"": ""results_comparison"", ""global_time_limit"": 600, ""max_tries"": 50, ""tuning_file"": ""tests/psa/ace.tuning.json"", ""hpo_strategy"": ""hamming"", ""global_time_strategy"": ""PERCENT"", ""percent"": 0.2, ""round_time_strategy"": ""STATIC"", ""time_evolution"": ""STATIC"", ""stop_strategy"": ""TIMEOUT""}",249,"{""varh"": ""Wdeg"", ""valh"": ""Last"", ""saf"": ""False"", ""pc1"": ""True"", ""bdc"": ""1"", ""toh"": ""False"", ""ng"": ""NO"", ""lc"": ""2"", ""negative"": ""STR2"", ""generic2"": ""True"", ""sb"": ""NO""}",1.0678424999932759,1.7029462920036167,9,ExitStatus.FEASIBLE,False,False,1.7029462920036167
2025-06-07T21:22:04.025502,ProgressiveParty-rally-red12-09_c23.xml,"{""input"": ""tests/xcsp3/cop/UNKNOWN/ProgressiveParty-rally-red12-09_c23.xml"", ""solver"": ""xcsp:ACE@2.4"", ""output_dir"": ""results_comparison"", ""global_time_limit"": 600, ""max_tries"": 50, ""tuning_file"": ""tests/psa/ace.tuning.json"", ""hpo_strategy"": ""hamming"", ""global_time_strategy"": ""PERCENT"", ""percent"": 0.2, ""round_time_strategy"": ""STATIC"", ""time_evolution"": ""STATIC"", ""stop_strategy"": ""TIMEOUT""}",250,"{""varh"": ""Activity"", ""valh"": ""First"", ""saf"": ""False"", ""pc1"": ""True"", ""bdc"": ""1"", ""toh"": ""False"", ""ng"": ""NO"", ""lc"": ""2"", ""negative"": ""STR1"", ""generic2"": ""True"", ""sb"": ""NO""}",1.0678424999932759,1.6041302499943413,9,ExitStatus.FEASIBLE,False,False,1.6041302499943413
2025-06-07T21:22:05.766029,ProgressiveParty-rally-red12-09_c23.xml,"{""input"": ""tests/xcsp3/cop/UNKNOWN/ProgressiveParty-rally-red12-09_c23.xml"", ""solver"": ""xcsp:ACE@2.4"", ""output_dir"": ""results_comparison"", ""global_time_limit"": 600, ""max_tries"": 50, ""tuning_file"": ""tests/psa/ace.tuning.json"", ""hpo_strategy"": ""hamming"", ""global_time_strategy"": ""PERCENT"", ""percent"": 0.2, ""round_time_strategy"": ""STATIC"", ""time_evolution"": ""STATIC"", ""stop_strategy"": ""TIMEOUT""}",251,"{""varh"": ""Impact"", ""valh"": ""Vals"", ""saf"": ""False"", ""pc1"": ""True"", ""bdc"": ""1"", ""toh"": ""False"", ""ng"": ""NO"", ""lc"": ""2"", ""negative"": ""V"", ""generic2"": ""True"", ""sb"": ""NO""}",1.0678424999932759,1.6159827920200769,9,ExitStatus.FEASIBLE,False,False,1.6159827920200769
2025-06-07T21:22:07.500092,ProgressiveParty-rally-red12-09_c23.xml,"{""input"": ""tests/xcsp3/cop/UNKNOWN/ProgressiveParty-rally-red12-09_c23.xml"", ""solver"": ""xcsp:ACE@2.4"", ""output_dir"": ""results_comparison"", ""global_time_limit"": 600, ""max_tries"": 50, ""tuning_file"": ""tests/psa/ace.tuning.json"", ""hpo_strategy"": ""hamming"", ""global_time_strategy"": ""PERCENT"", ""percent"": 0.2, ""round_time_strategy"": ""STATIC"", ""time_evolution"": ""STATIC"", ""stop_strategy"": ""TIMEOUT""}",252,"{""varh"": ""PickOnDom"", ""valh"": ""Median"", ""saf"": ""False"", ""pc1"": ""True"", ""bdc"": ""1"", ""toh"": ""False"", ""ng"": ""NO"", ""lc"": ""2"", ""negative"": ""V"", ""generic2"": ""True"", ""sb"": ""NO""}",1.0678424999932759,1.6074569580086973,9,ExitStatus.FEASIBLE,False,False,1.6074569580086973
2025-06-07T21:22:09.227378,ProgressiveParty-rally-red12-09_c23.xml,"{""input"": ""tests/xcsp3/cop/UNKNOWN/ProgressiveParty-rally-red12-09_c23.xml"", ""solver"": ""xcsp:ACE@2.4"", ""output_dir"": ""results_comparison"", ""global_time_limit"": 600, ""max_tries"": 50, ""tuning_file"": ""tests/psa/ace.tuning.json"", ""hpo_strategy"": ""hamming"", ""global_time_strategy"": ""PERCENT"", ""percent"": 0.2, ""round_time_strategy"": ""STATIC"", ""time_evolution"": ""STATIC"", ""stop_strategy"": ""TIMEOUT""}",253,"{""varh"": ""Wdeg"", ""valh"": ""First"", ""saf"": ""True"", ""pc1"": ""True"", ""bdc"": ""1"", ""toh"": ""False"", ""ng"": ""NO"", ""lc"": ""2"", ""negative"": ""CT"", ""generic2"": ""True"", ""sb"": ""NO""}",1.0678424999932759,1.5949183749908116,9,ExitStatus.FEASIBLE,False,False,1.5949183749908116
2025-06-07T21:22:10.950942,ProgressiveParty-rally-red12-09_c23.xml,"{""input"": ""tests/xcsp3/cop/UNKNOWN/ProgressiveParty-rally-red12-09_c23.xml"", ""solver"": ""xcsp:ACE@2.4"", ""output_dir"": ""results_comparison"", ""global_time_limit"": 600, ""max_tries"": 50, ""tuning_file"": ""tests/psa/ace.tuning.json"", ""hpo_strategy"": ""hamming"", ""global_time_strategy"": ""PERCENT"", ""percent"": 0.2, ""round_time_strategy"": ""STATIC"", ""time_evolution"": ""STATIC"", ""stop_strategy"": ""TIMEOUT""}",254,"{""varh"": ""Wdeg"", ""valh"": ""Median"", ""saf"": ""False"", ""pc1"": ""True"", ""bdc"": ""1"", ""toh"": ""False"", ""ng"": ""NO"", ""lc"": ""2"", ""negative"": ""STR1N"", ""generic2"": ""True"", ""sb"": ""NO""}",1.0678424999932759,1.5907447079953272,9,ExitStatus.FEASIBLE,False,False,1.5907447079953272
2025-06-07T21:22:12.676710,ProgressiveParty-rally-red12-09_c23.xml,"{""input"": ""tests/xcsp3/cop/UNKNOWN/ProgressiveParty-rally-red12-09_c23.xml"", ""solver"": ""xcsp:ACE@2.4"", ""output_dir"": ""results_comparison"", ""global_time_limit"": 600, ""max_tries"": 50, ""tuning_file"": ""tests/psa/ace.tuning.json"", ""hpo_strategy"": ""hamming"", ""global_time_strategy"": ""PERCENT"", ""percent"": 0.2, ""round_time_strategy"": ""STATIC"", ""time_evolution"": ""STATIC"", ""stop_strategy"": ""TIMEOUT""}",255,"{""varh"": ""RunRobin"", ""valh"": ""First"", ""saf"": ""False"", ""pc1"": ""True"", ""bdc"": ""1"", ""toh"": ""False"", ""ng"": ""NO"", ""lc"": ""10"", ""negative"": ""V"", ""generic2"": ""True"", ""sb"": ""NO""}",1.0678424999932759,1.5924213750113267,9,ExitStatus.FEASIBLE,False,False,1.5924213750113267
2025-06-07T21:22:14.098568,ProgressiveParty-rally-red12-09_c23.xml,"{""input"": ""tests/xcsp3/cop/UNKNOWN/ProgressiveParty-rally-red12-09_c23.xml"", ""solver"": ""xcsp:ACE@2.4"", ""output_dir"": ""results_comparison"", ""global_time_limit"": 600, ""max_tries"": 50, ""tuning_file"": ""tests/psa/ace.tuning.json"", ""hpo_strategy"": ""hamming"", ""global_time_strategy"": ""PERCENT"", ""percent"": 0.2, ""round_time_strategy"": ""STATIC"", ""time_evolution"": ""STATIC"", ""stop_strategy"": ""TIMEOUT""}",256,"{""varh"": ""Wdeg"", ""valh"": ""First"", ""saf"": ""False"", ""pc1"": ""True"", ""bdc"": ""100"", ""toh"": ""False"", ""ng"": ""NO"", ""lc"": ""1"", ""negative"": ""V"", ""generic2"": ""True"", ""sb"": ""NO""}",1.0678424999932759,1.2907750000013039,9,ExitStatus.UNKNOWN,False,False,1.2907750000013039
2025-06-07T21:22:15.829103,ProgressiveParty-rally-red12-09_c23.xml,"{""input"": ""tests/xcsp3/cop/UNKNOWN/ProgressiveParty-rally-red12-09_c23.xml"", ""solver"": ""xcsp:ACE@2.4"", ""output_dir"": ""results_comparison"", ""global_time_limit"": 600, ""max_tries"": 50, ""tuning_file"": ""tests/psa/ace.tuning.json"", ""hpo_strategy"": ""hamming"", ""global_time_strategy"": ""PERCENT"", ""percent"": 0.2, ""round_time_strategy"": ""STATIC"", ""time_evolution"": ""STATIC"", ""stop_strategy"": ""TIMEOUT""}",257,"{""varh"": ""FrbaOnDom"", ""valh"": ""First"", ""saf"": ""False"", ""pc1"": ""True"", ""bdc"": ""1"", ""toh"": ""False"", ""ng"": ""NO"", ""lc"": ""5"", ""negative"": ""V"", ""generic2"": ""True"", ""sb"": ""NO""}",1.0678424999932759,1.6053643329942133,9,ExitStatus.FEASIBLE,False,False,1.6053643329942133
2025-06-07T21:22:21.959617,ProgressiveParty-rally-red12-09_c23.xml,"{""input"": ""tests/xcsp3/cop/UNKNOWN/ProgressiveParty-rally-red12-09_c23.xml"", ""solver"": ""xcsp:ACE@2.4"", ""output_dir"": ""results_comparison"", ""global_time_limit"": 600, ""max_tries"": 50, ""tuning_file"": ""tests/psa/ace.tuning.json"", ""hpo_strategy"": ""hamming"", ""global_time_strategy"": ""PERCENT"", ""percent"": 0.2, ""round_time_strategy"": ""STATIC"", ""time_evolution"": ""STATIC"", ""stop_strategy"": ""TIMEOUT""}",258,"{""varh"": ""Wdeg"", ""valh"": ""Conflicts"", ""saf"": ""False"", ""pc1"": ""True"", ""bdc"": ""1"", ""toh"": ""False"", ""ng"": ""NO"", ""lc"": ""2"", ""negative"": ""STR1N"", ""generic2"": ""True"", ""sb"": ""NO""}",1.0678424999932759,1,,ExitStatus.UNKNOWN,False,False,1
2025-06-07T21:22:23.695734,ProgressiveParty-rally-red12-09_c23.xml,"{""input"": ""tests/xcsp3/cop/UNKNOWN/ProgressiveParty-rally-red12-09_c23.xml"", ""solver"": ""xcsp:ACE@2.4"", ""output_dir"": ""results_comparison"", ""global_time_limit"": 600, ""max_tries"": 50, ""tuning_file"": ""tests/psa/ace.tuning.json"", ""hpo_strategy"": ""hamming"", ""global_time_strategy"": ""PERCENT"", ""percent"": 0.2, ""round_time_strategy"": ""STATIC"", ""time_evolution"": ""STATIC"", ""stop_strategy"": ""TIMEOUT""}",259,"{""varh"": ""Activity"", ""valh"": ""First"", ""saf"": ""False"", ""pc1"": ""True"", ""bdc"": ""1"", ""toh"": ""False"", ""ng"": ""NO"", ""lc"": ""2"", ""negative"": ""STR2"", ""generic2"": ""True"", ""sb"": ""NO""}",1.0678424999932759,1.6246590420196299,9,ExitStatus.FEASIBLE,False,False,1.6246590420196299
2025-06-07T21:22:25.616776,ProgressiveParty-rally-red12-09_c23.xml,"{""input"": ""tests/xcsp3/cop/UNKNOWN/ProgressiveParty-rally-red12-09_c23.xml"", ""solver"": ""xcsp:ACE@2.4"", ""output_dir"": ""results_comparison"", ""global_time_limit"": 600, ""max_tries"": 50, ""tuning_file"": ""tests/psa/ace.tuning.json"", ""hpo_strategy"": ""hamming"", ""global_time_strategy"": ""PERCENT"", ""percent"": 0.2, ""round_time_strategy"": ""STATIC"", ""time_evolution"": ""STATIC"", ""stop_strategy"": ""TIMEOUT""}",260,"{""varh"": ""Wdeg"", ""valh"": ""First"", ""saf"": ""False"", ""pc1"": ""True"", ""bdc"": ""1"", ""toh"": ""False"", ""ng"": ""NO"", ""lc"": ""0"", ""negative"": ""VA"", ""generic2"": ""True"", ""sb"": ""NO""}",1.0678424999932759,1.7753379579808097,9,ExitStatus.FEASIBLE,False,False,1.7753379579808097
2025-06-07T21:22:27.517899,ProgressiveParty-rally-red12-09_c23.xml,"{""input"": ""tests/xcsp3/cop/UNKNOWN/ProgressiveParty-rally-red12-09_c23.xml"", ""solver"": ""xcsp:ACE@2.4"", ""output_dir"": ""results_comparison"", ""global_time_limit"": 600, ""max_tries"": 50, ""tuning_file"": ""tests/psa/ace.tuning.json"", ""hpo_strategy"": ""hamming"", ""global_time_strategy"": ""PERCENT"", ""percent"": 0.2, ""round_time_strategy"": ""STATIC"", ""time_evolution"": ""STATIC"", ""stop_strategy"": ""TIMEOUT""}",261,"{""varh"": ""Impact"", ""valh"": ""First"", ""saf"": ""False"", ""pc1"": ""True"", ""bdc"": ""1"", ""toh"": ""False"", ""ng"": ""NO"", ""lc"": ""2"", ""negative"": ""STR2N"", ""generic2"": ""True"", ""sb"": ""NO""}",1.0678424999932759,1.7476260419934988,9,ExitStatus.FEASIBLE,False,False,1.7476260419934988
2025-06-07T21:22:29.208446,ProgressiveParty-rally-red12-09_c23.xml,"{""input"": ""tests/xcsp3/cop/UNKNOWN/ProgressiveParty-rally-red12-09_c23.xml"", ""solver"": ""xcsp:ACE@2.4"", ""output_dir"": ""results_comparison"", ""global_time_limit"": 600, ""max_tries"": 50, ""tuning_file"": ""tests/psa/ace.tuning.json"", ""hpo_strategy"": ""hamming"", ""global_time_strategy"": ""PERCENT"", ""percent"": 0.2, ""round_time_strategy"": ""STATIC"", ""time_evolution"": ""STATIC"", ""stop_strategy"": ""TIMEOUT""}",262,"{""varh"": ""WdegOnDom"", ""valh"": ""First"", ""saf"": ""False"", ""pc1"": ""True"", ""bdc"": ""10"", ""toh"": ""False"", ""ng"": ""NO"", ""lc"": ""2"", ""negative"": ""V"", ""generic2"": ""True"", ""sb"": ""NO""}",1.0678424999932759,1.5442695409874432,9,ExitStatus.OPTIMAL,False,False,1.5442695409874432
2025-06-07T21:22:31.112896,ProgressiveParty-rally-red12-09_c23.xml,"{""input"": ""tests/xcsp3/cop/UNKNOWN/ProgressiveParty-rally-red12-09_c23.xml"", ""solver"": ""xcsp:ACE@2.4"", ""output_dir"": ""results_comparison"", ""global_time_limit"": 600, ""max_tries"": 50, ""tuning_file"": ""tests/psa/ace.tuning.json"", ""hpo_strategy"": ""hamming"", ""global_time_strategy"": ""PERCENT"", ""percent"": 0.2, ""round_time_strategy"": ""STATIC"", ""time_evolution"": ""STATIC"", ""stop_strategy"": ""TIMEOUT""}",263,"{""varh"": ""FrbaOnDom"", ""valh"": ""First"", ""saf"": ""False"", ""pc1"": ""True"", ""bdc"": ""1"", ""toh"": ""False"", ""ng"": ""NO"", ""lc"": ""1"", ""negative"": ""V"", ""generic2"": ""True"", ""sb"": ""NO""}",1.0678424999932759,1.7497737080266234,9,ExitStatus.FEASIBLE,False,False,1.7497737080266234
2025-06-07T21:22:33.002929,ProgressiveParty-rally-red12-09_c23.xml,"{""input"": ""tests/xcsp3/cop/UNKNOWN/ProgressiveParty-rally-red12-09_c23.xml"", ""solver"": ""xcsp:ACE@2.4"", ""output_dir"": ""results_comparison"", ""global_time_limit"": 600, ""max_tries"": 50, ""tuning_file"": ""tests/psa/ace.tuning.json"", ""hpo_strategy"": ""hamming"", ""global_time_strategy"": ""PERCENT"", ""percent"": 0.2, ""round_time_strategy"": ""STATIC"", ""time_evolution"": ""STATIC"", ""stop_strategy"": ""TIMEOUT""}",264,"{""varh"": ""RunRobin"", ""valh"": ""RunRobin"", ""saf"": ""False"", ""pc1"": ""True"", ""bdc"": ""1"", ""toh"": ""False"", ""ng"": ""NO"", ""lc"": ""2"", ""negative"": ""V"", ""generic2"": ""True"", ""sb"": ""NO""}",1.0678424999932759,1.7387698329985142,9,ExitStatus.FEASIBLE,False,False,1.7387698329985142
2025-06-07T21:22:34.812504,ProgressiveParty-rally-red12-09_c23.xml,"{""input"": ""tests/xcsp3/cop/UNKNOWN/ProgressiveParty-rally-red12-09_c23.xml"", ""solver"": ""xcsp:ACE@2.4"", ""output_dir"": ""results_comparison"", ""global_time_limit"": 600, ""max_tries"": 50, ""tuning_file"": ""tests/psa/ace.tuning.json"", ""hpo_strategy"": ""hamming"", ""global_time_strategy"": ""PERCENT"", ""percent"": 0.2, ""round_time_strategy"": ""STATIC"", ""time_evolution"": ""STATIC"", ""stop_strategy"": ""TIMEOUT""}",265,"{""varh"": ""Impact"", ""valh"": ""First"", ""saf"": ""True"", ""pc1"": ""True"", ""bdc"": ""1"", ""toh"": ""False"", ""ng"": ""NO"", ""lc"": ""2"", ""negative"": ""V"", ""generic2"": ""True"", ""sb"": ""NO""}",1.0678424999932759,1.660649375000503,9,ExitStatus.FEASIBLE,False,False,1.660649375000503
2025-06-07T21:22:36.308660,ProgressiveParty-rally-red12-09_c23.xml,"{""input"": ""tests/xcsp3/cop/UNKNOWN/ProgressiveParty-rally-red12-09_c23.xml"", ""solver"": ""xcsp:ACE@2.4"", ""output_dir"": ""results_comparison"", ""global_time_limit"": 600, ""max_tries"": 50, ""tuning_file"": ""tests/psa/ace.tuning.json"", ""hpo_strategy"": ""hamming"", ""global_time_strategy"": ""PERCENT"", ""percent"": 0.2, ""round_time_strategy"": ""STATIC"", ""time_evolution"": ""STATIC"", ""stop_strategy"": ""TIMEOUT""}",266,"{""varh"": ""Memory"", ""valh"": ""First"", ""saf"": ""False"", ""pc1"": ""True"", ""bdc"": ""10"", ""toh"": ""False"", ""ng"": ""NO"", ""lc"": ""2"", ""negative"": ""V"", ""generic2"": ""True"", ""sb"": ""NO""}",1.0678424999932759,1.3735628750000615,9,ExitStatus.OPTIMAL,False,False,1.3735628750000615
2025-06-07T21:22:38.032910,ProgressiveParty-rally-red12-09_c23.xml,"{""input"": ""tests/xcsp3/cop/UNKNOWN/ProgressiveParty-rally-red12-09_c23.xml"", ""solver"": ""xcsp:ACE@2.4"", ""output_dir"": ""results_comparison"", ""global_time_limit"": 600, ""max_tries"": 50, ""tuning_file"": ""tests/psa/ace.tuning.json"", ""hpo_strategy"": ""hamming"", ""global_time_strategy"": ""PERCENT"", ""percent"": 0.2, ""round_time_strategy"": ""STATIC"", ""time_evolution"": ""STATIC"", ""stop_strategy"": ""TIMEOUT""}",267,"{""varh"": ""Wdeg"", ""valh"": ""First"", ""saf"": ""False"", ""pc1"": ""True"", ""bdc"": ""1"", ""toh"": ""True"", ""ng"": ""NO"", ""lc"": ""2"", ""negative"": ""STR1"", ""generic2"": ""True"", ""sb"": ""NO""}",1.0678424999932759,1.6022322919743601,9,ExitStatus.FEASIBLE,False,False,1.6022322919743601
2025-06-07T21:22:40.126983,ProgressiveParty-rally-red12-09_c23.xml,"{""input"": ""tests/xcsp3/cop/UNKNOWN/ProgressiveParty-rally-red12-09_c23.xml"", ""solver"": ""xcsp:ACE@2.4"", ""output_dir"": ""results_comparison"", ""global_time_limit"": 600, ""max_tries"": 50, ""tuning_file"": ""tests/psa/ace.tuning.json"", ""hpo_strategy"": ""hamming"", ""global_time_strategy"": ""PERCENT"", ""percent"": 0.2, ""round_time_strategy"": ""STATIC"", ""time_evolution"": ""STATIC"", ""stop_strategy"": ""TIMEOUT""}",268,"{""varh"": ""Wdeg"", ""valh"": ""Rand"", ""saf"": ""False"", ""pc1"": ""True"", ""bdc"": ""1"", ""toh"": ""False"", ""ng"": ""NO"", ""lc"": ""5"", ""negative"": ""V"", ""generic2"": ""True"", ""sb"": ""NO""}",1.0678424999932759,1.916436999978032,9,ExitStatus.FEASIBLE,False,False,1.916436999978032
2025-06-07T21:22:41.644641,ProgressiveParty-rally-red12-09_c23.xml,"{""input"": ""tests/xcsp3/cop/UNKNOWN/ProgressiveParty-rally-red12-09_c23.xml"", ""solver"": ""xcsp:ACE@2.4"", ""output_dir"": ""results_comparison"", ""global_time_limit"": 600, ""max_tries"": 50, ""tuning_file"": ""tests/psa/ace.tuning.json"", ""hpo_strategy"": ""hamming"", ""global_time_strategy"": ""PERCENT"", ""percent"": 0.2, ""round_time_strategy"": ""STATIC"", ""time_evolution"": ""STATIC"", ""stop_strategy"": ""TIMEOUT""}",269,"{""varh"": ""Wdeg"", ""valh"": ""RunRobin"", ""saf"": ""False"", ""pc1"": ""True"", ""bdc"": ""1000"", ""toh"": ""False"", ""ng"": ""NO"", ""lc"": ""2"", ""negative"": ""V"", ""generic2"": ""True"", ""sb"": ""NO""}",1.0678424999932759,1.3694954169914126,9,ExitStatus.UNKNOWN,False,False,1.3694954169914126
2025-06-07T21:22:43.061117,ProgressiveParty-rally-red12-09_c23.xml,"{""input"": ""tests/xcsp3/cop/UNKNOWN/ProgressiveParty-rally-red12-09_c23.xml"", ""solver"": ""xcsp:ACE@2.4"", ""output_dir"": ""results_comparison"", ""global_time_limit"": 600, ""max_tries"": 50, ""tuning_file"": ""tests/psa/ace.tuning.json"", ""hpo_strategy"": ""hamming"", ""global_time_strategy"": ""PERCENT"", ""percent"": 0.2, ""round_time_strategy"": ""STATIC"", ""time_evolution"": ""STATIC"", ""stop_strategy"": ""TIMEOUT""}",270,"{""varh"": ""Wdeg"", ""valh"": ""First"", ""saf"": ""False"", ""pc1"": ""True"", ""bdc"": ""100"", ""toh"": ""False"", ""ng"": ""NO"", ""lc"": ""2"", ""negative"": ""STR3"", ""generic2"": ""True"", ""sb"": ""NO""}",1.0678424999932759,1.290000000008149,9,ExitStatus.UNKNOWN,False,False,1.290000000008149
2025-06-07T21:22:44.795012,ProgressiveParty-rally-red12-09_c23.xml,"{""input"": ""tests/xcsp3/cop/UNKNOWN/ProgressiveParty-rally-red12-09_c23.xml"", ""solver"": ""xcsp:ACE@2.4"", ""output_dir"": ""results_comparison"", ""global_time_limit"": 600, ""max_tries"": 50, ""tuning_file"": ""tests/psa/ace.tuning.json"", ""hpo_strategy"": ""hamming"", ""global_time_strategy"": ""PERCENT"", ""percent"": 0.2, ""round_time_strategy"": ""STATIC"", ""time_evolution"": ""STATIC"", ""stop_strategy"": ""TIMEOUT""}",271,"{""varh"": ""FrbaOnDom"", ""valh"": ""First"", ""saf"": ""False"", ""pc1"": ""True"", ""bdc"": ""1"", ""toh"": ""False"", ""ng"": ""NO"", ""lc"": ""10"", ""negative"": ""V"", ""generic2"": ""True"", ""sb"": ""NO""}",1.0678424999932759,1.608341457991628,9,ExitStatus.FEASIBLE,False,False,1.608341457991628
2025-06-07T21:22:46.499973,ProgressiveParty-rally-red12-09_c23.xml,"{""input"": ""tests/xcsp3/cop/UNKNOWN/ProgressiveParty-rally-red12-09_c23.xml"", ""solver"": ""xcsp:ACE@2.4"", ""output_dir"": ""results_comparison"", ""global_time_limit"": 600, ""max_tries"": 50, ""tuning_file"": ""tests/psa/ace.tuning.json"", ""hpo_strategy"": ""hamming"", ""global_time_strategy"": ""PERCENT"", ""percent"": 0.2, ""round_time_strategy"": ""STATIC"", ""time_evolution"": ""STATIC"", ""stop_strategy"": ""TIMEOUT""}",272,"{""varh"": ""PickOnDom"", ""valh"": ""FlrsE"", ""saf"": ""False"", ""pc1"": ""True"", ""bdc"": ""1"", ""toh"": ""False"", ""ng"": ""NO"", ""lc"": ""2"", ""negative"": ""V"", ""generic2"": ""True"", ""sb"": ""NO""}",1.0678424999932759,1.5754197499773,9,ExitStatus.OPTIMAL,False,False,1.5754197499773
2025-06-07T21:22:48.232457,ProgressiveParty-rally-red12-09_c23.xml,"{""input"": ""tests/xcsp3/cop/UNKNOWN/ProgressiveParty-rally-red12-09_c23.xml"", ""solver"": ""xcsp:ACE@2.4"", ""output_dir"": ""results_comparison"", ""global_time_limit"": 600, ""max_tries"": 50, ""tuning_file"": ""tests/psa/ace.tuning.json"", ""hpo_strategy"": ""hamming"", ""global_time_strategy"": ""PERCENT"", ""percent"": 0.2, ""round_time_strategy"": ""STATIC"", ""time_evolution"": ""STATIC"", ""stop_strategy"": ""TIMEOUT""}",273,"{""varh"": ""Activity"", ""valh"": ""First"", ""saf"": ""False"", ""pc1"": ""False"", ""bdc"": ""1"", ""toh"": ""False"", ""ng"": ""NO"", ""lc"": ""2"", ""negative"": ""V"", ""generic2"": ""True"", ""sb"": ""NO""}",1.0678424999932759,1.6042984999949113,9,ExitStatus.FEASIBLE,False,False,1.6042984999949113
2025-06-07T21:22:49.721302,ProgressiveParty-rally-red12-09_c23.xml,"{""input"": ""tests/xcsp3/cop/UNKNOWN/ProgressiveParty-rally-red12-09_c23.xml"", ""solver"": ""xcsp:ACE@2.4"", ""output_dir"": ""results_comparison"", ""global_time_limit"": 600, ""max_tries"": 50, ""tuning_file"": ""tests/psa/ace.tuning.json"", ""hpo_strategy"": ""hamming"", ""global_time_strategy"": ""PERCENT"", ""percent"": 0.2, ""round_time_strategy"": ""STATIC"", ""time_evolution"": ""STATIC"", ""stop_strategy"": ""TIMEOUT""}",274,"{""varh"": ""Wdeg"", ""valh"": ""First"", ""saf"": ""False"", ""pc1"": ""True"", ""bdc"": ""100"", ""toh"": ""False"", ""ng"": ""NO"", ""lc"": ""2"", ""negative"": ""VA"", ""generic2"": ""True"", ""sb"": ""NO""}",1.0678424999932759,1.362310416996479,9,ExitStatus.UNKNOWN,False,False,1.362310416996479
2025-06-07T21:22:51.458683,ProgressiveParty-rally-red12-09_c23.xml,"{""input"": ""tests/xcsp3/cop/UNKNOWN/ProgressiveParty-rally-red12-09_c23.xml"", ""solver"": ""xcsp:ACE@2.4"", ""output_dir"": ""results_comparison"", ""global_time_limit"": 600, ""max_tries"": 50, ""tuning_file"": ""tests/psa/ace.tuning.json"", ""hpo_strategy"": ""hamming"", ""global_time_strategy"": ""PERCENT"", ""percent"": 0.2, ""round_time_strategy"": ""STATIC"", ""time_evolution"": ""STATIC"", ""stop_strategy"": ""TIMEOUT""}",275,"{""varh"": ""Wdeg"", ""valh"": ""FlrsE"", ""saf"": ""False"", ""pc1"": ""True"", ""bdc"": ""1"", ""toh"": ""False"", ""ng"": ""NO"", ""lc"": ""5"", ""negative"": ""V"", ""generic2"": ""True"", ""sb"": ""NO""}",1.0678424999932759,1.6050500000128523,9,ExitStatus.FEASIBLE,False,False,1.6050500000128523
2025-06-07T21:22:53.190022,ProgressiveParty-rally-red12-09_c23.xml,"{""input"": ""tests/xcsp3/cop/UNKNOWN/ProgressiveParty-rally-red12-09_c23.xml"", ""solver"": ""xcsp:ACE@2.4"", ""output_dir"": ""results_comparison"", ""global_time_limit"": 600, ""max_tries"": 50, ""tuning_file"": ""tests/psa/ace.tuning.json"", ""hpo_strategy"": ""hamming"", ""global_time_strategy"": ""PERCENT"", ""percent"": 0.2, ""round_time_strategy"": ""STATIC"", ""time_evolution"": ""STATIC"", ""stop_strategy"": ""TIMEOUT""}",276,"{""varh"": ""Wdeg"", ""valh"": ""FlrsE"", ""saf"": ""True"", ""pc1"": ""True"", ""bdc"": ""1"", ""toh"": ""False"", ""ng"": ""NO"", ""lc"": ""2"", ""negative"": ""V"", ""generic2"": ""True"", ""sb"": ""NO""}",1.0678424999932759,1.599492832989199,9,ExitStatus.FEASIBLE,False,False,1.599492832989199
2025-06-07T21:22:54.929457,ProgressiveParty-rally-red12-09_c23.xml,"{""input"": ""tests/xcsp3/cop/UNKNOWN/ProgressiveParty-rally-red12-09_c23.xml"", ""solver"": ""xcsp:ACE@2.4"", ""output_dir"": ""results_comparison"", ""global_time_limit"": 600, ""max_tries"": 50, ""tuning_file"": ""tests/psa/ace.tuning.json"", ""hpo_strategy"": ""hamming"", ""global_time_strategy"": ""PERCENT"", ""percent"": 0.2, ""round_time_strategy"": ""STATIC"", ""time_evolution"": ""STATIC"", ""stop_strategy"": ""TIMEOUT""}",277,"{""varh"": ""Lexico"", ""valh"": ""Rand"", ""saf"": ""False"", ""pc1"": ""True"", ""bdc"": ""1"", ""toh"": ""False"", ""ng"": ""NO"", ""lc"": ""2"", ""negative"": ""V"", ""generic2"": ""True"", ""sb"": ""NO""}",1.0678424999932759,1.60719395900378,9,ExitStatus.FEASIBLE,False,False,1.60719395900378
2025-06-07T21:22:56.670347,ProgressiveParty-rally-red12-09_c23.xml,"{""input"": ""tests/xcsp3/cop/UNKNOWN/ProgressiveParty-rally-red12-09_c23.xml"", ""solver"": ""xcsp:ACE@2.4"", ""output_dir"": ""results_comparison"", ""global_time_limit"": 600, ""max_tries"": 50, ""tuning_file"": ""tests/psa/ace.tuning.json"", ""hpo_strategy"": ""hamming"", ""global_time_strategy"": ""PERCENT"", ""percent"": 0.2, ""round_time_strategy"": ""STATIC"", ""time_evolution"": ""STATIC"", ""stop_strategy"": ""TIMEOUT""}",278,"{""varh"": ""Wdeg"", ""valh"": ""FlrsE"", ""saf"": ""False"", ""pc1"": ""True"", ""bdc"": ""1"", ""toh"": ""False"", ""ng"": ""NO"", ""lc"": ""2"", ""negative"": ""STR1"", ""generic2"": ""True"", ""sb"": ""NO""}",1.0678424999932759,1.611060458002612,9,ExitStatus.FEASIBLE,False,False,1.611060458002612
2025-06-07T21:22:58.404579,ProgressiveParty-rally-red12-09_c23.xml,"{""input"": ""tests/xcsp3/cop/UNKNOWN/ProgressiveParty-rally-red12-09_c23.xml"", ""solver"": ""xcsp:ACE@2.4"", ""output_dir"": ""results_comparison"", ""global_time_limit"": 600, ""max_tries"": 50, ""tuning_file"": ""tests/psa/ace.tuning.json"", ""hpo_strategy"": ""hamming"", ""global_time_strategy"": ""PERCENT"", ""percent"": 0.2, ""round_time_strategy"": ""STATIC"", ""time_evolution"": ""STATIC"", ""stop_strategy"": ""TIMEOUT""}",279,"{""varh"": ""Wdeg"", ""valh"": ""First"", ""saf"": ""False"", ""pc1"": ""False"", ""bdc"": ""1"", ""toh"": ""False"", ""ng"": ""NO"", ""lc"": ""2"", ""negative"": ""STR1"", ""generic2"": ""True"", ""sb"": ""NO""}",1.0678424999932759,1.6043041670054663,9,ExitStatus.FEASIBLE,False,False,1.6043041670054663
2025-06-07T21:23:00.134367,ProgressiveParty-rally-red12-09_c23.xml,"{""input"": ""tests/xcsp3/cop/UNKNOWN/ProgressiveParty-rally-red12-09_c23.xml"", ""solver"": ""xcsp:ACE@2.4"", ""output_dir"": ""results_comparison"", ""global_time_limit"": 600, ""max_tries"": 50, ""tuning_file"": ""tests/psa/ace.tuning.json"", ""hpo_strategy"": ""hamming"", ""global_time_strategy"": ""PERCENT"", ""percent"": 0.2, ""round_time_strategy"": ""STATIC"", ""time_evolution"": ""STATIC"", ""stop_strategy"": ""TIMEOUT""}",280,"{""varh"": ""Wdeg"", ""valh"": ""Rand"", ""saf"": ""True"", ""pc1"": ""True"", ""bdc"": ""1"", ""toh"": ""False"", ""ng"": ""NO"", ""lc"": ""2"", ""negative"": ""V"", ""generic2"": ""True"", ""sb"": ""NO""}",1.0678424999932759,1.5970139590208419,9,ExitStatus.FEASIBLE,False,False,1.5970139590208419
2025-06-07T21:23:01.870426,ProgressiveParty-rally-red12-09_c23.xml,"{""input"": ""tests/xcsp3/cop/UNKNOWN/ProgressiveParty-rally-red12-09_c23.xml"", ""solver"": ""xcsp:ACE@2.4"", ""output_dir"": ""results_comparison"", ""global_time_limit"": 600, ""max_tries"": 50, ""tuning_file"": ""tests/psa/ace.tuning.json"", ""hpo_strategy"": ""hamming"", ""global_time_strategy"": ""PERCENT"", ""percent"": 0.2, ""round_time_strategy"": ""STATIC"", ""time_evolution"": ""STATIC"", ""stop_strategy"": ""TIMEOUT""}",281,"{""varh"": ""Memory"", ""valh"": ""First"", ""saf"": ""False"", ""pc1"": ""True"", ""bdc"": ""1"", ""toh"": ""False"", ""ng"": ""NO"", ""lc"": ""2"", ""negative"": ""STR0"", ""generic2"": ""True"", ""sb"": ""NO""}",1.0678424999932759,1.6037199170095846,9,ExitStatus.FEASIBLE,False,False,1.6037199170095846
2025-06-07T21:23:03.273075,ProgressiveParty-rally-red12-09_c23.xml,"{""input"": ""tests/xcsp3/cop/UNKNOWN/ProgressiveParty-rally-red12-09_c23.xml"", ""solver"": ""xcsp:ACE@2.4"", ""output_dir"": ""results_comparison"", ""global_time_limit"": 600, ""max_tries"": 50, ""tuning_file"": ""tests/psa/ace.tuning.json"", ""hpo_strategy"": ""hamming"", ""global_time_strategy"": ""PERCENT"", ""percent"": 0.2, ""round_time_strategy"": ""STATIC"", ""time_evolution"": ""STATIC"", ""stop_strategy"": ""TIMEOUT""}",282,"{""varh"": ""Wdeg"", ""valh"": ""Vals"", ""saf"": ""False"", ""pc1"": ""True"", ""bdc"": ""1000"", ""toh"": ""False"", ""ng"": ""NO"", ""lc"": ""2"", ""negative"": ""V"", ""generic2"": ""True"", ""sb"": ""NO""}",1.0678424999932759,1.2733727500017267,9,ExitStatus.UNKNOWN,False,False,1.2733727500017267
2025-06-07T21:23:04.501951,ProgressiveParty-rally-red12-09_c23.xml,"{""input"": ""tests/xcsp3/cop/UNKNOWN/ProgressiveParty-rally-red12-09_c23.xml"", ""solver"": ""xcsp:ACE@2.4"", ""output_dir"": ""results_comparison"", ""global_time_limit"": 600, ""max_tries"": 50, ""tuning_file"": ""tests/psa/ace.tuning.json"", ""hpo_strategy"": ""hamming"", ""global_time_strategy"": ""PERCENT"", ""percent"": 0.2, ""round_time_strategy"": ""STATIC"", ""time_evolution"": ""STATIC"", ""stop_strategy"": ""TIMEOUT""}",283,"{""varh"": ""Wdeg"", ""valh"": ""First"", ""saf"": ""False"", ""pc1"": ""True"", ""bdc"": ""10"", ""toh"": ""False"", ""ng"": ""NO"", ""lc"": ""2"", ""negative"": ""STR1"", ""generic2"": ""True"", ""sb"": ""NO""}",1.0678424999932759,1.1100022919999901,9,ExitStatus.OPTIMAL,False,False,1.1100022919999901
2025-06-07T21:23:06.175373,ProgressiveParty-rally-red12-09_c23.xml,"{""input"": ""tests/xcsp3/cop/UNKNOWN/ProgressiveParty-rally-red12-09_c23.xml"", ""solver"": ""xcsp:ACE@2.4"", ""output_dir"": ""results_comparison"", ""global_time_limit"": 600, ""max_tries"": 50, ""tuning_file"": ""tests/psa/ace.tuning.json"", ""hpo_strategy"": ""hamming"", ""global_time_strategy"": ""PERCENT"", ""percent"": 0.2, ""round_time_strategy"": ""STATIC"", ""time_evolution"": ""STATIC"", ""stop_strategy"": ""TIMEOUT""}",284,"{""varh"": ""Activity"", ""valh"": ""First"", ""saf"": ""False"", ""pc1"": ""True"", ""bdc"": ""1"", ""toh"": ""False"", ""ng"": ""NO"", ""lc"": ""1"", ""negative"": ""V"", ""generic2"": ""True"", ""sb"": ""NO""}",1.0678424999932759,1.5604049999965355,9,ExitStatus.FEASIBLE,False,False,1.5604049999965355
2025-06-07T21:23:07.578645,ProgressiveParty-rally-red12-09_c23.xml,"{""input"": ""tests/xcsp3/cop/UNKNOWN/ProgressiveParty-rally-red12-09_c23.xml"", ""solver"": ""xcsp:ACE@2.4"", ""output_dir"": ""results_comparison"", ""global_time_limit"": 600, ""max_tries"": 50, ""tuning_file"": ""tests/psa/ace.tuning.json"", ""hpo_strategy"": ""hamming"", ""global_time_strategy"": ""PERCENT"", ""percent"": 0.2, ""round_time_strategy"": ""STATIC"", ""time_evolution"": ""STATIC"", ""stop_strategy"": ""TIMEOUT""}",285,"{""varh"": ""PickOnDom"", ""valh"": ""First"", ""saf"": ""False"", ""pc1"": ""True"", ""bdc"": ""1"", ""toh"": ""False"", ""ng"": ""NO"", ""lc"": ""0"", ""negative"": ""V"", ""generic2"": ""True"", ""sb"": ""NO""}",1.0678424999932759,1.291077875008341,9,ExitStatus.OPTIMAL,False,False,1.291077875008341
2025-06-07T21:23:09.247798,ProgressiveParty-rally-red12-09_c23.xml,"{""input"": ""tests/xcsp3/cop/UNKNOWN/ProgressiveParty-rally-red12-09_c23.xml"", ""solver"": ""xcsp:ACE@2.4"", ""output_dir"": ""results_comparison"", ""global_time_limit"": 600, ""max_tries"": 50, ""tuning_file"": ""tests/psa/ace.tuning.json"", ""hpo_strategy"": ""hamming"", ""global_time_strategy"": ""PERCENT"", ""percent"": 0.2, ""round_time_strategy"": ""STATIC"", ""time_evolution"": ""STATIC"", ""stop_strategy"": ""TIMEOUT""}",286,"{""varh"": ""Impact"", ""valh"": ""RunRobin"", ""saf"": ""False"", ""pc1"": ""True"", ""bdc"": ""1"", ""toh"": ""False"", ""ng"": ""NO"", ""lc"": ""2"", ""negative"": ""V"", ""generic2"": ""True"", ""sb"": ""NO""}",1.0678424999932759,1.5568375420116354,9,ExitStatus.FEASIBLE,False,False,1.5568375420116354
2025-06-07T21:23:10.914519,ProgressiveParty-rally-red12-09_c23.xml,"{""input"": ""tests/xcsp3/cop/UNKNOWN/ProgressiveParty-rally-red12-09_c23.xml"", ""solver"": ""xcsp:ACE@2.4"", ""output_dir"": ""results_comparison"", ""global_time_limit"": 600, ""max_tries"": 50, ""tuning_file"": ""tests/psa/ace.tuning.json"", ""hpo_strategy"": ""hamming"", ""global_time_strategy"": ""PERCENT"", ""percent"": 0.2, ""round_time_strategy"": ""STATIC"", ""time_evolution"": ""STATIC"", ""stop_strategy"": ""TIMEOUT""}",287,"{""varh"": ""Impact"", ""valh"": ""First"", ""saf"": ""False"", ""pc1"": ""True"", ""bdc"": ""1"", ""toh"": ""False"", ""ng"": ""NO"", ""lc"": ""5"", ""negative"": ""V"", ""generic2"": ""True"", ""sb"": ""NO""}",1.0678424999932759,1.553879249986494,9,ExitStatus.FEASIBLE,False,False,1.553879249986494
2025-06-07T21:23:12.440472,ProgressiveParty-rally-red12-09_c23.xml,"{""input"": ""tests/xcsp3/cop/UNKNOWN/ProgressiveParty-rally-red12-09_c23.xml"", ""solver"": ""xcsp:ACE@2.4"", ""output_dir"": ""results_comparison"", ""global_time_limit"": 600, ""max_tries"": 50, ""tuning_file"": ""tests/psa/ace.tuning.json"", ""hpo_strategy"": ""hamming"", ""global_time_strategy"": ""PERCENT"", ""percent"": 0.2, ""round_time_strategy"": ""STATIC"", ""time_evolution"": ""STATIC"", ""stop_strategy"": ""TIMEOUT""}",288,"{""varh"": ""Lexico"", ""valh"": ""Vals"", ""saf"": ""False"", ""pc1"": ""True"", ""bdc"": ""1"", ""toh"": ""False"", ""ng"": ""NO"", ""lc"": ""2"", ""negative"": ""V"", ""generic2"": ""True"", ""sb"": ""NO""}",1.0678424999932759,1.412942666996969,9,ExitStatus.OPTIMAL,False,False,1.412942666996969
2025-06-07T21:23:13.689190,ProgressiveParty-rally-red12-09_c23.xml,"{""input"": ""tests/xcsp3/cop/UNKNOWN/ProgressiveParty-rally-red12-09_c23.xml"", ""solver"": ""xcsp:ACE@2.4"", ""output_dir"": ""results_comparison"", ""global_time_limit"": 600, ""max_tries"": 50, ""tuning_file"": ""tests/psa/ace.tuning.json"", ""hpo_strategy"": ""hamming"", ""global_time_strategy"": ""PERCENT"", ""percent"": 0.2, ""round_time_strategy"": ""STATIC"", ""time_evolution"": ""STATIC"", ""stop_strategy"": ""TIMEOUT""}",289,"{""varh"": ""Memory"", ""valh"": ""First"", ""saf"": ""False"", ""pc1"": ""True"", ""bdc"": ""100"", ""toh"": ""False"", ""ng"": ""NO"", ""lc"": ""2"", ""negative"": ""V"", ""generic2"": ""True"", ""sb"": ""NO""}",1.0678424999932759,1.1360152089910116,9,ExitStatus.UNKNOWN,False,False,1.1360152089910116
2025-06-07T21:23:15.373455,ProgressiveParty-rally-red12-09_c23.xml,"{""input"": ""tests/xcsp3/cop/UNKNOWN/ProgressiveParty-rally-red12-09_c23.xml"", ""solver"": ""xcsp:ACE@2.4"", ""output_dir"": ""results_comparison"", ""global_time_limit"": 600, ""max_tries"": 50, ""tuning_file"": ""tests/psa/ace.tuning.json"", ""hpo_strategy"": ""hamming"", ""global_time_strategy"": ""PERCENT"", ""percent"": 0.2, ""round_time_strategy"": ""STATIC"", ""time_evolution"": ""STATIC"", ""stop_strategy"": ""TIMEOUT""}",290,"{""varh"": ""Impact"", ""valh"": ""First"", ""saf"": ""False"", ""pc1"": ""True"", ""bdc"": ""1"", ""toh"": ""False"", ""ng"": ""NO"", ""lc"": ""2"", ""negative"": ""STR1N"", ""generic2"": ""True"", ""sb"": ""NO""}",1.0678424999932759,1.5712698330171406,9,ExitStatus.FEASIBLE,False,False,1.5712698330171406
2025-06-07T21:23:17.042116,ProgressiveParty-rally-red12-09_c23.xml,"{""input"": ""tests/xcsp3/cop/UNKNOWN/ProgressiveParty-rally-red12-09_c23.xml"", ""solver"": ""xcsp:ACE@2.4"", ""output_dir"": ""results_comparison"", ""global_time_limit"": 600, ""max_tries"": 50, ""tuning_file"": ""tests/psa/ace.tuning.json"", ""hpo_strategy"": ""hamming"", ""global_time_strategy"": ""PERCENT"", ""percent"": 0.2, ""round_time_strategy"": ""STATIC"", ""time_evolution"": ""STATIC"", ""stop_strategy"": ""TIMEOUT""}",291,"{""varh"": ""Wdeg"", ""valh"": ""Bivs3"", ""saf"": ""False"", ""pc1"": ""True"", ""bdc"": ""1"", ""toh"": ""False"", ""ng"": ""NO"", ""lc"": ""2"", ""negative"": ""VA"", ""generic2"": ""True"", ""sb"": ""NO""}",1.0678424999932759,1.5562973330088425,9,ExitStatus.FEASIBLE,False,False,1.5562973330088425
2025-06-07T21:23:18.530883,ProgressiveParty-rally-red12-09_c23.xml,"{""input"": ""tests/xcsp3/cop/UNKNOWN/ProgressiveParty-rally-red12-09_c23.xml"", ""solver"": ""xcsp:ACE@2.4"", ""output_dir"": ""results_comparison"", ""global_time_limit"": 600, ""max_tries"": 50, ""tuning_file"": ""tests/psa/ace.tuning.json"", ""hpo_strategy"": ""hamming"", ""global_time_strategy"": ""PERCENT"", ""percent"": 0.2, ""round_time_strategy"": ""STATIC"", ""time_evolution"": ""STATIC"", ""stop_strategy"": ""TIMEOUT""}",292,"{""varh"": ""Lexico"", ""valh"": ""First"", ""saf"": ""False"", ""pc1"": ""True"", ""bdc"": ""1"", ""toh"": ""False"", ""ng"": ""NO"", ""lc"": ""2"", ""negative"": ""V"", ""generic2"": ""False"", ""sb"": ""NO""}",1.0678424999932759,1.3769890410185326,9,ExitStatus.OPTIMAL,False,False,1.3769890410185326
2025-06-07T21:23:20.215150,ProgressiveParty-rally-red12-09_c23.xml,"{""input"": ""tests/xcsp3/cop/UNKNOWN/ProgressiveParty-rally-red12-09_c23.xml"", ""solver"": ""xcsp:ACE@2.4"", ""output_dir"": ""results_comparison"", ""global_time_limit"": 600, ""max_tries"": 50, ""tuning_file"": ""tests/psa/ace.tuning.json"", ""hpo_strategy"": ""hamming"", ""global_time_strategy"": ""PERCENT"", ""percent"": 0.2, ""round_time_strategy"": ""STATIC"", ""time_evolution"": ""STATIC"", ""stop_strategy"": ""TIMEOUT""}",293,"{""varh"": ""Rand"", ""valh"": ""First"", ""saf"": ""False"", ""pc1"": ""True"", ""bdc"": ""1"", ""toh"": ""True"", ""ng"": ""NO"", ""lc"": ""2"", ""negative"": ""V"", ""generic2"": ""True"", ""sb"": ""NO""}",1.0678424999932759,1.5706782920169644,9,ExitStatus.FEASIBLE,False,False,1.5706782920169644
2025-06-07T21:23:21.413240,ProgressiveParty-rally-red12-09_c23.xml,"{""input"": ""tests/xcsp3/cop/UNKNOWN/ProgressiveParty-rally-red12-09_c23.xml"", ""solver"": ""xcsp:ACE@2.4"", ""output_dir"": ""results_comparison"", ""global_time_limit"": 600, ""max_tries"": 50, ""tuning_file"": ""tests/psa/ace.tuning.json"", ""hpo_strategy"": ""hamming"", ""global_time_strategy"": ""PERCENT"", ""percent"": 0.2, ""round_time_strategy"": ""STATIC"", ""time_evolution"": ""STATIC"", ""stop_strategy"": ""TIMEOUT""}",294,"{""varh"": ""Wdeg"", ""valh"": ""First"", ""saf"": ""True"", ""pc1"": ""True"", ""bdc"": ""1000"", ""toh"": ""False"", ""ng"": ""NO"", ""lc"": ""2"", ""negative"": ""V"", ""generic2"": ""True"", ""sb"": ""NO""}",1.0678424999932759,1.0848515410034452,9,ExitStatus.UNKNOWN,False,False,1.0848515410034452
2025-06-07T21:23:23.097546,ProgressiveParty-rally-red12-09_c23.xml,"{""input"": ""tests/xcsp3/cop/UNKNOWN/ProgressiveParty-rally-red12-09_c23.xml"", ""solver"": ""xcsp:ACE@2.4"", ""output_dir"": ""results_comparison"", ""global_time_limit"": 600, ""max_tries"": 50, ""tuning_file"": ""tests/psa/ace.tuning.json"", ""hpo_strategy"": ""hamming"", ""global_time_strategy"": ""PERCENT"", ""percent"": 0.2, ""round_time_strategy"": ""STATIC"", ""time_evolution"": ""STATIC"", ""stop_strategy"": ""TIMEOUT""}",295,"{""varh"": ""Wdeg"", ""valh"": ""RunRobin"", ""saf"": ""False"", ""pc1"": ""True"", ""bdc"": ""1"", ""toh"": ""False"", ""ng"": ""NO"", ""lc"": ""2"", ""negative"": ""V"", ""generic2"": ""False"", ""sb"": ""NO""}",1.0678424999932759,1.5714364589948673,9,ExitStatus.FEASIBLE,False,False,1.5714364589948673
2025-06-07T21:23:24.778370,ProgressiveParty-rally-red12-09_c23.xml,"{""input"": ""tests/xcsp3/cop/UNKNOWN/ProgressiveParty-rally-red12-09_c23.xml"", ""solver"": ""xcsp:ACE@2.4"", ""output_dir"": ""results_comparison"", ""global_time_limit"": 600, ""max_tries"": 50, ""tuning_file"": ""tests/psa/ace.tuning.json"", ""hpo_strategy"": ""hamming"", ""global_time_strategy"": ""PERCENT"", ""percent"": 0.2, ""round_time_strategy"": ""STATIC"", ""time_evolution"": ""STATIC"", ""stop_strategy"": ""TIMEOUT""}",296,"{""varh"": ""Wdeg"", ""valh"": ""First"", ""saf"": ""False"", ""pc1"": ""False"", ""bdc"": ""1"", ""toh"": ""False"", ""ng"": ""NO"", ""lc"": ""2"", ""negative"": ""V"", ""generic2"": ""False"", ""sb"": ""NO""}",1.0678424999932759,1.5679686670191586,9,ExitStatus.FEASIBLE,False,False,1.5679686670191586
2025-06-07T21:23:26.461353,ProgressiveParty-rally-red12-09_c23.xml,"{""input"": ""tests/xcsp3/cop/UNKNOWN/ProgressiveParty-rally-red12-09_c23.xml"", ""solver"": ""xcsp:ACE@2.4"", ""output_dir"": ""results_comparison"", ""global_time_limit"": 600, ""max_tries"": 50, ""tuning_file"": ""tests/psa/ace.tuning.json"", ""hpo_strategy"": ""hamming"", ""global_time_strategy"": ""PERCENT"", ""percent"": 0.2, ""round_time_strategy"": ""STATIC"", ""time_evolution"": ""STATIC"", ""stop_strategy"": ""TIMEOUT""}",297,"{""varh"": ""Wdeg"", ""valh"": ""First"", ""saf"": ""False"", ""pc1"": ""True"", ""bdc"": ""1"", ""toh"": ""False"", ""ng"": ""NO"", ""lc"": ""2"", ""negative"": ""VA"", ""generic2"": ""False"", ""sb"": ""NO""}",1.0678424999932759,1.5701051249925513,9,ExitStatus.FEASIBLE,False,False,1.5701051249925513
2025-06-07T21:23:28.145594,ProgressiveParty-rally-red12-09_c23.xml,"{""input"": ""tests/xcsp3/cop/UNKNOWN/ProgressiveParty-rally-red12-09_c23.xml"", ""solver"": ""xcsp:ACE@2.4"", ""output_dir"": ""results_comparison"", ""global_time_limit"": 600, ""max_tries"": 50, ""tuning_file"": ""tests/psa/ace.tuning.json"", ""hpo_strategy"": ""hamming"", ""global_time_strategy"": ""PERCENT"", ""percent"": 0.2, ""round_time_strategy"": ""STATIC"", ""time_evolution"": ""STATIC"", ""stop_strategy"": ""TIMEOUT""}",298,"{""varh"": ""Rand"", ""valh"": ""Rand"", ""saf"": ""False"", ""pc1"": ""True"", ""bdc"": ""1"", ""toh"": ""False"", ""ng"": ""NO"", ""lc"": ""2"", ""negative"": ""V"", ""generic2"": ""True"", ""sb"": ""NO""}",1.0678424999932759,1.5705911660043057,9,ExitStatus.FEASIBLE,False,False,1.5705911660043057
2025-06-07T21:23:29.833394,ProgressiveParty-rally-red12-09_c23.xml,"{""input"": ""tests/xcsp3/cop/UNKNOWN/ProgressiveParty-rally-red12-09_c23.xml"", ""solver"": ""xcsp:ACE@2.4"", ""output_dir"": ""results_comparison"", ""global_time_limit"": 600, ""max_tries"": 50, ""tuning_file"": ""tests/psa/ace.tuning.json"", ""hpo_strategy"": ""hamming"", ""global_time_strategy"": ""PERCENT"", ""percent"": 0.2, ""round_time_strategy"": ""STATIC"", ""time_evolution"": ""STATIC"", ""stop_strategy"": ""TIMEOUT""}",299,"{""varh"": ""Rand"", ""valh"": ""First"", ""saf"": ""False"", ""pc1"": ""True"", ""bdc"": ""1"", ""toh"": ""False"", ""ng"": ""NO"", ""lc"": ""2"", ""negative"": ""V"", ""generic2"": ""False"", ""sb"": ""NO""}",1.0678424999932759,1.5755180419946555,9,ExitStatus.FEASIBLE,False,False,1.5755180419946555
2025-06-07T21:23:35.951670,ProgressiveParty-rally-red12-09_c23.xml,"{""input"": ""tests/xcsp3/cop/UNKNOWN/ProgressiveParty-rally-red12-09_c23.xml"", ""solver"": ""xcsp:ACE@2.4"", ""output_dir"": ""results_comparison"", ""global_time_limit"": 600, ""max_tries"": 50, ""tuning_file"": ""tests/psa/ace.tuning.json"", ""hpo_strategy"": ""hamming"", ""global_time_strategy"": ""PERCENT"", ""percent"": 0.2, ""round_time_strategy"": ""STATIC"", ""time_evolution"": ""STATIC"", ""stop_strategy"": ""TIMEOUT""}",300,"{""varh"": ""Wdeg"", ""valh"": ""Conflicts"", ""saf"": ""False"", ""pc1"": ""True"", ""bdc"": ""1"", ""toh"": ""False"", ""ng"": ""NO"", ""lc"": ""2"", ""negative"": ""CT"", ""generic2"": ""True"", ""sb"": ""NO""}",1.0678424999932759,1,,ExitStatus.UNKNOWN,False,False,1
2025-06-07T21:23:37.697820,ProgressiveParty-rally-red12-09_c23.xml,"{""input"": ""tests/xcsp3/cop/UNKNOWN/ProgressiveParty-rally-red12-09_c23.xml"", ""solver"": ""xcsp:ACE@2.4"", ""output_dir"": ""results_comparison"", ""global_time_limit"": 600, ""max_tries"": 50, ""tuning_file"": ""tests/psa/ace.tuning.json"", ""hpo_strategy"": ""hamming"", ""global_time_strategy"": ""PERCENT"", ""percent"": 0.2, ""round_time_strategy"": ""STATIC"", ""time_evolution"": ""STATIC"", ""stop_strategy"": ""TIMEOUT""}",301,"{""varh"": ""Wdeg"", ""valh"": ""First"", ""saf"": ""False"", ""pc1"": ""True"", ""bdc"": ""1"", ""toh"": ""False"", ""ng"": ""NO"", ""lc"": ""10"", ""negative"": ""STR2"", ""generic2"": ""True"", ""sb"": ""NO""}",1.0678424999932759,1.6342011250089854,9,ExitStatus.FEASIBLE,False,False,1.6342011250089854
2025-06-07T21:23:39.445619,ProgressiveParty-rally-red12-09_c23.xml,"{""input"": ""tests/xcsp3/cop/UNKNOWN/ProgressiveParty-rally-red12-09_c23.xml"", ""solver"": ""xcsp:ACE@2.4"", ""output_dir"": ""results_comparison"", ""global_time_limit"": 600, ""max_tries"": 50, ""tuning_file"": ""tests/psa/ace.tuning.json"", ""hpo_strategy"": ""hamming"", ""global_time_strategy"": ""PERCENT"", ""percent"": 0.2, ""round_time_strategy"": ""STATIC"", ""time_evolution"": ""STATIC"", ""stop_strategy"": ""TIMEOUT""}",302,"{""varh"": ""Wdeg"", ""valh"": ""First"", ""saf"": ""False"", ""pc1"": ""True"", ""bdc"": ""1"", ""toh"": ""False"", ""ng"": ""NO"", ""lc"": ""5"", ""negative"": ""V"", ""generic2"": ""False"", ""sb"": ""NO""}",1.0678424999932759,1.6180352499941364,9,ExitStatus.FEASIBLE,False,False,1.6180352499941364
2025-06-07T21:23:41.205965,ProgressiveParty-rally-red12-09_c23.xml,"{""input"": ""tests/xcsp3/cop/UNKNOWN/ProgressiveParty-rally-red12-09_c23.xml"", ""solver"": ""xcsp:ACE@2.4"", ""output_dir"": ""results_comparison"", ""global_time_limit"": 600, ""max_tries"": 50, ""tuning_file"": ""tests/psa/ace.tuning.json"", ""hpo_strategy"": ""hamming"", ""global_time_strategy"": ""PERCENT"", ""percent"": 0.2, ""round_time_strategy"": ""STATIC"", ""time_evolution"": ""STATIC"", ""stop_strategy"": ""TIMEOUT""}",303,"{""varh"": ""Wdeg"", ""valh"": ""Vals"", ""saf"": ""False"", ""pc1"": ""True"", ""bdc"": ""1"", ""toh"": ""False"", ""ng"": ""NO"", ""lc"": ""0"", ""negative"": ""V"", ""generic2"": ""True"", ""sb"": ""NO""}",1.0678424999932759,1.6242378749884665,9,ExitStatus.FEASIBLE,False,False,1.6242378749884665
2025-06-07T21:23:42.943807,ProgressiveParty-rally-red12-09_c23.xml,"{""input"": ""tests/xcsp3/cop/UNKNOWN/ProgressiveParty-rally-red12-09_c23.xml"", ""solver"": ""xcsp:ACE@2.4"", ""output_dir"": ""results_comparison"", ""global_time_limit"": 600, ""max_tries"": 50, ""tuning_file"": ""tests/psa/ace.tuning.json"", ""hpo_strategy"": ""hamming"", ""global_time_strategy"": ""PERCENT"", ""percent"": 0.2, ""round_time_strategy"": ""STATIC"", ""time_evolution"": ""STATIC"", ""stop_strategy"": ""TIMEOUT""}",304,"{""varh"": ""Rand"", ""valh"": ""Vals"", ""saf"": ""False"", ""pc1"": ""True"", ""bdc"": ""1"", ""toh"": ""False"", ""ng"": ""NO"", ""lc"": ""2"", ""negative"": ""V"", ""generic2"": ""True"", ""sb"": ""NO""}",1.0678424999932759,1.6112527500081342,9,ExitStatus.FEASIBLE,False,False,1.6112527500081342
2025-06-07T21:23:44.683194,ProgressiveParty-rally-red12-09_c23.xml,"{""input"": ""tests/xcsp3/cop/UNKNOWN/ProgressiveParty-rally-red12-09_c23.xml"", ""solver"": ""xcsp:ACE@2.4"", ""output_dir"": ""results_comparison"", ""global_time_limit"": 600, ""max_tries"": 50, ""tuning_file"": ""tests/psa/ace.tuning.json"", ""hpo_strategy"": ""hamming"", ""global_time_strategy"": ""PERCENT"", ""percent"": 0.2, ""round_time_strategy"": ""STATIC"", ""time_evolution"": ""STATIC"", ""stop_strategy"": ""TIMEOUT""}",305,"{""varh"": ""Wdeg"", ""valh"": ""First"", ""saf"": ""False"", ""pc1"": ""True"", ""bdc"": ""1"", ""toh"": ""False"", ""ng"": ""NO"", ""lc"": ""2"", ""negative"": ""STR0"", ""generic2"": ""False"", ""sb"": ""NO""}",1.0678424999932759,1.6071456669887993,9,ExitStatus.FEASIBLE,False,False,1.6071456669887993
2025-06-07T21:23:46.400094,ProgressiveParty-rally-red12-09_c23.xml,"{""input"": ""tests/xcsp3/cop/UNKNOWN/ProgressiveParty-rally-red12-09_c23.xml"", ""solver"": ""xcsp:ACE@2.4"", ""output_dir"": ""results_comparison"", ""global_time_limit"": 600, ""max_tries"": 50, ""tuning_file"": ""tests/psa/ace.tuning.json"", ""hpo_strategy"": ""hamming"", ""global_time_strategy"": ""PERCENT"", ""percent"": 0.2, ""round_time_strategy"": ""STATIC"", ""time_evolution"": ""STATIC"", ""stop_strategy"": ""TIMEOUT""}",306,"{""varh"": ""Wdeg"", ""valh"": ""Last"", ""saf"": ""False"", ""pc1"": ""True"", ""bdc"": ""1"", ""toh"": ""False"", ""ng"": ""NO"", ""lc"": ""1"", ""negative"": ""V"", ""generic2"": ""True"", ""sb"": ""NO""}",1.0678424999932759,1.5898579159984365,9,ExitStatus.FEASIBLE,False,False,1.5898579159984365
2025-06-07T21:23:52.536963,ProgressiveParty-rally-red12-09_c23.xml,"{""input"": ""tests/xcsp3/cop/UNKNOWN/ProgressiveParty-rally-red12-09_c23.xml"", ""solver"": ""xcsp:ACE@2.4"", ""output_dir"": ""results_comparison"", ""global_time_limit"": 600, ""max_tries"": 50, ""tuning_file"": ""tests/psa/ace.tuning.json"", ""hpo_strategy"": ""hamming"", ""global_time_strategy"": ""PERCENT"", ""percent"": 0.2, ""round_time_strategy"": ""STATIC"", ""time_evolution"": ""STATIC"", ""stop_strategy"": ""TIMEOUT""}",307,"{""varh"": ""Wdeg"", ""valh"": ""Conflicts"", ""saf"": ""True"", ""pc1"": ""True"", ""bdc"": ""1"", ""toh"": ""False"", ""ng"": ""NO"", ""lc"": ""2"", ""negative"": ""V"", ""generic2"": ""True"", ""sb"": ""NO""}",1.0678424999932759,1,,ExitStatus.UNKNOWN,False,False,1
2025-06-07T21:23:54.262199,ProgressiveParty-rally-red12-09_c23.xml,"{""input"": ""tests/xcsp3/cop/UNKNOWN/ProgressiveParty-rally-red12-09_c23.xml"", ""solver"": ""xcsp:ACE@2.4"", ""output_dir"": ""results_comparison"", ""global_time_limit"": 600, ""max_tries"": 50, ""tuning_file"": ""tests/psa/ace.tuning.json"", ""hpo_strategy"": ""hamming"", ""global_time_strategy"": ""PERCENT"", ""percent"": 0.2, ""round_time_strategy"": ""STATIC"", ""time_evolution"": ""STATIC"", ""stop_strategy"": ""TIMEOUT""}",308,"{""varh"": ""FrbaOnDom"", ""valh"": ""First"", ""saf"": ""False"", ""pc1"": ""True"", ""bdc"": ""1"", ""toh"": ""False"", ""ng"": ""NO"", ""lc"": ""2"", ""negative"": ""V"", ""generic2"": ""False"", ""sb"": ""NO""}",1.0678424999932759,1.6104136669891886,9,ExitStatus.FEASIBLE,False,False,1.6104136669891886
2025-06-07T21:23:56.167163,ProgressiveParty-rally-red12-09_c23.xml,"{""input"": ""tests/xcsp3/cop/UNKNOWN/ProgressiveParty-rally-red12-09_c23.xml"", ""solver"": ""xcsp:ACE@2.4"", ""output_dir"": ""results_comparison"", ""global_time_limit"": 600, ""max_tries"": 50, ""tuning_file"": ""tests/psa/ace.tuning.json"", ""hpo_strategy"": ""hamming"", ""global_time_strategy"": ""PERCENT"", ""percent"": 0.2, ""round_time_strategy"": ""STATIC"", ""time_evolution"": ""STATIC"", ""stop_strategy"": ""TIMEOUT""}",309,"{""varh"": ""Wdeg"", ""valh"": ""Vals"", ""saf"": ""False"", ""pc1"": ""True"", ""bdc"": ""1"", ""toh"": ""False"", ""ng"": ""NO"", ""lc"": ""2"", ""negative"": ""CT"", ""generic2"": ""True"", ""sb"": ""NO""}",1.0678424999932759,1.754289707983844,9,ExitStatus.FEASIBLE,False,False,1.754289707983844
2025-06-07T21:23:58.066479,ProgressiveParty-rally-red12-09_c23.xml,"{""input"": ""tests/xcsp3/cop/UNKNOWN/ProgressiveParty-rally-red12-09_c23.xml"", ""solver"": ""xcsp:ACE@2.4"", ""output_dir"": ""results_comparison"", ""global_time_limit"": 600, ""max_tries"": 50, ""tuning_file"": ""tests/psa/ace.tuning.json"", ""hpo_strategy"": ""hamming"", ""global_time_strategy"": ""PERCENT"", ""percent"": 0.2, ""round_time_strategy"": ""STATIC"", ""time_evolution"": ""STATIC"", ""stop_strategy"": ""TIMEOUT""}",310,"{""varh"": ""FrbaOnDom"", ""valh"": ""First"", ""saf"": ""False"", ""pc1"": ""True"", ""bdc"": ""1"", ""toh"": ""False"", ""ng"": ""NO"", ""lc"": ""2"", ""negative"": ""STR1N"", ""generic2"": ""True"", ""sb"": ""NO""}",1.0678424999932759,1.7515715829795226,9,ExitStatus.FEASIBLE,False,False,1.7515715829795226
2025-06-07T21:23:59.965316,ProgressiveParty-rally-red12-09_c23.xml,"{""input"": ""tests/xcsp3/cop/UNKNOWN/ProgressiveParty-rally-red12-09_c23.xml"", ""solver"": ""xcsp:ACE@2.4"", ""output_dir"": ""results_comparison"", ""global_time_limit"": 600, ""max_tries"": 50, ""tuning_file"": ""tests/psa/ace.tuning.json"", ""hpo_strategy"": ""hamming"", ""global_time_strategy"": ""PERCENT"", ""percent"": 0.2, ""round_time_strategy"": ""STATIC"", ""time_evolution"": ""STATIC"", ""stop_strategy"": ""TIMEOUT""}",311,"{""varh"": ""Wdeg"", ""valh"": ""First"", ""saf"": ""True"", ""pc1"": ""True"", ""bdc"": ""1"", ""toh"": ""False"", ""ng"": ""NO"", ""lc"": ""2"", ""negative"": ""VA"", ""generic2"": ""True"", ""sb"": ""NO""}",1.0678424999932759,1.7485249580058735,9,ExitStatus.FEASIBLE,False,False,1.7485249580058735
2025-06-07T21:29:24.011014,ProgressiveParty-rally-red12-09_c23.xml,"{""input"": ""tests/xcsp3/cop/UNKNOWN/ProgressiveParty-rally-red12-09_c23.xml"", ""solver"": ""xcsp:ACE@2.4"", ""output_dir"": ""results_comparison"", ""global_time_limit"": 600, ""max_tries"": 50, ""tuning_file"": ""tests/psa/ace.tuning.json"", ""hpo_strategy"": ""hamming"", ""global_time_strategy"": ""PERCENT"", ""percent"": 0.2, ""round_time_strategy"": ""STATIC"", ""time_evolution"": ""STATIC"", ""stop_strategy"": ""TIMEOUT""}",0,"{""varh"": ""Wdeg"", ""valh"": ""First"", ""saf"": ""False"", ""pc1"": ""True"", ""bdc"": ""1"", ""toh"": ""False"", ""ng"": ""NO"", ""lc"": ""2"", ""negative"": ""V"", ""generic2"": ""True"", ""sb"": ""NO""}",23.482088166987523,23.592154207988642,9,ExitStatus.FEASIBLE,False,False,23.592154207988642
2025-06-07T21:29:47.782072,ProgressiveParty-rally-red12-09_c23.xml,"{""input"": ""tests/xcsp3/cop/UNKNOWN/ProgressiveParty-rally-red12-09_c23.xml"", ""solver"": ""xcsp:ACE@2.4"", ""output_dir"": ""results_comparison"", ""global_time_limit"": 600, ""max_tries"": 50, ""tuning_file"": ""tests/psa/ace.tuning.json"", ""hpo_strategy"": ""hamming"", ""global_time_strategy"": ""PERCENT"", ""percent"": 0.2, ""round_time_strategy"": ""STATIC"", ""time_evolution"": ""STATIC"", ""stop_strategy"": ""TIMEOUT""}",1,"{""varh"": ""Wdeg"", ""valh"": ""FlrsE"", ""saf"": ""False"", ""pc1"": ""True"", ""bdc"": ""1"", ""toh"": ""False"", ""ng"": ""NO"", ""lc"": ""2"", ""negative"": ""V"", ""generic2"": ""True"", ""sb"": ""NO""}",23.482088166987523,23.591605041990988,9,ExitStatus.FEASIBLE,False,False,23.591605041990988
2025-06-07T21:30:11.470700,ProgressiveParty-rally-red12-09_c23.xml,"{""input"": ""tests/xcsp3/cop/UNKNOWN/ProgressiveParty-rally-red12-09_c23.xml"", ""solver"": ""xcsp:ACE@2.4"", ""output_dir"": ""results_comparison"", ""global_time_limit"": 600, ""max_tries"": 50, ""tuning_file"": ""tests/psa/ace.tuning.json"", ""hpo_strategy"": ""hamming"", ""global_time_strategy"": ""PERCENT"", ""percent"": 0.2, ""round_time_strategy"": ""STATIC"", ""time_evolution"": ""STATIC"", ""stop_strategy"": ""TIMEOUT""}",2,"{""varh"": ""Wdeg"", ""valh"": ""Vals"", ""saf"": ""False"", ""pc1"": ""True"", ""bdc"": ""1"", ""toh"": ""False"", ""ng"": ""NO"", ""lc"": ""2"", ""negative"": ""V"", ""generic2"": ""True"", ""sb"": ""NO""}",23.482088166987523,23.557173292007064,9,ExitStatus.FEASIBLE,False,False,23.557173292007064
2025-06-07T21:30:35.159467,ProgressiveParty-rally-red12-09_c23.xml,"{""input"": ""tests/xcsp3/cop/UNKNOWN/ProgressiveParty-rally-red12-09_c23.xml"", ""solver"": ""xcsp:ACE@2.4"", ""output_dir"": ""results_comparison"", ""global_time_limit"": 600, ""max_tries"": 50, ""tuning_file"": ""tests/psa/ace.tuning.json"", ""hpo_strategy"": ""hamming"", ""global_time_strategy"": ""PERCENT"", ""percent"": 0.2, ""round_time_strategy"": ""STATIC"", ""time_evolution"": ""STATIC"", ""stop_strategy"": ""TIMEOUT""}",3,"{""varh"": ""Wdeg"", ""valh"": ""First"", ""saf"": ""False"", ""pc1"": ""True"", ""bdc"": ""1"", ""toh"": ""True"", ""ng"": ""NO"", ""lc"": ""2"", ""negative"": ""V"", ""generic2"": ""True"", ""sb"": ""NO""}",23.482088166987523,23.570214917010162,9,ExitStatus.FEASIBLE,False,False,23.570214917010162
2025-06-07T21:30:36.414459,ProgressiveParty-rally-red12-09_c23.xml,"{""input"": ""tests/xcsp3/cop/UNKNOWN/ProgressiveParty-rally-red12-09_c23.xml"", ""solver"": ""xcsp:ACE@2.4"", ""output_dir"": ""results_comparison"", ""global_time_limit"": 600, ""max_tries"": 50, ""tuning_file"": ""tests/psa/ace.tuning.json"", ""hpo_strategy"": ""hamming"", ""global_time_strategy"": ""PERCENT"", ""percent"": 0.2, ""round_time_strategy"": ""STATIC"", ""time_evolution"": ""STATIC"", ""stop_strategy"": ""TIMEOUT""}",4,"{""varh"": ""Wdeg"", ""valh"": ""First"", ""saf"": ""False"", ""pc1"": ""True"", ""bdc"": ""10"", ""toh"": ""False"", ""ng"": ""NO"", ""lc"": ""2"", ""negative"": ""V"", ""generic2"": ""True"", ""sb"": ""NO""}",1.1178217910055537,1.1178217910055537,9,ExitStatus.OPTIMAL,True,False,1.1178217910055537
2025-06-07T21:30:42.528707,ProgressiveParty-rally-red12-09_c23.xml,"{""input"": ""tests/xcsp3/cop/UNKNOWN/ProgressiveParty-rally-red12-09_c23.xml"", ""solver"": ""xcsp:ACE@2.4"", ""output_dir"": ""results_comparison"", ""global_time_limit"": 600, ""max_tries"": 50, ""tuning_file"": ""tests/psa/ace.tuning.json"", ""hpo_strategy"": ""hamming"", ""global_time_strategy"": ""PERCENT"", ""percent"": 0.2, ""round_time_strategy"": ""STATIC"", ""time_evolution"": ""STATIC"", ""stop_strategy"": ""TIMEOUT""}",5,"{""varh"": ""Wdeg"", ""valh"": ""Conflicts"", ""saf"": ""False"", ""pc1"": ""True"", ""bdc"": ""1"", ""toh"": ""False"", ""ng"": ""NO"", ""lc"": ""2"", ""negative"": ""V"", ""generic2"": ""True"", ""sb"": ""NO""}",1.1178217910055537,1,,ExitStatus.UNKNOWN,False,False,1
2025-06-07T21:30:44.307903,ProgressiveParty-rally-red12-09_c23.xml,"{""input"": ""tests/xcsp3/cop/UNKNOWN/ProgressiveParty-rally-red12-09_c23.xml"", ""solver"": ""xcsp:ACE@2.4"", ""output_dir"": ""results_comparison"", ""global_time_limit"": 600, ""max_tries"": 50, ""tuning_file"": ""tests/psa/ace.tuning.json"", ""hpo_strategy"": ""hamming"", ""global_time_strategy"": ""PERCENT"", ""percent"": 0.2, ""round_time_strategy"": ""STATIC"", ""time_evolution"": ""STATIC"", ""stop_strategy"": ""TIMEOUT""}",6,"{""varh"": ""Wdeg"", ""valh"": ""First"", ""saf"": ""False"", ""pc1"": ""False"", ""bdc"": ""1"", ""toh"": ""False"", ""ng"": ""NO"", ""lc"": ""2"", ""negative"": ""V"", ""generic2"": ""True"", ""sb"": ""NO""}",1.1178217910055537,1.6620342920068651,9,ExitStatus.FEASIBLE,False,False,1.6620342920068651
2025-06-07T21:30:46.143205,ProgressiveParty-rally-red12-09_c23.xml,"{""input"": ""tests/xcsp3/cop/UNKNOWN/ProgressiveParty-rally-red12-09_c23.xml"", ""solver"": ""xcsp:ACE@2.4"", ""output_dir"": ""results_comparison"", ""global_time_limit"": 600, ""max_tries"": 50, ""tuning_file"": ""tests/psa/ace.tuning.json"", ""hpo_strategy"": ""hamming"", ""global_time_strategy"": ""PERCENT"", ""percent"": 0.2, ""round_time_strategy"": ""STATIC"", ""time_evolution"": ""STATIC"", ""stop_strategy"": ""TIMEOUT""}",7,"{""varh"": ""Impact"", ""valh"": ""First"", ""saf"": ""False"", ""pc1"": ""True"", ""bdc"": ""1"", ""toh"": ""False"", ""ng"": ""NO"", ""lc"": ""2"", ""negative"": ""V"", ""generic2"": ""True"", ""sb"": ""NO""}",1.1178217910055537,1.6940482500067446,9,ExitStatus.FEASIBLE,False,False,1.6940482500067446
2025-06-07T21:30:47.873073,ProgressiveParty-rally-red12-09_c23.xml,"{""input"": ""tests/xcsp3/cop/UNKNOWN/ProgressiveParty-rally-red12-09_c23.xml"", ""solver"": ""xcsp:ACE@2.4"", ""output_dir"": ""results_comparison"", ""global_time_limit"": 600, ""max_tries"": 50, ""tuning_file"": ""tests/psa/ace.tuning.json"", ""hpo_strategy"": ""hamming"", ""global_time_strategy"": ""PERCENT"", ""percent"": 0.2, ""round_time_strategy"": ""STATIC"", ""time_evolution"": ""STATIC"", ""stop_strategy"": ""TIMEOUT""}",8,"{""varh"": ""FrbaOnDom"", ""valh"": ""First"", ""saf"": ""False"", ""pc1"": ""True"", ""bdc"": ""1"", ""toh"": ""False"", ""ng"": ""NO"", ""lc"": ""2"", ""negative"": ""V"", ""generic2"": ""True"", ""sb"": ""NO""}",1.1178217910055537,1.60342720799963,9,ExitStatus.FEASIBLE,False,False,1.60342720799963
2025-06-07T21:30:49.550161,ProgressiveParty-rally-red12-09_c23.xml,"{""input"": ""tests/xcsp3/cop/UNKNOWN/ProgressiveParty-rally-red12-09_c23.xml"", ""solver"": ""xcsp:ACE@2.4"", ""output_dir"": ""results_comparison"", ""global_time_limit"": 600, ""max_tries"": 50, ""tuning_file"": ""tests/psa/ace.tuning.json"", ""hpo_strategy"": ""hamming"", ""global_time_strategy"": ""PERCENT"", ""percent"": 0.2, ""round_time_strategy"": ""STATIC"", ""time_evolution"": ""STATIC"", ""stop_strategy"": ""TIMEOUT""}",9,"{""varh"": ""WdegOnDom"", ""valh"": ""First"", ""saf"": ""False"", ""pc1"": ""True"", ""bdc"": ""1"", ""toh"": ""False"", ""ng"": ""NO"", ""lc"": ""2"", ""negative"": ""V"", ""generic2"": ""True"", ""sb"": ""NO""}",1.1178217910055537,1.547211333992891,9,ExitStatus.OPTIMAL,False,False,1.547211333992891
2025-06-07T21:30:51.266637,ProgressiveParty-rally-red12-09_c23.xml,"{""input"": ""tests/xcsp3/cop/UNKNOWN/ProgressiveParty-rally-red12-09_c23.xml"", ""solver"": ""xcsp:ACE@2.4"", ""output_dir"": ""results_comparison"", ""global_time_limit"": 600, ""max_tries"": 50, ""tuning_file"": ""tests/psa/ace.tuning.json"", ""hpo_strategy"": ""hamming"", ""global_time_strategy"": ""PERCENT"", ""percent"": 0.2, ""round_time_strategy"": ""STATIC"", ""time_evolution"": ""STATIC"", ""stop_strategy"": ""TIMEOUT""}",10,"{""varh"": ""Rand"", ""valh"": ""First"", ""saf"": ""False"", ""pc1"": ""True"", ""bdc"": ""1"", ""toh"": ""False"", ""ng"": ""NO"", ""lc"": ""2"", ""negative"": ""V"", ""generic2"": ""True"", ""sb"": ""NO""}",1.1178217910055537,1.5851024590083398,9,ExitStatus.FEASIBLE,False,False,1.5851024590083398
2025-06-07T21:30:52.981218,ProgressiveParty-rally-red12-09_c23.xml,"{""input"": ""tests/xcsp3/cop/UNKNOWN/ProgressiveParty-rally-red12-09_c23.xml"", ""solver"": ""xcsp:ACE@2.4"", ""output_dir"": ""results_comparison"", ""global_time_limit"": 600, ""max_tries"": 50, ""tuning_file"": ""tests/psa/ace.tuning.json"", ""hpo_strategy"": ""hamming"", ""global_time_strategy"": ""PERCENT"", ""percent"": 0.2, ""round_time_strategy"": ""STATIC"", ""time_evolution"": ""STATIC"", ""stop_strategy"": ""TIMEOUT""}",11,"{""varh"": ""Wdeg"", ""valh"": ""Median"", ""saf"": ""False"", ""pc1"": ""True"", ""bdc"": ""1"", ""toh"": ""False"", ""ng"": ""NO"", ""lc"": ""2"", ""negative"": ""V"", ""generic2"": ""True"", ""sb"": ""NO""}",1.1178217910055537,1.5856374579889234,9,ExitStatus.FEASIBLE,False,False,1.5856374579889234
2025-06-07T21:30:54.695592,ProgressiveParty-rally-red12-09_c23.xml,"{""input"": ""tests/xcsp3/cop/UNKNOWN/ProgressiveParty-rally-red12-09_c23.xml"", ""solver"": ""xcsp:ACE@2.4"", ""output_dir"": ""results_comparison"", ""global_time_limit"": 600, ""max_tries"": 50, ""tuning_file"": ""tests/psa/ace.tuning.json"", ""hpo_strategy"": ""hamming"", ""global_time_strategy"": ""PERCENT"", ""percent"": 0.2, ""round_time_strategy"": ""STATIC"", ""time_evolution"": ""STATIC"", ""stop_strategy"": ""TIMEOUT""}",12,"{""varh"": ""Lexico"", ""valh"": ""First"", ""saf"": ""False"", ""pc1"": ""True"", ""bdc"": ""1"", ""toh"": ""False"", ""ng"": ""NO"", ""lc"": ""2"", ""negative"": ""V"", ""generic2"": ""True"", ""sb"": ""NO""}",1.1178217910055537,1.5817281249910593,9,ExitStatus.FEASIBLE,False,False,1.5817281249910593
2025-06-07T21:30:56.406492,ProgressiveParty-rally-red12-09_c23.xml,"{""input"": ""tests/xcsp3/cop/UNKNOWN/ProgressiveParty-rally-red12-09_c23.xml"", ""solver"": ""xcsp:ACE@2.4"", ""output_dir"": ""results_comparison"", ""global_time_limit"": 600, ""max_tries"": 50, ""tuning_file"": ""tests/psa/ace.tuning.json"", ""hpo_strategy"": ""hamming"", ""global_time_strategy"": ""PERCENT"", ""percent"": 0.2, ""round_time_strategy"": ""STATIC"", ""time_evolution"": ""STATIC"", ""stop_strategy"": ""TIMEOUT""}",13,"{""varh"": ""Wdeg"", ""valh"": ""First"", ""saf"": ""False"", ""pc1"": ""True"", ""bdc"": ""1"", ""toh"": ""False"", ""ng"": ""NO"", ""lc"": ""2"", ""negative"": ""STR1"", ""generic2"": ""True"", ""sb"": ""NO""}",1.1178217910055537,1.5799045840103645,9,ExitStatus.FEASIBLE,False,False,1.5799045840103645
2025-06-07T21:30:58.121551,ProgressiveParty-rally-red12-09_c23.xml,"{""input"": ""tests/xcsp3/cop/UNKNOWN/ProgressiveParty-rally-red12-09_c23.xml"", ""solver"": ""xcsp:ACE@2.4"", ""output_dir"": ""results_comparison"", ""global_time_limit"": 600, ""max_tries"": 50, ""tuning_file"": ""tests/psa/ace.tuning.json"", ""hpo_strategy"": ""hamming"", ""global_time_strategy"": ""PERCENT"", ""percent"": 0.2, ""round_time_strategy"": ""STATIC"", ""time_evolution"": ""STATIC"", ""stop_strategy"": ""TIMEOUT""}",14,"{""varh"": ""Wdeg"", ""valh"": ""RunRobin"", ""saf"": ""False"", ""pc1"": ""True"", ""bdc"": ""1"", ""toh"": ""False"", ""ng"": ""NO"", ""lc"": ""2"", ""negative"": ""V"", ""generic2"": ""True"", ""sb"": ""NO""}",1.1178217910055537,1.5833519170118961,9,ExitStatus.FEASIBLE,False,False,1.5833519170118961
2025-06-07T21:30:59.842228,ProgressiveParty-rally-red12-09_c23.xml,"{""input"": ""tests/xcsp3/cop/UNKNOWN/ProgressiveParty-rally-red12-09_c23.xml"", ""solver"": ""xcsp:ACE@2.4"", ""output_dir"": ""results_comparison"", ""global_time_limit"": 600, ""max_tries"": 50, ""tuning_file"": ""tests/psa/ace.tuning.json"", ""hpo_strategy"": ""hamming"", ""global_time_strategy"": ""PERCENT"", ""percent"": 0.2, ""round_time_strategy"": ""STATIC"", ""time_evolution"": ""STATIC"", ""stop_strategy"": ""TIMEOUT""}",15,"{""varh"": ""Wdeg"", ""valh"": ""First"", ""saf"": ""False"", ""pc1"": ""True"", ""bdc"": ""1"", ""toh"": ""False"", ""ng"": ""NO"", ""lc"": ""2"", ""negative"": ""STR1N"", ""generic2"": ""True"", ""sb"": ""NO""}",1.1178217910055537,1.5858954589930363,9,ExitStatus.FEASIBLE,False,False,1.5858954589930363
2025-06-07T21:31:01.603248,ProgressiveParty-rally-red12-09_c23.xml,"{""input"": ""tests/xcsp3/cop/UNKNOWN/ProgressiveParty-rally-red12-09_c23.xml"", ""solver"": ""xcsp:ACE@2.4"", ""output_dir"": ""results_comparison"", ""global_time_limit"": 600, ""max_tries"": 50, ""tuning_file"": ""tests/psa/ace.tuning.json"", ""hpo_strategy"": ""hamming"", ""global_time_strategy"": ""PERCENT"", ""percent"": 0.2, ""round_time_strategy"": ""STATIC"", ""time_evolution"": ""STATIC"", ""stop_strategy"": ""TIMEOUT""}",16,"{""varh"": ""Wdeg"", ""valh"": ""Last"", ""saf"": ""False"", ""pc1"": ""True"", ""bdc"": ""1"", ""toh"": ""False"", ""ng"": ""NO"", ""lc"": ""2"", ""negative"": ""V"", ""generic2"": ""True"", ""sb"": ""NO""}",1.1178217910055537,1.6254140840028413,9,ExitStatus.FEASIBLE,False,False,1.6254140840028413
2025-06-07T21:31:03.318628,ProgressiveParty-rally-red12-09_c23.xml,"{""input"": ""tests/xcsp3/cop/UNKNOWN/ProgressiveParty-rally-red12-09_c23.xml"", ""solver"": ""xcsp:ACE@2.4"", ""output_dir"": ""results_comparison"", ""global_time_limit"": 600, ""max_tries"": 50, ""tuning_file"": ""tests/psa/ace.tuning.json"", ""hpo_strategy"": ""hamming"", ""global_time_strategy"": ""PERCENT"", ""percent"": 0.2, ""round_time_strategy"": ""STATIC"", ""time_evolution"": ""STATIC"", ""stop_strategy"": ""TIMEOUT""}",17,"{""varh"": ""PickOnDom"", ""valh"": ""First"", ""saf"": ""False"", ""pc1"": ""True"", ""bdc"": ""1"", ""toh"": ""False"", ""ng"": ""NO"", ""lc"": ""2"", ""negative"": ""V"", ""generic2"": ""True"", ""sb"": ""NO""}",1.1178217910055537,1.5836840829870198,9,ExitStatus.FEASIBLE,False,False,1.5836840829870198
2025-06-07T21:31:05.050606,ProgressiveParty-rally-red12-09_c23.xml,"{""input"": ""tests/xcsp3/cop/UNKNOWN/ProgressiveParty-rally-red12-09_c23.xml"", ""solver"": ""xcsp:ACE@2.4"", ""output_dir"": ""results_comparison"", ""global_time_limit"": 600, ""max_tries"": 50, ""tuning_file"": ""tests/psa/ace.tuning.json"", ""hpo_strategy"": ""hamming"", ""global_time_strategy"": ""PERCENT"", ""percent"": 0.2, ""round_time_strategy"": ""STATIC"", ""time_evolution"": ""STATIC"", ""stop_strategy"": ""TIMEOUT""}",18,"{""varh"": ""Wdeg"", ""valh"": ""First"", ""saf"": ""False"", ""pc1"": ""True"", ""bdc"": ""1"", ""toh"": ""False"", ""ng"": ""NO"", ""lc"": ""1"", ""negative"": ""V"", ""generic2"": ""True"", ""sb"": ""NO""}",1.1178217910055537,1.6001935829990543,9,ExitStatus.FEASIBLE,False,False,1.6001935829990543
2025-06-07T21:31:06.773034,ProgressiveParty-rally-red12-09_c23.xml,"{""input"": ""tests/xcsp3/cop/UNKNOWN/ProgressiveParty-rally-red12-09_c23.xml"", ""solver"": ""xcsp:ACE@2.4"", ""output_dir"": ""results_comparison"", ""global_time_limit"": 600, ""max_tries"": 50, ""tuning_file"": ""tests/psa/ace.tuning.json"", ""hpo_strategy"": ""hamming"", ""global_time_strategy"": ""PERCENT"", ""percent"": 0.2, ""round_time_strategy"": ""STATIC"", ""time_evolution"": ""STATIC"", ""stop_strategy"": ""TIMEOUT""}",19,"{""varh"": ""Wdeg"", ""valh"": ""First"", ""saf"": ""False"", ""pc1"": ""True"", ""bdc"": ""1"", ""toh"": ""False"", ""ng"": ""NO"", ""lc"": ""2"", ""negative"": ""V"", ""generic2"": ""False"", ""sb"": ""NO""}",1.1178217910055537,1.5912515000090934,9,ExitStatus.FEASIBLE,False,False,1.5912515000090934
2025-06-07T21:31:08.507050,ProgressiveParty-rally-red12-09_c23.xml,"{""input"": ""tests/xcsp3/cop/UNKNOWN/ProgressiveParty-rally-red12-09_c23.xml"", ""solver"": ""xcsp:ACE@2.4"", ""output_dir"": ""results_comparison"", ""global_time_limit"": 600, ""max_tries"": 50, ""tuning_file"": ""tests/psa/ace.tuning.json"", ""hpo_strategy"": ""hamming"", ""global_time_strategy"": ""PERCENT"", ""percent"": 0.2, ""round_time_strategy"": ""STATIC"", ""time_evolution"": ""STATIC"", ""stop_strategy"": ""TIMEOUT""}",20,"{""varh"": ""Wdeg"", ""valh"": ""OccsR"", ""saf"": ""False"", ""pc1"": ""True"", ""bdc"": ""1"", ""toh"": ""False"", ""ng"": ""NO"", ""lc"": ""2"", ""negative"": ""V"", ""generic2"": ""True"", ""sb"": ""NO""}",1.1178217910055537,1.6020926249912009,9,ExitStatus.FEASIBLE,False,False,1.6020926249912009
2025-06-07T21:31:10.214547,ProgressiveParty-rally-red12-09_c23.xml,"{""input"": ""tests/xcsp3/cop/UNKNOWN/ProgressiveParty-rally-red12-09_c23.xml"", ""solver"": ""xcsp:ACE@2.4"", ""output_dir"": ""results_comparison"", ""global_time_limit"": 600, ""max_tries"": 50, ""tuning_file"": ""tests/psa/ace.tuning.json"", ""hpo_strategy"": ""hamming"", ""global_time_strategy"": ""PERCENT"", ""percent"": 0.2, ""round_time_strategy"": ""STATIC"", ""time_evolution"": ""STATIC"", ""stop_strategy"": ""TIMEOUT""}",21,"{""varh"": ""Wdeg"", ""valh"": ""First"", ""saf"": ""False"", ""pc1"": ""True"", ""bdc"": ""1"", ""toh"": ""False"", ""ng"": ""NO"", ""lc"": ""2"", ""negative"": ""VA"", ""generic2"": ""True"", ""sb"": ""NO""}",1.1178217910055537,1.5770622080017347,9,ExitStatus.FEASIBLE,False,False,1.5770622080017347
2025-06-07T21:31:11.938428,ProgressiveParty-rally-red12-09_c23.xml,"{""input"": ""tests/xcsp3/cop/UNKNOWN/ProgressiveParty-rally-red12-09_c23.xml"", ""solver"": ""xcsp:ACE@2.4"", ""output_dir"": ""results_comparison"", ""global_time_limit"": 600, ""max_tries"": 50, ""tuning_file"": ""tests/psa/ace.tuning.json"", ""hpo_strategy"": ""hamming"", ""global_time_strategy"": ""PERCENT"", ""percent"": 0.2, ""round_time_strategy"": ""STATIC"", ""time_evolution"": ""STATIC"", ""stop_strategy"": ""TIMEOUT""}",22,"{""varh"": ""Activity"", ""valh"": ""First"", ""saf"": ""False"", ""pc1"": ""True"", ""bdc"": ""1"", ""toh"": ""False"", ""ng"": ""NO"", ""lc"": ""2"", ""negative"": ""V"", ""generic2"": ""True"", ""sb"": ""NO""}",1.1178217910055537,1.5917666669993196,9,ExitStatus.FEASIBLE,False,False,1.5917666669993196
2025-06-07T21:31:13.660446,ProgressiveParty-rally-red12-09_c23.xml,"{""input"": ""tests/xcsp3/cop/UNKNOWN/ProgressiveParty-rally-red12-09_c23.xml"", ""solver"": ""xcsp:ACE@2.4"", ""output_dir"": ""results_comparison"", ""global_time_limit"": 600, ""max_tries"": 50, ""tuning_file"": ""tests/psa/ace.tuning.json"", ""hpo_strategy"": ""hamming"", ""global_time_strategy"": ""PERCENT"", ""percent"": 0.2, ""round_time_strategy"": ""STATIC"", ""time_evolution"": ""STATIC"", ""stop_strategy"": ""TIMEOUT""}",23,"{""varh"": ""Wdeg"", ""valh"": ""First"", ""saf"": ""False"", ""pc1"": ""True"", ""bdc"": ""1"", ""toh"": ""False"", ""ng"": ""NO"", ""lc"": ""2"", ""negative"": ""CT"", ""generic2"": ""True"", ""sb"": ""NO""}",1.1178217910055537,1.5967945829906967,9,ExitStatus.FEASIBLE,False,False,1.5967945829906967
2025-06-07T21:31:15.381709,ProgressiveParty-rally-red12-09_c23.xml,"{""input"": ""tests/xcsp3/cop/UNKNOWN/ProgressiveParty-rally-red12-09_c23.xml"", ""solver"": ""xcsp:ACE@2.4"", ""output_dir"": ""results_comparison"", ""global_time_limit"": 600, ""max_tries"": 50, ""tuning_file"": ""tests/psa/ace.tuning.json"", ""hpo_strategy"": ""hamming"", ""global_time_strategy"": ""PERCENT"", ""percent"": 0.2, ""round_time_strategy"": ""STATIC"", ""time_evolution"": ""STATIC"", ""stop_strategy"": ""TIMEOUT""}",24,"{""varh"": ""Wdeg"", ""valh"": ""First"", ""saf"": ""False"", ""pc1"": ""True"", ""bdc"": ""1"", ""toh"": ""False"", ""ng"": ""NO"", ""lc"": ""2"", ""negative"": ""STR2N"", ""generic2"": ""True"", ""sb"": ""NO""}",1.1178217910055537,1.5926025419903453,9,ExitStatus.FEASIBLE,False,False,1.5926025419903453
2025-06-07T21:31:17.100533,ProgressiveParty-rally-red12-09_c23.xml,"{""input"": ""tests/xcsp3/cop/UNKNOWN/ProgressiveParty-rally-red12-09_c23.xml"", ""solver"": ""xcsp:ACE@2.4"", ""output_dir"": ""results_comparison"", ""global_time_limit"": 600, ""max_tries"": 50, ""tuning_file"": ""tests/psa/ace.tuning.json"", ""hpo_strategy"": ""hamming"", ""global_time_strategy"": ""PERCENT"", ""percent"": 0.2, ""round_time_strategy"": ""STATIC"", ""time_evolution"": ""STATIC"", ""stop_strategy"": ""TIMEOUT""}",25,"{""varh"": ""Wdeg"", ""valh"": ""First"", ""saf"": ""False"", ""pc1"": ""True"", ""bdc"": ""1"", ""toh"": ""False"", ""ng"": ""NO"", ""lc"": ""2"", ""negative"": ""STR0"", ""generic2"": ""True"", ""sb"": ""NO""}",1.1178217910055537,1.587375166011043,9,ExitStatus.FEASIBLE,False,False,1.587375166011043
2025-06-07T21:31:18.697513,ProgressiveParty-rally-red12-09_c23.xml,"{""input"": ""tests/xcsp3/cop/UNKNOWN/ProgressiveParty-rally-red12-09_c23.xml"", ""solver"": ""xcsp:ACE@2.4"", ""output_dir"": ""results_comparison"", ""global_time_limit"": 600, ""max_tries"": 50, ""tuning_file"": ""tests/psa/ace.tuning.json"", ""hpo_strategy"": ""hamming"", ""global_time_strategy"": ""PERCENT"", ""percent"": 0.2, ""round_time_strategy"": ""STATIC"", ""time_evolution"": ""STATIC"", ""stop_strategy"": ""TIMEOUT""}",26,"{""varh"": ""Wdeg"", ""valh"": ""First"", ""saf"": ""False"", ""pc1"": ""True"", ""bdc"": ""100"", ""toh"": ""False"", ""ng"": ""NO"", ""lc"": ""2"", ""negative"": ""V"", ""generic2"": ""True"", ""sb"": ""NO""}",1.1178217910055537,1.4457657089806162,,ExitStatus.UNKNOWN,False,False,1.4457657089806162
2025-06-07T21:31:20.419660,ProgressiveParty-rally-red12-09_c23.xml,"{""input"": ""tests/xcsp3/cop/UNKNOWN/ProgressiveParty-rally-red12-09_c23.xml"", ""solver"": ""xcsp:ACE@2.4"", ""output_dir"": ""results_comparison"", ""global_time_limit"": 600, ""max_tries"": 50, ""tuning_file"": ""tests/psa/ace.tuning.json"", ""hpo_strategy"": ""hamming"", ""global_time_strategy"": ""PERCENT"", ""percent"": 0.2, ""round_time_strategy"": ""STATIC"", ""time_evolution"": ""STATIC"", ""stop_strategy"": ""TIMEOUT""}",27,"{""varh"": ""Wdeg"", ""valh"": ""First"", ""saf"": ""True"", ""pc1"": ""True"", ""bdc"": ""1"", ""toh"": ""False"", ""ng"": ""NO"", ""lc"": ""2"", ""negative"": ""V"", ""generic2"": ""True"", ""sb"": ""NO""}",1.1178217910055537,1.5953892079996876,9,ExitStatus.FEASIBLE,False,False,1.5953892079996876
2025-06-07T21:31:22.128576,ProgressiveParty-rally-red12-09_c23.xml,"{""input"": ""tests/xcsp3/cop/UNKNOWN/ProgressiveParty-rally-red12-09_c23.xml"", ""solver"": ""xcsp:ACE@2.4"", ""output_dir"": ""results_comparison"", ""global_time_limit"": 600, ""max_tries"": 50, ""tuning_file"": ""tests/psa/ace.tuning.json"", ""hpo_strategy"": ""hamming"", ""global_time_strategy"": ""PERCENT"", ""percent"": 0.2, ""round_time_strategy"": ""STATIC"", ""time_evolution"": ""STATIC"", ""stop_strategy"": ""TIMEOUT""}",28,"{""varh"": ""Wdeg"", ""valh"": ""First"", ""saf"": ""False"", ""pc1"": ""True"", ""bdc"": ""1"", ""toh"": ""False"", ""ng"": ""NO"", ""lc"": ""5"", ""negative"": ""V"", ""generic2"": ""True"", ""sb"": ""NO""}",1.1178217910055537,1.5807753329863772,9,ExitStatus.FEASIBLE,False,False,1.5807753329863772
2025-06-07T21:31:23.779101,ProgressiveParty-rally-red12-09_c23.xml,"{""input"": ""tests/xcsp3/cop/UNKNOWN/ProgressiveParty-rally-red12-09_c23.xml"", ""solver"": ""xcsp:ACE@2.4"", ""output_dir"": ""results_comparison"", ""global_time_limit"": 600, ""max_tries"": 50, ""tuning_file"": ""tests/psa/ace.tuning.json"", ""hpo_strategy"": ""hamming"", ""global_time_strategy"": ""PERCENT"", ""percent"": 0.2, ""round_time_strategy"": ""STATIC"", ""time_evolution"": ""STATIC"", ""stop_strategy"": ""TIMEOUT""}",29,"{""varh"": ""Memory"", ""valh"": ""First"", ""saf"": ""False"", ""pc1"": ""True"", ""bdc"": ""1"", ""toh"": ""False"", ""ng"": ""NO"", ""lc"": ""2"", ""negative"": ""V"", ""generic2"": ""True"", ""sb"": ""NO""}",1.1178217910055537,1.5342341659998056,9,ExitStatus.OPTIMAL,False,False,1.5342341659998056
2025-06-07T21:31:25.476814,ProgressiveParty-rally-red12-09_c23.xml,"{""input"": ""tests/xcsp3/cop/UNKNOWN/ProgressiveParty-rally-red12-09_c23.xml"", ""solver"": ""xcsp:ACE@2.4"", ""output_dir"": ""results_comparison"", ""global_time_limit"": 600, ""max_tries"": 50, ""tuning_file"": ""tests/psa/ace.tuning.json"", ""hpo_strategy"": ""hamming"", ""global_time_strategy"": ""PERCENT"", ""percent"": 0.2, ""round_time_strategy"": ""STATIC"", ""time_evolution"": ""STATIC"", ""stop_strategy"": ""TIMEOUT""}",30,"{""varh"": ""Wdeg"", ""valh"": ""First"", ""saf"": ""False"", ""pc1"": ""True"", ""bdc"": ""1"", ""toh"": ""False"", ""ng"": ""NO"", ""lc"": ""10"", ""negative"": ""V"", ""generic2"": ""True"", ""sb"": ""NO""}",1.1178217910055537,1.5805034590011928,9,ExitStatus.FEASIBLE,False,False,1.5805034590011928
2025-06-07T21:31:26.702008,ProgressiveParty-rally-red12-09_c23.xml,"{""input"": ""tests/xcsp3/cop/UNKNOWN/ProgressiveParty-rally-red12-09_c23.xml"", ""solver"": ""xcsp:ACE@2.4"", ""output_dir"": ""results_comparison"", ""global_time_limit"": 600, ""max_tries"": 50, ""tuning_file"": ""tests/psa/ace.tuning.json"", ""hpo_strategy"": ""hamming"", ""global_time_strategy"": ""PERCENT"", ""percent"": 0.2, ""round_time_strategy"": ""STATIC"", ""time_evolution"": ""STATIC"", ""stop_strategy"": ""TIMEOUT""}",31,"{""varh"": ""Wdeg"", ""valh"": ""First"", ""saf"": ""False"", ""pc1"": ""True"", ""bdc"": ""1000"", ""toh"": ""False"", ""ng"": ""NO"", ""lc"": ""2"", ""negative"": ""V"", ""generic2"": ""True"", ""sb"": ""NO""}",1.1178217910055537,1.1113217920064926,,ExitStatus.UNKNOWN,False,False,1.1113217920064926
2025-06-07T21:31:28.374722,ProgressiveParty-rally-red12-09_c23.xml,"{""input"": ""tests/xcsp3/cop/UNKNOWN/ProgressiveParty-rally-red12-09_c23.xml"", ""solver"": ""xcsp:ACE@2.4"", ""output_dir"": ""results_comparison"", ""global_time_limit"": 600, ""max_tries"": 50, ""tuning_file"": ""tests/psa/ace.tuning.json"", ""hpo_strategy"": ""hamming"", ""global_time_strategy"": ""PERCENT"", ""percent"": 0.2, ""round_time_strategy"": ""STATIC"", ""time_evolution"": ""STATIC"", ""stop_strategy"": ""TIMEOUT""}",32,"{""varh"": ""Wdeg"", ""valh"": ""First"", ""saf"": ""False"", ""pc1"": ""True"", ""bdc"": ""1"", ""toh"": ""False"", ""ng"": ""NO"", ""lc"": ""0"", ""negative"": ""V"", ""generic2"": ""True"", ""sb"": ""NO""}",1.1178217910055537,1.5598838750156574,9,ExitStatus.FEASIBLE,False,False,1.5598838750156574
2025-06-07T21:31:30.049683,ProgressiveParty-rally-red12-09_c23.xml,"{""input"": ""tests/xcsp3/cop/UNKNOWN/ProgressiveParty-rally-red12-09_c23.xml"", ""solver"": ""xcsp:ACE@2.4"", ""output_dir"": ""results_comparison"", ""global_time_limit"": 600, ""max_tries"": 50, ""tuning_file"": ""tests/psa/ace.tuning.json"", ""hpo_strategy"": ""hamming"", ""global_time_strategy"": ""PERCENT"", ""percent"": 0.2, ""round_time_strategy"": ""STATIC"", ""time_evolution"": ""STATIC"", ""stop_strategy"": ""TIMEOUT""}",33,"{""varh"": ""Wdeg"", ""valh"": ""First"", ""saf"": ""False"", ""pc1"": ""True"", ""bdc"": ""1"", ""toh"": ""False"", ""ng"": ""NO"", ""lc"": ""2"", ""negative"": ""STR3"", ""generic2"": ""True"", ""sb"": ""NO""}",1.1178217910055537,1.56314745900454,9,ExitStatus.FEASIBLE,False,False,1.56314745900454
2025-06-07T21:31:31.772159,ProgressiveParty-rally-red12-09_c23.xml,"{""input"": ""tests/xcsp3/cop/UNKNOWN/ProgressiveParty-rally-red12-09_c23.xml"", ""solver"": ""xcsp:ACE@2.4"", ""output_dir"": ""results_comparison"", ""global_time_limit"": 600, ""max_tries"": 50, ""tuning_file"": ""tests/psa/ace.tuning.json"", ""hpo_strategy"": ""hamming"", ""global_time_strategy"": ""PERCENT"", ""percent"": 0.2, ""round_time_strategy"": ""STATIC"", ""time_evolution"": ""STATIC"", ""stop_strategy"": ""TIMEOUT""}",34,"{""varh"": ""Wdeg"", ""valh"": ""Rand"", ""saf"": ""False"", ""pc1"": ""True"", ""bdc"": ""1"", ""toh"": ""False"", ""ng"": ""NO"", ""lc"": ""2"", ""negative"": ""V"", ""generic2"": ""True"", ""sb"": ""NO""}",1.1178217910055537,1.6088010420207866,9,ExitStatus.FEASIBLE,False,False,1.6088010420207866
2025-06-07T21:31:33.451836,ProgressiveParty-rally-red12-09_c23.xml,"{""input"": ""tests/xcsp3/cop/UNKNOWN/ProgressiveParty-rally-red12-09_c23.xml"", ""solver"": ""xcsp:ACE@2.4"", ""output_dir"": ""results_comparison"", ""global_time_limit"": 600, ""max_tries"": 50, ""tuning_file"": ""tests/psa/ace.tuning.json"", ""hpo_strategy"": ""hamming"", ""global_time_strategy"": ""PERCENT"", ""percent"": 0.2, ""round_time_strategy"": ""STATIC"", ""time_evolution"": ""STATIC"", ""stop_strategy"": ""TIMEOUT""}",35,"{""varh"": ""Wdeg"", ""valh"": ""Bivs3"", ""saf"": ""False"", ""pc1"": ""True"", ""bdc"": ""1"", ""toh"": ""False"", ""ng"": ""NO"", ""lc"": ""2"", ""negative"": ""V"", ""generic2"": ""True"", ""sb"": ""NO""}",1.1178217910055537,1.5696276669914369,9,ExitStatus.FEASIBLE,False,False,1.5696276669914369
2025-06-07T21:31:35.105002,ProgressiveParty-rally-red12-09_c23.xml,"{""input"": ""tests/xcsp3/cop/UNKNOWN/ProgressiveParty-rally-red12-09_c23.xml"", ""solver"": ""xcsp:ACE@2.4"", ""output_dir"": ""results_comparison"", ""global_time_limit"": 600, ""max_tries"": 50, ""tuning_file"": ""tests/psa/ace.tuning.json"", ""hpo_strategy"": ""hamming"", ""global_time_strategy"": ""PERCENT"", ""percent"": 0.2, ""round_time_strategy"": ""STATIC"", ""time_evolution"": ""STATIC"", ""stop_strategy"": ""TIMEOUT""}",36,"{""varh"": ""RunRobin"", ""valh"": ""First"", ""saf"": ""False"", ""pc1"": ""True"", ""bdc"": ""1"", ""toh"": ""False"", ""ng"": ""NO"", ""lc"": ""2"", ""negative"": ""V"", ""generic2"": ""True"", ""sb"": ""NO""}",1.1178217910055537,1.5392445830220822,9,ExitStatus.OPTIMAL,False,False,1.5392445830220822
2025-06-07T21:31:36.775257,ProgressiveParty-rally-red12-09_c23.xml,"{""input"": ""tests/xcsp3/cop/UNKNOWN/ProgressiveParty-rally-red12-09_c23.xml"", ""solver"": ""xcsp:ACE@2.4"", ""output_dir"": ""results_comparison"", ""global_time_limit"": 600, ""max_tries"": 50, ""tuning_file"": ""tests/psa/ace.tuning.json"", ""hpo_strategy"": ""hamming"", ""global_time_strategy"": ""PERCENT"", ""percent"": 0.2, ""round_time_strategy"": ""STATIC"", ""time_evolution"": ""STATIC"", ""stop_strategy"": ""TIMEOUT""}",37,"{""varh"": ""Wdeg"", ""valh"": ""First"", ""saf"": ""False"", ""pc1"": ""True"", ""bdc"": ""1"", ""toh"": ""False"", ""ng"": ""NO"", ""lc"": ""2"", ""negative"": ""STR2"", ""generic2"": ""True"", ""sb"": ""NO""}",1.1178217910055537,1.5684025420050602,9,ExitStatus.FEASIBLE,False,False,1.5684025420050602
2025-06-07T21:31:38.443353,ProgressiveParty-rally-red12-09_c23.xml,"{""input"": ""tests/xcsp3/cop/UNKNOWN/ProgressiveParty-rally-red12-09_c23.xml"", ""solver"": ""xcsp:ACE@2.4"", ""output_dir"": ""results_comparison"", ""global_time_limit"": 600, ""max_tries"": 50, ""tuning_file"": ""tests/psa/ace.tuning.json"", ""hpo_strategy"": ""hamming"", ""global_time_strategy"": ""PERCENT"", ""percent"": 0.2, ""round_time_strategy"": ""STATIC"", ""time_evolution"": ""STATIC"", ""stop_strategy"": ""TIMEOUT""}",38,"{""varh"": ""Wdeg"", ""valh"": ""First"", ""saf"": ""True"", ""pc1"": ""True"", ""bdc"": ""1"", ""toh"": ""False"", ""ng"": ""NO"", ""lc"": ""2"", ""negative"": ""V"", ""generic2"": ""False"", ""sb"": ""NO""}",1.1178217910055537,1.5563709580164868,9,ExitStatus.FEASIBLE,False,False,1.5563709580164868
2025-06-07T21:31:40.115731,ProgressiveParty-rally-red12-09_c23.xml,"{""input"": ""tests/xcsp3/cop/UNKNOWN/ProgressiveParty-rally-red12-09_c23.xml"", ""solver"": ""xcsp:ACE@2.4"", ""output_dir"": ""results_comparison"", ""global_time_limit"": 600, ""max_tries"": 50, ""tuning_file"": ""tests/psa/ace.tuning.json"", ""hpo_strategy"": ""hamming"", ""global_time_strategy"": ""PERCENT"", ""percent"": 0.2, ""round_time_strategy"": ""STATIC"", ""time_evolution"": ""STATIC"", ""stop_strategy"": ""TIMEOUT""}",39,"{""varh"": ""Wdeg"", ""valh"": ""Rand"", ""saf"": ""False"", ""pc1"": ""True"", ""bdc"": ""1"", ""toh"": ""False"", ""ng"": ""NO"", ""lc"": ""5"", ""negative"": ""V"", ""generic2"": ""True"", ""sb"": ""NO""}",1.1178217910055537,1.5605170829803683,9,ExitStatus.FEASIBLE,False,False,1.5605170829803683
2025-06-07T21:31:41.811503,ProgressiveParty-rally-red12-09_c23.xml,"{""input"": ""tests/xcsp3/cop/UNKNOWN/ProgressiveParty-rally-red12-09_c23.xml"", ""solver"": ""xcsp:ACE@2.4"", ""output_dir"": ""results_comparison"", ""global_time_limit"": 600, ""max_tries"": 50, ""tuning_file"": ""tests/psa/ace.tuning.json"", ""hpo_strategy"": ""hamming"", ""global_time_strategy"": ""PERCENT"", ""percent"": 0.2, ""round_time_strategy"": ""STATIC"", ""time_evolution"": ""STATIC"", ""stop_strategy"": ""TIMEOUT""}",40,"{""varh"": ""Rand"", ""valh"": ""First"", ""saf"": ""False"", ""pc1"": ""True"", ""bdc"": ""1"", ""toh"": ""False"", ""ng"": ""NO"", ""lc"": ""2"", ""negative"": ""STR3"", ""generic2"": ""True"", ""sb"": ""NO""}",1.1178217910055537,1.5774469170137309,9,ExitStatus.FEASIBLE,False,False,1.5774469170137309
2025-06-07T21:31:43.034939,ProgressiveParty-rally-red12-09_c23.xml,"{""input"": ""tests/xcsp3/cop/UNKNOWN/ProgressiveParty-rally-red12-09_c23.xml"", ""solver"": ""xcsp:ACE@2.4"", ""output_dir"": ""results_comparison"", ""global_time_limit"": 600, ""max_tries"": 50, ""tuning_file"": ""tests/psa/ace.tuning.json"", ""hpo_strategy"": ""hamming"", ""global_time_strategy"": ""PERCENT"", ""percent"": 0.2, ""round_time_strategy"": ""STATIC"", ""time_evolution"": ""STATIC"", ""stop_strategy"": ""TIMEOUT""}",41,"{""varh"": ""Wdeg"", ""valh"": ""Median"", ""saf"": ""False"", ""pc1"": ""True"", ""bdc"": ""10"", ""toh"": ""False"", ""ng"": ""NO"", ""lc"": ""2"", ""negative"": ""V"", ""generic2"": ""True"", ""sb"": ""NO""}",1.108736875001341,1.108736875001341,12,ExitStatus.OPTIMAL,True,False,1.108736875001341
2025-06-07T21:31:44.714411,ProgressiveParty-rally-red12-09_c23.xml,"{""input"": ""tests/xcsp3/cop/UNKNOWN/ProgressiveParty-rally-red12-09_c23.xml"", ""solver"": ""xcsp:ACE@2.4"", ""output_dir"": ""results_comparison"", ""global_time_limit"": 600, ""max_tries"": 50, ""tuning_file"": ""tests/psa/ace.tuning.json"", ""hpo_strategy"": ""hamming"", ""global_time_strategy"": ""PERCENT"", ""percent"": 0.2, ""round_time_strategy"": ""STATIC"", ""time_evolution"": ""STATIC"", ""stop_strategy"": ""TIMEOUT""}",42,"{""varh"": ""Activity"", ""valh"": ""FlrsE"", ""saf"": ""False"", ""pc1"": ""True"", ""bdc"": ""1"", ""toh"": ""False"", ""ng"": ""NO"", ""lc"": ""2"", ""negative"": ""V"", ""generic2"": ""True"", ""sb"": ""NO""}",1.108736875001341,1.5666376659937669,9,ExitStatus.FEASIBLE,False,False,1.5666376659937669
2025-06-07T21:31:46.444042,ProgressiveParty-rally-red12-09_c23.xml,"{""input"": ""tests/xcsp3/cop/UNKNOWN/ProgressiveParty-rally-red12-09_c23.xml"", ""solver"": ""xcsp:ACE@2.4"", ""output_dir"": ""results_comparison"", ""global_time_limit"": 600, ""max_tries"": 50, ""tuning_file"": ""tests/psa/ace.tuning.json"", ""hpo_strategy"": ""hamming"", ""global_time_strategy"": ""PERCENT"", ""percent"": 0.2, ""round_time_strategy"": ""STATIC"", ""time_evolution"": ""STATIC"", ""stop_strategy"": ""TIMEOUT""}",43,"{""varh"": ""Impact"", ""valh"": ""First"", ""saf"": ""False"", ""pc1"": ""True"", ""bdc"": ""1"", ""toh"": ""False"", ""ng"": ""NO"", ""lc"": ""2"", ""negative"": ""STR1"", ""generic2"": ""True"", ""sb"": ""NO""}",1.108736875001341,1.6167412090289872,9,ExitStatus.FEASIBLE,False,False,1.6167412090289872
2025-06-07T21:31:48.114819,ProgressiveParty-rally-red12-09_c23.xml,"{""input"": ""tests/xcsp3/cop/UNKNOWN/ProgressiveParty-rally-red12-09_c23.xml"", ""solver"": ""xcsp:ACE@2.4"", ""output_dir"": ""results_comparison"", ""global_time_limit"": 600, ""max_tries"": 50, ""tuning_file"": ""tests/psa/ace.tuning.json"", ""hpo_strategy"": ""hamming"", ""global_time_strategy"": ""PERCENT"", ""percent"": 0.2, ""round_time_strategy"": ""STATIC"", ""time_evolution"": ""STATIC"", ""stop_strategy"": ""TIMEOUT""}",44,"{""varh"": ""Impact"", ""valh"": ""FlrsE"", ""saf"": ""False"", ""pc1"": ""True"", ""bdc"": ""1"", ""toh"": ""False"", ""ng"": ""NO"", ""lc"": ""2"", ""negative"": ""V"", ""generic2"": ""True"", ""sb"": ""NO""}",1.108736875001341,1.5584589579957537,9,ExitStatus.FEASIBLE,False,False,1.5584589579957537
2025-06-07T21:31:49.804251,ProgressiveParty-rally-red12-09_c23.xml,"{""input"": ""tests/xcsp3/cop/UNKNOWN/ProgressiveParty-rally-red12-09_c23.xml"", ""solver"": ""xcsp:ACE@2.4"", ""output_dir"": ""results_comparison"", ""global_time_limit"": 600, ""max_tries"": 50, ""tuning_file"": ""tests/psa/ace.tuning.json"", ""hpo_strategy"": ""hamming"", ""global_time_strategy"": ""PERCENT"", ""percent"": 0.2, ""round_time_strategy"": ""STATIC"", ""time_evolution"": ""STATIC"", ""stop_strategy"": ""TIMEOUT""}",45,"{""varh"": ""Wdeg"", ""valh"": ""FlrsE"", ""saf"": ""False"", ""pc1"": ""True"", ""bdc"": ""1"", ""toh"": ""False"", ""ng"": ""NO"", ""lc"": ""2"", ""negative"": ""STR1N"", ""generic2"": ""True"", ""sb"": ""NO""}",1.108736875001341,1.5739786659833044,9,ExitStatus.FEASIBLE,False,False,1.5739786659833044
2025-06-07T21:31:51.410178,ProgressiveParty-rally-red12-09_c23.xml,"{""input"": ""tests/xcsp3/cop/UNKNOWN/ProgressiveParty-rally-red12-09_c23.xml"", ""solver"": ""xcsp:ACE@2.4"", ""output_dir"": ""results_comparison"", ""global_time_limit"": 600, ""max_tries"": 50, ""tuning_file"": ""tests/psa/ace.tuning.json"", ""hpo_strategy"": ""hamming"", ""global_time_strategy"": ""PERCENT"", ""percent"": 0.2, ""round_time_strategy"": ""STATIC"", ""time_evolution"": ""STATIC"", ""stop_strategy"": ""TIMEOUT""}",46,"{""varh"": ""RunRobin"", ""valh"": ""First"", ""saf"": ""False"", ""pc1"": ""True"", ""bdc"": ""1"", ""toh"": ""False"", ""ng"": ""NO"", ""lc"": ""1"", ""negative"": ""V"", ""generic2"": ""True"", ""sb"": ""NO""}",1.108736875001341,1.4946923750103451,9,ExitStatus.OPTIMAL,False,False,1.4946923750103451
2025-06-07T21:31:52.596864,ProgressiveParty-rally-red12-09_c23.xml,"{""input"": ""tests/xcsp3/cop/UNKNOWN/ProgressiveParty-rally-red12-09_c23.xml"", ""solver"": ""xcsp:ACE@2.4"", ""output_dir"": ""results_comparison"", ""global_time_limit"": 600, ""max_tries"": 50, ""tuning_file"": ""tests/psa/ace.tuning.json"", ""hpo_strategy"": ""hamming"", ""global_time_strategy"": ""PERCENT"", ""percent"": 0.2, ""round_time_strategy"": ""STATIC"", ""time_evolution"": ""STATIC"", ""stop_strategy"": ""TIMEOUT""}",47,"{""varh"": ""Wdeg"", ""valh"": ""First"", ""saf"": ""False"", ""pc1"": ""True"", ""bdc"": ""1000"", ""toh"": ""False"", ""ng"": ""NO"", ""lc"": ""2"", ""negative"": ""STR0"", ""generic2"": ""True"", ""sb"": ""NO""}",1.108736875001341,1.076039916020818,,ExitStatus.UNKNOWN,False,False,1.076039916020818
2025-06-07T21:31:54.280479,ProgressiveParty-rally-red12-09_c23.xml,"{""input"": ""tests/xcsp3/cop/UNKNOWN/ProgressiveParty-rally-red12-09_c23.xml"", ""solver"": ""xcsp:ACE@2.4"", ""output_dir"": ""results_comparison"", ""global_time_limit"": 600, ""max_tries"": 50, ""tuning_file"": ""tests/psa/ace.tuning.json"", ""hpo_strategy"": ""hamming"", ""global_time_strategy"": ""PERCENT"", ""percent"": 0.2, ""round_time_strategy"": ""STATIC"", ""time_evolution"": ""STATIC"", ""stop_strategy"": ""TIMEOUT""}",48,"{""varh"": ""Wdeg"", ""valh"": ""First"", ""saf"": ""False"", ""pc1"": ""True"", ""bdc"": ""1"", ""toh"": ""False"", ""ng"": ""NO"", ""lc"": ""2"", ""negative"": ""STR1"", ""generic2"": ""False"", ""sb"": ""NO""}",1.108736875001341,1.5688602080044802,9,ExitStatus.FEASIBLE,False,False,1.5688602080044802
2025-06-07T21:31:55.966441,ProgressiveParty-rally-red12-09_c23.xml,"{""input"": ""tests/xcsp3/cop/UNKNOWN/ProgressiveParty-rally-red12-09_c23.xml"", ""solver"": ""xcsp:ACE@2.4"", ""output_dir"": ""results_comparison"", ""global_time_limit"": 600, ""max_tries"": 50, ""tuning_file"": ""tests/psa/ace.tuning.json"", ""hpo_strategy"": ""hamming"", ""global_time_strategy"": ""PERCENT"", ""percent"": 0.2, ""round_time_strategy"": ""STATIC"", ""time_evolution"": ""STATIC"", ""stop_strategy"": ""TIMEOUT""}",49,"{""varh"": ""Activity"", ""valh"": ""Bivs3"", ""saf"": ""False"", ""pc1"": ""True"", ""bdc"": ""1"", ""toh"": ""False"", ""ng"": ""NO"", ""lc"": ""2"", ""negative"": ""V"", ""generic2"": ""True"", ""sb"": ""NO""}",1.108736875001341,1.573103083006572,9,ExitStatus.FEASIBLE,False,False,1.573103083006572
2025-06-07T21:31:57.197836,ProgressiveParty-rally-red12-09_c23.xml,"{""input"": ""tests/xcsp3/cop/UNKNOWN/ProgressiveParty-rally-red12-09_c23.xml"", ""solver"": ""xcsp:ACE@2.4"", ""output_dir"": ""results_comparison"", ""global_time_limit"": 600, ""max_tries"": 50, ""tuning_file"": ""tests/psa/ace.tuning.json"", ""hpo_strategy"": ""hamming"", ""global_time_strategy"": ""PERCENT"", ""percent"": 0.2, ""round_time_strategy"": ""STATIC"", ""time_evolution"": ""STATIC"", ""stop_strategy"": ""TIMEOUT""}",50,"{""varh"": ""Wdeg"", ""valh"": ""First"", ""saf"": ""False"", ""pc1"": ""True"", ""bdc"": ""10"", ""toh"": ""False"", ""ng"": ""NO"", ""lc"": ""2"", ""negative"": ""STR2N"", ""generic2"": ""True"", ""sb"": ""NO""}",1.108736875001341,1.120102249988122,9,ExitStatus.OPTIMAL,False,False,1.120102249988122
2025-06-07T21:31:58.388439,ProgressiveParty-rally-red12-09_c23.xml,"{""input"": ""tests/xcsp3/cop/UNKNOWN/ProgressiveParty-rally-red12-09_c23.xml"", ""solver"": ""xcsp:ACE@2.4"", ""output_dir"": ""results_comparison"", ""global_time_limit"": 600, ""max_tries"": 50, ""tuning_file"": ""tests/psa/ace.tuning.json"", ""hpo_strategy"": ""hamming"", ""global_time_strategy"": ""PERCENT"", ""percent"": 0.2, ""round_time_strategy"": ""STATIC"", ""time_evolution"": ""STATIC"", ""stop_strategy"": ""TIMEOUT""}",51,"{""varh"": ""Wdeg"", ""valh"": ""First"", ""saf"": ""True"", ""pc1"": ""True"", ""bdc"": ""100"", ""toh"": ""False"", ""ng"": ""NO"", ""lc"": ""2"", ""negative"": ""V"", ""generic2"": ""True"", ""sb"": ""NO""}",1.108736875001341,1.0789319169998635,,ExitStatus.UNKNOWN,False,False,1.0789319169998635
2025-06-07T21:32:00.064106,ProgressiveParty-rally-red12-09_c23.xml,"{""input"": ""tests/xcsp3/cop/UNKNOWN/ProgressiveParty-rally-red12-09_c23.xml"", ""solver"": ""xcsp:ACE@2.4"", ""output_dir"": ""results_comparison"", ""global_time_limit"": 600, ""max_tries"": 50, ""tuning_file"": ""tests/psa/ace.tuning.json"", ""hpo_strategy"": ""hamming"", ""global_time_strategy"": ""PERCENT"", ""percent"": 0.2, ""round_time_strategy"": ""STATIC"", ""time_evolution"": ""STATIC"", ""stop_strategy"": ""TIMEOUT""}",52,"{""varh"": ""Memory"", ""valh"": ""Median"", ""saf"": ""False"", ""pc1"": ""True"", ""bdc"": ""1"", ""toh"": ""False"", ""ng"": ""NO"", ""lc"": ""2"", ""negative"": ""V"", ""generic2"": ""True"", ""sb"": ""NO""}",1.108736875001341,1.564199542015558,9,ExitStatus.FEASIBLE,False,False,1.564199542015558
2025-06-07T21:32:01.745620,ProgressiveParty-rally-red12-09_c23.xml,"{""input"": ""tests/xcsp3/cop/UNKNOWN/ProgressiveParty-rally-red12-09_c23.xml"", ""solver"": ""xcsp:ACE@2.4"", ""output_dir"": ""results_comparison"", ""global_time_limit"": 600, ""max_tries"": 50, ""tuning_file"": ""tests/psa/ace.tuning.json"", ""hpo_strategy"": ""hamming"", ""global_time_strategy"": ""PERCENT"", ""percent"": 0.2, ""round_time_strategy"": ""STATIC"", ""time_evolution"": ""STATIC"", ""stop_strategy"": ""TIMEOUT""}",53,"{""varh"": ""Impact"", ""valh"": ""First"", ""saf"": ""False"", ""pc1"": ""True"", ""bdc"": ""1"", ""toh"": ""False"", ""ng"": ""NO"", ""lc"": ""1"", ""negative"": ""V"", ""generic2"": ""True"", ""sb"": ""NO""}",1.108736875001341,1.569972041004803,9,ExitStatus.FEASIBLE,False,False,1.569972041004803
2025-06-07T21:32:03.197094,ProgressiveParty-rally-red12-09_c23.xml,"{""input"": ""tests/xcsp3/cop/UNKNOWN/ProgressiveParty-rally-red12-09_c23.xml"", ""solver"": ""xcsp:ACE@2.4"", ""output_dir"": ""results_comparison"", ""global_time_limit"": 600, ""max_tries"": 50, ""tuning_file"": ""tests/psa/ace.tuning.json"", ""hpo_strategy"": ""hamming"", ""global_time_strategy"": ""PERCENT"", ""percent"": 0.2, ""round_time_strategy"": ""STATIC"", ""time_evolution"": ""STATIC"", ""stop_strategy"": ""TIMEOUT""}",54,"{""varh"": ""WdegOnDom"", ""valh"": ""First"", ""saf"": ""False"", ""pc1"": ""True"", ""bdc"": ""1"", ""toh"": ""False"", ""ng"": ""NO"", ""lc"": ""2"", ""negative"": ""V"", ""generic2"": ""False"", ""sb"": ""NO""}",1.108736875001341,1.338491874979809,9,ExitStatus.OPTIMAL,False,False,1.338491874979809
2025-06-07T21:32:04.879724,ProgressiveParty-rally-red12-09_c23.xml,"{""input"": ""tests/xcsp3/cop/UNKNOWN/ProgressiveParty-rally-red12-09_c23.xml"", ""solver"": ""xcsp:ACE@2.4"", ""output_dir"": ""results_comparison"", ""global_time_limit"": 600, ""max_tries"": 50, ""tuning_file"": ""tests/psa/ace.tuning.json"", ""hpo_strategy"": ""hamming"", ""global_time_strategy"": ""PERCENT"", ""percent"": 0.2, ""round_time_strategy"": ""STATIC"", ""time_evolution"": ""STATIC"", ""stop_strategy"": ""TIMEOUT""}",55,"{""varh"": ""RunRobin"", ""valh"": ""Median"", ""saf"": ""False"", ""pc1"": ""True"", ""bdc"": ""1"", ""toh"": ""False"", ""ng"": ""NO"", ""lc"": ""2"", ""negative"": ""V"", ""generic2"": ""True"", ""sb"": ""NO""}",1.108736875001341,1.5714302920096088,9,ExitStatus.FEASIBLE,False,False,1.5714302920096088
2025-06-07T21:32:06.092568,ProgressiveParty-rally-red12-09_c23.xml,"{""input"": ""tests/xcsp3/cop/UNKNOWN/ProgressiveParty-rally-red12-09_c23.xml"", ""solver"": ""xcsp:ACE@2.4"", ""output_dir"": ""results_comparison"", ""global_time_limit"": 600, ""max_tries"": 50, ""tuning_file"": ""tests/psa/ace.tuning.json"", ""hpo_strategy"": ""hamming"", ""global_time_strategy"": ""PERCENT"", ""percent"": 0.2, ""round_time_strategy"": ""STATIC"", ""time_evolution"": ""STATIC"", ""stop_strategy"": ""TIMEOUT""}",56,"{""varh"": ""Wdeg"", ""valh"": ""First"", ""saf"": ""False"", ""pc1"": ""True"", ""bdc"": ""10"", ""toh"": ""False"", ""ng"": ""NO"", ""lc"": ""5"", ""negative"": ""V"", ""generic2"": ""True"", ""sb"": ""NO""}",1.1005264169943985,1.1005264169943985,9,ExitStatus.OPTIMAL,True,False,1.1005264169943985
2025-06-07T21:32:12.206094,ProgressiveParty-rally-red12-09_c23.xml,"{""input"": ""tests/xcsp3/cop/UNKNOWN/ProgressiveParty-rally-red12-09_c23.xml"", ""solver"": ""xcsp:ACE@2.4"", ""output_dir"": ""results_comparison"", ""global_time_limit"": 600, ""max_tries"": 50, ""tuning_file"": ""tests/psa/ace.tuning.json"", ""hpo_strategy"": ""hamming"", ""global_time_strategy"": ""PERCENT"", ""percent"": 0.2, ""round_time_strategy"": ""STATIC"", ""time_evolution"": ""STATIC"", ""stop_strategy"": ""TIMEOUT""}",57,"{""varh"": ""Memory"", ""valh"": ""Conflicts"", ""saf"": ""False"", ""pc1"": ""True"", ""bdc"": ""1"", ""toh"": ""False"", ""ng"": ""NO"", ""lc"": ""2"", ""negative"": ""V"", ""generic2"": ""True"", ""sb"": ""NO""}",1.1005264169943985,1,,ExitStatus.UNKNOWN,False,False,1
2025-06-07T21:32:13.927731,ProgressiveParty-rally-red12-09_c23.xml,"{""input"": ""tests/xcsp3/cop/UNKNOWN/ProgressiveParty-rally-red12-09_c23.xml"", ""solver"": ""xcsp:ACE@2.4"", ""output_dir"": ""results_comparison"", ""global_time_limit"": 600, ""max_tries"": 50, ""tuning_file"": ""tests/psa/ace.tuning.json"", ""hpo_strategy"": ""hamming"", ""global_time_strategy"": ""PERCENT"", ""percent"": 0.2, ""round_time_strategy"": ""STATIC"", ""time_evolution"": ""STATIC"", ""stop_strategy"": ""TIMEOUT""}",58,"{""varh"": ""RunRobin"", ""valh"": ""First"", ""saf"": ""False"", ""pc1"": ""True"", ""bdc"": ""1"", ""toh"": ""False"", ""ng"": ""NO"", ""lc"": ""5"", ""negative"": ""V"", ""generic2"": ""True"", ""sb"": ""NO""}",1.1005264169943985,1.6125721250136849,9,ExitStatus.FEASIBLE,False,False,1.6125721250136849
2025-06-07T21:32:15.345139,ProgressiveParty-rally-red12-09_c23.xml,"{""input"": ""tests/xcsp3/cop/UNKNOWN/ProgressiveParty-rally-red12-09_c23.xml"", ""solver"": ""xcsp:ACE@2.4"", ""output_dir"": ""results_comparison"", ""global_time_limit"": 600, ""max_tries"": 50, ""tuning_file"": ""tests/psa/ace.tuning.json"", ""hpo_strategy"": ""hamming"", ""global_time_strategy"": ""PERCENT"", ""percent"": 0.2, ""round_time_strategy"": ""STATIC"", ""time_evolution"": ""STATIC"", ""stop_strategy"": ""TIMEOUT""}",59,"{""varh"": ""Wdeg"", ""valh"": ""First"", ""saf"": ""False"", ""pc1"": ""True"", ""bdc"": ""1000"", ""toh"": ""False"", ""ng"": ""NO"", ""lc"": ""2"", ""negative"": ""STR2N"", ""generic2"": ""True"", ""sb"": ""NO""}",1.1005264169943985,1.2872923749964684,,ExitStatus.UNKNOWN,False,False,1.2872923749964684
2025-06-07T21:32:17.067258,ProgressiveParty-rally-red12-09_c23.xml,"{""input"": ""tests/xcsp3/cop/UNKNOWN/ProgressiveParty-rally-red12-09_c23.xml"", ""solver"": ""xcsp:ACE@2.4"", ""output_dir"": ""results_comparison"", ""global_time_limit"": 600, ""max_tries"": 50, ""tuning_file"": ""tests/psa/ace.tuning.json"", ""hpo_strategy"": ""hamming"", ""global_time_strategy"": ""PERCENT"", ""percent"": 0.2, ""round_time_strategy"": ""STATIC"", ""time_evolution"": ""STATIC"", ""stop_strategy"": ""TIMEOUT""}",60,"{""varh"": ""Wdeg"", ""valh"": ""Vals"", ""saf"": ""False"", ""pc1"": ""True"", ""bdc"": ""1"", ""toh"": ""False"", ""ng"": ""NO"", ""lc"": ""10"", ""negative"": ""V"", ""generic2"": ""True"", ""sb"": ""NO""}",1.1005264169943985,1.595372292009415,9,ExitStatus.FEASIBLE,False,False,1.595372292009415
2025-06-07T21:32:18.781680,ProgressiveParty-rally-red12-09_c23.xml,"{""input"": ""tests/xcsp3/cop/UNKNOWN/ProgressiveParty-rally-red12-09_c23.xml"", ""solver"": ""xcsp:ACE@2.4"", ""output_dir"": ""results_comparison"", ""global_time_limit"": 600, ""max_tries"": 50, ""tuning_file"": ""tests/psa/ace.tuning.json"", ""hpo_strategy"": ""hamming"", ""global_time_strategy"": ""PERCENT"", ""percent"": 0.2, ""round_time_strategy"": ""STATIC"", ""time_evolution"": ""STATIC"", ""stop_strategy"": ""TIMEOUT""}",61,"{""varh"": ""RunRobin"", ""valh"": ""First"", ""saf"": ""False"", ""pc1"": ""True"", ""bdc"": ""1"", ""toh"": ""False"", ""ng"": ""NO"", ""lc"": ""2"", ""negative"": ""STR0"", ""generic2"": ""True"", ""sb"": ""NO""}",1.1005264169943985,1.5833781670080498,9,ExitStatus.FEASIBLE,False,False,1.5833781670080498
2025-06-07T21:32:20.614733,ProgressiveParty-rally-red12-09_c23.xml,"{""input"": ""tests/xcsp3/cop/UNKNOWN/ProgressiveParty-rally-red12-09_c23.xml"", ""solver"": ""xcsp:ACE@2.4"", ""output_dir"": ""results_comparison"", ""global_time_limit"": 600, ""max_tries"": 50, ""tuning_file"": ""tests/psa/ace.tuning.json"", ""hpo_strategy"": ""hamming"", ""global_time_strategy"": ""PERCENT"", ""percent"": 0.2, ""round_time_strategy"": ""STATIC"", ""time_evolution"": ""STATIC"", ""stop_strategy"": ""TIMEOUT""}",62,"{""varh"": ""Wdeg"", ""valh"": ""Vals"", ""saf"": ""False"", ""pc1"": ""True"", ""bdc"": ""10"", ""toh"": ""False"", ""ng"": ""NO"", ""lc"": ""2"", ""negative"": ""V"", ""generic2"": ""True"", ""sb"": ""NO""}",1.1005264169943985,1.6689234590157866,9,ExitStatus.OPTIMAL,False,False,1.6689234590157866
2025-06-07T21:32:22.343172,ProgressiveParty-rally-red12-09_c23.xml,"{""input"": ""tests/xcsp3/cop/UNKNOWN/ProgressiveParty-rally-red12-09_c23.xml"", ""solver"": ""xcsp:ACE@2.4"", ""output_dir"": ""results_comparison"", ""global_time_limit"": 600, ""max_tries"": 50, ""tuning_file"": ""tests/psa/ace.tuning.json"", ""hpo_strategy"": ""hamming"", ""global_time_strategy"": ""PERCENT"", ""percent"": 0.2, ""round_time_strategy"": ""STATIC"", ""time_evolution"": ""STATIC"", ""stop_strategy"": ""TIMEOUT""}",63,"{""varh"": ""Wdeg"", ""valh"": ""FlrsE"", ""saf"": ""False"", ""pc1"": ""True"", ""bdc"": ""1"", ""toh"": ""False"", ""ng"": ""NO"", ""lc"": ""0"", ""negative"": ""V"", ""generic2"": ""True"", ""sb"": ""NO""}",1.1005264169943985,1.5927471670147497,9,ExitStatus.FEASIBLE,False,False,1.5927471670147497
2025-06-07T21:32:24.062282,ProgressiveParty-rally-red12-09_c23.xml,"{""input"": ""tests/xcsp3/cop/UNKNOWN/ProgressiveParty-rally-red12-09_c23.xml"", ""solver"": ""xcsp:ACE@2.4"", ""output_dir"": ""results_comparison"", ""global_time_limit"": 600, ""max_tries"": 50, ""tuning_file"": ""tests/psa/ace.tuning.json"", ""hpo_strategy"": ""hamming"", ""global_time_strategy"": ""PERCENT"", ""percent"": 0.2, ""round_time_strategy"": ""STATIC"", ""time_evolution"": ""STATIC"", ""stop_strategy"": ""TIMEOUT""}",64,"{""varh"": ""Lexico"", ""valh"": ""First"", ""saf"": ""False"", ""pc1"": ""True"", ""bdc"": ""1"", ""toh"": ""False"", ""ng"": ""NO"", ""lc"": ""1"", ""negative"": ""V"", ""generic2"": ""True"", ""sb"": ""NO""}",1.1005264169943985,1.593470249994425,9,ExitStatus.FEASIBLE,False,False,1.593470249994425
2025-06-07T21:32:25.775271,ProgressiveParty-rally-red12-09_c23.xml,"{""input"": ""tests/xcsp3/cop/UNKNOWN/ProgressiveParty-rally-red12-09_c23.xml"", ""solver"": ""xcsp:ACE@2.4"", ""output_dir"": ""results_comparison"", ""global_time_limit"": 600, ""max_tries"": 50, ""tuning_file"": ""tests/psa/ace.tuning.json"", ""hpo_strategy"": ""hamming"", ""global_time_strategy"": ""PERCENT"", ""percent"": 0.2, ""round_time_strategy"": ""STATIC"", ""time_evolution"": ""STATIC"", ""stop_strategy"": ""TIMEOUT""}",65,"{""varh"": ""Wdeg"", ""valh"": ""Median"", ""saf"": ""False"", ""pc1"": ""True"", ""bdc"": ""1"", ""toh"": ""False"", ""ng"": ""NO"", ""lc"": ""2"", ""negative"": ""V"", ""generic2"": ""False"", ""sb"": ""NO""}",1.1005264169943985,1.5941942499775905,9,ExitStatus.FEASIBLE,False,False,1.5941942499775905
2025-06-07T21:32:27.514905,ProgressiveParty-rally-red12-09_c23.xml,"{""input"": ""tests/xcsp3/cop/UNKNOWN/ProgressiveParty-rally-red12-09_c23.xml"", ""solver"": ""xcsp:ACE@2.4"", ""output_dir"": ""results_comparison"", ""global_time_limit"": 600, ""max_tries"": 50, ""tuning_file"": ""tests/psa/ace.tuning.json"", ""hpo_strategy"": ""hamming"", ""global_time_strategy"": ""PERCENT"", ""percent"": 0.2, ""round_time_strategy"": ""STATIC"", ""time_evolution"": ""STATIC"", ""stop_strategy"": ""TIMEOUT""}",66,"{""varh"": ""Impact"", ""valh"": ""Rand"", ""saf"": ""False"", ""pc1"": ""True"", ""bdc"": ""1"", ""toh"": ""False"", ""ng"": ""NO"", ""lc"": ""2"", ""negative"": ""V"", ""generic2"": ""True"", ""sb"": ""NO""}",1.1005264169943985,1.610570082993945,9,ExitStatus.FEASIBLE,False,False,1.610570082993945
2025-06-07T21:32:29.495054,ProgressiveParty-rally-red12-09_c23.xml,"{""input"": ""tests/xcsp3/cop/UNKNOWN/ProgressiveParty-rally-red12-09_c23.xml"", ""solver"": ""xcsp:ACE@2.4"", ""output_dir"": ""results_comparison"", ""global_time_limit"": 600, ""max_tries"": 50, ""tuning_file"": ""tests/psa/ace.tuning.json"", ""hpo_strategy"": ""hamming"", ""global_time_strategy"": ""PERCENT"", ""percent"": 0.2, ""round_time_strategy"": ""STATIC"", ""time_evolution"": ""STATIC"", ""stop_strategy"": ""TIMEOUT""}",67,"{""varh"": ""FrbaOnDom"", ""valh"": ""RunRobin"", ""saf"": ""False"", ""pc1"": ""True"", ""bdc"": ""1"", ""toh"": ""False"", ""ng"": ""NO"", ""lc"": ""2"", ""negative"": ""V"", ""generic2"": ""True"", ""sb"": ""NO""}",1.1005264169943985,1.850779041997157,9,ExitStatus.FEASIBLE,False,False,1.850779041997157
2025-06-07T21:32:31.364350,ProgressiveParty-rally-red12-09_c23.xml,"{""input"": ""tests/xcsp3/cop/UNKNOWN/ProgressiveParty-rally-red12-09_c23.xml"", ""solver"": ""xcsp:ACE@2.4"", ""output_dir"": ""results_comparison"", ""global_time_limit"": 600, ""max_tries"": 50, ""tuning_file"": ""tests/psa/ace.tuning.json"", ""hpo_strategy"": ""hamming"", ""global_time_strategy"": ""PERCENT"", ""percent"": 0.2, ""round_time_strategy"": ""STATIC"", ""time_evolution"": ""STATIC"", ""stop_strategy"": ""TIMEOUT""}",68,"{""varh"": ""Activity"", ""valh"": ""First"", ""saf"": ""False"", ""pc1"": ""True"", ""bdc"": ""1"", ""toh"": ""False"", ""ng"": ""NO"", ""lc"": ""2"", ""negative"": ""STR1"", ""generic2"": ""True"", ""sb"": ""NO""}",1.1005264169943985,1.7252462919859681,9,ExitStatus.FEASIBLE,False,False,1.7252462919859681
2025-06-07T21:32:32.836536,ProgressiveParty-rally-red12-09_c23.xml,"{""input"": ""tests/xcsp3/cop/UNKNOWN/ProgressiveParty-rally-red12-09_c23.xml"", ""solver"": ""xcsp:ACE@2.4"", ""output_dir"": ""results_comparison"", ""global_time_limit"": 600, ""max_tries"": 50, ""tuning_file"": ""tests/psa/ace.tuning.json"", ""hpo_strategy"": ""hamming"", ""global_time_strategy"": ""PERCENT"", ""percent"": 0.2, ""round_time_strategy"": ""STATIC"", ""time_evolution"": ""STATIC"", ""stop_strategy"": ""TIMEOUT""}",69,"{""varh"": ""Wdeg"", ""valh"": ""First"", ""saf"": ""False"", ""pc1"": ""True"", ""bdc"": ""100"", ""toh"": ""False"", ""ng"": ""NO"", ""lc"": ""2"", ""negative"": ""V"", ""generic2"": ""False"", ""sb"": ""NO""}",1.1005264169943985,1.3400252500141505,,ExitStatus.UNKNOWN,False,False,1.3400252500141505
2025-06-07T21:32:34.580940,ProgressiveParty-rally-red12-09_c23.xml,"{""input"": ""tests/xcsp3/cop/UNKNOWN/ProgressiveParty-rally-red12-09_c23.xml"", ""solver"": ""xcsp:ACE@2.4"", ""output_dir"": ""results_comparison"", ""global_time_limit"": 600, ""max_tries"": 50, ""tuning_file"": ""tests/psa/ace.tuning.json"", ""hpo_strategy"": ""hamming"", ""global_time_strategy"": ""PERCENT"", ""percent"": 0.2, ""round_time_strategy"": ""STATIC"", ""time_evolution"": ""STATIC"", ""stop_strategy"": ""TIMEOUT""}",70,"{""varh"": ""FrbaOnDom"", ""valh"": ""First"", ""saf"": ""False"", ""pc1"": ""True"", ""bdc"": ""1"", ""toh"": ""False"", ""ng"": ""NO"", ""lc"": ""2"", ""negative"": ""V"", ""generic2"": ""False"", ""sb"": ""NO""}",1.1005264169943985,1.6102837499929592,9,ExitStatus.FEASIBLE,False,False,1.6102837499929592
2025-06-07T21:32:36.346041,ProgressiveParty-rally-red12-09_c23.xml,"{""input"": ""tests/xcsp3/cop/UNKNOWN/ProgressiveParty-rally-red12-09_c23.xml"", ""solver"": ""xcsp:ACE@2.4"", ""output_dir"": ""results_comparison"", ""global_time_limit"": 600, ""max_tries"": 50, ""tuning_file"": ""tests/psa/ace.tuning.json"", ""hpo_strategy"": ""hamming"", ""global_time_strategy"": ""PERCENT"", ""percent"": 0.2, ""round_time_strategy"": ""STATIC"", ""time_evolution"": ""STATIC"", ""stop_strategy"": ""TIMEOUT""}",71,"{""varh"": ""FrbaOnDom"", ""valh"": ""First"", ""saf"": ""False"", ""pc1"": ""True"", ""bdc"": ""1"", ""toh"": ""False"", ""ng"": ""NO"", ""lc"": ""2"", ""negative"": ""STR0"", ""generic2"": ""True"", ""sb"": ""NO""}",1.1005264169943985,1.6318608339934144,9,ExitStatus.FEASIBLE,False,False,1.6318608339934144
2025-06-07T21:32:38.089069,ProgressiveParty-rally-red12-09_c23.xml,"{""input"": ""tests/xcsp3/cop/UNKNOWN/ProgressiveParty-rally-red12-09_c23.xml"", ""solver"": ""xcsp:ACE@2.4"", ""output_dir"": ""results_comparison"", ""global_time_limit"": 600, ""max_tries"": 50, ""tuning_file"": ""tests/psa/ace.tuning.json"", ""hpo_strategy"": ""hamming"", ""global_time_strategy"": ""PERCENT"", ""percent"": 0.2, ""round_time_strategy"": ""STATIC"", ""time_evolution"": ""STATIC"", ""stop_strategy"": ""TIMEOUT""}",72,"{""varh"": ""Wdeg"", ""valh"": ""Rand"", ""saf"": ""False"", ""pc1"": ""True"", ""bdc"": ""1"", ""toh"": ""False"", ""ng"": ""NO"", ""lc"": ""2"", ""negative"": ""STR1"", ""generic2"": ""True"", ""sb"": ""NO""}",1.1005264169943985,1.6099915840022732,9,ExitStatus.FEASIBLE,False,False,1.6099915840022732
2025-06-07T21:32:39.864097,ProgressiveParty-rally-red12-09_c23.xml,"{""input"": ""tests/xcsp3/cop/UNKNOWN/ProgressiveParty-rally-red12-09_c23.xml"", ""solver"": ""xcsp:ACE@2.4"", ""output_dir"": ""results_comparison"", ""global_time_limit"": 600, ""max_tries"": 50, ""tuning_file"": ""tests/psa/ace.tuning.json"", ""hpo_strategy"": ""hamming"", ""global_time_strategy"": ""PERCENT"", ""percent"": 0.2, ""round_time_strategy"": ""STATIC"", ""time_evolution"": ""STATIC"", ""stop_strategy"": ""TIMEOUT""}",73,"{""varh"": ""Wdeg"", ""valh"": ""Bivs3"", ""saf"": ""False"", ""pc1"": ""True"", ""bdc"": ""1"", ""toh"": ""False"", ""ng"": ""NO"", ""lc"": ""2"", ""negative"": ""STR2"", ""generic2"": ""True"", ""sb"": ""NO""}",1.1005264169943985,1.636531542026205,9,ExitStatus.FEASIBLE,False,False,1.636531542026205
2025-06-07T21:32:41.339495,ProgressiveParty-rally-red12-09_c23.xml,"{""input"": ""tests/xcsp3/cop/UNKNOWN/ProgressiveParty-rally-red12-09_c23.xml"", ""solver"": ""xcsp:ACE@2.4"", ""output_dir"": ""results_comparison"", ""global_time_limit"": 600, ""max_tries"": 50, ""tuning_file"": ""tests/psa/ace.tuning.json"", ""hpo_strategy"": ""hamming"", ""global_time_strategy"": ""PERCENT"", ""percent"": 0.2, ""round_time_strategy"": ""STATIC"", ""time_evolution"": ""STATIC"", ""stop_strategy"": ""TIMEOUT""}",74,"{""varh"": ""Wdeg"", ""valh"": ""OccsR"", ""saf"": ""False"", ""pc1"": ""True"", ""bdc"": ""10"", ""toh"": ""False"", ""ng"": ""NO"", ""lc"": ""2"", ""negative"": ""V"", ""generic2"": ""True"", ""sb"": ""NO""}",1.1005264169943985,1.3386799999861978,9,ExitStatus.OPTIMAL,False,False,1.3386799999861978
2025-06-07T21:32:43.046450,ProgressiveParty-rally-red12-09_c23.xml,"{""input"": ""tests/xcsp3/cop/UNKNOWN/ProgressiveParty-rally-red12-09_c23.xml"", ""solver"": ""xcsp:ACE@2.4"", ""output_dir"": ""results_comparison"", ""global_time_limit"": 600, ""max_tries"": 50, ""tuning_file"": ""tests/psa/ace.tuning.json"", ""hpo_strategy"": ""hamming"", ""global_time_strategy"": ""PERCENT"", ""percent"": 0.2, ""round_time_strategy"": ""STATIC"", ""time_evolution"": ""STATIC"", ""stop_strategy"": ""TIMEOUT""}",75,"{""varh"": ""Impact"", ""valh"": ""Conflicts"", ""saf"": ""False"", ""pc1"": ""True"", ""bdc"": ""1"", ""toh"": ""False"", ""ng"": ""NO"", ""lc"": ""2"", ""negative"": ""V"", ""generic2"": ""True"", ""sb"": ""NO""}",1.1005264169943985,1.5772441249864642,,ExitStatus.UNKNOWN,False,False,1.5772441249864642
2025-06-07T21:32:44.763971,ProgressiveParty-rally-red12-09_c23.xml,"{""input"": ""tests/xcsp3/cop/UNKNOWN/ProgressiveParty-rally-red12-09_c23.xml"", ""solver"": ""xcsp:ACE@2.4"", ""output_dir"": ""results_comparison"", ""global_time_limit"": 600, ""max_tries"": 50, ""tuning_file"": ""tests/psa/ace.tuning.json"", ""hpo_strategy"": ""hamming"", ""global_time_strategy"": ""PERCENT"", ""percent"": 0.2, ""round_time_strategy"": ""STATIC"", ""time_evolution"": ""STATIC"", ""stop_strategy"": ""TIMEOUT""}",76,"{""varh"": ""Wdeg"", ""valh"": ""First"", ""saf"": ""False"", ""pc1"": ""True"", ""bdc"": ""1"", ""toh"": ""False"", ""ng"": ""NO"", ""lc"": ""0"", ""negative"": ""STR0"", ""generic2"": ""True"", ""sb"": ""NO""}",1.1005264169943985,1.595810500002699,9,ExitStatus.FEASIBLE,False,False,1.595810500002699
2025-06-07T21:32:46.515650,ProgressiveParty-rally-red12-09_c23.xml,"{""input"": ""tests/xcsp3/cop/UNKNOWN/ProgressiveParty-rally-red12-09_c23.xml"", ""solver"": ""xcsp:ACE@2.4"", ""output_dir"": ""results_comparison"", ""global_time_limit"": 600, ""max_tries"": 50, ""tuning_file"": ""tests/psa/ace.tuning.json"", ""hpo_strategy"": ""hamming"", ""global_time_strategy"": ""PERCENT"", ""percent"": 0.2, ""round_time_strategy"": ""STATIC"", ""time_evolution"": ""STATIC"", ""stop_strategy"": ""TIMEOUT""}",77,"{""varh"": ""FrbaOnDom"", ""valh"": ""FlrsE"", ""saf"": ""False"", ""pc1"": ""True"", ""bdc"": ""1"", ""toh"": ""False"", ""ng"": ""NO"", ""lc"": ""2"", ""negative"": ""V"", ""generic2"": ""True"", ""sb"": ""NO""}",1.1005264169943985,1.6217633339983877,9,ExitStatus.FEASIBLE,False,False,1.6217633339983877
2025-06-07T21:32:48.006353,ProgressiveParty-rally-red12-09_c23.xml,"{""input"": ""tests/xcsp3/cop/UNKNOWN/ProgressiveParty-rally-red12-09_c23.xml"", ""solver"": ""xcsp:ACE@2.4"", ""output_dir"": ""results_comparison"", ""global_time_limit"": 600, ""max_tries"": 50, ""tuning_file"": ""tests/psa/ace.tuning.json"", ""hpo_strategy"": ""hamming"", ""global_time_strategy"": ""PERCENT"", ""percent"": 0.2, ""round_time_strategy"": ""STATIC"", ""time_evolution"": ""STATIC"", ""stop_strategy"": ""TIMEOUT""}",78,"{""varh"": ""Rand"", ""valh"": ""First"", ""saf"": ""False"", ""pc1"": ""True"", ""bdc"": ""1000"", ""toh"": ""False"", ""ng"": ""NO"", ""lc"": ""2"", ""negative"": ""V"", ""generic2"": ""True"", ""sb"": ""NO""}",1.1005264169943985,1.358370375004597,,ExitStatus.UNKNOWN,False,False,1.358370375004597
2025-06-07T21:32:49.610566,ProgressiveParty-rally-red12-09_c23.xml,"{""input"": ""tests/xcsp3/cop/UNKNOWN/ProgressiveParty-rally-red12-09_c23.xml"", ""solver"": ""xcsp:ACE@2.4"", ""output_dir"": ""results_comparison"", ""global_time_limit"": 600, ""max_tries"": 50, ""tuning_file"": ""tests/psa/ace.tuning.json"", ""hpo_strategy"": ""hamming"", ""global_time_strategy"": ""PERCENT"", ""percent"": 0.2, ""round_time_strategy"": ""STATIC"", ""time_evolution"": ""STATIC"", ""stop_strategy"": ""TIMEOUT""}",79,"{""varh"": ""Wdeg"", ""valh"": ""First"", ""saf"": ""False"", ""pc1"": ""True"", ""bdc"": ""100"", ""toh"": ""False"", ""ng"": ""NO"", ""lc"": ""1"", ""negative"": ""V"", ""generic2"": ""True"", ""sb"": ""NO""}",1.1005264169943985,1.473435124993557,,ExitStatus.UNKNOWN,False,False,1.473435124993557
2025-06-07T21:32:51.377560,ProgressiveParty-rally-red12-09_c23.xml,"{""input"": ""tests/xcsp3/cop/UNKNOWN/ProgressiveParty-rally-red12-09_c23.xml"", ""solver"": ""xcsp:ACE@2.4"", ""output_dir"": ""results_comparison"", ""global_time_limit"": 600, ""max_tries"": 50, ""tuning_file"": ""tests/psa/ace.tuning.json"", ""hpo_strategy"": ""hamming"", ""global_time_strategy"": ""PERCENT"", ""percent"": 0.2, ""round_time_strategy"": ""STATIC"", ""time_evolution"": ""STATIC"", ""stop_strategy"": ""TIMEOUT""}",80,"{""varh"": ""Wdeg"", ""valh"": ""Vals"", ""saf"": ""False"", ""pc1"": ""True"", ""bdc"": ""1"", ""toh"": ""False"", ""ng"": ""NO"", ""lc"": ""2"", ""negative"": ""VA"", ""generic2"": ""True"", ""sb"": ""NO""}",1.1005264169943985,1.6299256669881288,9,ExitStatus.FEASIBLE,False,False,1.6299256669881288
2025-06-07T21:32:53.106473,ProgressiveParty-rally-red12-09_c23.xml,"{""input"": ""tests/xcsp3/cop/UNKNOWN/ProgressiveParty-rally-red12-09_c23.xml"", ""solver"": ""xcsp:ACE@2.4"", ""output_dir"": ""results_comparison"", ""global_time_limit"": 600, ""max_tries"": 50, ""tuning_file"": ""tests/psa/ace.tuning.json"", ""hpo_strategy"": ""hamming"", ""global_time_strategy"": ""PERCENT"", ""percent"": 0.2, ""round_time_strategy"": ""STATIC"", ""time_evolution"": ""STATIC"", ""stop_strategy"": ""TIMEOUT""}",81,"{""varh"": ""Rand"", ""valh"": ""Vals"", ""saf"": ""False"", ""pc1"": ""True"", ""bdc"": ""1"", ""toh"": ""False"", ""ng"": ""NO"", ""lc"": ""2"", ""negative"": ""V"", ""generic2"": ""True"", ""sb"": ""NO""}",1.1005264169943985,1.6012069160060491,9,ExitStatus.FEASIBLE,False,False,1.6012069160060491
2025-06-07T21:32:54.802887,ProgressiveParty-rally-red12-09_c23.xml,"{""input"": ""tests/xcsp3/cop/UNKNOWN/ProgressiveParty-rally-red12-09_c23.xml"", ""solver"": ""xcsp:ACE@2.4"", ""output_dir"": ""results_comparison"", ""global_time_limit"": 600, ""max_tries"": 50, ""tuning_file"": ""tests/psa/ace.tuning.json"", ""hpo_strategy"": ""hamming"", ""global_time_strategy"": ""PERCENT"", ""percent"": 0.2, ""round_time_strategy"": ""STATIC"", ""time_evolution"": ""STATIC"", ""stop_strategy"": ""TIMEOUT""}",82,"{""varh"": ""Wdeg"", ""valh"": ""FlrsE"", ""saf"": ""False"", ""pc1"": ""True"", ""bdc"": ""1"", ""toh"": ""False"", ""ng"": ""NO"", ""lc"": ""2"", ""negative"": ""V"", ""generic2"": ""False"", ""sb"": ""NO""}",1.1005264169943985,1.5754424579790793,9,ExitStatus.FEASIBLE,False,False,1.5754424579790793
2025-06-07T21:32:56.104537,ProgressiveParty-rally-red12-09_c23.xml,"{""input"": ""tests/xcsp3/cop/UNKNOWN/ProgressiveParty-rally-red12-09_c23.xml"", ""solver"": ""xcsp:ACE@2.4"", ""output_dir"": ""results_comparison"", ""global_time_limit"": 600, ""max_tries"": 50, ""tuning_file"": ""tests/psa/ace.tuning.json"", ""hpo_strategy"": ""hamming"", ""global_time_strategy"": ""PERCENT"", ""percent"": 0.2, ""round_time_strategy"": ""STATIC"", ""time_evolution"": ""STATIC"", ""stop_strategy"": ""TIMEOUT""}",83,"{""varh"": ""Wdeg"", ""valh"": ""First"", ""saf"": ""False"", ""pc1"": ""True"", ""bdc"": ""1000"", ""toh"": ""False"", ""ng"": ""NO"", ""lc"": ""2"", ""negative"": ""STR1N"", ""generic2"": ""True"", ""sb"": ""NO""}",1.1005264169943985,1.1558336250018328,,ExitStatus.UNKNOWN,False,False,1.1558336250018328
2025-06-07T21:32:57.777139,ProgressiveParty-rally-red12-09_c23.xml,"{""input"": ""tests/xcsp3/cop/UNKNOWN/ProgressiveParty-rally-red12-09_c23.xml"", ""solver"": ""xcsp:ACE@2.4"", ""output_dir"": ""results_comparison"", ""global_time_limit"": 600, ""max_tries"": 50, ""tuning_file"": ""tests/psa/ace.tuning.json"", ""hpo_strategy"": ""hamming"", ""global_time_strategy"": ""PERCENT"", ""percent"": 0.2, ""round_time_strategy"": ""STATIC"", ""time_evolution"": ""STATIC"", ""stop_strategy"": ""TIMEOUT""}",84,"{""varh"": ""Wdeg"", ""valh"": ""OccsR"", ""saf"": ""False"", ""pc1"": ""True"", ""bdc"": ""1"", ""toh"": ""False"", ""ng"": ""NO"", ""lc"": ""10"", ""negative"": ""V"", ""generic2"": ""True"", ""sb"": ""NO""}",1.1005264169943985,1.5608768750098534,9,ExitStatus.FEASIBLE,False,False,1.5608768750098534
2025-06-07T21:32:59.456898,ProgressiveParty-rally-red12-09_c23.xml,"{""input"": ""tests/xcsp3/cop/UNKNOWN/ProgressiveParty-rally-red12-09_c23.xml"", ""solver"": ""xcsp:ACE@2.4"", ""output_dir"": ""results_comparison"", ""global_time_limit"": 600, ""max_tries"": 50, ""tuning_file"": ""tests/psa/ace.tuning.json"", ""hpo_strategy"": ""hamming"", ""global_time_strategy"": ""PERCENT"", ""percent"": 0.2, ""round_time_strategy"": ""STATIC"", ""time_evolution"": ""STATIC"", ""stop_strategy"": ""TIMEOUT""}",85,"{""varh"": ""Wdeg"", ""valh"": ""First"", ""saf"": ""False"", ""pc1"": ""True"", ""bdc"": ""1"", ""toh"": ""False"", ""ng"": ""NO"", ""lc"": ""0"", ""negative"": ""STR2"", ""generic2"": ""True"", ""sb"": ""NO""}",1.1005264169943985,1.5686315839993767,9,ExitStatus.FEASIBLE,False,False,1.5686315839993767
2025-06-07T21:33:01.120946,ProgressiveParty-rally-red12-09_c23.xml,"{""input"": ""tests/xcsp3/cop/UNKNOWN/ProgressiveParty-rally-red12-09_c23.xml"", ""solver"": ""xcsp:ACE@2.4"", ""output_dir"": ""results_comparison"", ""global_time_limit"": 600, ""max_tries"": 50, ""tuning_file"": ""tests/psa/ace.tuning.json"", ""hpo_strategy"": ""hamming"", ""global_time_strategy"": ""PERCENT"", ""percent"": 0.2, ""round_time_strategy"": ""STATIC"", ""time_evolution"": ""STATIC"", ""stop_strategy"": ""TIMEOUT""}",86,"{""varh"": ""Rand"", ""valh"": ""First"", ""saf"": ""False"", ""pc1"": ""True"", ""bdc"": ""1"", ""toh"": ""False"", ""ng"": ""NO"", ""lc"": ""2"", ""negative"": ""STR1"", ""generic2"": ""True"", ""sb"": ""NO""}",1.1005264169943985,1.551831916993251,9,ExitStatus.FEASIBLE,False,False,1.551831916993251
2025-06-07T21:33:02.707390,ProgressiveParty-rally-red12-09_c23.xml,"{""input"": ""tests/xcsp3/cop/UNKNOWN/ProgressiveParty-rally-red12-09_c23.xml"", ""solver"": ""xcsp:ACE@2.4"", ""output_dir"": ""results_comparison"", ""global_time_limit"": 600, ""max_tries"": 50, ""tuning_file"": ""tests/psa/ace.tuning.json"", ""hpo_strategy"": ""hamming"", ""global_time_strategy"": ""PERCENT"", ""percent"": 0.2, ""round_time_strategy"": ""STATIC"", ""time_evolution"": ""STATIC"", ""stop_strategy"": ""TIMEOUT""}",87,"{""varh"": ""Memory"", ""valh"": ""OccsR"", ""saf"": ""False"", ""pc1"": ""True"", ""bdc"": ""1"", ""toh"": ""False"", ""ng"": ""NO"", ""lc"": ""2"", ""negative"": ""V"", ""generic2"": ""True"", ""sb"": ""NO""}",1.1005264169943985,1.4706467089999933,9,ExitStatus.OPTIMAL,False,False,1.4706467089999933
2025-06-07T21:33:04.386327,ProgressiveParty-rally-red12-09_c23.xml,"{""input"": ""tests/xcsp3/cop/UNKNOWN/ProgressiveParty-rally-red12-09_c23.xml"", ""solver"": ""xcsp:ACE@2.4"", ""output_dir"": ""results_comparison"", ""global_time_limit"": 600, ""max_tries"": 50, ""tuning_file"": ""tests/psa/ace.tuning.json"", ""hpo_strategy"": ""hamming"", ""global_time_strategy"": ""PERCENT"", ""percent"": 0.2, ""round_time_strategy"": ""STATIC"", ""time_evolution"": ""STATIC"", ""stop_strategy"": ""TIMEOUT""}",88,"{""varh"": ""Wdeg"", ""valh"": ""Bivs3"", ""saf"": ""False"", ""pc1"": ""True"", ""bdc"": ""1"", ""toh"": ""False"", ""ng"": ""NO"", ""lc"": ""10"", ""negative"": ""V"", ""generic2"": ""True"", ""sb"": ""NO""}",1.1005264169943985,1.564916417002678,9,ExitStatus.FEASIBLE,False,False,1.564916417002678
2025-06-07T21:33:06.078982,ProgressiveParty-rally-red12-09_c23.xml,"{""input"": ""tests/xcsp3/cop/UNKNOWN/ProgressiveParty-rally-red12-09_c23.xml"", ""solver"": ""xcsp:ACE@2.4"", ""output_dir"": ""results_comparison"", ""global_time_limit"": 600, ""max_tries"": 50, ""tuning_file"": ""tests/psa/ace.tuning.json"", ""hpo_strategy"": ""hamming"", ""global_time_strategy"": ""PERCENT"", ""percent"": 0.2, ""round_time_strategy"": ""STATIC"", ""time_evolution"": ""STATIC"", ""stop_strategy"": ""TIMEOUT""}",89,"{""varh"": ""Wdeg"", ""valh"": ""First"", ""saf"": ""False"", ""pc1"": ""True"", ""bdc"": ""1"", ""toh"": ""True"", ""ng"": ""NO"", ""lc"": ""2"", ""negative"": ""STR2"", ""generic2"": ""True"", ""sb"": ""NO""}",1.1005264169943985,1.5775731659960002,9,ExitStatus.FEASIBLE,False,False,1.5775731659960002
2025-06-07T21:33:07.282154,ProgressiveParty-rally-red12-09_c23.xml,"{""input"": ""tests/xcsp3/cop/UNKNOWN/ProgressiveParty-rally-red12-09_c23.xml"", ""solver"": ""xcsp:ACE@2.4"", ""output_dir"": ""results_comparison"", ""global_time_limit"": 600, ""max_tries"": 50, ""tuning_file"": ""tests/psa/ace.tuning.json"", ""hpo_strategy"": ""hamming"", ""global_time_strategy"": ""PERCENT"", ""percent"": 0.2, ""round_time_strategy"": ""STATIC"", ""time_evolution"": ""STATIC"", ""stop_strategy"": ""TIMEOUT""}",90,"{""varh"": ""Wdeg"", ""valh"": ""First"", ""saf"": ""False"", ""pc1"": ""True"", ""bdc"": ""10"", ""toh"": ""False"", ""ng"": ""NO"", ""lc"": ""0"", ""negative"": ""V"", ""generic2"": ""True"", ""sb"": ""NO""}",1.08741187499254,1.08741187499254,9,ExitStatus.OPTIMAL,False,False,1.08741187499254
2025-06-07T21:33:08.841570,ProgressiveParty-rally-red12-09_c23.xml,"{""input"": ""tests/xcsp3/cop/UNKNOWN/ProgressiveParty-rally-red12-09_c23.xml"", ""solver"": ""xcsp:ACE@2.4"", ""output_dir"": ""results_comparison"", ""global_time_limit"": 600, ""max_tries"": 50, ""tuning_file"": ""tests/psa/ace.tuning.json"", ""hpo_strategy"": ""hamming"", ""global_time_strategy"": ""PERCENT"", ""percent"": 0.2, ""round_time_strategy"": ""STATIC"", ""time_evolution"": ""STATIC"", ""stop_strategy"": ""TIMEOUT""}",91,"{""varh"": ""Lexico"", ""valh"": ""First"", ""saf"": ""True"", ""pc1"": ""True"", ""bdc"": ""1"", ""toh"": ""False"", ""ng"": ""NO"", ""lc"": ""2"", ""negative"": ""V"", ""generic2"": ""True"", ""sb"": ""NO""}",1.08741187499254,1.4472852500039153,9,ExitStatus.OPTIMAL,False,False,1.4472852500039153
2025-06-07T21:33:10.535936,ProgressiveParty-rally-red12-09_c23.xml,"{""input"": ""tests/xcsp3/cop/UNKNOWN/ProgressiveParty-rally-red12-09_c23.xml"", ""solver"": ""xcsp:ACE@2.4"", ""output_dir"": ""results_comparison"", ""global_time_limit"": 600, ""max_tries"": 50, ""tuning_file"": ""tests/psa/ace.tuning.json"", ""hpo_strategy"": ""hamming"", ""global_time_strategy"": ""PERCENT"", ""percent"": 0.2, ""round_time_strategy"": ""STATIC"", ""time_evolution"": ""STATIC"", ""stop_strategy"": ""TIMEOUT""}",92,"{""varh"": ""Activity"", ""valh"": ""Vals"", ""saf"": ""False"", ""pc1"": ""True"", ""bdc"": ""1"", ""toh"": ""False"", ""ng"": ""NO"", ""lc"": ""2"", ""negative"": ""V"", ""generic2"": ""True"", ""sb"": ""NO""}",1.08741187499254,1.5786841660155915,9,ExitStatus.FEASIBLE,False,False,1.5786841660155915
2025-06-07T21:33:12.226778,ProgressiveParty-rally-red12-09_c23.xml,"{""input"": ""tests/xcsp3/cop/UNKNOWN/ProgressiveParty-rally-red12-09_c23.xml"", ""solver"": ""xcsp:ACE@2.4"", ""output_dir"": ""results_comparison"", ""global_time_limit"": 600, ""max_tries"": 50, ""tuning_file"": ""tests/psa/ace.tuning.json"", ""hpo_strategy"": ""hamming"", ""global_time_strategy"": ""PERCENT"", ""percent"": 0.2, ""round_time_strategy"": ""STATIC"", ""time_evolution"": ""STATIC"", ""stop_strategy"": ""TIMEOUT""}",93,"{""varh"": ""Rand"", ""valh"": ""Median"", ""saf"": ""False"", ""pc1"": ""True"", ""bdc"": ""1"", ""toh"": ""False"", ""ng"": ""NO"", ""lc"": ""2"", ""negative"": ""V"", ""generic2"": ""True"", ""sb"": ""NO""}",1.08741187499254,1.573849334003171,9,ExitStatus.FEASIBLE,False,False,1.573849334003171
2025-06-07T21:33:13.810643,ProgressiveParty-rally-red12-09_c23.xml,"{""input"": ""tests/xcsp3/cop/UNKNOWN/ProgressiveParty-rally-red12-09_c23.xml"", ""solver"": ""xcsp:ACE@2.4"", ""output_dir"": ""results_comparison"", ""global_time_limit"": 600, ""max_tries"": 50, ""tuning_file"": ""tests/psa/ace.tuning.json"", ""hpo_strategy"": ""hamming"", ""global_time_strategy"": ""PERCENT"", ""percent"": 0.2, ""round_time_strategy"": ""STATIC"", ""time_evolution"": ""STATIC"", ""stop_strategy"": ""TIMEOUT""}",94,"{""varh"": ""RunRobin"", ""valh"": ""First"", ""saf"": ""False"", ""pc1"": ""True"", ""bdc"": ""1"", ""toh"": ""False"", ""ng"": ""NO"", ""lc"": ""2"", ""negative"": ""V"", ""generic2"": ""False"", ""sb"": ""NO""}",1.08741187499254,1.47126708299038,9,ExitStatus.OPTIMAL,False,False,1.47126708299038
2025-06-07T21:33:15.506169,ProgressiveParty-rally-red12-09_c23.xml,"{""input"": ""tests/xcsp3/cop/UNKNOWN/ProgressiveParty-rally-red12-09_c23.xml"", ""solver"": ""xcsp:ACE@2.4"", ""output_dir"": ""results_comparison"", ""global_time_limit"": 600, ""max_tries"": 50, ""tuning_file"": ""tests/psa/ace.tuning.json"", ""hpo_strategy"": ""hamming"", ""global_time_strategy"": ""PERCENT"", ""percent"": 0.2, ""round_time_strategy"": ""STATIC"", ""time_evolution"": ""STATIC"", ""stop_strategy"": ""TIMEOUT""}",95,"{""varh"": ""Wdeg"", ""valh"": ""Bivs3"", ""saf"": ""False"", ""pc1"": ""True"", ""bdc"": ""1"", ""toh"": ""False"", ""ng"": ""NO"", ""lc"": ""2"", ""negative"": ""STR1N"", ""generic2"": ""True"", ""sb"": ""NO""}",1.08741187499254,1.5792821250215638,9,ExitStatus.FEASIBLE,False,False,1.5792821250215638
2025-06-07T21:33:17.191712,ProgressiveParty-rally-red12-09_c23.xml,"{""input"": ""tests/xcsp3/cop/UNKNOWN/ProgressiveParty-rally-red12-09_c23.xml"", ""solver"": ""xcsp:ACE@2.4"", ""output_dir"": ""results_comparison"", ""global_time_limit"": 600, ""max_tries"": 50, ""tuning_file"": ""tests/psa/ace.tuning.json"", ""hpo_strategy"": ""hamming"", ""global_time_strategy"": ""PERCENT"", ""percent"": 0.2, ""round_time_strategy"": ""STATIC"", ""time_evolution"": ""STATIC"", ""stop_strategy"": ""TIMEOUT""}",96,"{""varh"": ""Wdeg"", ""valh"": ""Rand"", ""saf"": ""False"", ""pc1"": ""True"", ""bdc"": ""1"", ""toh"": ""False"", ""ng"": ""NO"", ""lc"": ""2"", ""negative"": ""STR2N"", ""generic2"": ""True"", ""sb"": ""NO""}",1.08741187499254,1.570773708022898,9,ExitStatus.FEASIBLE,False,False,1.570773708022898
2025-06-07T21:33:18.871491,ProgressiveParty-rally-red12-09_c23.xml,"{""input"": ""tests/xcsp3/cop/UNKNOWN/ProgressiveParty-rally-red12-09_c23.xml"", ""solver"": ""xcsp:ACE@2.4"", ""output_dir"": ""results_comparison"", ""global_time_limit"": 600, ""max_tries"": 50, ""tuning_file"": ""tests/psa/ace.tuning.json"", ""hpo_strategy"": ""hamming"", ""global_time_strategy"": ""PERCENT"", ""percent"": 0.2, ""round_time_strategy"": ""STATIC"", ""time_evolution"": ""STATIC"", ""stop_strategy"": ""TIMEOUT""}",97,"{""varh"": ""Activity"", ""valh"": ""Rand"", ""saf"": ""False"", ""pc1"": ""True"", ""bdc"": ""1"", ""toh"": ""False"", ""ng"": ""NO"", ""lc"": ""2"", ""negative"": ""V"", ""generic2"": ""True"", ""sb"": ""NO""}",1.08741187499254,1.5683017919945996,9,ExitStatus.FEASIBLE,False,False,1.5683017919945996
2025-06-07T21:33:20.563406,ProgressiveParty-rally-red12-09_c23.xml,"{""input"": ""tests/xcsp3/cop/UNKNOWN/ProgressiveParty-rally-red12-09_c23.xml"", ""solver"": ""xcsp:ACE@2.4"", ""output_dir"": ""results_comparison"", ""global_time_limit"": 600, ""max_tries"": 50, ""tuning_file"": ""tests/psa/ace.tuning.json"", ""hpo_strategy"": ""hamming"", ""global_time_strategy"": ""PERCENT"", ""percent"": 0.2, ""round_time_strategy"": ""STATIC"", ""time_evolution"": ""STATIC"", ""stop_strategy"": ""TIMEOUT""}",98,"{""varh"": ""Wdeg"", ""valh"": ""First"", ""saf"": ""False"", ""pc1"": ""True"", ""bdc"": ""1"", ""toh"": ""False"", ""ng"": ""NO"", ""lc"": ""10"", ""negative"": ""STR2N"", ""generic2"": ""True"", ""sb"": ""NO""}",1.08741187499254,1.5772559169854503,9,ExitStatus.FEASIBLE,False,False,1.5772559169854503
2025-06-07T21:33:21.861228,ProgressiveParty-rally-red12-09_c23.xml,"{""input"": ""tests/xcsp3/cop/UNKNOWN/ProgressiveParty-rally-red12-09_c23.xml"", ""solver"": ""xcsp:ACE@2.4"", ""output_dir"": ""results_comparison"", ""global_time_limit"": 600, ""max_tries"": 50, ""tuning_file"": ""tests/psa/ace.tuning.json"", ""hpo_strategy"": ""hamming"", ""global_time_strategy"": ""PERCENT"", ""percent"": 0.2, ""round_time_strategy"": ""STATIC"", ""time_evolution"": ""STATIC"", ""stop_strategy"": ""TIMEOUT""}",99,"{""varh"": ""Wdeg"", ""valh"": ""Bivs3"", ""saf"": ""False"", ""pc1"": ""True"", ""bdc"": ""10"", ""toh"": ""False"", ""ng"": ""NO"", ""lc"": ""2"", ""negative"": ""V"", ""generic2"": ""True"", ""sb"": ""NO""}",1.08741187499254,1.1854804999893531,9,ExitStatus.OPTIMAL,False,False,1.1854804999893531
2025-06-07T21:33:23.067004,ProgressiveParty-rally-red12-09_c23.xml,"{""input"": ""tests/xcsp3/cop/UNKNOWN/ProgressiveParty-rally-red12-09_c23.xml"", ""solver"": ""xcsp:ACE@2.4"", ""output_dir"": ""results_comparison"", ""global_time_limit"": 600, ""max_tries"": 50, ""tuning_file"": ""tests/psa/ace.tuning.json"", ""hpo_strategy"": ""hamming"", ""global_time_strategy"": ""PERCENT"", ""percent"": 0.2, ""round_time_strategy"": ""STATIC"", ""time_evolution"": ""STATIC"", ""stop_strategy"": ""TIMEOUT""}",100,"{""varh"": ""Wdeg"", ""valh"": ""First"", ""saf"": ""False"", ""pc1"": ""True"", ""bdc"": ""100"", ""toh"": ""False"", ""ng"": ""NO"", ""lc"": ""2"", ""negative"": ""STR3"", ""generic2"": ""True"", ""sb"": ""NO""}",1.08741187499254,1.0847311670077033,,ExitStatus.UNKNOWN,False,False,1.0847311670077033
2025-06-07T21:33:24.750299,ProgressiveParty-rally-red12-09_c23.xml,"{""input"": ""tests/xcsp3/cop/UNKNOWN/ProgressiveParty-rally-red12-09_c23.xml"", ""solver"": ""xcsp:ACE@2.4"", ""output_dir"": ""results_comparison"", ""global_time_limit"": 600, ""max_tries"": 50, ""tuning_file"": ""tests/psa/ace.tuning.json"", ""hpo_strategy"": ""hamming"", ""global_time_strategy"": ""PERCENT"", ""percent"": 0.2, ""round_time_strategy"": ""STATIC"", ""time_evolution"": ""STATIC"", ""stop_strategy"": ""TIMEOUT""}",101,"{""varh"": ""Impact"", ""valh"": ""First"", ""saf"": ""False"", ""pc1"": ""True"", ""bdc"": ""1"", ""toh"": ""False"", ""ng"": ""NO"", ""lc"": ""10"", ""negative"": ""V"", ""generic2"": ""True"", ""sb"": ""NO""}",1.08741187499254,1.571526082989294,9,ExitStatus.FEASIBLE,False,False,1.571526082989294
2025-06-07T21:33:26.238936,ProgressiveParty-rally-red12-09_c23.xml,"{""input"": ""tests/xcsp3/cop/UNKNOWN/ProgressiveParty-rally-red12-09_c23.xml"", ""solver"": ""xcsp:ACE@2.4"", ""output_dir"": ""results_comparison"", ""global_time_limit"": 600, ""max_tries"": 50, ""tuning_file"": ""tests/psa/ace.tuning.json"", ""hpo_strategy"": ""hamming"", ""global_time_strategy"": ""PERCENT"", ""percent"": 0.2, ""round_time_strategy"": ""STATIC"", ""time_evolution"": ""STATIC"", ""stop_strategy"": ""TIMEOUT""}",102,"{""varh"": ""WdegOnDom"", ""valh"": ""First"", ""saf"": ""False"", ""pc1"": ""True"", ""bdc"": ""1"", ""toh"": ""False"", ""ng"": ""NO"", ""lc"": ""2"", ""negative"": ""VA"", ""generic2"": ""True"", ""sb"": ""NO""}",1.08741187499254,1.3745956250058953,9,ExitStatus.OPTIMAL,False,False,1.3745956250058953
2025-06-07T21:33:27.819339,ProgressiveParty-rally-red12-09_c23.xml,"{""input"": ""tests/xcsp3/cop/UNKNOWN/ProgressiveParty-rally-red12-09_c23.xml"", ""solver"": ""xcsp:ACE@2.4"", ""output_dir"": ""results_comparison"", ""global_time_limit"": 600, ""max_tries"": 50, ""tuning_file"": ""tests/psa/ace.tuning.json"", ""hpo_strategy"": ""hamming"", ""global_time_strategy"": ""PERCENT"", ""percent"": 0.2, ""round_time_strategy"": ""STATIC"", ""time_evolution"": ""STATIC"", ""stop_strategy"": ""TIMEOUT""}",103,"{""varh"": ""Memory"", ""valh"": ""FlrsE"", ""saf"": ""False"", ""pc1"": ""True"", ""bdc"": ""1"", ""toh"": ""False"", ""ng"": ""NO"", ""lc"": ""2"", ""negative"": ""V"", ""generic2"": ""True"", ""sb"": ""NO""}",1.08741187499254,1.468405832973076,9,ExitStatus.OPTIMAL,False,False,1.468405832973076
2025-06-07T21:33:29.068348,ProgressiveParty-rally-red12-09_c23.xml,"{""input"": ""tests/xcsp3/cop/UNKNOWN/ProgressiveParty-rally-red12-09_c23.xml"", ""solver"": ""xcsp:ACE@2.4"", ""output_dir"": ""results_comparison"", ""global_time_limit"": 600, ""max_tries"": 50, ""tuning_file"": ""tests/psa/ace.tuning.json"", ""hpo_strategy"": ""hamming"", ""global_time_strategy"": ""PERCENT"", ""percent"": 0.2, ""round_time_strategy"": ""STATIC"", ""time_evolution"": ""STATIC"", ""stop_strategy"": ""TIMEOUT""}",104,"{""varh"": ""Wdeg"", ""valh"": ""First"", ""saf"": ""False"", ""pc1"": ""True"", ""bdc"": ""10"", ""toh"": ""False"", ""ng"": ""NO"", ""lc"": ""2"", ""negative"": ""VA"", ""generic2"": ""True"", ""sb"": ""NO""}",1.08741187499254,1.136327291984344,9,ExitStatus.OPTIMAL,False,False,1.136327291984344
2025-06-07T21:33:30.760469,ProgressiveParty-rally-red12-09_c23.xml,"{""input"": ""tests/xcsp3/cop/UNKNOWN/ProgressiveParty-rally-red12-09_c23.xml"", ""solver"": ""xcsp:ACE@2.4"", ""output_dir"": ""results_comparison"", ""global_time_limit"": 600, ""max_tries"": 50, ""tuning_file"": ""tests/psa/ace.tuning.json"", ""hpo_strategy"": ""hamming"", ""global_time_strategy"": ""PERCENT"", ""percent"": 0.2, ""round_time_strategy"": ""STATIC"", ""time_evolution"": ""STATIC"", ""stop_strategy"": ""TIMEOUT""}",105,"{""varh"": ""FrbaOnDom"", ""valh"": ""Vals"", ""saf"": ""False"", ""pc1"": ""True"", ""bdc"": ""1"", ""toh"": ""False"", ""ng"": ""NO"", ""lc"": ""2"", ""negative"": ""V"", ""generic2"": ""True"", ""sb"": ""NO""}",1.08741187499254,1.5788749170023948,9,ExitStatus.FEASIBLE,False,False,1.5788749170023948
2025-06-07T21:33:32.432200,ProgressiveParty-rally-red12-09_c23.xml,"{""input"": ""tests/xcsp3/cop/UNKNOWN/ProgressiveParty-rally-red12-09_c23.xml"", ""solver"": ""xcsp:ACE@2.4"", ""output_dir"": ""results_comparison"", ""global_time_limit"": 600, ""max_tries"": 50, ""tuning_file"": ""tests/psa/ace.tuning.json"", ""hpo_strategy"": ""hamming"", ""global_time_strategy"": ""PERCENT"", ""percent"": 0.2, ""round_time_strategy"": ""STATIC"", ""time_evolution"": ""STATIC"", ""stop_strategy"": ""TIMEOUT""}",106,"{""varh"": ""Wdeg"", ""valh"": ""First"", ""saf"": ""True"", ""pc1"": ""True"", ""bdc"": ""1"", ""toh"": ""False"", ""ng"": ""NO"", ""lc"": ""2"", ""negative"": ""STR0"", ""generic2"": ""True"", ""sb"": ""NO""}",1.08741187499254,1.557155791000696,9,ExitStatus.FEASIBLE,False,False,1.557155791000696
2025-06-07T21:33:33.854320,ProgressiveParty-rally-red12-09_c23.xml,"{""input"": ""tests/xcsp3/cop/UNKNOWN/ProgressiveParty-rally-red12-09_c23.xml"", ""solver"": ""xcsp:ACE@2.4"", ""output_dir"": ""results_comparison"", ""global_time_limit"": 600, ""max_tries"": 50, ""tuning_file"": ""tests/psa/ace.tuning.json"", ""hpo_strategy"": ""hamming"", ""global_time_strategy"": ""PERCENT"", ""percent"": 0.2, ""round_time_strategy"": ""STATIC"", ""time_evolution"": ""STATIC"", ""stop_strategy"": ""TIMEOUT""}",107,"{""varh"": ""PickOnDom"", ""valh"": ""FlrsE"", ""saf"": ""False"", ""pc1"": ""True"", ""bdc"": ""1"", ""toh"": ""False"", ""ng"": ""NO"", ""lc"": ""2"", ""negative"": ""V"", ""generic2"": ""True"", ""sb"": ""NO""}",1.08741187499254,1.3091112500114832,9,ExitStatus.OPTIMAL,False,False,1.3091112500114832
2025-06-07T21:33:35.527719,ProgressiveParty-rally-red12-09_c23.xml,"{""input"": ""tests/xcsp3/cop/UNKNOWN/ProgressiveParty-rally-red12-09_c23.xml"", ""solver"": ""xcsp:ACE@2.4"", ""output_dir"": ""results_comparison"", ""global_time_limit"": 600, ""max_tries"": 50, ""tuning_file"": ""tests/psa/ace.tuning.json"", ""hpo_strategy"": ""hamming"", ""global_time_strategy"": ""PERCENT"", ""percent"": 0.2, ""round_time_strategy"": ""STATIC"", ""time_evolution"": ""STATIC"", ""stop_strategy"": ""TIMEOUT""}",108,"{""varh"": ""Wdeg"", ""valh"": ""First"", ""saf"": ""True"", ""pc1"": ""True"", ""bdc"": ""1"", ""toh"": ""False"", ""ng"": ""NO"", ""lc"": ""2"", ""negative"": ""STR2N"", ""generic2"": ""True"", ""sb"": ""NO""}",1.08741187499254,1.561095875018509,9,ExitStatus.FEASIBLE,False,False,1.561095875018509
2025-06-07T21:33:37.232893,ProgressiveParty-rally-red12-09_c23.xml,"{""input"": ""tests/xcsp3/cop/UNKNOWN/ProgressiveParty-rally-red12-09_c23.xml"", ""solver"": ""xcsp:ACE@2.4"", ""output_dir"": ""results_comparison"", ""global_time_limit"": 600, ""max_tries"": 50, ""tuning_file"": ""tests/psa/ace.tuning.json"", ""hpo_strategy"": ""hamming"", ""global_time_strategy"": ""PERCENT"", ""percent"": 0.2, ""round_time_strategy"": ""STATIC"", ""time_evolution"": ""STATIC"", ""stop_strategy"": ""TIMEOUT""}",109,"{""varh"": ""Rand"", ""valh"": ""First"", ""saf"": ""False"", ""pc1"": ""True"", ""bdc"": ""1"", ""toh"": ""False"", ""ng"": ""NO"", ""lc"": ""2"", ""negative"": ""VA"", ""generic2"": ""True"", ""sb"": ""NO""}",1.08741187499254,1.5848122090101242,9,ExitStatus.FEASIBLE,False,False,1.5848122090101242
2025-06-07T21:33:43.359843,ProgressiveParty-rally-red12-09_c23.xml,"{""input"": ""tests/xcsp3/cop/UNKNOWN/ProgressiveParty-rally-red12-09_c23.xml"", ""solver"": ""xcsp:ACE@2.4"", ""output_dir"": ""results_comparison"", ""global_time_limit"": 600, ""max_tries"": 50, ""tuning_file"": ""tests/psa/ace.tuning.json"", ""hpo_strategy"": ""hamming"", ""global_time_strategy"": ""PERCENT"", ""percent"": 0.2, ""round_time_strategy"": ""STATIC"", ""time_evolution"": ""STATIC"", ""stop_strategy"": ""TIMEOUT""}",110,"{""varh"": ""Wdeg"", ""valh"": ""Conflicts"", ""saf"": ""False"", ""pc1"": ""True"", ""bdc"": ""1"", ""toh"": ""False"", ""ng"": ""NO"", ""lc"": ""2"", ""negative"": ""STR3"", ""generic2"": ""True"", ""sb"": ""NO""}",1.08741187499254,1,,ExitStatus.UNKNOWN,False,False,1
2025-06-07T21:33:45.687005,ProgressiveParty-rally-red12-09_c23.xml,"{""input"": ""tests/xcsp3/cop/UNKNOWN/ProgressiveParty-rally-red12-09_c23.xml"", ""solver"": ""xcsp:ACE@2.4"", ""output_dir"": ""results_comparison"", ""global_time_limit"": 600, ""max_tries"": 50, ""tuning_file"": ""tests/psa/ace.tuning.json"", ""hpo_strategy"": ""hamming"", ""global_time_strategy"": ""PERCENT"", ""percent"": 0.2, ""round_time_strategy"": ""STATIC"", ""time_evolution"": ""STATIC"", ""stop_strategy"": ""TIMEOUT""}",111,"{""varh"": ""Wdeg"", ""valh"": ""First"", ""saf"": ""False"", ""pc1"": ""True"", ""bdc"": ""1"", ""toh"": ""False"", ""ng"": ""NO"", ""lc"": ""2"", ""negative"": ""CT"", ""generic2"": ""False"", ""sb"": ""NO""}",1.08741187499254,2.188366374990437,,ExitStatus.UNKNOWN,False,False,2.188366374990437
2025-06-07T21:33:48.043737,ProgressiveParty-rally-red12-09_c23.xml,"{""input"": ""tests/xcsp3/cop/UNKNOWN/ProgressiveParty-rally-red12-09_c23.xml"", ""solver"": ""xcsp:ACE@2.4"", ""output_dir"": ""results_comparison"", ""global_time_limit"": 600, ""max_tries"": 50, ""tuning_file"": ""tests/psa/ace.tuning.json"", ""hpo_strategy"": ""hamming"", ""global_time_strategy"": ""PERCENT"", ""percent"": 0.2, ""round_time_strategy"": ""STATIC"", ""time_evolution"": ""STATIC"", ""stop_strategy"": ""TIMEOUT""}",112,"{""varh"": ""Wdeg"", ""valh"": ""First"", ""saf"": ""False"", ""pc1"": ""True"", ""bdc"": ""1"", ""toh"": ""False"", ""ng"": ""NO"", ""lc"": ""1"", ""negative"": ""STR0"", ""generic2"": ""True"", ""sb"": ""NO""}",1.08741187499254,2.1109505420026835,,ExitStatus.UNKNOWN,False,False,2.1109505420026835
2025-06-07T21:33:50.500661,ProgressiveParty-rally-red12-09_c23.xml,"{""input"": ""tests/xcsp3/cop/UNKNOWN/ProgressiveParty-rally-red12-09_c23.xml"", ""solver"": ""xcsp:ACE@2.4"", ""output_dir"": ""results_comparison"", ""global_time_limit"": 600, ""max_tries"": 50, ""tuning_file"": ""tests/psa/ace.tuning.json"", ""hpo_strategy"": ""hamming"", ""global_time_strategy"": ""PERCENT"", ""percent"": 0.2, ""round_time_strategy"": ""STATIC"", ""time_evolution"": ""STATIC"", ""stop_strategy"": ""TIMEOUT""}",113,"{""varh"": ""Wdeg"", ""valh"": ""Rand"", ""saf"": ""False"", ""pc1"": ""True"", ""bdc"": ""1"", ""toh"": ""False"", ""ng"": ""NO"", ""lc"": ""0"", ""negative"": ""V"", ""generic2"": ""True"", ""sb"": ""NO""}",1.08741187499254,2.2471644159813877,,ExitStatus.UNKNOWN,False,False,2.2471644159813877
2025-06-07T21:33:52.864146,ProgressiveParty-rally-red12-09_c23.xml,"{""input"": ""tests/xcsp3/cop/UNKNOWN/ProgressiveParty-rally-red12-09_c23.xml"", ""solver"": ""xcsp:ACE@2.4"", ""output_dir"": ""results_comparison"", ""global_time_limit"": 600, ""max_tries"": 50, ""tuning_file"": ""tests/psa/ace.tuning.json"", ""hpo_strategy"": ""hamming"", ""global_time_strategy"": ""PERCENT"", ""percent"": 0.2, ""round_time_strategy"": ""STATIC"", ""time_evolution"": ""STATIC"", ""stop_strategy"": ""TIMEOUT""}",114,"{""varh"": ""Wdeg"", ""valh"": ""Last"", ""saf"": ""False"", ""pc1"": ""True"", ""bdc"": ""1000"", ""toh"": ""False"", ""ng"": ""NO"", ""lc"": ""2"", ""negative"": ""V"", ""generic2"": ""True"", ""sb"": ""NO""}",1.08741187499254,2.153204457979882,,ExitStatus.UNKNOWN,False,False,2.153204457979882
2025-06-07T21:33:55.297772,ProgressiveParty-rally-red12-09_c23.xml,"{""input"": ""tests/xcsp3/cop/UNKNOWN/ProgressiveParty-rally-red12-09_c23.xml"", ""solver"": ""xcsp:ACE@2.4"", ""output_dir"": ""results_comparison"", ""global_time_limit"": 600, ""max_tries"": 50, ""tuning_file"": ""tests/psa/ace.tuning.json"", ""hpo_strategy"": ""hamming"", ""global_time_strategy"": ""PERCENT"", ""percent"": 0.2, ""round_time_strategy"": ""STATIC"", ""time_evolution"": ""STATIC"", ""stop_strategy"": ""TIMEOUT""}",115,"{""varh"": ""Wdeg"", ""valh"": ""First"", ""saf"": ""True"", ""pc1"": ""True"", ""bdc"": ""1"", ""toh"": ""False"", ""ng"": ""NO"", ""lc"": ""5"", ""negative"": ""V"", ""generic2"": ""True"", ""sb"": ""NO""}",1.08741187499254,2.218375708005624,,ExitStatus.UNKNOWN,False,False,2.218375708005624
2025-06-07T21:33:57.871044,ProgressiveParty-rally-red12-09_c23.xml,"{""input"": ""tests/xcsp3/cop/UNKNOWN/ProgressiveParty-rally-red12-09_c23.xml"", ""solver"": ""xcsp:ACE@2.4"", ""output_dir"": ""results_comparison"", ""global_time_limit"": 600, ""max_tries"": 50, ""tuning_file"": ""tests/psa/ace.tuning.json"", ""hpo_strategy"": ""hamming"", ""global_time_strategy"": ""PERCENT"", ""percent"": 0.2, ""round_time_strategy"": ""STATIC"", ""time_evolution"": ""STATIC"", ""stop_strategy"": ""TIMEOUT""}",116,"{""varh"": ""PickOnDom"", ""valh"": ""RunRobin"", ""saf"": ""False"", ""pc1"": ""True"", ""bdc"": ""1"", ""toh"": ""False"", ""ng"": ""NO"", ""lc"": ""2"", ""negative"": ""V"", ""generic2"": ""True"", ""sb"": ""NO""}",1.08741187499254,2.313039500004379,,ExitStatus.UNKNOWN,False,False,2.313039500004379
2025-06-07T21:34:00.232362,ProgressiveParty-rally-red12-09_c23.xml,"{""input"": ""tests/xcsp3/cop/UNKNOWN/ProgressiveParty-rally-red12-09_c23.xml"", ""solver"": ""xcsp:ACE@2.4"", ""output_dir"": ""results_comparison"", ""global_time_limit"": 600, ""max_tries"": 50, ""tuning_file"": ""tests/psa/ace.tuning.json"", ""hpo_strategy"": ""hamming"", ""global_time_strategy"": ""PERCENT"", ""percent"": 0.2, ""round_time_strategy"": ""STATIC"", ""time_evolution"": ""STATIC"", ""stop_strategy"": ""TIMEOUT""}",117,"{""varh"": ""PickOnDom"", ""valh"": ""First"", ""saf"": ""False"", ""pc1"": ""True"", ""bdc"": ""1"", ""toh"": ""False"", ""ng"": ""NO"", ""lc"": ""1"", ""negative"": ""V"", ""generic2"": ""True"", ""sb"": ""NO""}",1.08741187499254,2.151093458000105,,ExitStatus.UNKNOWN,False,False,2.151093458000105
2025-06-07T21:34:02.568276,ProgressiveParty-rally-red12-09_c23.xml,"{""input"": ""tests/xcsp3/cop/UNKNOWN/ProgressiveParty-rally-red12-09_c23.xml"", ""solver"": ""xcsp:ACE@2.4"", ""output_dir"": ""results_comparison"", ""global_time_limit"": 600, ""max_tries"": 50, ""tuning_file"": ""tests/psa/ace.tuning.json"", ""hpo_strategy"": ""hamming"", ""global_time_strategy"": ""PERCENT"", ""percent"": 0.2, ""round_time_strategy"": ""STATIC"", ""time_evolution"": ""STATIC"", ""stop_strategy"": ""TIMEOUT""}",118,"{""varh"": ""Impact"", ""valh"": ""First"", ""saf"": ""False"", ""pc1"": ""True"", ""bdc"": ""1"", ""toh"": ""False"", ""ng"": ""NO"", ""lc"": ""2"", ""negative"": ""CT"", ""generic2"": ""True"", ""sb"": ""NO""}",1.08741187499254,2.1320090419903863,,ExitStatus.UNKNOWN,False,False,2.1320090419903863
2025-06-07T21:34:05.077463,ProgressiveParty-rally-red12-09_c23.xml,"{""input"": ""tests/xcsp3/cop/UNKNOWN/ProgressiveParty-rally-red12-09_c23.xml"", ""solver"": ""xcsp:ACE@2.4"", ""output_dir"": ""results_comparison"", ""global_time_limit"": 600, ""max_tries"": 50, ""tuning_file"": ""tests/psa/ace.tuning.json"", ""hpo_strategy"": ""hamming"", ""global_time_strategy"": ""PERCENT"", ""percent"": 0.2, ""round_time_strategy"": ""STATIC"", ""time_evolution"": ""STATIC"", ""stop_strategy"": ""TIMEOUT""}",119,"{""varh"": ""Wdeg"", ""valh"": ""First"", ""saf"": ""False"", ""pc1"": ""False"", ""bdc"": ""1"", ""toh"": ""False"", ""ng"": ""NO"", ""lc"": ""2"", ""negative"": ""CT"", ""generic2"": ""True"", ""sb"": ""NO""}",1.08741187499254,2.2832081250089686,,ExitStatus.UNKNOWN,False,False,2.2832081250089686
2025-06-07T21:34:07.454746,ProgressiveParty-rally-red12-09_c23.xml,"{""input"": ""tests/xcsp3/cop/UNKNOWN/ProgressiveParty-rally-red12-09_c23.xml"", ""solver"": ""xcsp:ACE@2.4"", ""output_dir"": ""results_comparison"", ""global_time_limit"": 600, ""max_tries"": 50, ""tuning_file"": ""tests/psa/ace.tuning.json"", ""hpo_strategy"": ""hamming"", ""global_time_strategy"": ""PERCENT"", ""percent"": 0.2, ""round_time_strategy"": ""STATIC"", ""time_evolution"": ""STATIC"", ""stop_strategy"": ""TIMEOUT""}",120,"{""varh"": ""Memory"", ""valh"": ""First"", ""saf"": ""True"", ""pc1"": ""True"", ""bdc"": ""1"", ""toh"": ""False"", ""ng"": ""NO"", ""lc"": ""2"", ""negative"": ""V"", ""generic2"": ""True"", ""sb"": ""NO""}",1.08741187499254,2.1685655420005787,,ExitStatus.UNKNOWN,False,False,2.1685655420005787
2025-06-07T21:34:09.767023,ProgressiveParty-rally-red12-09_c23.xml,"{""input"": ""tests/xcsp3/cop/UNKNOWN/ProgressiveParty-rally-red12-09_c23.xml"", ""solver"": ""xcsp:ACE@2.4"", ""output_dir"": ""results_comparison"", ""global_time_limit"": 600, ""max_tries"": 50, ""tuning_file"": ""tests/psa/ace.tuning.json"", ""hpo_strategy"": ""hamming"", ""global_time_strategy"": ""PERCENT"", ""percent"": 0.2, ""round_time_strategy"": ""STATIC"", ""time_evolution"": ""STATIC"", ""stop_strategy"": ""TIMEOUT""}",121,"{""varh"": ""Wdeg"", ""valh"": ""Conflicts"", ""saf"": ""False"", ""pc1"": ""True"", ""bdc"": ""1"", ""toh"": ""False"", ""ng"": ""NO"", ""lc"": ""2"", ""negative"": ""VA"", ""generic2"": ""True"", ""sb"": ""NO""}",1.08741187499254,2.0993602909729816,,ExitStatus.UNKNOWN,False,False,2.0993602909729816
2025-06-07T21:34:12.224158,ProgressiveParty-rally-red12-09_c23.xml,"{""input"": ""tests/xcsp3/cop/UNKNOWN/ProgressiveParty-rally-red12-09_c23.xml"", ""solver"": ""xcsp:ACE@2.4"", ""output_dir"": ""results_comparison"", ""global_time_limit"": 600, ""max_tries"": 50, ""tuning_file"": ""tests/psa/ace.tuning.json"", ""hpo_strategy"": ""hamming"", ""global_time_strategy"": ""PERCENT"", ""percent"": 0.2, ""round_time_strategy"": ""STATIC"", ""time_evolution"": ""STATIC"", ""stop_strategy"": ""TIMEOUT""}",122,"{""varh"": ""RunRobin"", ""valh"": ""First"", ""saf"": ""True"", ""pc1"": ""True"", ""bdc"": ""1"", ""toh"": ""False"", ""ng"": ""NO"", ""lc"": ""2"", ""negative"": ""V"", ""generic2"": ""True"", ""sb"": ""NO""}",1.08741187499254,2.2408050000085495,,ExitStatus.UNKNOWN,False,False,2.2408050000085495
2025-06-07T21:34:14.571085,ProgressiveParty-rally-red12-09_c23.xml,"{""input"": ""tests/xcsp3/cop/UNKNOWN/ProgressiveParty-rally-red12-09_c23.xml"", ""solver"": ""xcsp:ACE@2.4"", ""output_dir"": ""results_comparison"", ""global_time_limit"": 600, ""max_tries"": 50, ""tuning_file"": ""tests/psa/ace.tuning.json"", ""hpo_strategy"": ""hamming"", ""global_time_strategy"": ""PERCENT"", ""percent"": 0.2, ""round_time_strategy"": ""STATIC"", ""time_evolution"": ""STATIC"", ""stop_strategy"": ""TIMEOUT""}",123,"{""varh"": ""Rand"", ""valh"": ""First"", ""saf"": ""False"", ""pc1"": ""True"", ""bdc"": ""1"", ""toh"": ""False"", ""ng"": ""NO"", ""lc"": ""2"", ""negative"": ""V"", ""generic2"": ""False"", ""sb"": ""NO""}",1.08741187499254,2.1360522500181105,,ExitStatus.UNKNOWN,False,False,2.1360522500181105
2025-06-07T21:34:16.883629,ProgressiveParty-rally-red12-09_c23.xml,"{""input"": ""tests/xcsp3/cop/UNKNOWN/ProgressiveParty-rally-red12-09_c23.xml"", ""solver"": ""xcsp:ACE@2.4"", ""output_dir"": ""results_comparison"", ""global_time_limit"": 600, ""max_tries"": 50, ""tuning_file"": ""tests/psa/ace.tuning.json"", ""hpo_strategy"": ""hamming"", ""global_time_strategy"": ""PERCENT"", ""percent"": 0.2, ""round_time_strategy"": ""STATIC"", ""time_evolution"": ""STATIC"", ""stop_strategy"": ""TIMEOUT""}",124,"{""varh"": ""Wdeg"", ""valh"": ""First"", ""saf"": ""True"", ""pc1"": ""True"", ""bdc"": ""1"", ""toh"": ""False"", ""ng"": ""NO"", ""lc"": ""0"", ""negative"": ""V"", ""generic2"": ""True"", ""sb"": ""NO""}",1.08741187499254,2.101153041992802,,ExitStatus.UNKNOWN,False,False,2.101153041992802
2025-06-07T21:34:19.774307,ProgressiveParty-rally-red12-09_c23.xml,"{""input"": ""tests/xcsp3/cop/UNKNOWN/ProgressiveParty-rally-red12-09_c23.xml"", ""solver"": ""xcsp:ACE@2.4"", ""output_dir"": ""results_comparison"", ""global_time_limit"": 600, ""max_tries"": 50, ""tuning_file"": ""tests/psa/ace.tuning.json"", ""hpo_strategy"": ""hamming"", ""global_time_strategy"": ""PERCENT"", ""percent"": 0.2, ""round_time_strategy"": ""STATIC"", ""time_evolution"": ""STATIC"", ""stop_strategy"": ""TIMEOUT""}",125,"{""varh"": ""Wdeg"", ""valh"": ""Vals"", ""saf"": ""False"", ""pc1"": ""True"", ""bdc"": ""1"", ""toh"": ""False"", ""ng"": ""NO"", ""lc"": ""2"", ""negative"": ""STR1"", ""generic2"": ""True"", ""sb"": ""NO""}",1.08741187499254,2.6718317499908153,,ExitStatus.UNKNOWN,False,False,2.6718317499908153
2025-06-07T21:34:22.717962,ProgressiveParty-rally-red12-09_c23.xml,"{""input"": ""tests/xcsp3/cop/UNKNOWN/ProgressiveParty-rally-red12-09_c23.xml"", ""solver"": ""xcsp:ACE@2.4"", ""output_dir"": ""results_comparison"", ""global_time_limit"": 600, ""max_tries"": 50, ""tuning_file"": ""tests/psa/ace.tuning.json"", ""hpo_strategy"": ""hamming"", ""global_time_strategy"": ""PERCENT"", ""percent"": 0.2, ""round_time_strategy"": ""STATIC"", ""time_evolution"": ""STATIC"", ""stop_strategy"": ""TIMEOUT""}",126,"{""varh"": ""FrbaOnDom"", ""valh"": ""First"", ""saf"": ""False"", ""pc1"": ""True"", ""bdc"": ""1"", ""toh"": ""False"", ""ng"": ""NO"", ""lc"": ""2"", ""negative"": ""STR1N"", ""generic2"": ""True"", ""sb"": ""NO""}",1.08741187499254,2.6918587910186034,,ExitStatus.UNKNOWN,False,False,2.6918587910186034
2025-06-07T21:34:25.461244,ProgressiveParty-rally-red12-09_c23.xml,"{""input"": ""tests/xcsp3/cop/UNKNOWN/ProgressiveParty-rally-red12-09_c23.xml"", ""solver"": ""xcsp:ACE@2.4"", ""output_dir"": ""results_comparison"", ""global_time_limit"": 600, ""max_tries"": 50, ""tuning_file"": ""tests/psa/ace.tuning.json"", ""hpo_strategy"": ""hamming"", ""global_time_strategy"": ""PERCENT"", ""percent"": 0.2, ""round_time_strategy"": ""STATIC"", ""time_evolution"": ""STATIC"", ""stop_strategy"": ""TIMEOUT""}",127,"{""varh"": ""FrbaOnDom"", ""valh"": ""Last"", ""saf"": ""False"", ""pc1"": ""True"", ""bdc"": ""1"", ""toh"": ""False"", ""ng"": ""NO"", ""lc"": ""2"", ""negative"": ""V"", ""generic2"": ""True"", ""sb"": ""NO""}",1.08741187499254,2.4869113330205437,,ExitStatus.UNKNOWN,False,False,2.4869113330205437
2025-06-07T21:34:28.012879,ProgressiveParty-rally-red12-09_c23.xml,"{""input"": ""tests/xcsp3/cop/UNKNOWN/ProgressiveParty-rally-red12-09_c23.xml"", ""solver"": ""xcsp:ACE@2.4"", ""output_dir"": ""results_comparison"", ""global_time_limit"": 600, ""max_tries"": 50, ""tuning_file"": ""tests/psa/ace.tuning.json"", ""hpo_strategy"": ""hamming"", ""global_time_strategy"": ""PERCENT"", ""percent"": 0.2, ""round_time_strategy"": ""STATIC"", ""time_evolution"": ""STATIC"", ""stop_strategy"": ""TIMEOUT""}",128,"{""varh"": ""Wdeg"", ""valh"": ""First"", ""saf"": ""False"", ""pc1"": ""False"", ""bdc"": ""1"", ""toh"": ""False"", ""ng"": ""NO"", ""lc"": ""2"", ""negative"": ""STR1N"", ""generic2"": ""True"", ""sb"": ""NO""}",1.08741187499254,2.3050007080018986,,ExitStatus.UNKNOWN,False,False,2.3050007080018986
2025-06-07T21:34:30.381181,ProgressiveParty-rally-red12-09_c23.xml,"{""input"": ""tests/xcsp3/cop/UNKNOWN/ProgressiveParty-rally-red12-09_c23.xml"", ""solver"": ""xcsp:ACE@2.4"", ""output_dir"": ""results_comparison"", ""global_time_limit"": 600, ""max_tries"": 50, ""tuning_file"": ""tests/psa/ace.tuning.json"", ""hpo_strategy"": ""hamming"", ""global_time_strategy"": ""PERCENT"", ""percent"": 0.2, ""round_time_strategy"": ""STATIC"", ""time_evolution"": ""STATIC"", ""stop_strategy"": ""TIMEOUT""}",129,"{""varh"": ""Lexico"", ""valh"": ""First"", ""saf"": ""False"", ""pc1"": ""True"", ""bdc"": ""1"", ""toh"": ""True"", ""ng"": ""NO"", ""lc"": ""2"", ""negative"": ""V"", ""generic2"": ""True"", ""sb"": ""NO""}",1.08741187499254,2.157222208013991,,ExitStatus.UNKNOWN,False,False,2.157222208013991
2025-06-07T21:34:32.789067,ProgressiveParty-rally-red12-09_c23.xml,"{""input"": ""tests/xcsp3/cop/UNKNOWN/ProgressiveParty-rally-red12-09_c23.xml"", ""solver"": ""xcsp:ACE@2.4"", ""output_dir"": ""results_comparison"", ""global_time_limit"": 600, ""max_tries"": 50, ""tuning_file"": ""tests/psa/ace.tuning.json"", ""hpo_strategy"": ""hamming"", ""global_time_strategy"": ""PERCENT"", ""percent"": 0.2, ""round_time_strategy"": ""STATIC"", ""time_evolution"": ""STATIC"", ""stop_strategy"": ""TIMEOUT""}",130,"{""varh"": ""PickOnDom"", ""valh"": ""First"", ""saf"": ""False"", ""pc1"": ""True"", ""bdc"": ""1"", ""toh"": ""False"", ""ng"": ""NO"", ""lc"": ""2"", ""negative"": ""STR0"", ""generic2"": ""True"", ""sb"": ""NO""}",1.08741187499254,2.1911167500074953,,ExitStatus.UNKNOWN,False,False,2.1911167500074953
2025-06-07T21:34:35.209179,ProgressiveParty-rally-red12-09_c23.xml,"{""input"": ""tests/xcsp3/cop/UNKNOWN/ProgressiveParty-rally-red12-09_c23.xml"", ""solver"": ""xcsp:ACE@2.4"", ""output_dir"": ""results_comparison"", ""global_time_limit"": 600, ""max_tries"": 50, ""tuning_file"": ""tests/psa/ace.tuning.json"", ""hpo_strategy"": ""hamming"", ""global_time_strategy"": ""PERCENT"", ""percent"": 0.2, ""round_time_strategy"": ""STATIC"", ""time_evolution"": ""STATIC"", ""stop_strategy"": ""TIMEOUT""}",131,"{""varh"": ""RunRobin"", ""valh"": ""RunRobin"", ""saf"": ""False"", ""pc1"": ""True"", ""bdc"": ""1"", ""toh"": ""False"", ""ng"": ""NO"", ""lc"": ""2"", ""negative"": ""V"", ""generic2"": ""True"", ""sb"": ""NO""}",1.08741187499254,2.1763971250038594,,ExitStatus.UNKNOWN,False,False,2.1763971250038594
2025-06-07T21:34:38.021660,ProgressiveParty-rally-red12-09_c23.xml,"{""input"": ""tests/xcsp3/cop/UNKNOWN/ProgressiveParty-rally-red12-09_c23.xml"", ""solver"": ""xcsp:ACE@2.4"", ""output_dir"": ""results_comparison"", ""global_time_limit"": 600, ""max_tries"": 50, ""tuning_file"": ""tests/psa/ace.tuning.json"", ""hpo_strategy"": ""hamming"", ""global_time_strategy"": ""PERCENT"", ""percent"": 0.2, ""round_time_strategy"": ""STATIC"", ""time_evolution"": ""STATIC"", ""stop_strategy"": ""TIMEOUT""}",132,"{""varh"": ""Wdeg"", ""valh"": ""Median"", ""saf"": ""False"", ""pc1"": ""True"", ""bdc"": ""1"", ""toh"": ""False"", ""ng"": ""NO"", ""lc"": ""1"", ""negative"": ""V"", ""generic2"": ""True"", ""sb"": ""NO""}",1.08741187499254,2.5529866669967305,,ExitStatus.UNKNOWN,False,False,2.5529866669967305
2025-06-07T21:34:40.675302,ProgressiveParty-rally-red12-09_c23.xml,"{""input"": ""tests/xcsp3/cop/UNKNOWN/ProgressiveParty-rally-red12-09_c23.xml"", ""solver"": ""xcsp:ACE@2.4"", ""output_dir"": ""results_comparison"", ""global_time_limit"": 600, ""max_tries"": 50, ""tuning_file"": ""tests/psa/ace.tuning.json"", ""hpo_strategy"": ""hamming"", ""global_time_strategy"": ""PERCENT"", ""percent"": 0.2, ""round_time_strategy"": ""STATIC"", ""time_evolution"": ""STATIC"", ""stop_strategy"": ""TIMEOUT""}",133,"{""varh"": ""Lexico"", ""valh"": ""Bivs3"", ""saf"": ""False"", ""pc1"": ""True"", ""bdc"": ""1"", ""toh"": ""False"", ""ng"": ""NO"", ""lc"": ""2"", ""negative"": ""V"", ""generic2"": ""True"", ""sb"": ""NO""}",1.08741187499254,2.426389250002103,,ExitStatus.UNKNOWN,False,False,2.426389250002103
2025-06-07T21:34:43.252343,ProgressiveParty-rally-red12-09_c23.xml,"{""input"": ""tests/xcsp3/cop/UNKNOWN/ProgressiveParty-rally-red12-09_c23.xml"", ""solver"": ""xcsp:ACE@2.4"", ""output_dir"": ""results_comparison"", ""global_time_limit"": 600, ""max_tries"": 50, ""tuning_file"": ""tests/psa/ace.tuning.json"", ""hpo_strategy"": ""hamming"", ""global_time_strategy"": ""PERCENT"", ""percent"": 0.2, ""round_time_strategy"": ""STATIC"", ""time_evolution"": ""STATIC"", ""stop_strategy"": ""TIMEOUT""}",134,"{""varh"": ""Wdeg"", ""valh"": ""First"", ""saf"": ""False"", ""pc1"": ""True"", ""bdc"": ""1"", ""toh"": ""False"", ""ng"": ""NO"", ""lc"": ""10"", ""negative"": ""VA"", ""generic2"": ""True"", ""sb"": ""NO""}",1.08741187499254,2.3346392920066137,,ExitStatus.UNKNOWN,False,False,2.3346392920066137
2025-06-07T21:34:45.619220,ProgressiveParty-rally-red12-09_c23.xml,"{""input"": ""tests/xcsp3/cop/UNKNOWN/ProgressiveParty-rally-red12-09_c23.xml"", ""solver"": ""xcsp:ACE@2.4"", ""output_dir"": ""results_comparison"", ""global_time_limit"": 600, ""max_tries"": 50, ""tuning_file"": ""tests/psa/ace.tuning.json"", ""hpo_strategy"": ""hamming"", ""global_time_strategy"": ""PERCENT"", ""percent"": 0.2, ""round_time_strategy"": ""STATIC"", ""time_evolution"": ""STATIC"", ""stop_strategy"": ""TIMEOUT""}",135,"{""varh"": ""Rand"", ""valh"": ""Rand"", ""saf"": ""False"", ""pc1"": ""True"", ""bdc"": ""1"", ""toh"": ""False"", ""ng"": ""NO"", ""lc"": ""2"", ""negative"": ""V"", ""generic2"": ""True"", ""sb"": ""NO""}",1.08741187499254,2.144345417007571,,ExitStatus.UNKNOWN,False,False,2.144345417007571
2025-06-07T21:34:48.149497,ProgressiveParty-rally-red12-09_c23.xml,"{""input"": ""tests/xcsp3/cop/UNKNOWN/ProgressiveParty-rally-red12-09_c23.xml"", ""solver"": ""xcsp:ACE@2.4"", ""output_dir"": ""results_comparison"", ""global_time_limit"": 600, ""max_tries"": 50, ""tuning_file"": ""tests/psa/ace.tuning.json"", ""hpo_strategy"": ""hamming"", ""global_time_strategy"": ""PERCENT"", ""percent"": 0.2, ""round_time_strategy"": ""STATIC"", ""time_evolution"": ""STATIC"", ""stop_strategy"": ""TIMEOUT""}",136,"{""varh"": ""Wdeg"", ""valh"": ""First"", ""saf"": ""False"", ""pc1"": ""True"", ""bdc"": ""1"", ""toh"": ""False"", ""ng"": ""NO"", ""lc"": ""2"", ""negative"": ""STR2"", ""generic2"": ""False"", ""sb"": ""NO""}",1.08741187499254,2.3157064999977592,,ExitStatus.UNKNOWN,False,False,2.3157064999977592
2025-06-07T21:34:50.486669,ProgressiveParty-rally-red12-09_c23.xml,"{""input"": ""tests/xcsp3/cop/UNKNOWN/ProgressiveParty-rally-red12-09_c23.xml"", ""solver"": ""xcsp:ACE@2.4"", ""output_dir"": ""results_comparison"", ""global_time_limit"": 600, ""max_tries"": 50, ""tuning_file"": ""tests/psa/ace.tuning.json"", ""hpo_strategy"": ""hamming"", ""global_time_strategy"": ""PERCENT"", ""percent"": 0.2, ""round_time_strategy"": ""STATIC"", ""time_evolution"": ""STATIC"", ""stop_strategy"": ""TIMEOUT""}",137,"{""varh"": ""FrbaOnDom"", ""valh"": ""OccsR"", ""saf"": ""False"", ""pc1"": ""True"", ""bdc"": ""1"", ""toh"": ""False"", ""ng"": ""NO"", ""lc"": ""2"", ""negative"": ""V"", ""generic2"": ""True"", ""sb"": ""NO""}",1.08741187499254,2.108764999982668,,ExitStatus.UNKNOWN,False,False,2.108764999982668
2025-06-07T21:34:52.887542,ProgressiveParty-rally-red12-09_c23.xml,"{""input"": ""tests/xcsp3/cop/UNKNOWN/ProgressiveParty-rally-red12-09_c23.xml"", ""solver"": ""xcsp:ACE@2.4"", ""output_dir"": ""results_comparison"", ""global_time_limit"": 600, ""max_tries"": 50, ""tuning_file"": ""tests/psa/ace.tuning.json"", ""hpo_strategy"": ""hamming"", ""global_time_strategy"": ""PERCENT"", ""percent"": 0.2, ""round_time_strategy"": ""STATIC"", ""time_evolution"": ""STATIC"", ""stop_strategy"": ""TIMEOUT""}",138,"{""varh"": ""Wdeg"", ""valh"": ""First"", ""saf"": ""False"", ""pc1"": ""False"", ""bdc"": ""1"", ""toh"": ""False"", ""ng"": ""NO"", ""lc"": ""1"", ""negative"": ""V"", ""generic2"": ""True"", ""sb"": ""NO""}",1.08741187499254,2.1822125000180677,,ExitStatus.UNKNOWN,False,False,2.1822125000180677
2025-06-07T21:34:55.190399,ProgressiveParty-rally-red12-09_c23.xml,"{""input"": ""tests/xcsp3/cop/UNKNOWN/ProgressiveParty-rally-red12-09_c23.xml"", ""solver"": ""xcsp:ACE@2.4"", ""output_dir"": ""results_comparison"", ""global_time_limit"": 600, ""max_tries"": 50, ""tuning_file"": ""tests/psa/ace.tuning.json"", ""hpo_strategy"": ""hamming"", ""global_time_strategy"": ""PERCENT"", ""percent"": 0.2, ""round_time_strategy"": ""STATIC"", ""time_evolution"": ""STATIC"", ""stop_strategy"": ""TIMEOUT""}",139,"{""varh"": ""Wdeg"", ""valh"": ""Rand"", ""saf"": ""False"", ""pc1"": ""True"", ""bdc"": ""1"", ""toh"": ""False"", ""ng"": ""NO"", ""lc"": ""10"", ""negative"": ""V"", ""generic2"": ""True"", ""sb"": ""NO""}",1.08741187499254,2.0902570830076,,ExitStatus.UNKNOWN,False,False,2.0902570830076
2025-06-07T21:34:57.102649,ProgressiveParty-rally-red12-09_c23.xml,"{""input"": ""tests/xcsp3/cop/UNKNOWN/ProgressiveParty-rally-red12-09_c23.xml"", ""solver"": ""xcsp:ACE@2.4"", ""output_dir"": ""results_comparison"", ""global_time_limit"": 600, ""max_tries"": 50, ""tuning_file"": ""tests/psa/ace.tuning.json"", ""hpo_strategy"": ""hamming"", ""global_time_strategy"": ""PERCENT"", ""percent"": 0.2, ""round_time_strategy"": ""STATIC"", ""time_evolution"": ""STATIC"", ""stop_strategy"": ""TIMEOUT""}",140,"{""varh"": ""Wdeg"", ""valh"": ""Rand"", ""saf"": ""False"", ""pc1"": ""True"", ""bdc"": ""1"", ""toh"": ""False"", ""ng"": ""NO"", ""lc"": ""2"", ""negative"": ""CT"", ""generic2"": ""True"", ""sb"": ""NO""}",1.08741187499254,1.732785917003639,,ExitStatus.UNKNOWN,False,False,1.732785917003639
2025-06-07T21:34:59.069598,ProgressiveParty-rally-red12-09_c23.xml,"{""input"": ""tests/xcsp3/cop/UNKNOWN/ProgressiveParty-rally-red12-09_c23.xml"", ""solver"": ""xcsp:ACE@2.4"", ""output_dir"": ""results_comparison"", ""global_time_limit"": 600, ""max_tries"": 50, ""tuning_file"": ""tests/psa/ace.tuning.json"", ""hpo_strategy"": ""hamming"", ""global_time_strategy"": ""PERCENT"", ""percent"": 0.2, ""round_time_strategy"": ""STATIC"", ""time_evolution"": ""STATIC"", ""stop_strategy"": ""TIMEOUT""}",141,"{""varh"": ""Lexico"", ""valh"": ""Median"", ""saf"": ""False"", ""pc1"": ""True"", ""bdc"": ""1"", ""toh"": ""False"", ""ng"": ""NO"", ""lc"": ""2"", ""negative"": ""V"", ""generic2"": ""True"", ""sb"": ""NO""}",1.08741187499254,1.792894125013845,,ExitStatus.UNKNOWN,False,False,1.792894125013845
2025-06-07T21:35:01.003563,ProgressiveParty-rally-red12-09_c23.xml,"{""input"": ""tests/xcsp3/cop/UNKNOWN/ProgressiveParty-rally-red12-09_c23.xml"", ""solver"": ""xcsp:ACE@2.4"", ""output_dir"": ""results_comparison"", ""global_time_limit"": 600, ""max_tries"": 50, ""tuning_file"": ""tests/psa/ace.tuning.json"", ""hpo_strategy"": ""hamming"", ""global_time_strategy"": ""PERCENT"", ""percent"": 0.2, ""round_time_strategy"": ""STATIC"", ""time_evolution"": ""STATIC"", ""stop_strategy"": ""TIMEOUT""}",142,"{""varh"": ""RunRobin"", ""valh"": ""First"", ""saf"": ""False"", ""pc1"": ""True"", ""bdc"": ""100"", ""toh"": ""False"", ""ng"": ""NO"", ""lc"": ""2"", ""negative"": ""V"", ""generic2"": ""True"", ""sb"": ""NO""}",1.08741187499254,1.7264003340096679,,ExitStatus.UNKNOWN,False,False,1.7264003340096679
2025-06-07T21:35:02.339997,ProgressiveParty-rally-red12-09_c23.xml,"{""input"": ""tests/xcsp3/cop/UNKNOWN/ProgressiveParty-rally-red12-09_c23.xml"", ""solver"": ""xcsp:ACE@2.4"", ""output_dir"": ""results_comparison"", ""global_time_limit"": 600, ""max_tries"": 50, ""tuning_file"": ""tests/psa/ace.tuning.json"", ""hpo_strategy"": ""hamming"", ""global_time_strategy"": ""PERCENT"", ""percent"": 0.2, ""round_time_strategy"": ""STATIC"", ""time_evolution"": ""STATIC"", ""stop_strategy"": ""TIMEOUT""}",143,"{""varh"": ""Wdeg"", ""valh"": ""Last"", ""saf"": ""False"", ""pc1"": ""True"", ""bdc"": ""10"", ""toh"": ""False"", ""ng"": ""NO"", ""lc"": ""2"", ""negative"": ""V"", ""generic2"": ""True"", ""sb"": ""NO""}",1.08741187499254,1.115708083001664,12,ExitStatus.OPTIMAL,False,False,1.115708083001664
2025-06-07T21:35:04.030835,ProgressiveParty-rally-red12-09_c23.xml,"{""input"": ""tests/xcsp3/cop/UNKNOWN/ProgressiveParty-rally-red12-09_c23.xml"", ""solver"": ""xcsp:ACE@2.4"", ""output_dir"": ""results_comparison"", ""global_time_limit"": 600, ""max_tries"": 50, ""tuning_file"": ""tests/psa/ace.tuning.json"", ""hpo_strategy"": ""hamming"", ""global_time_strategy"": ""PERCENT"", ""percent"": 0.2, ""round_time_strategy"": ""STATIC"", ""time_evolution"": ""STATIC"", ""stop_strategy"": ""TIMEOUT""}",144,"{""varh"": ""Activity"", ""valh"": ""First"", ""saf"": ""False"", ""pc1"": ""True"", ""bdc"": ""1"", ""toh"": ""False"", ""ng"": ""NO"", ""lc"": ""2"", ""negative"": ""STR3"", ""generic2"": ""True"", ""sb"": ""NO""}",1.08741187499254,1.5725681250041816,9,ExitStatus.FEASIBLE,False,False,1.5725681250041816
2025-06-07T21:35:05.720898,ProgressiveParty-rally-red12-09_c23.xml,"{""input"": ""tests/xcsp3/cop/UNKNOWN/ProgressiveParty-rally-red12-09_c23.xml"", ""solver"": ""xcsp:ACE@2.4"", ""output_dir"": ""results_comparison"", ""global_time_limit"": 600, ""max_tries"": 50, ""tuning_file"": ""tests/psa/ace.tuning.json"", ""hpo_strategy"": ""hamming"", ""global_time_strategy"": ""PERCENT"", ""percent"": 0.2, ""round_time_strategy"": ""STATIC"", ""time_evolution"": ""STATIC"", ""stop_strategy"": ""TIMEOUT""}",145,"{""varh"": ""Rand"", ""valh"": ""First"", ""saf"": ""False"", ""pc1"": ""True"", ""bdc"": ""1"", ""toh"": ""False"", ""ng"": ""NO"", ""lc"": ""2"", ""negative"": ""CT"", ""generic2"": ""True"", ""sb"": ""NO""}",1.08741187499254,1.5742899999895599,9,ExitStatus.FEASIBLE,False,False,1.5742899999895599
2025-06-07T21:35:07.405149,ProgressiveParty-rally-red12-09_c23.xml,"{""input"": ""tests/xcsp3/cop/UNKNOWN/ProgressiveParty-rally-red12-09_c23.xml"", ""solver"": ""xcsp:ACE@2.4"", ""output_dir"": ""results_comparison"", ""global_time_limit"": 600, ""max_tries"": 50, ""tuning_file"": ""tests/psa/ace.tuning.json"", ""hpo_strategy"": ""hamming"", ""global_time_strategy"": ""PERCENT"", ""percent"": 0.2, ""round_time_strategy"": ""STATIC"", ""time_evolution"": ""STATIC"", ""stop_strategy"": ""TIMEOUT""}",146,"{""varh"": ""Wdeg"", ""valh"": ""Last"", ""saf"": ""False"", ""pc1"": ""True"", ""bdc"": ""1"", ""toh"": ""False"", ""ng"": ""NO"", ""lc"": ""2"", ""negative"": ""STR1"", ""generic2"": ""True"", ""sb"": ""NO""}",1.08741187499254,1.5712976659997366,9,ExitStatus.FEASIBLE,False,False,1.5712976659997366
2025-06-07T21:35:09.083216,ProgressiveParty-rally-red12-09_c23.xml,"{""input"": ""tests/xcsp3/cop/UNKNOWN/ProgressiveParty-rally-red12-09_c23.xml"", ""solver"": ""xcsp:ACE@2.4"", ""output_dir"": ""results_comparison"", ""global_time_limit"": 600, ""max_tries"": 50, ""tuning_file"": ""tests/psa/ace.tuning.json"", ""hpo_strategy"": ""hamming"", ""global_time_strategy"": ""PERCENT"", ""percent"": 0.2, ""round_time_strategy"": ""STATIC"", ""time_evolution"": ""STATIC"", ""stop_strategy"": ""TIMEOUT""}",147,"{""varh"": ""Activity"", ""valh"": ""RunRobin"", ""saf"": ""False"", ""pc1"": ""True"", ""bdc"": ""1"", ""toh"": ""False"", ""ng"": ""NO"", ""lc"": ""2"", ""negative"": ""V"", ""generic2"": ""True"", ""sb"": ""NO""}",1.08741187499254,1.5684308750205673,9,ExitStatus.FEASIBLE,False,False,1.5684308750205673
2025-06-07T21:35:10.476534,ProgressiveParty-rally-red12-09_c23.xml,"{""input"": ""tests/xcsp3/cop/UNKNOWN/ProgressiveParty-rally-red12-09_c23.xml"", ""solver"": ""xcsp:ACE@2.4"", ""output_dir"": ""results_comparison"", ""global_time_limit"": 600, ""max_tries"": 50, ""tuning_file"": ""tests/psa/ace.tuning.json"", ""hpo_strategy"": ""hamming"", ""global_time_strategy"": ""PERCENT"", ""percent"": 0.2, ""round_time_strategy"": ""STATIC"", ""time_evolution"": ""STATIC"", ""stop_strategy"": ""TIMEOUT""}",148,"{""varh"": ""PickOnDom"", ""valh"": ""First"", ""saf"": ""False"", ""pc1"": ""True"", ""bdc"": ""1"", ""toh"": ""False"", ""ng"": ""NO"", ""lc"": ""5"", ""negative"": ""V"", ""generic2"": ""True"", ""sb"": ""NO""}",1.08741187499254,1.2823692919919267,9,ExitStatus.OPTIMAL,False,False,1.2823692919919267
2025-06-07T21:35:12.156179,ProgressiveParty-rally-red12-09_c23.xml,"{""input"": ""tests/xcsp3/cop/UNKNOWN/ProgressiveParty-rally-red12-09_c23.xml"", ""solver"": ""xcsp:ACE@2.4"", ""output_dir"": ""results_comparison"", ""global_time_limit"": 600, ""max_tries"": 50, ""tuning_file"": ""tests/psa/ace.tuning.json"", ""hpo_strategy"": ""hamming"", ""global_time_strategy"": ""PERCENT"", ""percent"": 0.2, ""round_time_strategy"": ""STATIC"", ""time_evolution"": ""STATIC"", ""stop_strategy"": ""TIMEOUT""}",149,"{""varh"": ""Impact"", ""valh"": ""OccsR"", ""saf"": ""False"", ""pc1"": ""True"", ""bdc"": ""1"", ""toh"": ""False"", ""ng"": ""NO"", ""lc"": ""2"", ""negative"": ""V"", ""generic2"": ""True"", ""sb"": ""NO""}",1.08741187499254,1.5660614169901237,9,ExitStatus.FEASIBLE,False,False,1.5660614169901237
2025-06-07T21:35:13.837733,ProgressiveParty-rally-red12-09_c23.xml,"{""input"": ""tests/xcsp3/cop/UNKNOWN/ProgressiveParty-rally-red12-09_c23.xml"", ""solver"": ""xcsp:ACE@2.4"", ""output_dir"": ""results_comparison"", ""global_time_limit"": 600, ""max_tries"": 50, ""tuning_file"": ""tests/psa/ace.tuning.json"", ""hpo_strategy"": ""hamming"", ""global_time_strategy"": ""PERCENT"", ""percent"": 0.2, ""round_time_strategy"": ""STATIC"", ""time_evolution"": ""STATIC"", ""stop_strategy"": ""TIMEOUT""}",150,"{""varh"": ""Wdeg"", ""valh"": ""RunRobin"", ""saf"": ""True"", ""pc1"": ""True"", ""bdc"": ""1"", ""toh"": ""False"", ""ng"": ""NO"", ""lc"": ""2"", ""negative"": ""V"", ""generic2"": ""True"", ""sb"": ""NO""}",1.08741187499254,1.5675097919884138,9,ExitStatus.FEASIBLE,False,False,1.5675097919884138
2025-06-07T21:35:15.088908,ProgressiveParty-rally-red12-09_c23.xml,"{""input"": ""tests/xcsp3/cop/UNKNOWN/ProgressiveParty-rally-red12-09_c23.xml"", ""solver"": ""xcsp:ACE@2.4"", ""output_dir"": ""results_comparison"", ""global_time_limit"": 600, ""max_tries"": 50, ""tuning_file"": ""tests/psa/ace.tuning.json"", ""hpo_strategy"": ""hamming"", ""global_time_strategy"": ""PERCENT"", ""percent"": 0.2, ""round_time_strategy"": ""STATIC"", ""time_evolution"": ""STATIC"", ""stop_strategy"": ""TIMEOUT""}",151,"{""varh"": ""WdegOnDom"", ""valh"": ""First"", ""saf"": ""False"", ""pc1"": ""True"", ""bdc"": ""10"", ""toh"": ""False"", ""ng"": ""NO"", ""lc"": ""2"", ""negative"": ""V"", ""generic2"": ""True"", ""sb"": ""NO""}",1.08741187499254,1.1374850840074942,9,ExitStatus.OPTIMAL,False,False,1.1374850840074942
2025-06-07T21:35:16.772513,ProgressiveParty-rally-red12-09_c23.xml,"{""input"": ""tests/xcsp3/cop/UNKNOWN/ProgressiveParty-rally-red12-09_c23.xml"", ""solver"": ""xcsp:ACE@2.4"", ""output_dir"": ""results_comparison"", ""global_time_limit"": 600, ""max_tries"": 50, ""tuning_file"": ""tests/psa/ace.tuning.json"", ""hpo_strategy"": ""hamming"", ""global_time_strategy"": ""PERCENT"", ""percent"": 0.2, ""round_time_strategy"": ""STATIC"", ""time_evolution"": ""STATIC"", ""stop_strategy"": ""TIMEOUT""}",152,"{""varh"": ""Wdeg"", ""valh"": ""FlrsE"", ""saf"": ""False"", ""pc1"": ""False"", ""bdc"": ""1"", ""toh"": ""False"", ""ng"": ""NO"", ""lc"": ""2"", ""negative"": ""V"", ""generic2"": ""True"", ""sb"": ""NO""}",1.08741187499254,1.571244916995056,9,ExitStatus.FEASIBLE,False,False,1.571244916995056
2025-06-07T21:35:22.890056,ProgressiveParty-rally-red12-09_c23.xml,"{""input"": ""tests/xcsp3/cop/UNKNOWN/ProgressiveParty-rally-red12-09_c23.xml"", ""solver"": ""xcsp:ACE@2.4"", ""output_dir"": ""results_comparison"", ""global_time_limit"": 600, ""max_tries"": 50, ""tuning_file"": ""tests/psa/ace.tuning.json"", ""hpo_strategy"": ""hamming"", ""global_time_strategy"": ""PERCENT"", ""percent"": 0.2, ""round_time_strategy"": ""STATIC"", ""time_evolution"": ""STATIC"", ""stop_strategy"": ""TIMEOUT""}",153,"{""varh"": ""Wdeg"", ""valh"": ""Conflicts"", ""saf"": ""False"", ""pc1"": ""True"", ""bdc"": ""1000"", ""toh"": ""False"", ""ng"": ""NO"", ""lc"": ""2"", ""negative"": ""V"", ""generic2"": ""True"", ""sb"": ""NO""}",1.08741187499254,1,,ExitStatus.UNKNOWN,False,False,1
2025-06-07T21:35:24.255215,ProgressiveParty-rally-red12-09_c23.xml,"{""input"": ""tests/xcsp3/cop/UNKNOWN/ProgressiveParty-rally-red12-09_c23.xml"", ""solver"": ""xcsp:ACE@2.4"", ""output_dir"": ""results_comparison"", ""global_time_limit"": 600, ""max_tries"": 50, ""tuning_file"": ""tests/psa/ace.tuning.json"", ""hpo_strategy"": ""hamming"", ""global_time_strategy"": ""PERCENT"", ""percent"": 0.2, ""round_time_strategy"": ""STATIC"", ""time_evolution"": ""STATIC"", ""stop_strategy"": ""TIMEOUT""}",154,"{""varh"": ""Wdeg"", ""valh"": ""First"", ""saf"": ""False"", ""pc1"": ""True"", ""bdc"": ""1000"", ""toh"": ""False"", ""ng"": ""NO"", ""lc"": ""2"", ""negative"": ""STR1"", ""generic2"": ""True"", ""sb"": ""NO""}",1.08741187499254,1.2508886660216376,,ExitStatus.UNKNOWN,False,False,1.2508886660216376
2025-06-07T21:35:25.980529,ProgressiveParty-rally-red12-09_c23.xml,"{""input"": ""tests/xcsp3/cop/UNKNOWN/ProgressiveParty-rally-red12-09_c23.xml"", ""solver"": ""xcsp:ACE@2.4"", ""output_dir"": ""results_comparison"", ""global_time_limit"": 600, ""max_tries"": 50, ""tuning_file"": ""tests/psa/ace.tuning.json"", ""hpo_strategy"": ""hamming"", ""global_time_strategy"": ""PERCENT"", ""percent"": 0.2, ""round_time_strategy"": ""STATIC"", ""time_evolution"": ""STATIC"", ""stop_strategy"": ""TIMEOUT""}",155,"{""varh"": ""Wdeg"", ""valh"": ""First"", ""saf"": ""False"", ""pc1"": ""True"", ""bdc"": ""1"", ""toh"": ""False"", ""ng"": ""NO"", ""lc"": ""2"", ""negative"": ""VA"", ""generic2"": ""False"", ""sb"": ""NO""}",1.08741187499254,1.5943770830053836,9,ExitStatus.FEASIBLE,False,False,1.5943770830053836
2025-06-07T21:35:27.692301,ProgressiveParty-rally-red12-09_c23.xml,"{""input"": ""tests/xcsp3/cop/UNKNOWN/ProgressiveParty-rally-red12-09_c23.xml"", ""solver"": ""xcsp:ACE@2.4"", ""output_dir"": ""results_comparison"", ""global_time_limit"": 600, ""max_tries"": 50, ""tuning_file"": ""tests/psa/ace.tuning.json"", ""hpo_strategy"": ""hamming"", ""global_time_strategy"": ""PERCENT"", ""percent"": 0.2, ""round_time_strategy"": ""STATIC"", ""time_evolution"": ""STATIC"", ""stop_strategy"": ""TIMEOUT""}",156,"{""varh"": ""Wdeg"", ""valh"": ""First"", ""saf"": ""False"", ""pc1"": ""True"", ""bdc"": ""1"", ""toh"": ""True"", ""ng"": ""NO"", ""lc"": ""2"", ""negative"": ""STR2N"", ""generic2"": ""True"", ""sb"": ""NO""}",1.08741187499254,1.582168917026138,9,ExitStatus.FEASIBLE,False,False,1.582168917026138
2025-06-07T21:35:29.422886,ProgressiveParty-rally-red12-09_c23.xml,"{""input"": ""tests/xcsp3/cop/UNKNOWN/ProgressiveParty-rally-red12-09_c23.xml"", ""solver"": ""xcsp:ACE@2.4"", ""output_dir"": ""results_comparison"", ""global_time_limit"": 600, ""max_tries"": 50, ""tuning_file"": ""tests/psa/ace.tuning.json"", ""hpo_strategy"": ""hamming"", ""global_time_strategy"": ""PERCENT"", ""percent"": 0.2, ""round_time_strategy"": ""STATIC"", ""time_evolution"": ""STATIC"", ""stop_strategy"": ""TIMEOUT""}",157,"{""varh"": ""Wdeg"", ""valh"": ""RunRobin"", ""saf"": ""False"", ""pc1"": ""False"", ""bdc"": ""1"", ""toh"": ""False"", ""ng"": ""NO"", ""lc"": ""2"", ""negative"": ""V"", ""generic2"": ""True"", ""sb"": ""NO""}",1.08741187499254,1.5979729999962728,9,ExitStatus.FEASIBLE,False,False,1.5979729999962728
2025-06-07T21:35:31.153016,ProgressiveParty-rally-red12-09_c23.xml,"{""input"": ""tests/xcsp3/cop/UNKNOWN/ProgressiveParty-rally-red12-09_c23.xml"", ""solver"": ""xcsp:ACE@2.4"", ""output_dir"": ""results_comparison"", ""global_time_limit"": 600, ""max_tries"": 50, ""tuning_file"": ""tests/psa/ace.tuning.json"", ""hpo_strategy"": ""hamming"", ""global_time_strategy"": ""PERCENT"", ""percent"": 0.2, ""round_time_strategy"": ""STATIC"", ""time_evolution"": ""STATIC"", ""stop_strategy"": ""TIMEOUT""}",158,"{""varh"": ""Wdeg"", ""valh"": ""Rand"", ""saf"": ""False"", ""pc1"": ""True"", ""bdc"": ""1"", ""toh"": ""False"", ""ng"": ""NO"", ""lc"": ""2"", ""negative"": ""STR1N"", ""generic2"": ""True"", ""sb"": ""NO""}",1.08741187499254,1.6000598330283538,9,ExitStatus.FEASIBLE,False,False,1.6000598330283538
2025-06-07T21:35:32.878419,ProgressiveParty-rally-red12-09_c23.xml,"{""input"": ""tests/xcsp3/cop/UNKNOWN/ProgressiveParty-rally-red12-09_c23.xml"", ""solver"": ""xcsp:ACE@2.4"", ""output_dir"": ""results_comparison"", ""global_time_limit"": 600, ""max_tries"": 50, ""tuning_file"": ""tests/psa/ace.tuning.json"", ""hpo_strategy"": ""hamming"", ""global_time_strategy"": ""PERCENT"", ""percent"": 0.2, ""round_time_strategy"": ""STATIC"", ""time_evolution"": ""STATIC"", ""stop_strategy"": ""TIMEOUT""}",159,"{""varh"": ""Wdeg"", ""valh"": ""First"", ""saf"": ""True"", ""pc1"": ""True"", ""bdc"": ""1"", ""toh"": ""True"", ""ng"": ""NO"", ""lc"": ""2"", ""negative"": ""V"", ""generic2"": ""True"", ""sb"": ""NO""}",1.08741187499254,1.5964544999878854,9,ExitStatus.FEASIBLE,False,False,1.5964544999878854
2025-06-07T21:35:34.613806,ProgressiveParty-rally-red12-09_c23.xml,"{""input"": ""tests/xcsp3/cop/UNKNOWN/ProgressiveParty-rally-red12-09_c23.xml"", ""solver"": ""xcsp:ACE@2.4"", ""output_dir"": ""results_comparison"", ""global_time_limit"": 600, ""max_tries"": 50, ""tuning_file"": ""tests/psa/ace.tuning.json"", ""hpo_strategy"": ""hamming"", ""global_time_strategy"": ""PERCENT"", ""percent"": 0.2, ""round_time_strategy"": ""STATIC"", ""time_evolution"": ""STATIC"", ""stop_strategy"": ""TIMEOUT""}",160,"{""varh"": ""Wdeg"", ""valh"": ""First"", ""saf"": ""False"", ""pc1"": ""True"", ""bdc"": ""1"", ""toh"": ""True"", ""ng"": ""NO"", ""lc"": ""2"", ""negative"": ""VA"", ""generic2"": ""True"", ""sb"": ""NO""}",1.08741187499254,1.6053792079910636,9,ExitStatus.FEASIBLE,False,False,1.6053792079910636
2025-06-07T21:35:36.330606,ProgressiveParty-rally-red12-09_c23.xml,"{""input"": ""tests/xcsp3/cop/UNKNOWN/ProgressiveParty-rally-red12-09_c23.xml"", ""solver"": ""xcsp:ACE@2.4"", ""output_dir"": ""results_comparison"", ""global_time_limit"": 600, ""max_tries"": 50, ""tuning_file"": ""tests/psa/ace.tuning.json"", ""hpo_strategy"": ""hamming"", ""global_time_strategy"": ""PERCENT"", ""percent"": 0.2, ""round_time_strategy"": ""STATIC"", ""time_evolution"": ""STATIC"", ""stop_strategy"": ""TIMEOUT""}",161,"{""varh"": ""FrbaOnDom"", ""valh"": ""Median"", ""saf"": ""False"", ""pc1"": ""True"", ""bdc"": ""1"", ""toh"": ""False"", ""ng"": ""NO"", ""lc"": ""2"", ""negative"": ""V"", ""generic2"": ""True"", ""sb"": ""NO""}",1.08741187499254,1.5864468330109958,9,ExitStatus.FEASIBLE,False,False,1.5864468330109958
2025-06-07T21:35:38.073260,ProgressiveParty-rally-red12-09_c23.xml,"{""input"": ""tests/xcsp3/cop/UNKNOWN/ProgressiveParty-rally-red12-09_c23.xml"", ""solver"": ""xcsp:ACE@2.4"", ""output_dir"": ""results_comparison"", ""global_time_limit"": 600, ""max_tries"": 50, ""tuning_file"": ""tests/psa/ace.tuning.json"", ""hpo_strategy"": ""hamming"", ""global_time_strategy"": ""PERCENT"", ""percent"": 0.2, ""round_time_strategy"": ""STATIC"", ""time_evolution"": ""STATIC"", ""stop_strategy"": ""TIMEOUT""}",162,"{""varh"": ""Rand"", ""valh"": ""First"", ""saf"": ""False"", ""pc1"": ""True"", ""bdc"": ""1"", ""toh"": ""False"", ""ng"": ""NO"", ""lc"": ""0"", ""negative"": ""V"", ""generic2"": ""True"", ""sb"": ""NO""}",1.08741187499254,1.6085441670147702,9,ExitStatus.FEASIBLE,False,False,1.6085441670147702
2025-06-07T21:35:39.910794,ProgressiveParty-rally-red12-09_c23.xml,"{""input"": ""tests/xcsp3/cop/UNKNOWN/ProgressiveParty-rally-red12-09_c23.xml"", ""solver"": ""xcsp:ACE@2.4"", ""output_dir"": ""results_comparison"", ""global_time_limit"": 600, ""max_tries"": 50, ""tuning_file"": ""tests/psa/ace.tuning.json"", ""hpo_strategy"": ""hamming"", ""global_time_strategy"": ""PERCENT"", ""percent"": 0.2, ""round_time_strategy"": ""STATIC"", ""time_evolution"": ""STATIC"", ""stop_strategy"": ""TIMEOUT""}",163,"{""varh"": ""Memory"", ""valh"": ""Rand"", ""saf"": ""False"", ""pc1"": ""True"", ""bdc"": ""1"", ""toh"": ""False"", ""ng"": ""NO"", ""lc"": ""2"", ""negative"": ""V"", ""generic2"": ""True"", ""sb"": ""NO""}",1.08741187499254,1.6781912919832394,,ExitStatus.UNKNOWN,False,False,1.6781912919832394
2025-06-07T21:35:41.812025,ProgressiveParty-rally-red12-09_c23.xml,"{""input"": ""tests/xcsp3/cop/UNKNOWN/ProgressiveParty-rally-red12-09_c23.xml"", ""solver"": ""xcsp:ACE@2.4"", ""output_dir"": ""results_comparison"", ""global_time_limit"": 600, ""max_tries"": 50, ""tuning_file"": ""tests/psa/ace.tuning.json"", ""hpo_strategy"": ""hamming"", ""global_time_strategy"": ""PERCENT"", ""percent"": 0.2, ""round_time_strategy"": ""STATIC"", ""time_evolution"": ""STATIC"", ""stop_strategy"": ""TIMEOUT""}",164,"{""varh"": ""Wdeg"", ""valh"": ""Median"", ""saf"": ""False"", ""pc1"": ""True"", ""bdc"": ""1"", ""toh"": ""False"", ""ng"": ""NO"", ""lc"": ""0"", ""negative"": ""V"", ""generic2"": ""True"", ""sb"": ""NO""}",1.08741187499254,1.7670483340043575,,ExitStatus.UNKNOWN,False,False,1.7670483340043575
2025-06-07T21:35:43.730927,ProgressiveParty-rally-red12-09_c23.xml,"{""input"": ""tests/xcsp3/cop/UNKNOWN/ProgressiveParty-rally-red12-09_c23.xml"", ""solver"": ""xcsp:ACE@2.4"", ""output_dir"": ""results_comparison"", ""global_time_limit"": 600, ""max_tries"": 50, ""tuning_file"": ""tests/psa/ace.tuning.json"", ""hpo_strategy"": ""hamming"", ""global_time_strategy"": ""PERCENT"", ""percent"": 0.2, ""round_time_strategy"": ""STATIC"", ""time_evolution"": ""STATIC"", ""stop_strategy"": ""TIMEOUT""}",165,"{""varh"": ""Activity"", ""valh"": ""First"", ""saf"": ""False"", ""pc1"": ""True"", ""bdc"": ""1"", ""toh"": ""False"", ""ng"": ""NO"", ""lc"": ""2"", ""negative"": ""VA"", ""generic2"": ""True"", ""sb"": ""NO""}",1.08741187499254,1.7248104169848375,,ExitStatus.UNKNOWN,False,False,1.7248104169848375
2025-06-07T21:35:45.322289,ProgressiveParty-rally-red12-09_c23.xml,"{""input"": ""tests/xcsp3/cop/UNKNOWN/ProgressiveParty-rally-red12-09_c23.xml"", ""solver"": ""xcsp:ACE@2.4"", ""output_dir"": ""results_comparison"", ""global_time_limit"": 600, ""max_tries"": 50, ""tuning_file"": ""tests/psa/ace.tuning.json"", ""hpo_strategy"": ""hamming"", ""global_time_strategy"": ""PERCENT"", ""percent"": 0.2, ""round_time_strategy"": ""STATIC"", ""time_evolution"": ""STATIC"", ""stop_strategy"": ""TIMEOUT""}",166,"{""varh"": ""Wdeg"", ""valh"": ""Vals"", ""saf"": ""False"", ""pc1"": ""True"", ""bdc"": ""1000"", ""toh"": ""False"", ""ng"": ""NO"", ""lc"": ""2"", ""negative"": ""V"", ""generic2"": ""True"", ""sb"": ""NO""}",1.08741187499254,1.458761042013066,,ExitStatus.UNKNOWN,False,False,1.458761042013066
2025-06-07T21:35:47.496533,ProgressiveParty-rally-red12-09_c23.xml,"{""input"": ""tests/xcsp3/cop/UNKNOWN/ProgressiveParty-rally-red12-09_c23.xml"", ""solver"": ""xcsp:ACE@2.4"", ""output_dir"": ""results_comparison"", ""global_time_limit"": 600, ""max_tries"": 50, ""tuning_file"": ""tests/psa/ace.tuning.json"", ""hpo_strategy"": ""hamming"", ""global_time_strategy"": ""PERCENT"", ""percent"": 0.2, ""round_time_strategy"": ""STATIC"", ""time_evolution"": ""STATIC"", ""stop_strategy"": ""TIMEOUT""}",167,"{""varh"": ""Wdeg"", ""valh"": ""OccsR"", ""saf"": ""False"", ""pc1"": ""True"", ""bdc"": ""100"", ""toh"": ""False"", ""ng"": ""NO"", ""lc"": ""2"", ""negative"": ""V"", ""generic2"": ""True"", ""sb"": ""NO""}",1.08741187499254,1.956552624993492,,ExitStatus.UNKNOWN,False,False,1.956552624993492
2025-06-07T21:35:49.671769,ProgressiveParty-rally-red12-09_c23.xml,"{""input"": ""tests/xcsp3/cop/UNKNOWN/ProgressiveParty-rally-red12-09_c23.xml"", ""solver"": ""xcsp:ACE@2.4"", ""output_dir"": ""results_comparison"", ""global_time_limit"": 600, ""max_tries"": 50, ""tuning_file"": ""tests/psa/ace.tuning.json"", ""hpo_strategy"": ""hamming"", ""global_time_strategy"": ""PERCENT"", ""percent"": 0.2, ""round_time_strategy"": ""STATIC"", ""time_evolution"": ""STATIC"", ""stop_strategy"": ""TIMEOUT""}",168,"{""varh"": ""Wdeg"", ""valh"": ""Last"", ""saf"": ""False"", ""pc1"": ""True"", ""bdc"": ""1"", ""toh"": ""False"", ""ng"": ""NO"", ""lc"": ""2"", ""negative"": ""STR0"", ""generic2"": ""True"", ""sb"": ""NO""}",1.08741187499254,1.974220707983477,,ExitStatus.UNKNOWN,False,False,1.974220707983477
2025-06-07T21:35:51.677119,ProgressiveParty-rally-red12-09_c23.xml,"{""input"": ""tests/xcsp3/cop/UNKNOWN/ProgressiveParty-rally-red12-09_c23.xml"", ""solver"": ""xcsp:ACE@2.4"", ""output_dir"": ""results_comparison"", ""global_time_limit"": 600, ""max_tries"": 50, ""tuning_file"": ""tests/psa/ace.tuning.json"", ""hpo_strategy"": ""hamming"", ""global_time_strategy"": ""PERCENT"", ""percent"": 0.2, ""round_time_strategy"": ""STATIC"", ""time_evolution"": ""STATIC"", ""stop_strategy"": ""TIMEOUT""}",169,"{""varh"": ""Wdeg"", ""valh"": ""Conflicts"", ""saf"": ""False"", ""pc1"": ""False"", ""bdc"": ""1"", ""toh"": ""False"", ""ng"": ""NO"", ""lc"": ""2"", ""negative"": ""V"", ""generic2"": ""True"", ""sb"": ""NO""}",1.08741187499254,1.8299822499975562,,ExitStatus.UNKNOWN,False,False,1.8299822499975562
2025-06-07T21:35:53.456218,ProgressiveParty-rally-red12-09_c23.xml,"{""input"": ""tests/xcsp3/cop/UNKNOWN/ProgressiveParty-rally-red12-09_c23.xml"", ""solver"": ""xcsp:ACE@2.4"", ""output_dir"": ""results_comparison"", ""global_time_limit"": 600, ""max_tries"": 50, ""tuning_file"": ""tests/psa/ace.tuning.json"", ""hpo_strategy"": ""hamming"", ""global_time_strategy"": ""PERCENT"", ""percent"": 0.2, ""round_time_strategy"": ""STATIC"", ""time_evolution"": ""STATIC"", ""stop_strategy"": ""TIMEOUT""}",170,"{""varh"": ""Wdeg"", ""valh"": ""Median"", ""saf"": ""False"", ""pc1"": ""True"", ""bdc"": ""1"", ""toh"": ""False"", ""ng"": ""NO"", ""lc"": ""2"", ""negative"": ""STR2"", ""generic2"": ""True"", ""sb"": ""NO""}",1.08741187499254,1.6468935410084669,9,ExitStatus.FEASIBLE,False,False,1.6468935410084669
2025-06-07T21:35:55.193445,ProgressiveParty-rally-red12-09_c23.xml,"{""input"": ""tests/xcsp3/cop/UNKNOWN/ProgressiveParty-rally-red12-09_c23.xml"", ""solver"": ""xcsp:ACE@2.4"", ""output_dir"": ""results_comparison"", ""global_time_limit"": 600, ""max_tries"": 50, ""tuning_file"": ""tests/psa/ace.tuning.json"", ""hpo_strategy"": ""hamming"", ""global_time_strategy"": ""PERCENT"", ""percent"": 0.2, ""round_time_strategy"": ""STATIC"", ""time_evolution"": ""STATIC"", ""stop_strategy"": ""TIMEOUT""}",171,"{""varh"": ""Lexico"", ""valh"": ""First"", ""saf"": ""False"", ""pc1"": ""True"", ""bdc"": ""1"", ""toh"": ""False"", ""ng"": ""NO"", ""lc"": ""2"", ""negative"": ""STR2N"", ""generic2"": ""True"", ""sb"": ""NO""}",1.08741187499254,1.6056156250124332,9,ExitStatus.FEASIBLE,False,False,1.6056156250124332
2025-06-07T21:35:57.177162,ProgressiveParty-rally-red12-09_c23.xml,"{""input"": ""tests/xcsp3/cop/UNKNOWN/ProgressiveParty-rally-red12-09_c23.xml"", ""solver"": ""xcsp:ACE@2.4"", ""output_dir"": ""results_comparison"", ""global_time_limit"": 600, ""max_tries"": 50, ""tuning_file"": ""tests/psa/ace.tuning.json"", ""hpo_strategy"": ""hamming"", ""global_time_strategy"": ""PERCENT"", ""percent"": 0.2, ""round_time_strategy"": ""STATIC"", ""time_evolution"": ""STATIC"", ""stop_strategy"": ""TIMEOUT""}",172,"{""varh"": ""Wdeg"", ""valh"": ""Rand"", ""saf"": ""False"", ""pc1"": ""True"", ""bdc"": ""1"", ""toh"": ""False"", ""ng"": ""NO"", ""lc"": ""2"", ""negative"": ""STR0"", ""generic2"": ""True"", ""sb"": ""NO""}",1.08741187499254,1.8499399590073153,,ExitStatus.UNKNOWN,False,False,1.8499399590073153
2025-06-07T21:35:59.324700,ProgressiveParty-rally-red12-09_c23.xml,"{""input"": ""tests/xcsp3/cop/UNKNOWN/ProgressiveParty-rally-red12-09_c23.xml"", ""solver"": ""xcsp:ACE@2.4"", ""output_dir"": ""results_comparison"", ""global_time_limit"": 600, ""max_tries"": 50, ""tuning_file"": ""tests/psa/ace.tuning.json"", ""hpo_strategy"": ""hamming"", ""global_time_strategy"": ""PERCENT"", ""percent"": 0.2, ""round_time_strategy"": ""STATIC"", ""time_evolution"": ""STATIC"", ""stop_strategy"": ""TIMEOUT""}",173,"{""varh"": ""Lexico"", ""valh"": ""First"", ""saf"": ""False"", ""pc1"": ""True"", ""bdc"": ""1"", ""toh"": ""False"", ""ng"": ""NO"", ""lc"": ""2"", ""negative"": ""VA"", ""generic2"": ""True"", ""sb"": ""NO""}",1.08741187499254,1.934276583022438,,ExitStatus.UNKNOWN,False,False,1.934276583022438
2025-06-07T21:36:01.584379,ProgressiveParty-rally-red12-09_c23.xml,"{""input"": ""tests/xcsp3/cop/UNKNOWN/ProgressiveParty-rally-red12-09_c23.xml"", ""solver"": ""xcsp:ACE@2.4"", ""output_dir"": ""results_comparison"", ""global_time_limit"": 600, ""max_tries"": 50, ""tuning_file"": ""tests/psa/ace.tuning.json"", ""hpo_strategy"": ""hamming"", ""global_time_strategy"": ""PERCENT"", ""percent"": 0.2, ""round_time_strategy"": ""STATIC"", ""time_evolution"": ""STATIC"", ""stop_strategy"": ""TIMEOUT""}",174,"{""varh"": ""Wdeg"", ""valh"": ""Median"", ""saf"": ""False"", ""pc1"": ""True"", ""bdc"": ""1"", ""toh"": ""False"", ""ng"": ""NO"", ""lc"": ""2"", ""negative"": ""VA"", ""generic2"": ""True"", ""sb"": ""NO""}",1.08741187499254,2.0446593330125324,,ExitStatus.UNKNOWN,False,False,2.0446593330125324
2025-06-07T21:36:03.826951,ProgressiveParty-rally-red12-09_c23.xml,"{""input"": ""tests/xcsp3/cop/UNKNOWN/ProgressiveParty-rally-red12-09_c23.xml"", ""solver"": ""xcsp:ACE@2.4"", ""output_dir"": ""results_comparison"", ""global_time_limit"": 600, ""max_tries"": 50, ""tuning_file"": ""tests/psa/ace.tuning.json"", ""hpo_strategy"": ""hamming"", ""global_time_strategy"": ""PERCENT"", ""percent"": 0.2, ""round_time_strategy"": ""STATIC"", ""time_evolution"": ""STATIC"", ""stop_strategy"": ""TIMEOUT""}",175,"{""varh"": ""Wdeg"", ""valh"": ""RunRobin"", ""saf"": ""False"", ""pc1"": ""True"", ""bdc"": ""1"", ""toh"": ""False"", ""ng"": ""NO"", ""lc"": ""0"", ""negative"": ""V"", ""generic2"": ""True"", ""sb"": ""NO""}",1.08741187499254,2.017608416004805,,ExitStatus.UNKNOWN,False,False,2.017608416004805
2025-06-07T21:36:05.931145,ProgressiveParty-rally-red12-09_c23.xml,"{""input"": ""tests/xcsp3/cop/UNKNOWN/ProgressiveParty-rally-red12-09_c23.xml"", ""solver"": ""xcsp:ACE@2.4"", ""output_dir"": ""results_comparison"", ""global_time_limit"": 600, ""max_tries"": 50, ""tuning_file"": ""tests/psa/ace.tuning.json"", ""hpo_strategy"": ""hamming"", ""global_time_strategy"": ""PERCENT"", ""percent"": 0.2, ""round_time_strategy"": ""STATIC"", ""time_evolution"": ""STATIC"", ""stop_strategy"": ""TIMEOUT""}",176,"{""varh"": ""Wdeg"", ""valh"": ""First"", ""saf"": ""False"", ""pc1"": ""True"", ""bdc"": ""1"", ""toh"": ""False"", ""ng"": ""NO"", ""lc"": ""1"", ""negative"": ""VA"", ""generic2"": ""True"", ""sb"": ""NO""}",1.08741187499254,1.9254287500225473,,ExitStatus.UNKNOWN,False,False,1.9254287500225473
2025-06-07T21:36:07.885569,ProgressiveParty-rally-red12-09_c23.xml,"{""input"": ""tests/xcsp3/cop/UNKNOWN/ProgressiveParty-rally-red12-09_c23.xml"", ""solver"": ""xcsp:ACE@2.4"", ""output_dir"": ""results_comparison"", ""global_time_limit"": 600, ""max_tries"": 50, ""tuning_file"": ""tests/psa/ace.tuning.json"", ""hpo_strategy"": ""hamming"", ""global_time_strategy"": ""PERCENT"", ""percent"": 0.2, ""round_time_strategy"": ""STATIC"", ""time_evolution"": ""STATIC"", ""stop_strategy"": ""TIMEOUT""}",177,"{""varh"": ""WdegOnDom"", ""valh"": ""First"", ""saf"": ""False"", ""pc1"": ""True"", ""bdc"": ""100"", ""toh"": ""False"", ""ng"": ""NO"", ""lc"": ""2"", ""negative"": ""V"", ""generic2"": ""True"", ""sb"": ""NO""}",1.08741187499254,1.8120801659824792,,ExitStatus.UNKNOWN,False,False,1.8120801659824792
2025-06-07T21:36:10.491519,ProgressiveParty-rally-red12-09_c23.xml,"{""input"": ""tests/xcsp3/cop/UNKNOWN/ProgressiveParty-rally-red12-09_c23.xml"", ""solver"": ""xcsp:ACE@2.4"", ""output_dir"": ""results_comparison"", ""global_time_limit"": 600, ""max_tries"": 50, ""tuning_file"": ""tests/psa/ace.tuning.json"", ""hpo_strategy"": ""hamming"", ""global_time_strategy"": ""PERCENT"", ""percent"": 0.2, ""round_time_strategy"": ""STATIC"", ""time_evolution"": ""STATIC"", ""stop_strategy"": ""TIMEOUT""}",178,"{""varh"": ""Wdeg"", ""valh"": ""First"", ""saf"": ""False"", ""pc1"": ""True"", ""bdc"": ""100"", ""toh"": ""False"", ""ng"": ""NO"", ""lc"": ""2"", ""negative"": ""STR1"", ""generic2"": ""True"", ""sb"": ""NO""}",1.08741187499254,2.4404388749971986,,ExitStatus.UNKNOWN,False,False,2.4404388749971986
2025-06-07T21:36:12.785036,ProgressiveParty-rally-red12-09_c23.xml,"{""input"": ""tests/xcsp3/cop/UNKNOWN/ProgressiveParty-rally-red12-09_c23.xml"", ""solver"": ""xcsp:ACE@2.4"", ""output_dir"": ""results_comparison"", ""global_time_limit"": 600, ""max_tries"": 50, ""tuning_file"": ""tests/psa/ace.tuning.json"", ""hpo_strategy"": ""hamming"", ""global_time_strategy"": ""PERCENT"", ""percent"": 0.2, ""round_time_strategy"": ""STATIC"", ""time_evolution"": ""STATIC"", ""stop_strategy"": ""TIMEOUT""}",179,"{""varh"": ""Memory"", ""valh"": ""First"", ""saf"": ""False"", ""pc1"": ""True"", ""bdc"": ""1"", ""toh"": ""True"", ""ng"": ""NO"", ""lc"": ""2"", ""negative"": ""V"", ""generic2"": ""True"", ""sb"": ""NO""}",1.08741187499254,1.9673367089999374,9,ExitStatus.FEASIBLE,False,False,1.9673367089999374
2025-06-07T21:36:14.134820,ProgressiveParty-rally-red12-09_c23.xml,"{""input"": ""tests/xcsp3/cop/UNKNOWN/ProgressiveParty-rally-red12-09_c23.xml"", ""solver"": ""xcsp:ACE@2.4"", ""output_dir"": ""results_comparison"", ""global_time_limit"": 600, ""max_tries"": 50, ""tuning_file"": ""tests/psa/ace.tuning.json"", ""hpo_strategy"": ""hamming"", ""global_time_strategy"": ""PERCENT"", ""percent"": 0.2, ""round_time_strategy"": ""STATIC"", ""time_evolution"": ""STATIC"", ""stop_strategy"": ""TIMEOUT""}",180,"{""varh"": ""Memory"", ""valh"": ""First"", ""saf"": ""False"", ""pc1"": ""True"", ""bdc"": ""10"", ""toh"": ""False"", ""ng"": ""NO"", ""lc"": ""2"", ""negative"": ""V"", ""generic2"": ""True"", ""sb"": ""NO""}",1.08741187499254,1.2252875000122003,9,ExitStatus.OPTIMAL,False,False,1.2252875000122003
2025-06-07T21:36:15.851776,ProgressiveParty-rally-red12-09_c23.xml,"{""input"": ""tests/xcsp3/cop/UNKNOWN/ProgressiveParty-rally-red12-09_c23.xml"", ""solver"": ""xcsp:ACE@2.4"", ""output_dir"": ""results_comparison"", ""global_time_limit"": 600, ""max_tries"": 50, ""tuning_file"": ""tests/psa/ace.tuning.json"", ""hpo_strategy"": ""hamming"", ""global_time_strategy"": ""PERCENT"", ""percent"": 0.2, ""round_time_strategy"": ""STATIC"", ""time_evolution"": ""STATIC"", ""stop_strategy"": ""TIMEOUT""}",181,"{""varh"": ""Impact"", ""valh"": ""First"", ""saf"": ""False"", ""pc1"": ""True"", ""bdc"": ""1"", ""toh"": ""False"", ""ng"": ""NO"", ""lc"": ""5"", ""negative"": ""V"", ""generic2"": ""True"", ""sb"": ""NO""}",1.08741187499254,1.5982617500121705,9,ExitStatus.FEASIBLE,False,False,1.5982617500121705
2025-06-07T21:36:17.542042,ProgressiveParty-rally-red12-09_c23.xml,"{""input"": ""tests/xcsp3/cop/UNKNOWN/ProgressiveParty-rally-red12-09_c23.xml"", ""solver"": ""xcsp:ACE@2.4"", ""output_dir"": ""results_comparison"", ""global_time_limit"": 600, ""max_tries"": 50, ""tuning_file"": ""tests/psa/ace.tuning.json"", ""hpo_strategy"": ""hamming"", ""global_time_strategy"": ""PERCENT"", ""percent"": 0.2, ""round_time_strategy"": ""STATIC"", ""time_evolution"": ""STATIC"", ""stop_strategy"": ""TIMEOUT""}",182,"{""varh"": ""WdegOnDom"", ""valh"": ""Last"", ""saf"": ""False"", ""pc1"": ""True"", ""bdc"": ""1"", ""toh"": ""False"", ""ng"": ""NO"", ""lc"": ""2"", ""negative"": ""V"", ""generic2"": ""True"", ""sb"": ""NO""}",1.08741187499254,1.5730787919892464,9,ExitStatus.FEASIBLE,False,False,1.5730787919892464
2025-06-07T21:36:19.242645,ProgressiveParty-rally-red12-09_c23.xml,"{""input"": ""tests/xcsp3/cop/UNKNOWN/ProgressiveParty-rally-red12-09_c23.xml"", ""solver"": ""xcsp:ACE@2.4"", ""output_dir"": ""results_comparison"", ""global_time_limit"": 600, ""max_tries"": 50, ""tuning_file"": ""tests/psa/ace.tuning.json"", ""hpo_strategy"": ""hamming"", ""global_time_strategy"": ""PERCENT"", ""percent"": 0.2, ""round_time_strategy"": ""STATIC"", ""time_evolution"": ""STATIC"", ""stop_strategy"": ""TIMEOUT""}",183,"{""varh"": ""Wdeg"", ""valh"": ""First"", ""saf"": ""False"", ""pc1"": ""True"", ""bdc"": ""1"", ""toh"": ""False"", ""ng"": ""NO"", ""lc"": ""0"", ""negative"": ""CT"", ""generic2"": ""True"", ""sb"": ""NO""}",1.08741187499254,1.5746836250182241,9,ExitStatus.FEASIBLE,False,False,1.5746836250182241
2025-06-07T21:36:20.615575,ProgressiveParty-rally-red12-09_c23.xml,"{""input"": ""tests/xcsp3/cop/UNKNOWN/ProgressiveParty-rally-red12-09_c23.xml"", ""solver"": ""xcsp:ACE@2.4"", ""output_dir"": ""results_comparison"", ""global_time_limit"": 600, ""max_tries"": 50, ""tuning_file"": ""tests/psa/ace.tuning.json"", ""hpo_strategy"": ""hamming"", ""global_time_strategy"": ""PERCENT"", ""percent"": 0.2, ""round_time_strategy"": ""STATIC"", ""time_evolution"": ""STATIC"", ""stop_strategy"": ""TIMEOUT""}",184,"{""varh"": ""Impact"", ""valh"": ""First"", ""saf"": ""False"", ""pc1"": ""True"", ""bdc"": ""10"", ""toh"": ""False"", ""ng"": ""NO"", ""lc"": ""2"", ""negative"": ""V"", ""generic2"": ""True"", ""sb"": ""NO""}",1.08741187499254,1.2470077500038315,9,ExitStatus.OPTIMAL,False,False,1.2470077500038315
2025-06-07T21:36:22.318781,ProgressiveParty-rally-red12-09_c23.xml,"{""input"": ""tests/xcsp3/cop/UNKNOWN/ProgressiveParty-rally-red12-09_c23.xml"", ""solver"": ""xcsp:ACE@2.4"", ""output_dir"": ""results_comparison"", ""global_time_limit"": 600, ""max_tries"": 50, ""tuning_file"": ""tests/psa/ace.tuning.json"", ""hpo_strategy"": ""hamming"", ""global_time_strategy"": ""PERCENT"", ""percent"": 0.2, ""round_time_strategy"": ""STATIC"", ""time_evolution"": ""STATIC"", ""stop_strategy"": ""TIMEOUT""}",185,"{""varh"": ""Activity"", ""valh"": ""First"", ""saf"": ""False"", ""pc1"": ""True"", ""bdc"": ""1"", ""toh"": ""False"", ""ng"": ""NO"", ""lc"": ""2"", ""negative"": ""STR0"", ""generic2"": ""True"", ""sb"": ""NO""}",1.08741187499254,1.5777489169850014,9,ExitStatus.FEASIBLE,False,False,1.5777489169850014
2025-06-07T21:36:24.018586,ProgressiveParty-rally-red12-09_c23.xml,"{""input"": ""tests/xcsp3/cop/UNKNOWN/ProgressiveParty-rally-red12-09_c23.xml"", ""solver"": ""xcsp:ACE@2.4"", ""output_dir"": ""results_comparison"", ""global_time_limit"": 600, ""max_tries"": 50, ""tuning_file"": ""tests/psa/ace.tuning.json"", ""hpo_strategy"": ""hamming"", ""global_time_strategy"": ""PERCENT"", ""percent"": 0.2, ""round_time_strategy"": ""STATIC"", ""time_evolution"": ""STATIC"", ""stop_strategy"": ""TIMEOUT""}",186,"{""varh"": ""Wdeg"", ""valh"": ""First"", ""saf"": ""False"", ""pc1"": ""True"", ""bdc"": ""1"", ""toh"": ""True"", ""ng"": ""NO"", ""lc"": ""1"", ""negative"": ""V"", ""generic2"": ""True"", ""sb"": ""NO""}",1.08741187499254,1.5756002090056427,9,ExitStatus.FEASIBLE,False,False,1.5756002090056427
2025-06-07T21:36:25.717801,ProgressiveParty-rally-red12-09_c23.xml,"{""input"": ""tests/xcsp3/cop/UNKNOWN/ProgressiveParty-rally-red12-09_c23.xml"", ""solver"": ""xcsp:ACE@2.4"", ""output_dir"": ""results_comparison"", ""global_time_limit"": 600, ""max_tries"": 50, ""tuning_file"": ""tests/psa/ace.tuning.json"", ""hpo_strategy"": ""hamming"", ""global_time_strategy"": ""PERCENT"", ""percent"": 0.2, ""round_time_strategy"": ""STATIC"", ""time_evolution"": ""STATIC"", ""stop_strategy"": ""TIMEOUT""}",187,"{""varh"": ""Wdeg"", ""valh"": ""FlrsE"", ""saf"": ""False"", ""pc1"": ""True"", ""bdc"": ""1"", ""toh"": ""False"", ""ng"": ""NO"", ""lc"": ""2"", ""negative"": ""STR3"", ""generic2"": ""True"", ""sb"": ""NO""}",1.08741187499254,1.5748043330095243,9,ExitStatus.FEASIBLE,False,False,1.5748043330095243
2025-06-07T21:36:27.413101,ProgressiveParty-rally-red12-09_c23.xml,"{""input"": ""tests/xcsp3/cop/UNKNOWN/ProgressiveParty-rally-red12-09_c23.xml"", ""solver"": ""xcsp:ACE@2.4"", ""output_dir"": ""results_comparison"", ""global_time_limit"": 600, ""max_tries"": 50, ""tuning_file"": ""tests/psa/ace.tuning.json"", ""hpo_strategy"": ""hamming"", ""global_time_strategy"": ""PERCENT"", ""percent"": 0.2, ""round_time_strategy"": ""STATIC"", ""time_evolution"": ""STATIC"", ""stop_strategy"": ""TIMEOUT""}",188,"{""varh"": ""Wdeg"", ""valh"": ""First"", ""saf"": ""False"", ""pc1"": ""True"", ""bdc"": ""1"", ""toh"": ""False"", ""ng"": ""NO"", ""lc"": ""1"", ""negative"": ""STR1N"", ""generic2"": ""True"", ""sb"": ""NO""}",1.08741187499254,1.5708240419917274,9,ExitStatus.FEASIBLE,False,False,1.5708240419917274
2025-06-07T21:36:29.125094,ProgressiveParty-rally-red12-09_c23.xml,"{""input"": ""tests/xcsp3/cop/UNKNOWN/ProgressiveParty-rally-red12-09_c23.xml"", ""solver"": ""xcsp:ACE@2.4"", ""output_dir"": ""results_comparison"", ""global_time_limit"": 600, ""max_tries"": 50, ""tuning_file"": ""tests/psa/ace.tuning.json"", ""hpo_strategy"": ""hamming"", ""global_time_strategy"": ""PERCENT"", ""percent"": 0.2, ""round_time_strategy"": ""STATIC"", ""time_evolution"": ""STATIC"", ""stop_strategy"": ""TIMEOUT""}",189,"{""varh"": ""Wdeg"", ""valh"": ""OccsR"", ""saf"": ""False"", ""pc1"": ""True"", ""bdc"": ""1"", ""toh"": ""False"", ""ng"": ""NO"", ""lc"": ""2"", ""negative"": ""V"", ""generic2"": ""False"", ""sb"": ""NO""}",1.08741187499254,1.5840375830011908,9,ExitStatus.FEASIBLE,False,False,1.5840375830011908
2025-06-07T21:36:30.827551,ProgressiveParty-rally-red12-09_c23.xml,"{""input"": ""tests/xcsp3/cop/UNKNOWN/ProgressiveParty-rally-red12-09_c23.xml"", ""solver"": ""xcsp:ACE@2.4"", ""output_dir"": ""results_comparison"", ""global_time_limit"": 600, ""max_tries"": 50, ""tuning_file"": ""tests/psa/ace.tuning.json"", ""hpo_strategy"": ""hamming"", ""global_time_strategy"": ""PERCENT"", ""percent"": 0.2, ""round_time_strategy"": ""STATIC"", ""time_evolution"": ""STATIC"", ""stop_strategy"": ""TIMEOUT""}",190,"{""varh"": ""Wdeg"", ""valh"": ""Vals"", ""saf"": ""False"", ""pc1"": ""True"", ""bdc"": ""1"", ""toh"": ""False"", ""ng"": ""NO"", ""lc"": ""0"", ""negative"": ""V"", ""generic2"": ""True"", ""sb"": ""NO""}",1.08741187499254,1.5756737499905284,9,ExitStatus.FEASIBLE,False,False,1.5756737499905284
2025-06-07T21:36:32.525069,ProgressiveParty-rally-red12-09_c23.xml,"{""input"": ""tests/xcsp3/cop/UNKNOWN/ProgressiveParty-rally-red12-09_c23.xml"", ""solver"": ""xcsp:ACE@2.4"", ""output_dir"": ""results_comparison"", ""global_time_limit"": 600, ""max_tries"": 50, ""tuning_file"": ""tests/psa/ace.tuning.json"", ""hpo_strategy"": ""hamming"", ""global_time_strategy"": ""PERCENT"", ""percent"": 0.2, ""round_time_strategy"": ""STATIC"", ""time_evolution"": ""STATIC"", ""stop_strategy"": ""TIMEOUT""}",191,"{""varh"": ""Wdeg"", ""valh"": ""First"", ""saf"": ""False"", ""pc1"": ""True"", ""bdc"": ""1"", ""toh"": ""False"", ""ng"": ""NO"", ""lc"": ""5"", ""negative"": ""VA"", ""generic2"": ""True"", ""sb"": ""NO""}",1.08741187499254,1.573358791996725,9,ExitStatus.FEASIBLE,False,False,1.573358791996725
2025-06-07T21:36:33.788841,ProgressiveParty-rally-red12-09_c23.xml,"{""input"": ""tests/xcsp3/cop/UNKNOWN/ProgressiveParty-rally-red12-09_c23.xml"", ""solver"": ""xcsp:ACE@2.4"", ""output_dir"": ""results_comparison"", ""global_time_limit"": 600, ""max_tries"": 50, ""tuning_file"": ""tests/psa/ace.tuning.json"", ""hpo_strategy"": ""hamming"", ""global_time_strategy"": ""PERCENT"", ""percent"": 0.2, ""round_time_strategy"": ""STATIC"", ""time_evolution"": ""STATIC"", ""stop_strategy"": ""TIMEOUT""}",192,"{""varh"": ""Wdeg"", ""valh"": ""First"", ""saf"": ""False"", ""pc1"": ""True"", ""bdc"": ""1000"", ""toh"": ""False"", ""ng"": ""NO"", ""lc"": ""1"", ""negative"": ""V"", ""generic2"": ""True"", ""sb"": ""NO""}",1.08741187499254,1.1380732500110753,,ExitStatus.UNKNOWN,False,False,1.1380732500110753
2025-06-07T21:36:35.495954,ProgressiveParty-rally-red12-09_c23.xml,"{""input"": ""tests/xcsp3/cop/UNKNOWN/ProgressiveParty-rally-red12-09_c23.xml"", ""solver"": ""xcsp:ACE@2.4"", ""output_dir"": ""results_comparison"", ""global_time_limit"": 600, ""max_tries"": 50, ""tuning_file"": ""tests/psa/ace.tuning.json"", ""hpo_strategy"": ""hamming"", ""global_time_strategy"": ""PERCENT"", ""percent"": 0.2, ""round_time_strategy"": ""STATIC"", ""time_evolution"": ""STATIC"", ""stop_strategy"": ""TIMEOUT""}",193,"{""varh"": ""Impact"", ""valh"": ""First"", ""saf"": ""False"", ""pc1"": ""False"", ""bdc"": ""1"", ""toh"": ""False"", ""ng"": ""NO"", ""lc"": ""2"", ""negative"": ""V"", ""generic2"": ""True"", ""sb"": ""NO""}",1.08741187499254,1.5762389170122333,9,ExitStatus.FEASIBLE,False,False,1.5762389170122333
2025-06-07T21:36:37.133804,ProgressiveParty-rally-red12-09_c23.xml,"{""input"": ""tests/xcsp3/cop/UNKNOWN/ProgressiveParty-rally-red12-09_c23.xml"", ""solver"": ""xcsp:ACE@2.4"", ""output_dir"": ""results_comparison"", ""global_time_limit"": 600, ""max_tries"": 50, ""tuning_file"": ""tests/psa/ace.tuning.json"", ""hpo_strategy"": ""hamming"", ""global_time_strategy"": ""PERCENT"", ""percent"": 0.2, ""round_time_strategy"": ""STATIC"", ""time_evolution"": ""STATIC"", ""stop_strategy"": ""TIMEOUT""}",194,"{""varh"": ""PickOnDom"", ""valh"": ""First"", ""saf"": ""False"", ""pc1"": ""True"", ""bdc"": ""1"", ""toh"": ""False"", ""ng"": ""NO"", ""lc"": ""2"", ""negative"": ""STR2N"", ""generic2"": ""True"", ""sb"": ""NO""}",1.08741187499254,1.5132711670012213,9,ExitStatus.OPTIMAL,False,False,1.5132711670012213
2025-06-07T21:36:38.423930,ProgressiveParty-rally-red12-09_c23.xml,"{""input"": ""tests/xcsp3/cop/UNKNOWN/ProgressiveParty-rally-red12-09_c23.xml"", ""solver"": ""xcsp:ACE@2.4"", ""output_dir"": ""results_comparison"", ""global_time_limit"": 600, ""max_tries"": 50, ""tuning_file"": ""tests/psa/ace.tuning.json"", ""hpo_strategy"": ""hamming"", ""global_time_strategy"": ""PERCENT"", ""percent"": 0.2, ""round_time_strategy"": ""STATIC"", ""time_evolution"": ""STATIC"", ""stop_strategy"": ""TIMEOUT""}",195,"{""varh"": ""Wdeg"", ""valh"": ""First"", ""saf"": ""False"", ""pc1"": ""True"", ""bdc"": ""10"", ""toh"": ""False"", ""ng"": ""NO"", ""lc"": ""2"", ""negative"": ""STR1"", ""generic2"": ""True"", ""sb"": ""NO""}",1.08741187499254,1.165151249995688,9,ExitStatus.OPTIMAL,False,False,1.165151249995688
2025-06-07T21:36:39.691154,ProgressiveParty-rally-red12-09_c23.xml,"{""input"": ""tests/xcsp3/cop/UNKNOWN/ProgressiveParty-rally-red12-09_c23.xml"", ""solver"": ""xcsp:ACE@2.4"", ""output_dir"": ""results_comparison"", ""global_time_limit"": 600, ""max_tries"": 50, ""tuning_file"": ""tests/psa/ace.tuning.json"", ""hpo_strategy"": ""hamming"", ""global_time_strategy"": ""PERCENT"", ""percent"": 0.2, ""round_time_strategy"": ""STATIC"", ""time_evolution"": ""STATIC"", ""stop_strategy"": ""TIMEOUT""}",196,"{""varh"": ""Wdeg"", ""valh"": ""First"", ""saf"": ""False"", ""pc1"": ""True"", ""bdc"": ""1000"", ""toh"": ""False"", ""ng"": ""NO"", ""lc"": ""2"", ""negative"": ""STR2"", ""generic2"": ""True"", ""sb"": ""NO""}",1.08741187499254,1.1347175830160268,,ExitStatus.UNKNOWN,False,False,1.1347175830160268
2025-06-07T21:36:41.402439,ProgressiveParty-rally-red12-09_c23.xml,"{""input"": ""tests/xcsp3/cop/UNKNOWN/ProgressiveParty-rally-red12-09_c23.xml"", ""solver"": ""xcsp:ACE@2.4"", ""output_dir"": ""results_comparison"", ""global_time_limit"": 600, ""max_tries"": 50, ""tuning_file"": ""tests/psa/ace.tuning.json"", ""hpo_strategy"": ""hamming"", ""global_time_strategy"": ""PERCENT"", ""percent"": 0.2, ""round_time_strategy"": ""STATIC"", ""time_evolution"": ""STATIC"", ""stop_strategy"": ""TIMEOUT""}",197,"{""varh"": ""Wdeg"", ""valh"": ""FlrsE"", ""saf"": ""False"", ""pc1"": ""True"", ""bdc"": ""1"", ""toh"": ""False"", ""ng"": ""NO"", ""lc"": ""2"", ""negative"": ""STR2N"", ""generic2"": ""True"", ""sb"": ""NO""}",1.08741187499254,1.5833528329967521,9,ExitStatus.FEASIBLE,False,False,1.5833528329967521
2025-06-07T21:36:42.864278,ProgressiveParty-rally-red12-09_c23.xml,"{""input"": ""tests/xcsp3/cop/UNKNOWN/ProgressiveParty-rally-red12-09_c23.xml"", ""solver"": ""xcsp:ACE@2.4"", ""output_dir"": ""results_comparison"", ""global_time_limit"": 600, ""max_tries"": 50, ""tuning_file"": ""tests/psa/ace.tuning.json"", ""hpo_strategy"": ""hamming"", ""global_time_strategy"": ""PERCENT"", ""percent"": 0.2, ""round_time_strategy"": ""STATIC"", ""time_evolution"": ""STATIC"", ""stop_strategy"": ""TIMEOUT""}",198,"{""varh"": ""PickOnDom"", ""valh"": ""First"", ""saf"": ""False"", ""pc1"": ""True"", ""bdc"": ""1"", ""toh"": ""False"", ""ng"": ""NO"", ""lc"": ""10"", ""negative"": ""V"", ""generic2"": ""True"", ""sb"": ""NO""}",1.08741187499254,1.3355764169828035,9,ExitStatus.OPTIMAL,False,False,1.3355764169828035
2025-06-07T21:36:44.540834,ProgressiveParty-rally-red12-09_c23.xml,"{""input"": ""tests/xcsp3/cop/UNKNOWN/ProgressiveParty-rally-red12-09_c23.xml"", ""solver"": ""xcsp:ACE@2.4"", ""output_dir"": ""results_comparison"", ""global_time_limit"": 600, ""max_tries"": 50, ""tuning_file"": ""tests/psa/ace.tuning.json"", ""hpo_strategy"": ""hamming"", ""global_time_strategy"": ""PERCENT"", ""percent"": 0.2, ""round_time_strategy"": ""STATIC"", ""time_evolution"": ""STATIC"", ""stop_strategy"": ""TIMEOUT""}",199,"{""varh"": ""WdegOnDom"", ""valh"": ""First"", ""saf"": ""False"", ""pc1"": ""False"", ""bdc"": ""1"", ""toh"": ""False"", ""ng"": ""NO"", ""lc"": ""2"", ""negative"": ""V"", ""generic2"": ""True"", ""sb"": ""NO""}",1.08741187499254,1.5439343329926487,9,ExitStatus.OPTIMAL,False,False,1.5439343329926487
2025-06-07T21:36:46.273487,ProgressiveParty-rally-red12-09_c23.xml,"{""input"": ""tests/xcsp3/cop/UNKNOWN/ProgressiveParty-rally-red12-09_c23.xml"", ""solver"": ""xcsp:ACE@2.4"", ""output_dir"": ""results_comparison"", ""global_time_limit"": 600, ""max_tries"": 50, ""tuning_file"": ""tests/psa/ace.tuning.json"", ""hpo_strategy"": ""hamming"", ""global_time_strategy"": ""PERCENT"", ""percent"": 0.2, ""round_time_strategy"": ""STATIC"", ""time_evolution"": ""STATIC"", ""stop_strategy"": ""TIMEOUT""}",200,"{""varh"": ""Activity"", ""valh"": ""First"", ""saf"": ""False"", ""pc1"": ""True"", ""bdc"": ""1"", ""toh"": ""False"", ""ng"": ""NO"", ""lc"": ""2"", ""negative"": ""STR2N"", ""generic2"": ""True"", ""sb"": ""NO""}",1.08741187499254,1.6036288749892265,9,ExitStatus.FEASIBLE,False,False,1.6036288749892265
2025-06-07T21:36:47.983718,ProgressiveParty-rally-red12-09_c23.xml,"{""input"": ""tests/xcsp3/cop/UNKNOWN/ProgressiveParty-rally-red12-09_c23.xml"", ""solver"": ""xcsp:ACE@2.4"", ""output_dir"": ""results_comparison"", ""global_time_limit"": 600, ""max_tries"": 50, ""tuning_file"": ""tests/psa/ace.tuning.json"", ""hpo_strategy"": ""hamming"", ""global_time_strategy"": ""PERCENT"", ""percent"": 0.2, ""round_time_strategy"": ""STATIC"", ""time_evolution"": ""STATIC"", ""stop_strategy"": ""TIMEOUT""}",201,"{""varh"": ""Wdeg"", ""valh"": ""Bivs3"", ""saf"": ""False"", ""pc1"": ""True"", ""bdc"": ""1"", ""toh"": ""False"", ""ng"": ""NO"", ""lc"": ""5"", ""negative"": ""V"", ""generic2"": ""True"", ""sb"": ""NO""}",1.08741187499254,1.5785723329754546,9,ExitStatus.FEASIBLE,False,False,1.5785723329754546
2025-06-07T21:36:49.679789,ProgressiveParty-rally-red12-09_c23.xml,"{""input"": ""tests/xcsp3/cop/UNKNOWN/ProgressiveParty-rally-red12-09_c23.xml"", ""solver"": ""xcsp:ACE@2.4"", ""output_dir"": ""results_comparison"", ""global_time_limit"": 600, ""max_tries"": 50, ""tuning_file"": ""tests/psa/ace.tuning.json"", ""hpo_strategy"": ""hamming"", ""global_time_strategy"": ""PERCENT"", ""percent"": 0.2, ""round_time_strategy"": ""STATIC"", ""time_evolution"": ""STATIC"", ""stop_strategy"": ""TIMEOUT""}",202,"{""varh"": ""Wdeg"", ""valh"": ""First"", ""saf"": ""False"", ""pc1"": ""True"", ""bdc"": ""1"", ""toh"": ""True"", ""ng"": ""NO"", ""lc"": ""2"", ""negative"": ""STR3"", ""generic2"": ""True"", ""sb"": ""NO""}",1.08741187499254,1.5722690840193536,9,ExitStatus.FEASIBLE,False,False,1.5722690840193536
2025-06-07T21:36:51.380119,ProgressiveParty-rally-red12-09_c23.xml,"{""input"": ""tests/xcsp3/cop/UNKNOWN/ProgressiveParty-rally-red12-09_c23.xml"", ""solver"": ""xcsp:ACE@2.4"", ""output_dir"": ""results_comparison"", ""global_time_limit"": 600, ""max_tries"": 50, ""tuning_file"": ""tests/psa/ace.tuning.json"", ""hpo_strategy"": ""hamming"", ""global_time_strategy"": ""PERCENT"", ""percent"": 0.2, ""round_time_strategy"": ""STATIC"", ""time_evolution"": ""STATIC"", ""stop_strategy"": ""TIMEOUT""}",203,"{""varh"": ""Wdeg"", ""valh"": ""First"", ""saf"": ""False"", ""pc1"": ""True"", ""bdc"": ""1"", ""toh"": ""True"", ""ng"": ""NO"", ""lc"": ""2"", ""negative"": ""STR1"", ""generic2"": ""True"", ""sb"": ""NO""}",1.08741187499254,1.5758046660048421,9,ExitStatus.FEASIBLE,False,False,1.5758046660048421
2025-06-07T21:36:52.700629,ProgressiveParty-rally-red12-09_c23.xml,"{""input"": ""tests/xcsp3/cop/UNKNOWN/ProgressiveParty-rally-red12-09_c23.xml"", ""solver"": ""xcsp:ACE@2.4"", ""output_dir"": ""results_comparison"", ""global_time_limit"": 600, ""max_tries"": 50, ""tuning_file"": ""tests/psa/ace.tuning.json"", ""hpo_strategy"": ""hamming"", ""global_time_strategy"": ""PERCENT"", ""percent"": 0.2, ""round_time_strategy"": ""STATIC"", ""time_evolution"": ""STATIC"", ""stop_strategy"": ""TIMEOUT""}",204,"{""varh"": ""Wdeg"", ""valh"": ""FlrsE"", ""saf"": ""False"", ""pc1"": ""True"", ""bdc"": ""1000"", ""toh"": ""False"", ""ng"": ""NO"", ""lc"": ""2"", ""negative"": ""V"", ""generic2"": ""True"", ""sb"": ""NO""}",1.08741187499254,1.1954748750140425,,ExitStatus.UNKNOWN,False,False,1.1954748750140425
2025-06-07T21:36:53.948554,ProgressiveParty-rally-red12-09_c23.xml,"{""input"": ""tests/xcsp3/cop/UNKNOWN/ProgressiveParty-rally-red12-09_c23.xml"", ""solver"": ""xcsp:ACE@2.4"", ""output_dir"": ""results_comparison"", ""global_time_limit"": 600, ""max_tries"": 50, ""tuning_file"": ""tests/psa/ace.tuning.json"", ""hpo_strategy"": ""hamming"", ""global_time_strategy"": ""PERCENT"", ""percent"": 0.2, ""round_time_strategy"": ""STATIC"", ""time_evolution"": ""STATIC"", ""stop_strategy"": ""TIMEOUT""}",205,"{""varh"": ""Wdeg"", ""valh"": ""Vals"", ""saf"": ""False"", ""pc1"": ""True"", ""bdc"": ""100"", ""toh"": ""False"", ""ng"": ""NO"", ""lc"": ""2"", ""negative"": ""V"", ""generic2"": ""True"", ""sb"": ""NO""}",1.08741187499254,1.116694958996959,,ExitStatus.UNKNOWN,False,False,1.116694958996959
2025-06-07T21:36:55.214821,ProgressiveParty-rally-red12-09_c23.xml,"{""input"": ""tests/xcsp3/cop/UNKNOWN/ProgressiveParty-rally-red12-09_c23.xml"", ""solver"": ""xcsp:ACE@2.4"", ""output_dir"": ""results_comparison"", ""global_time_limit"": 600, ""max_tries"": 50, ""tuning_file"": ""tests/psa/ace.tuning.json"", ""hpo_strategy"": ""hamming"", ""global_time_strategy"": ""PERCENT"", ""percent"": 0.2, ""round_time_strategy"": ""STATIC"", ""time_evolution"": ""STATIC"", ""stop_strategy"": ""TIMEOUT""}",206,"{""varh"": ""Wdeg"", ""valh"": ""First"", ""saf"": ""False"", ""pc1"": ""True"", ""bdc"": ""1000"", ""toh"": ""False"", ""ng"": ""NO"", ""lc"": ""10"", ""negative"": ""V"", ""generic2"": ""True"", ""sb"": ""NO""}",1.08741187499254,1.137849709019065,,ExitStatus.UNKNOWN,False,False,1.137849709019065
2025-06-07T21:36:56.961629,ProgressiveParty-rally-red12-09_c23.xml,"{""input"": ""tests/xcsp3/cop/UNKNOWN/ProgressiveParty-rally-red12-09_c23.xml"", ""solver"": ""xcsp:ACE@2.4"", ""output_dir"": ""results_comparison"", ""global_time_limit"": 600, ""max_tries"": 50, ""tuning_file"": ""tests/psa/ace.tuning.json"", ""hpo_strategy"": ""hamming"", ""global_time_strategy"": ""PERCENT"", ""percent"": 0.2, ""round_time_strategy"": ""STATIC"", ""time_evolution"": ""STATIC"", ""stop_strategy"": ""TIMEOUT""}",207,"{""varh"": ""Activity"", ""valh"": ""First"", ""saf"": ""False"", ""pc1"": ""True"", ""bdc"": ""1"", ""toh"": ""False"", ""ng"": ""NO"", ""lc"": ""2"", ""negative"": ""V"", ""generic2"": ""False"", ""sb"": ""NO""}",1.08741187499254,1.5836994999845047,9,ExitStatus.FEASIBLE,False,False,1.5836994999845047
2025-06-07T21:37:03.093272,ProgressiveParty-rally-red12-09_c23.xml,"{""input"": ""tests/xcsp3/cop/UNKNOWN/ProgressiveParty-rally-red12-09_c23.xml"", ""solver"": ""xcsp:ACE@2.4"", ""output_dir"": ""results_comparison"", ""global_time_limit"": 600, ""max_tries"": 50, ""tuning_file"": ""tests/psa/ace.tuning.json"", ""hpo_strategy"": ""hamming"", ""global_time_strategy"": ""PERCENT"", ""percent"": 0.2, ""round_time_strategy"": ""STATIC"", ""time_evolution"": ""STATIC"", ""stop_strategy"": ""TIMEOUT""}",208,"{""varh"": ""Wdeg"", ""valh"": ""Conflicts"", ""saf"": ""False"", ""pc1"": ""True"", ""bdc"": ""1"", ""toh"": ""False"", ""ng"": ""NO"", ""lc"": ""2"", ""negative"": ""STR2N"", ""generic2"": ""True"", ""sb"": ""NO""}",1.08741187499254,1,,ExitStatus.UNKNOWN,False,False,1
2025-06-07T21:37:04.842752,ProgressiveParty-rally-red12-09_c23.xml,"{""input"": ""tests/xcsp3/cop/UNKNOWN/ProgressiveParty-rally-red12-09_c23.xml"", ""solver"": ""xcsp:ACE@2.4"", ""output_dir"": ""results_comparison"", ""global_time_limit"": 600, ""max_tries"": 50, ""tuning_file"": ""tests/psa/ace.tuning.json"", ""hpo_strategy"": ""hamming"", ""global_time_strategy"": ""PERCENT"", ""percent"": 0.2, ""round_time_strategy"": ""STATIC"", ""time_evolution"": ""STATIC"", ""stop_strategy"": ""TIMEOUT""}",209,"{""varh"": ""Activity"", ""valh"": ""First"", ""saf"": ""False"", ""pc1"": ""True"", ""bdc"": ""1"", ""toh"": ""True"", ""ng"": ""NO"", ""lc"": ""2"", ""negative"": ""V"", ""generic2"": ""True"", ""sb"": ""NO""}",1.08741187499254,1.6349936250189785,9,ExitStatus.FEASIBLE,False,False,1.6349936250189785
2025-06-07T21:37:06.573086,ProgressiveParty-rally-red12-09_c23.xml,"{""input"": ""tests/xcsp3/cop/UNKNOWN/ProgressiveParty-rally-red12-09_c23.xml"", ""solver"": ""xcsp:ACE@2.4"", ""output_dir"": ""results_comparison"", ""global_time_limit"": 600, ""max_tries"": 50, ""tuning_file"": ""tests/psa/ace.tuning.json"", ""hpo_strategy"": ""hamming"", ""global_time_strategy"": ""PERCENT"", ""percent"": 0.2, ""round_time_strategy"": ""STATIC"", ""time_evolution"": ""STATIC"", ""stop_strategy"": ""TIMEOUT""}",210,"{""varh"": ""Wdeg"", ""valh"": ""OccsR"", ""saf"": ""False"", ""pc1"": ""True"", ""bdc"": ""1"", ""toh"": ""False"", ""ng"": ""NO"", ""lc"": ""2"", ""negative"": ""STR2N"", ""generic2"": ""True"", ""sb"": ""NO""}",1.08741187499254,1.6055745829944499,9,ExitStatus.FEASIBLE,False,False,1.6055745829944499
2025-06-07T21:37:08.313572,ProgressiveParty-rally-red12-09_c23.xml,"{""input"": ""tests/xcsp3/cop/UNKNOWN/ProgressiveParty-rally-red12-09_c23.xml"", ""solver"": ""xcsp:ACE@2.4"", ""output_dir"": ""results_comparison"", ""global_time_limit"": 600, ""max_tries"": 50, ""tuning_file"": ""tests/psa/ace.tuning.json"", ""hpo_strategy"": ""hamming"", ""global_time_strategy"": ""PERCENT"", ""percent"": 0.2, ""round_time_strategy"": ""STATIC"", ""time_evolution"": ""STATIC"", ""stop_strategy"": ""TIMEOUT""}",211,"{""varh"": ""RunRobin"", ""valh"": ""First"", ""saf"": ""False"", ""pc1"": ""True"", ""bdc"": ""1"", ""toh"": ""False"", ""ng"": ""NO"", ""lc"": ""2"", ""negative"": ""STR3"", ""generic2"": ""True"", ""sb"": ""NO""}",1.08741187499254,1.6105908330064267,9,ExitStatus.FEASIBLE,False,False,1.6105908330064267
2025-06-07T21:37:09.748832,ProgressiveParty-rally-red12-09_c23.xml,"{""input"": ""tests/xcsp3/cop/UNKNOWN/ProgressiveParty-rally-red12-09_c23.xml"", ""solver"": ""xcsp:ACE@2.4"", ""output_dir"": ""results_comparison"", ""global_time_limit"": 600, ""max_tries"": 50, ""tuning_file"": ""tests/psa/ace.tuning.json"", ""hpo_strategy"": ""hamming"", ""global_time_strategy"": ""PERCENT"", ""percent"": 0.2, ""round_time_strategy"": ""STATIC"", ""time_evolution"": ""STATIC"", ""stop_strategy"": ""TIMEOUT""}",212,"{""varh"": ""Wdeg"", ""valh"": ""First"", ""saf"": ""False"", ""pc1"": ""True"", ""bdc"": ""100"", ""toh"": ""False"", ""ng"": ""NO"", ""lc"": ""10"", ""negative"": ""V"", ""generic2"": ""True"", ""sb"": ""NO""}",1.08741187499254,1.3002867079921998,,ExitStatus.UNKNOWN,False,False,1.3002867079921998
2025-06-07T21:37:11.429527,ProgressiveParty-rally-red12-09_c23.xml,"{""input"": ""tests/xcsp3/cop/UNKNOWN/ProgressiveParty-rally-red12-09_c23.xml"", ""solver"": ""xcsp:ACE@2.4"", ""output_dir"": ""results_comparison"", ""global_time_limit"": 600, ""max_tries"": 50, ""tuning_file"": ""tests/psa/ace.tuning.json"", ""hpo_strategy"": ""hamming"", ""global_time_strategy"": ""PERCENT"", ""percent"": 0.2, ""round_time_strategy"": ""STATIC"", ""time_evolution"": ""STATIC"", ""stop_strategy"": ""TIMEOUT""}",213,"{""varh"": ""PickOnDom"", ""valh"": ""First"", ""saf"": ""False"", ""pc1"": ""True"", ""bdc"": ""1"", ""toh"": ""False"", ""ng"": ""NO"", ""lc"": ""2"", ""negative"": ""STR1N"", ""generic2"": ""True"", ""sb"": ""NO""}",1.08741187499254,1.5533248329884373,9,ExitStatus.OPTIMAL,False,False,1.5533248329884373
2025-06-07T21:37:13.156110,ProgressiveParty-rally-red12-09_c23.xml,"{""input"": ""tests/xcsp3/cop/UNKNOWN/ProgressiveParty-rally-red12-09_c23.xml"", ""solver"": ""xcsp:ACE@2.4"", ""output_dir"": ""results_comparison"", ""global_time_limit"": 600, ""max_tries"": 50, ""tuning_file"": ""tests/psa/ace.tuning.json"", ""hpo_strategy"": ""hamming"", ""global_time_strategy"": ""PERCENT"", ""percent"": 0.2, ""round_time_strategy"": ""STATIC"", ""time_evolution"": ""STATIC"", ""stop_strategy"": ""TIMEOUT""}",214,"{""varh"": ""Activity"", ""valh"": ""First"", ""saf"": ""False"", ""pc1"": ""True"", ""bdc"": ""1"", ""toh"": ""False"", ""ng"": ""NO"", ""lc"": ""2"", ""negative"": ""STR1N"", ""generic2"": ""True"", ""sb"": ""NO""}",1.08741187499254,1.597853874991415,9,ExitStatus.FEASIBLE,False,False,1.597853874991415
2025-06-07T21:37:14.889342,ProgressiveParty-rally-red12-09_c23.xml,"{""input"": ""tests/xcsp3/cop/UNKNOWN/ProgressiveParty-rally-red12-09_c23.xml"", ""solver"": ""xcsp:ACE@2.4"", ""output_dir"": ""results_comparison"", ""global_time_limit"": 600, ""max_tries"": 50, ""tuning_file"": ""tests/psa/ace.tuning.json"", ""hpo_strategy"": ""hamming"", ""global_time_strategy"": ""PERCENT"", ""percent"": 0.2, ""round_time_strategy"": ""STATIC"", ""time_evolution"": ""STATIC"", ""stop_strategy"": ""TIMEOUT""}",215,"{""varh"": ""Wdeg"", ""valh"": ""Rand"", ""saf"": ""True"", ""pc1"": ""True"", ""bdc"": ""1"", ""toh"": ""False"", ""ng"": ""NO"", ""lc"": ""2"", ""negative"": ""V"", ""generic2"": ""True"", ""sb"": ""NO""}",1.08741187499254,1.6078282499802299,9,ExitStatus.FEASIBLE,False,False,1.6078282499802299
2025-06-07T21:37:16.624508,ProgressiveParty-rally-red12-09_c23.xml,"{""input"": ""tests/xcsp3/cop/UNKNOWN/ProgressiveParty-rally-red12-09_c23.xml"", ""solver"": ""xcsp:ACE@2.4"", ""output_dir"": ""results_comparison"", ""global_time_limit"": 600, ""max_tries"": 50, ""tuning_file"": ""tests/psa/ace.tuning.json"", ""hpo_strategy"": ""hamming"", ""global_time_strategy"": ""PERCENT"", ""percent"": 0.2, ""round_time_strategy"": ""STATIC"", ""time_evolution"": ""STATIC"", ""stop_strategy"": ""TIMEOUT""}",216,"{""varh"": ""Wdeg"", ""valh"": ""First"", ""saf"": ""False"", ""pc1"": ""False"", ""bdc"": ""1"", ""toh"": ""False"", ""ng"": ""NO"", ""lc"": ""2"", ""negative"": ""STR0"", ""generic2"": ""True"", ""sb"": ""NO""}",1.08741187499254,1.605926999996882,9,ExitStatus.FEASIBLE,False,False,1.605926999996882
2025-06-07T21:37:18.348036,ProgressiveParty-rally-red12-09_c23.xml,"{""input"": ""tests/xcsp3/cop/UNKNOWN/ProgressiveParty-rally-red12-09_c23.xml"", ""solver"": ""xcsp:ACE@2.4"", ""output_dir"": ""results_comparison"", ""global_time_limit"": 600, ""max_tries"": 50, ""tuning_file"": ""tests/psa/ace.tuning.json"", ""hpo_strategy"": ""hamming"", ""global_time_strategy"": ""PERCENT"", ""percent"": 0.2, ""round_time_strategy"": ""STATIC"", ""time_evolution"": ""STATIC"", ""stop_strategy"": ""TIMEOUT""}",217,"{""varh"": ""Activity"", ""valh"": ""First"", ""saf"": ""False"", ""pc1"": ""True"", ""bdc"": ""1"", ""toh"": ""False"", ""ng"": ""NO"", ""lc"": ""5"", ""negative"": ""V"", ""generic2"": ""True"", ""sb"": ""NO""}",1.08741187499254,1.5961283330107108,9,ExitStatus.FEASIBLE,False,False,1.5961283330107108
2025-06-07T21:37:20.084888,ProgressiveParty-rally-red12-09_c23.xml,"{""input"": ""tests/xcsp3/cop/UNKNOWN/ProgressiveParty-rally-red12-09_c23.xml"", ""solver"": ""xcsp:ACE@2.4"", ""output_dir"": ""results_comparison"", ""global_time_limit"": 600, ""max_tries"": 50, ""tuning_file"": ""tests/psa/ace.tuning.json"", ""hpo_strategy"": ""hamming"", ""global_time_strategy"": ""PERCENT"", ""percent"": 0.2, ""round_time_strategy"": ""STATIC"", ""time_evolution"": ""STATIC"", ""stop_strategy"": ""TIMEOUT""}",218,"{""varh"": ""Wdeg"", ""valh"": ""Last"", ""saf"": ""False"", ""pc1"": ""True"", ""bdc"": ""1"", ""toh"": ""False"", ""ng"": ""NO"", ""lc"": ""5"", ""negative"": ""V"", ""generic2"": ""True"", ""sb"": ""NO""}",1.08741187499254,1.6063122500199825,9,ExitStatus.FEASIBLE,False,False,1.6063122500199825
2025-06-07T21:37:21.813324,ProgressiveParty-rally-red12-09_c23.xml,"{""input"": ""tests/xcsp3/cop/UNKNOWN/ProgressiveParty-rally-red12-09_c23.xml"", ""solver"": ""xcsp:ACE@2.4"", ""output_dir"": ""results_comparison"", ""global_time_limit"": 600, ""max_tries"": 50, ""tuning_file"": ""tests/psa/ace.tuning.json"", ""hpo_strategy"": ""hamming"", ""global_time_strategy"": ""PERCENT"", ""percent"": 0.2, ""round_time_strategy"": ""STATIC"", ""time_evolution"": ""STATIC"", ""stop_strategy"": ""TIMEOUT""}",219,"{""varh"": ""Wdeg"", ""valh"": ""Median"", ""saf"": ""False"", ""pc1"": ""True"", ""bdc"": ""1"", ""toh"": ""False"", ""ng"": ""NO"", ""lc"": ""2"", ""negative"": ""STR1N"", ""generic2"": ""True"", ""sb"": ""NO""}",1.08741187499254,1.6001926670141984,9,ExitStatus.FEASIBLE,False,False,1.6001926670141984
2025-06-07T21:37:23.223317,ProgressiveParty-rally-red12-09_c23.xml,"{""input"": ""tests/xcsp3/cop/UNKNOWN/ProgressiveParty-rally-red12-09_c23.xml"", ""solver"": ""xcsp:ACE@2.4"", ""output_dir"": ""results_comparison"", ""global_time_limit"": 600, ""max_tries"": 50, ""tuning_file"": ""tests/psa/ace.tuning.json"", ""hpo_strategy"": ""hamming"", ""global_time_strategy"": ""PERCENT"", ""percent"": 0.2, ""round_time_strategy"": ""STATIC"", ""time_evolution"": ""STATIC"", ""stop_strategy"": ""TIMEOUT""}",220,"{""varh"": ""Wdeg"", ""valh"": ""Rand"", ""saf"": ""False"", ""pc1"": ""True"", ""bdc"": ""100"", ""toh"": ""False"", ""ng"": ""NO"", ""lc"": ""2"", ""negative"": ""V"", ""generic2"": ""True"", ""sb"": ""NO""}",1.08741187499254,1.2806708750140388,,ExitStatus.UNKNOWN,False,False,1.2806708750140388
2025-06-07T21:37:24.632210,ProgressiveParty-rally-red12-09_c23.xml,"{""input"": ""tests/xcsp3/cop/UNKNOWN/ProgressiveParty-rally-red12-09_c23.xml"", ""solver"": ""xcsp:ACE@2.4"", ""output_dir"": ""results_comparison"", ""global_time_limit"": 600, ""max_tries"": 50, ""tuning_file"": ""tests/psa/ace.tuning.json"", ""hpo_strategy"": ""hamming"", ""global_time_strategy"": ""PERCENT"", ""percent"": 0.2, ""round_time_strategy"": ""STATIC"", ""time_evolution"": ""STATIC"", ""stop_strategy"": ""TIMEOUT""}",221,"{""varh"": ""Wdeg"", ""valh"": ""First"", ""saf"": ""False"", ""pc1"": ""True"", ""bdc"": ""1000"", ""toh"": ""False"", ""ng"": ""NO"", ""lc"": ""5"", ""negative"": ""V"", ""generic2"": ""True"", ""sb"": ""NO""}",1.08741187499254,1.2819262080010958,,ExitStatus.UNKNOWN,False,False,1.2819262080010958
2025-06-07T21:37:26.350055,ProgressiveParty-rally-red12-09_c23.xml,"{""input"": ""tests/xcsp3/cop/UNKNOWN/ProgressiveParty-rally-red12-09_c23.xml"", ""solver"": ""xcsp:ACE@2.4"", ""output_dir"": ""results_comparison"", ""global_time_limit"": 600, ""max_tries"": 50, ""tuning_file"": ""tests/psa/ace.tuning.json"", ""hpo_strategy"": ""hamming"", ""global_time_strategy"": ""PERCENT"", ""percent"": 0.2, ""round_time_strategy"": ""STATIC"", ""time_evolution"": ""STATIC"", ""stop_strategy"": ""TIMEOUT""}",222,"{""varh"": ""Wdeg"", ""valh"": ""Vals"", ""saf"": ""False"", ""pc1"": ""True"", ""bdc"": ""1"", ""toh"": ""True"", ""ng"": ""NO"", ""lc"": ""2"", ""negative"": ""V"", ""generic2"": ""True"", ""sb"": ""NO""}",1.08741187499254,1.5929367910139263,9,ExitStatus.FEASIBLE,False,False,1.5929367910139263
2025-06-07T21:37:28.079223,ProgressiveParty-rally-red12-09_c23.xml,"{""input"": ""tests/xcsp3/cop/UNKNOWN/ProgressiveParty-rally-red12-09_c23.xml"", ""solver"": ""xcsp:ACE@2.4"", ""output_dir"": ""results_comparison"", ""global_time_limit"": 600, ""max_tries"": 50, ""tuning_file"": ""tests/psa/ace.tuning.json"", ""hpo_strategy"": ""hamming"", ""global_time_strategy"": ""PERCENT"", ""percent"": 0.2, ""round_time_strategy"": ""STATIC"", ""time_evolution"": ""STATIC"", ""stop_strategy"": ""TIMEOUT""}",223,"{""varh"": ""Wdeg"", ""valh"": ""First"", ""saf"": ""True"", ""pc1"": ""False"", ""bdc"": ""1"", ""toh"": ""False"", ""ng"": ""NO"", ""lc"": ""2"", ""negative"": ""V"", ""generic2"": ""True"", ""sb"": ""NO""}",1.08741187499254,1.600992249994306,9,ExitStatus.FEASIBLE,False,False,1.600992249994306
2025-06-07T21:37:29.792406,ProgressiveParty-rally-red12-09_c23.xml,"{""input"": ""tests/xcsp3/cop/UNKNOWN/ProgressiveParty-rally-red12-09_c23.xml"", ""solver"": ""xcsp:ACE@2.4"", ""output_dir"": ""results_comparison"", ""global_time_limit"": 600, ""max_tries"": 50, ""tuning_file"": ""tests/psa/ace.tuning.json"", ""hpo_strategy"": ""hamming"", ""global_time_strategy"": ""PERCENT"", ""percent"": 0.2, ""round_time_strategy"": ""STATIC"", ""time_evolution"": ""STATIC"", ""stop_strategy"": ""TIMEOUT""}",224,"{""varh"": ""WdegOnDom"", ""valh"": ""RunRobin"", ""saf"": ""False"", ""pc1"": ""True"", ""bdc"": ""1"", ""toh"": ""False"", ""ng"": ""NO"", ""lc"": ""2"", ""negative"": ""V"", ""generic2"": ""True"", ""sb"": ""NO""}",1.08741187499254,1.5855541250202805,9,ExitStatus.FEASIBLE,False,False,1.5855541250202805
2025-06-07T21:37:31.229407,ProgressiveParty-rally-red12-09_c23.xml,"{""input"": ""tests/xcsp3/cop/UNKNOWN/ProgressiveParty-rally-red12-09_c23.xml"", ""solver"": ""xcsp:ACE@2.4"", ""output_dir"": ""results_comparison"", ""global_time_limit"": 600, ""max_tries"": 50, ""tuning_file"": ""tests/psa/ace.tuning.json"", ""hpo_strategy"": ""hamming"", ""global_time_strategy"": ""PERCENT"", ""percent"": 0.2, ""round_time_strategy"": ""STATIC"", ""time_evolution"": ""STATIC"", ""stop_strategy"": ""TIMEOUT""}",225,"{""varh"": ""Wdeg"", ""valh"": ""First"", ""saf"": ""False"", ""pc1"": ""True"", ""bdc"": ""10"", ""toh"": ""False"", ""ng"": ""NO"", ""lc"": ""2"", ""negative"": ""STR1N"", ""generic2"": ""True"", ""sb"": ""NO""}",1.08741187499254,1.3059927499853075,9,ExitStatus.OPTIMAL,False,False,1.3059927499853075
2025-06-07T21:37:32.951192,ProgressiveParty-rally-red12-09_c23.xml,"{""input"": ""tests/xcsp3/cop/UNKNOWN/ProgressiveParty-rally-red12-09_c23.xml"", ""solver"": ""xcsp:ACE@2.4"", ""output_dir"": ""results_comparison"", ""global_time_limit"": 600, ""max_tries"": 50, ""tuning_file"": ""tests/psa/ace.tuning.json"", ""hpo_strategy"": ""hamming"", ""global_time_strategy"": ""PERCENT"", ""percent"": 0.2, ""round_time_strategy"": ""STATIC"", ""time_evolution"": ""STATIC"", ""stop_strategy"": ""TIMEOUT""}",226,"{""varh"": ""Wdeg"", ""valh"": ""Vals"", ""saf"": ""False"", ""pc1"": ""True"", ""bdc"": ""1"", ""toh"": ""False"", ""ng"": ""NO"", ""lc"": ""2"", ""negative"": ""V"", ""generic2"": ""False"", ""sb"": ""NO""}",1.08741187499254,1.593104957981268,9,ExitStatus.FEASIBLE,False,False,1.593104957981268
2025-06-07T21:37:34.686632,ProgressiveParty-rally-red12-09_c23.xml,"{""input"": ""tests/xcsp3/cop/UNKNOWN/ProgressiveParty-rally-red12-09_c23.xml"", ""solver"": ""xcsp:ACE@2.4"", ""output_dir"": ""results_comparison"", ""global_time_limit"": 600, ""max_tries"": 50, ""tuning_file"": ""tests/psa/ace.tuning.json"", ""hpo_strategy"": ""hamming"", ""global_time_strategy"": ""PERCENT"", ""percent"": 0.2, ""round_time_strategy"": ""STATIC"", ""time_evolution"": ""STATIC"", ""stop_strategy"": ""TIMEOUT""}",227,"{""varh"": ""RunRobin"", ""valh"": ""Bivs3"", ""saf"": ""False"", ""pc1"": ""True"", ""bdc"": ""1"", ""toh"": ""False"", ""ng"": ""NO"", ""lc"": ""2"", ""negative"": ""V"", ""generic2"": ""True"", ""sb"": ""NO""}",1.08741187499254,1.6042465409846045,9,ExitStatus.FEASIBLE,False,False,1.6042465409846045
2025-06-07T21:37:36.104568,ProgressiveParty-rally-red12-09_c23.xml,"{""input"": ""tests/xcsp3/cop/UNKNOWN/ProgressiveParty-rally-red12-09_c23.xml"", ""solver"": ""xcsp:ACE@2.4"", ""output_dir"": ""results_comparison"", ""global_time_limit"": 600, ""max_tries"": 50, ""tuning_file"": ""tests/psa/ace.tuning.json"", ""hpo_strategy"": ""hamming"", ""global_time_strategy"": ""PERCENT"", ""percent"": 0.2, ""round_time_strategy"": ""STATIC"", ""time_evolution"": ""STATIC"", ""stop_strategy"": ""TIMEOUT""}",228,"{""varh"": ""Rand"", ""valh"": ""First"", ""saf"": ""False"", ""pc1"": ""True"", ""bdc"": ""10"", ""toh"": ""False"", ""ng"": ""NO"", ""lc"": ""2"", ""negative"": ""V"", ""generic2"": ""True"", ""sb"": ""NO""}",1.08741187499254,1.2892197920009494,9,ExitStatus.OPTIMAL,False,False,1.2892197920009494
2025-06-07T21:37:37.563664,ProgressiveParty-rally-red12-09_c23.xml,"{""input"": ""tests/xcsp3/cop/UNKNOWN/ProgressiveParty-rally-red12-09_c23.xml"", ""solver"": ""xcsp:ACE@2.4"", ""output_dir"": ""results_comparison"", ""global_time_limit"": 600, ""max_tries"": 50, ""tuning_file"": ""tests/psa/ace.tuning.json"", ""hpo_strategy"": ""hamming"", ""global_time_strategy"": ""PERCENT"", ""percent"": 0.2, ""round_time_strategy"": ""STATIC"", ""time_evolution"": ""STATIC"", ""stop_strategy"": ""TIMEOUT""}",229,"{""varh"": ""Wdeg"", ""valh"": ""First"", ""saf"": ""False"", ""pc1"": ""False"", ""bdc"": ""10"", ""toh"": ""False"", ""ng"": ""NO"", ""lc"": ""2"", ""negative"": ""V"", ""generic2"": ""True"", ""sb"": ""NO""}",1.08741187499254,1.332401291001588,9,ExitStatus.OPTIMAL,False,False,1.332401291001588
2025-06-07T21:37:39.267796,ProgressiveParty-rally-red12-09_c23.xml,"{""input"": ""tests/xcsp3/cop/UNKNOWN/ProgressiveParty-rally-red12-09_c23.xml"", ""solver"": ""xcsp:ACE@2.4"", ""output_dir"": ""results_comparison"", ""global_time_limit"": 600, ""max_tries"": 50, ""tuning_file"": ""tests/psa/ace.tuning.json"", ""hpo_strategy"": ""hamming"", ""global_time_strategy"": ""PERCENT"", ""percent"": 0.2, ""round_time_strategy"": ""STATIC"", ""time_evolution"": ""STATIC"", ""stop_strategy"": ""TIMEOUT""}",230,"{""varh"": ""PickOnDom"", ""valh"": ""Rand"", ""saf"": ""False"", ""pc1"": ""True"", ""bdc"": ""1"", ""toh"": ""False"", ""ng"": ""NO"", ""lc"": ""2"", ""negative"": ""V"", ""generic2"": ""True"", ""sb"": ""NO""}",1.08741187499254,1.5778226669935975,9,ExitStatus.FEASIBLE,False,False,1.5778226669935975
2025-06-07T21:37:40.494320,ProgressiveParty-rally-red12-09_c23.xml,"{""input"": ""tests/xcsp3/cop/UNKNOWN/ProgressiveParty-rally-red12-09_c23.xml"", ""solver"": ""xcsp:ACE@2.4"", ""output_dir"": ""results_comparison"", ""global_time_limit"": 600, ""max_tries"": 50, ""tuning_file"": ""tests/psa/ace.tuning.json"", ""hpo_strategy"": ""hamming"", ""global_time_strategy"": ""PERCENT"", ""percent"": 0.2, ""round_time_strategy"": ""STATIC"", ""time_evolution"": ""STATIC"", ""stop_strategy"": ""TIMEOUT""}",231,"{""varh"": ""Wdeg"", ""valh"": ""First"", ""saf"": ""False"", ""pc1"": ""True"", ""bdc"": ""10"", ""toh"": ""False"", ""ng"": ""NO"", ""lc"": ""2"", ""negative"": ""STR3"", ""generic2"": ""True"", ""sb"": ""NO""}",1.08741187499254,1.1109331670159008,9,ExitStatus.OPTIMAL,False,False,1.1109331670159008
2025-06-07T21:37:42.101808,ProgressiveParty-rally-red12-09_c23.xml,"{""input"": ""tests/xcsp3/cop/UNKNOWN/ProgressiveParty-rally-red12-09_c23.xml"", ""solver"": ""xcsp:ACE@2.4"", ""output_dir"": ""results_comparison"", ""global_time_limit"": 600, ""max_tries"": 50, ""tuning_file"": ""tests/psa/ace.tuning.json"", ""hpo_strategy"": ""hamming"", ""global_time_strategy"": ""PERCENT"", ""percent"": 0.2, ""round_time_strategy"": ""STATIC"", ""time_evolution"": ""STATIC"", ""stop_strategy"": ""TIMEOUT""}",232,"{""varh"": ""Memory"", ""valh"": ""First"", ""saf"": ""False"", ""pc1"": ""True"", ""bdc"": ""1"", ""toh"": ""False"", ""ng"": ""NO"", ""lc"": ""0"", ""negative"": ""V"", ""generic2"": ""True"", ""sb"": ""NO""}",1.08741187499254,1.494886750006117,9,ExitStatus.OPTIMAL,False,False,1.494886750006117
2025-06-07T21:37:43.772983,ProgressiveParty-rally-red12-09_c23.xml,"{""input"": ""tests/xcsp3/cop/UNKNOWN/ProgressiveParty-rally-red12-09_c23.xml"", ""solver"": ""xcsp:ACE@2.4"", ""output_dir"": ""results_comparison"", ""global_time_limit"": 600, ""max_tries"": 50, ""tuning_file"": ""tests/psa/ace.tuning.json"", ""hpo_strategy"": ""hamming"", ""global_time_strategy"": ""PERCENT"", ""percent"": 0.2, ""round_time_strategy"": ""STATIC"", ""time_evolution"": ""STATIC"", ""stop_strategy"": ""TIMEOUT""}",233,"{""varh"": ""Wdeg"", ""valh"": ""First"", ""saf"": ""False"", ""pc1"": ""True"", ""bdc"": ""1"", ""toh"": ""True"", ""ng"": ""NO"", ""lc"": ""10"", ""negative"": ""V"", ""generic2"": ""True"", ""sb"": ""NO""}",1.08741187499254,1.5590420420048758,9,ExitStatus.FEASIBLE,False,False,1.5590420420048758
2025-06-07T21:37:45.451683,ProgressiveParty-rally-red12-09_c23.xml,"{""input"": ""tests/xcsp3/cop/UNKNOWN/ProgressiveParty-rally-red12-09_c23.xml"", ""solver"": ""xcsp:ACE@2.4"", ""output_dir"": ""results_comparison"", ""global_time_limit"": 600, ""max_tries"": 50, ""tuning_file"": ""tests/psa/ace.tuning.json"", ""hpo_strategy"": ""hamming"", ""global_time_strategy"": ""PERCENT"", ""percent"": 0.2, ""round_time_strategy"": ""STATIC"", ""time_evolution"": ""STATIC"", ""stop_strategy"": ""TIMEOUT""}",234,"{""varh"": ""Wdeg"", ""valh"": ""OccsR"", ""saf"": ""False"", ""pc1"": ""True"", ""bdc"": ""1"", ""toh"": ""False"", ""ng"": ""NO"", ""lc"": ""5"", ""negative"": ""V"", ""generic2"": ""True"", ""sb"": ""NO""}",1.08741187499254,1.5657115829817485,9,ExitStatus.FEASIBLE,False,False,1.5657115829817485
2025-06-07T21:37:51.570822,ProgressiveParty-rally-red12-09_c23.xml,"{""input"": ""tests/xcsp3/cop/UNKNOWN/ProgressiveParty-rally-red12-09_c23.xml"", ""solver"": ""xcsp:ACE@2.4"", ""output_dir"": ""results_comparison"", ""global_time_limit"": 600, ""max_tries"": 50, ""tuning_file"": ""tests/psa/ace.tuning.json"", ""hpo_strategy"": ""hamming"", ""global_time_strategy"": ""PERCENT"", ""percent"": 0.2, ""round_time_strategy"": ""STATIC"", ""time_evolution"": ""STATIC"", ""stop_strategy"": ""TIMEOUT""}",235,"{""varh"": ""RunRobin"", ""valh"": ""Conflicts"", ""saf"": ""False"", ""pc1"": ""True"", ""bdc"": ""1"", ""toh"": ""False"", ""ng"": ""NO"", ""lc"": ""2"", ""negative"": ""V"", ""generic2"": ""True"", ""sb"": ""NO""}",1.08741187499254,1,,ExitStatus.UNKNOWN,False,False,1
2025-06-07T21:37:53.312940,ProgressiveParty-rally-red12-09_c23.xml,"{""input"": ""tests/xcsp3/cop/UNKNOWN/ProgressiveParty-rally-red12-09_c23.xml"", ""solver"": ""xcsp:ACE@2.4"", ""output_dir"": ""results_comparison"", ""global_time_limit"": 600, ""max_tries"": 50, ""tuning_file"": ""tests/psa/ace.tuning.json"", ""hpo_strategy"": ""hamming"", ""global_time_strategy"": ""PERCENT"", ""percent"": 0.2, ""round_time_strategy"": ""STATIC"", ""time_evolution"": ""STATIC"", ""stop_strategy"": ""TIMEOUT""}",236,"{""varh"": ""Wdeg"", ""valh"": ""First"", ""saf"": ""True"", ""pc1"": ""True"", ""bdc"": ""1"", ""toh"": ""False"", ""ng"": ""NO"", ""lc"": ""2"", ""negative"": ""STR1N"", ""generic2"": ""True"", ""sb"": ""NO""}",1.08741187499254,1.6296414579846896,,ExitStatus.UNKNOWN,False,False,1.6296414579846896
2025-06-07T21:37:55.366912,ProgressiveParty-rally-red12-09_c23.xml,"{""input"": ""tests/xcsp3/cop/UNKNOWN/ProgressiveParty-rally-red12-09_c23.xml"", ""solver"": ""xcsp:ACE@2.4"", ""output_dir"": ""results_comparison"", ""global_time_limit"": 600, ""max_tries"": 50, ""tuning_file"": ""tests/psa/ace.tuning.json"", ""hpo_strategy"": ""hamming"", ""global_time_strategy"": ""PERCENT"", ""percent"": 0.2, ""round_time_strategy"": ""STATIC"", ""time_evolution"": ""STATIC"", ""stop_strategy"": ""TIMEOUT""}",237,"{""varh"": ""Wdeg"", ""valh"": ""First"", ""saf"": ""False"", ""pc1"": ""True"", ""bdc"": ""1"", ""toh"": ""True"", ""ng"": ""NO"", ""lc"": ""2"", ""negative"": ""V"", ""generic2"": ""False"", ""sb"": ""NO""}",1.08741187499254,1.9070933329930995,9,ExitStatus.FEASIBLE,False,False,1.9070933329930995
2025-06-07T21:37:57.418352,ProgressiveParty-rally-red12-09_c23.xml,"{""input"": ""tests/xcsp3/cop/UNKNOWN/ProgressiveParty-rally-red12-09_c23.xml"", ""solver"": ""xcsp:ACE@2.4"", ""output_dir"": ""results_comparison"", ""global_time_limit"": 600, ""max_tries"": 50, ""tuning_file"": ""tests/psa/ace.tuning.json"", ""hpo_strategy"": ""hamming"", ""global_time_strategy"": ""PERCENT"", ""percent"": 0.2, ""round_time_strategy"": ""STATIC"", ""time_evolution"": ""STATIC"", ""stop_strategy"": ""TIMEOUT""}",238,"{""varh"": ""Rand"", ""valh"": ""Bivs3"", ""saf"": ""False"", ""pc1"": ""True"", ""bdc"": ""1"", ""toh"": ""False"", ""ng"": ""NO"", ""lc"": ""2"", ""negative"": ""V"", ""generic2"": ""True"", ""sb"": ""NO""}",1.08741187499254,1.7627897920028772,9,ExitStatus.FEASIBLE,False,False,1.7627897920028772
2025-06-07T21:37:59.865880,ProgressiveParty-rally-red12-09_c23.xml,"{""input"": ""tests/xcsp3/cop/UNKNOWN/ProgressiveParty-rally-red12-09_c23.xml"", ""solver"": ""xcsp:ACE@2.4"", ""output_dir"": ""results_comparison"", ""global_time_limit"": 600, ""max_tries"": 50, ""tuning_file"": ""tests/psa/ace.tuning.json"", ""hpo_strategy"": ""hamming"", ""global_time_strategy"": ""PERCENT"", ""percent"": 0.2, ""round_time_strategy"": ""STATIC"", ""time_evolution"": ""STATIC"", ""stop_strategy"": ""TIMEOUT""}",239,"{""varh"": ""Wdeg"", ""valh"": ""FlrsE"", ""saf"": ""False"", ""pc1"": ""True"", ""bdc"": ""100"", ""toh"": ""False"", ""ng"": ""NO"", ""lc"": ""2"", ""negative"": ""V"", ""generic2"": ""True"", ""sb"": ""NO""}",1.08741187499254,2.1430257089959923,,ExitStatus.UNKNOWN,False,False,2.1430257089959923
2025-06-07T21:38:01.815324,ProgressiveParty-rally-red12-09_c23.xml,"{""input"": ""tests/xcsp3/cop/UNKNOWN/ProgressiveParty-rally-red12-09_c23.xml"", ""solver"": ""xcsp:ACE@2.4"", ""output_dir"": ""results_comparison"", ""global_time_limit"": 600, ""max_tries"": 50, ""tuning_file"": ""tests/psa/ace.tuning.json"", ""hpo_strategy"": ""hamming"", ""global_time_strategy"": ""PERCENT"", ""percent"": 0.2, ""round_time_strategy"": ""STATIC"", ""time_evolution"": ""STATIC"", ""stop_strategy"": ""TIMEOUT""}",240,"{""varh"": ""Wdeg"", ""valh"": ""First"", ""saf"": ""False"", ""pc1"": ""True"", ""bdc"": ""1"", ""toh"": ""False"", ""ng"": ""NO"", ""lc"": ""1"", ""negative"": ""STR1"", ""generic2"": ""True"", ""sb"": ""NO""}",1.08741187499254,1.7807095419848338,,ExitStatus.UNKNOWN,False,False,1.7807095419848338
2025-06-07T21:38:04.043656,ProgressiveParty-rally-red12-09_c23.xml,"{""input"": ""tests/xcsp3/cop/UNKNOWN/ProgressiveParty-rally-red12-09_c23.xml"", ""solver"": ""xcsp:ACE@2.4"", ""output_dir"": ""results_comparison"", ""global_time_limit"": 600, ""max_tries"": 50, ""tuning_file"": ""tests/psa/ace.tuning.json"", ""hpo_strategy"": ""hamming"", ""global_time_strategy"": ""PERCENT"", ""percent"": 0.2, ""round_time_strategy"": ""STATIC"", ""time_evolution"": ""STATIC"", ""stop_strategy"": ""TIMEOUT""}",241,"{""varh"": ""Wdeg"", ""valh"": ""Last"", ""saf"": ""False"", ""pc1"": ""True"", ""bdc"": ""1"", ""toh"": ""False"", ""ng"": ""NO"", ""lc"": ""0"", ""negative"": ""V"", ""generic2"": ""True"", ""sb"": ""NO""}",1.08741187499254,2.022003958991263,12,ExitStatus.FEASIBLE,False,False,2.022003958991263
2025-06-07T21:38:06.169439,ProgressiveParty-rally-red12-09_c23.xml,"{""input"": ""tests/xcsp3/cop/UNKNOWN/ProgressiveParty-rally-red12-09_c23.xml"", ""solver"": ""xcsp:ACE@2.4"", ""output_dir"": ""results_comparison"", ""global_time_limit"": 600, ""max_tries"": 50, ""tuning_file"": ""tests/psa/ace.tuning.json"", ""hpo_strategy"": ""hamming"", ""global_time_strategy"": ""PERCENT"", ""percent"": 0.2, ""round_time_strategy"": ""STATIC"", ""time_evolution"": ""STATIC"", ""stop_strategy"": ""TIMEOUT""}",242,"{""varh"": ""Wdeg"", ""valh"": ""First"", ""saf"": ""False"", ""pc1"": ""True"", ""bdc"": ""1"", ""toh"": ""True"", ""ng"": ""NO"", ""lc"": ""2"", ""negative"": ""STR0"", ""generic2"": ""True"", ""sb"": ""NO""}",1.08741187499254,1.918130874983035,9,ExitStatus.FEASIBLE,False,False,1.918130874983035
2025-06-07T21:38:08.037117,ProgressiveParty-rally-red12-09_c23.xml,"{""input"": ""tests/xcsp3/cop/UNKNOWN/ProgressiveParty-rally-red12-09_c23.xml"", ""solver"": ""xcsp:ACE@2.4"", ""output_dir"": ""results_comparison"", ""global_time_limit"": 600, ""max_tries"": 50, ""tuning_file"": ""tests/psa/ace.tuning.json"", ""hpo_strategy"": ""hamming"", ""global_time_strategy"": ""PERCENT"", ""percent"": 0.2, ""round_time_strategy"": ""STATIC"", ""time_evolution"": ""STATIC"", ""stop_strategy"": ""TIMEOUT""}",243,"{""varh"": ""Wdeg"", ""valh"": ""First"", ""saf"": ""False"", ""pc1"": ""True"", ""bdc"": ""1"", ""toh"": ""False"", ""ng"": ""NO"", ""lc"": ""0"", ""negative"": ""STR2N"", ""generic2"": ""True"", ""sb"": ""NO""}",1.08741187499254,1.7249044589989353,9,ExitStatus.FEASIBLE,False,False,1.7249044589989353
2025-06-07T21:38:09.890961,ProgressiveParty-rally-red12-09_c23.xml,"{""input"": ""tests/xcsp3/cop/UNKNOWN/ProgressiveParty-rally-red12-09_c23.xml"", ""solver"": ""xcsp:ACE@2.4"", ""output_dir"": ""results_comparison"", ""global_time_limit"": 600, ""max_tries"": 50, ""tuning_file"": ""tests/psa/ace.tuning.json"", ""hpo_strategy"": ""hamming"", ""global_time_strategy"": ""PERCENT"", ""percent"": 0.2, ""round_time_strategy"": ""STATIC"", ""time_evolution"": ""STATIC"", ""stop_strategy"": ""TIMEOUT""}",244,"{""varh"": ""Wdeg"", ""valh"": ""OccsR"", ""saf"": ""False"", ""pc1"": ""False"", ""bdc"": ""1"", ""toh"": ""False"", ""ng"": ""NO"", ""lc"": ""2"", ""negative"": ""V"", ""generic2"": ""True"", ""sb"": ""NO""}",1.08741187499254,1.710053707996849,9,ExitStatus.FEASIBLE,False,False,1.710053707996849
2025-06-07T21:38:11.287349,ProgressiveParty-rally-red12-09_c23.xml,"{""input"": ""tests/xcsp3/cop/UNKNOWN/ProgressiveParty-rally-red12-09_c23.xml"", ""solver"": ""xcsp:ACE@2.4"", ""output_dir"": ""results_comparison"", ""global_time_limit"": 600, ""max_tries"": 50, ""tuning_file"": ""tests/psa/ace.tuning.json"", ""hpo_strategy"": ""hamming"", ""global_time_strategy"": ""PERCENT"", ""percent"": 0.2, ""round_time_strategy"": ""STATIC"", ""time_evolution"": ""STATIC"", ""stop_strategy"": ""TIMEOUT""}",245,"{""varh"": ""Wdeg"", ""valh"": ""OccsR"", ""saf"": ""False"", ""pc1"": ""True"", ""bdc"": ""1000"", ""toh"": ""False"", ""ng"": ""NO"", ""lc"": ""2"", ""negative"": ""V"", ""generic2"": ""True"", ""sb"": ""NO""}",1.08741187499254,1.2654283329902682,,ExitStatus.UNKNOWN,False,False,1.2654283329902682
2025-06-07T21:38:12.801334,ProgressiveParty-rally-red12-09_c23.xml,"{""input"": ""tests/xcsp3/cop/UNKNOWN/ProgressiveParty-rally-red12-09_c23.xml"", ""solver"": ""xcsp:ACE@2.4"", ""output_dir"": ""results_comparison"", ""global_time_limit"": 600, ""max_tries"": 50, ""tuning_file"": ""tests/psa/ace.tuning.json"", ""hpo_strategy"": ""hamming"", ""global_time_strategy"": ""PERCENT"", ""percent"": 0.2, ""round_time_strategy"": ""STATIC"", ""time_evolution"": ""STATIC"", ""stop_strategy"": ""TIMEOUT""}",246,"{""varh"": ""Impact"", ""valh"": ""First"", ""saf"": ""False"", ""pc1"": ""True"", ""bdc"": ""1000"", ""toh"": ""False"", ""ng"": ""NO"", ""lc"": ""2"", ""negative"": ""V"", ""generic2"": ""True"", ""sb"": ""NO""}",1.08741187499254,1.386742917005904,,ExitStatus.UNKNOWN,False,False,1.386742917005904
2025-06-07T21:38:14.495511,ProgressiveParty-rally-red12-09_c23.xml,"{""input"": ""tests/xcsp3/cop/UNKNOWN/ProgressiveParty-rally-red12-09_c23.xml"", ""solver"": ""xcsp:ACE@2.4"", ""output_dir"": ""results_comparison"", ""global_time_limit"": 600, ""max_tries"": 50, ""tuning_file"": ""tests/psa/ace.tuning.json"", ""hpo_strategy"": ""hamming"", ""global_time_strategy"": ""PERCENT"", ""percent"": 0.2, ""round_time_strategy"": ""STATIC"", ""time_evolution"": ""STATIC"", ""stop_strategy"": ""TIMEOUT""}",247,"{""varh"": ""PickOnDom"", ""valh"": ""First"", ""saf"": ""False"", ""pc1"": ""True"", ""bdc"": ""1"", ""toh"": ""True"", ""ng"": ""NO"", ""lc"": ""2"", ""negative"": ""V"", ""generic2"": ""True"", ""sb"": ""NO""}",1.08741187499254,1.571940416994039,9,ExitStatus.OPTIMAL,False,False,1.571940416994039
2025-06-07T21:38:16.201605,ProgressiveParty-rally-red12-09_c23.xml,"{""input"": ""tests/xcsp3/cop/UNKNOWN/ProgressiveParty-rally-red12-09_c23.xml"", ""solver"": ""xcsp:ACE@2.4"", ""output_dir"": ""results_comparison"", ""global_time_limit"": 600, ""max_tries"": 50, ""tuning_file"": ""tests/psa/ace.tuning.json"", ""hpo_strategy"": ""hamming"", ""global_time_strategy"": ""PERCENT"", ""percent"": 0.2, ""round_time_strategy"": ""STATIC"", ""time_evolution"": ""STATIC"", ""stop_strategy"": ""TIMEOUT""}",248,"{""varh"": ""PickOnDom"", ""valh"": ""Conflicts"", ""saf"": ""False"", ""pc1"": ""True"", ""bdc"": ""1"", ""toh"": ""False"", ""ng"": ""NO"", ""lc"": ""2"", ""negative"": ""V"", ""generic2"": ""True"", ""sb"": ""NO""}",1.08741187499254,1.5784877090191003,,ExitStatus.UNKNOWN,False,False,1.5784877090191003
2025-06-07T21:38:17.921319,ProgressiveParty-rally-red12-09_c23.xml,"{""input"": ""tests/xcsp3/cop/UNKNOWN/ProgressiveParty-rally-red12-09_c23.xml"", ""solver"": ""xcsp:ACE@2.4"", ""output_dir"": ""results_comparison"", ""global_time_limit"": 600, ""max_tries"": 50, ""tuning_file"": ""tests/psa/ace.tuning.json"", ""hpo_strategy"": ""hamming"", ""global_time_strategy"": ""PERCENT"", ""percent"": 0.2, ""round_time_strategy"": ""STATIC"", ""time_evolution"": ""STATIC"", ""stop_strategy"": ""TIMEOUT""}",249,"{""varh"": ""Wdeg"", ""valh"": ""Median"", ""saf"": ""False"", ""pc1"": ""True"", ""bdc"": ""1"", ""toh"": ""False"", ""ng"": ""NO"", ""lc"": ""2"", ""negative"": ""STR0"", ""generic2"": ""True"", ""sb"": ""NO""}",1.08741187499254,1.6009318750002421,9,ExitStatus.FEASIBLE,False,False,1.6009318750002421
2025-06-07T21:38:19.655125,ProgressiveParty-rally-red12-09_c23.xml,"{""input"": ""tests/xcsp3/cop/UNKNOWN/ProgressiveParty-rally-red12-09_c23.xml"", ""solver"": ""xcsp:ACE@2.4"", ""output_dir"": ""results_comparison"", ""global_time_limit"": 600, ""max_tries"": 50, ""tuning_file"": ""tests/psa/ace.tuning.json"", ""hpo_strategy"": ""hamming"", ""global_time_strategy"": ""PERCENT"", ""percent"": 0.2, ""round_time_strategy"": ""STATIC"", ""time_evolution"": ""STATIC"", ""stop_strategy"": ""TIMEOUT""}",250,"{""varh"": ""Impact"", ""valh"": ""Median"", ""saf"": ""False"", ""pc1"": ""True"", ""bdc"": ""1"", ""toh"": ""False"", ""ng"": ""NO"", ""lc"": ""2"", ""negative"": ""V"", ""generic2"": ""True"", ""sb"": ""NO""}",1.08741187499254,1.5873253330064472,10,ExitStatus.FEASIBLE,False,False,1.5873253330064472
2025-06-07T21:38:21.458873,ProgressiveParty-rally-red12-09_c23.xml,"{""input"": ""tests/xcsp3/cop/UNKNOWN/ProgressiveParty-rally-red12-09_c23.xml"", ""solver"": ""xcsp:ACE@2.4"", ""output_dir"": ""results_comparison"", ""global_time_limit"": 600, ""max_tries"": 50, ""tuning_file"": ""tests/psa/ace.tuning.json"", ""hpo_strategy"": ""hamming"", ""global_time_strategy"": ""PERCENT"", ""percent"": 0.2, ""round_time_strategy"": ""STATIC"", ""time_evolution"": ""STATIC"", ""stop_strategy"": ""TIMEOUT""}",251,"{""varh"": ""FrbaOnDom"", ""valh"": ""First"", ""saf"": ""True"", ""pc1"": ""True"", ""bdc"": ""1"", ""toh"": ""False"", ""ng"": ""NO"", ""lc"": ""2"", ""negative"": ""V"", ""generic2"": ""True"", ""sb"": ""NO""}",1.08741187499254,1.6810017909738235,9,ExitStatus.FEASIBLE,False,False,1.6810017909738235
2025-06-07T21:38:23.193605,ProgressiveParty-rally-red12-09_c23.xml,"{""input"": ""tests/xcsp3/cop/UNKNOWN/ProgressiveParty-rally-red12-09_c23.xml"", ""solver"": ""xcsp:ACE@2.4"", ""output_dir"": ""results_comparison"", ""global_time_limit"": 600, ""max_tries"": 50, ""tuning_file"": ""tests/psa/ace.tuning.json"", ""hpo_strategy"": ""hamming"", ""global_time_strategy"": ""PERCENT"", ""percent"": 0.2, ""round_time_strategy"": ""STATIC"", ""time_evolution"": ""STATIC"", ""stop_strategy"": ""TIMEOUT""}",252,"{""varh"": ""Wdeg"", ""valh"": ""First"", ""saf"": ""False"", ""pc1"": ""True"", ""bdc"": ""1"", ""toh"": ""False"", ""ng"": ""NO"", ""lc"": ""2"", ""negative"": ""STR0"", ""generic2"": ""False"", ""sb"": ""NO""}",1.08741187499254,1.6050120000145398,9,ExitStatus.FEASIBLE,False,False,1.6050120000145398
2025-06-07T21:38:24.928671,ProgressiveParty-rally-red12-09_c23.xml,"{""input"": ""tests/xcsp3/cop/UNKNOWN/ProgressiveParty-rally-red12-09_c23.xml"", ""solver"": ""xcsp:ACE@2.4"", ""output_dir"": ""results_comparison"", ""global_time_limit"": 600, ""max_tries"": 50, ""tuning_file"": ""tests/psa/ace.tuning.json"", ""hpo_strategy"": ""hamming"", ""global_time_strategy"": ""PERCENT"", ""percent"": 0.2, ""round_time_strategy"": ""STATIC"", ""time_evolution"": ""STATIC"", ""stop_strategy"": ""TIMEOUT""}",253,"{""varh"": ""Wdeg"", ""valh"": ""FlrsE"", ""saf"": ""False"", ""pc1"": ""True"", ""bdc"": ""1"", ""toh"": ""False"", ""ng"": ""NO"", ""lc"": ""10"", ""negative"": ""V"", ""generic2"": ""True"", ""sb"": ""NO""}",1.08741187499254,1.6061920000065584,9,ExitStatus.FEASIBLE,False,False,1.6061920000065584
2025-06-07T21:38:26.656237,ProgressiveParty-rally-red12-09_c23.xml,"{""input"": ""tests/xcsp3/cop/UNKNOWN/ProgressiveParty-rally-red12-09_c23.xml"", ""solver"": ""xcsp:ACE@2.4"", ""output_dir"": ""results_comparison"", ""global_time_limit"": 600, ""max_tries"": 50, ""tuning_file"": ""tests/psa/ace.tuning.json"", ""hpo_strategy"": ""hamming"", ""global_time_strategy"": ""PERCENT"", ""percent"": 0.2, ""round_time_strategy"": ""STATIC"", ""time_evolution"": ""STATIC"", ""stop_strategy"": ""TIMEOUT""}",254,"{""varh"": ""Wdeg"", ""valh"": ""First"", ""saf"": ""False"", ""pc1"": ""True"", ""bdc"": ""1"", ""toh"": ""False"", ""ng"": ""NO"", ""lc"": ""10"", ""negative"": ""STR1N"", ""generic2"": ""True"", ""sb"": ""NO""}",1.08741187499254,1.5982205829932354,9,ExitStatus.FEASIBLE,False,False,1.5982205829932354
2025-06-07T21:38:28.144090,ProgressiveParty-rally-red12-09_c23.xml,"{""input"": ""tests/xcsp3/cop/UNKNOWN/ProgressiveParty-rally-red12-09_c23.xml"", ""solver"": ""xcsp:ACE@2.4"", ""output_dir"": ""results_comparison"", ""global_time_limit"": 600, ""max_tries"": 50, ""tuning_file"": ""tests/psa/ace.tuning.json"", ""hpo_strategy"": ""hamming"", ""global_time_strategy"": ""PERCENT"", ""percent"": 0.2, ""round_time_strategy"": ""STATIC"", ""time_evolution"": ""STATIC"", ""stop_strategy"": ""TIMEOUT""}",255,"{""varh"": ""PickOnDom"", ""valh"": ""First"", ""saf"": ""False"", ""pc1"": ""True"", ""bdc"": ""100"", ""toh"": ""False"", ""ng"": ""NO"", ""lc"": ""2"", ""negative"": ""V"", ""generic2"": ""True"", ""sb"": ""NO""}",1.08741187499254,1.3487687500019092,,ExitStatus.UNKNOWN,False,False,1.3487687500019092
2025-06-07T21:38:29.581756,ProgressiveParty-rally-red12-09_c23.xml,"{""input"": ""tests/xcsp3/cop/UNKNOWN/ProgressiveParty-rally-red12-09_c23.xml"", ""solver"": ""xcsp:ACE@2.4"", ""output_dir"": ""results_comparison"", ""global_time_limit"": 600, ""max_tries"": 50, ""tuning_file"": ""tests/psa/ace.tuning.json"", ""hpo_strategy"": ""hamming"", ""global_time_strategy"": ""PERCENT"", ""percent"": 0.2, ""round_time_strategy"": ""STATIC"", ""time_evolution"": ""STATIC"", ""stop_strategy"": ""TIMEOUT""}",256,"{""varh"": ""Memory"", ""valh"": ""First"", ""saf"": ""False"", ""pc1"": ""True"", ""bdc"": ""1000"", ""toh"": ""False"", ""ng"": ""NO"", ""lc"": ""2"", ""negative"": ""V"", ""generic2"": ""True"", ""sb"": ""NO""}",1.08741187499254,1.3109642500057817,,ExitStatus.UNKNOWN,False,False,1.3109642500057817
2025-06-07T21:38:30.975179,ProgressiveParty-rally-red12-09_c23.xml,"{""input"": ""tests/xcsp3/cop/UNKNOWN/ProgressiveParty-rally-red12-09_c23.xml"", ""solver"": ""xcsp:ACE@2.4"", ""output_dir"": ""results_comparison"", ""global_time_limit"": 600, ""max_tries"": 50, ""tuning_file"": ""tests/psa/ace.tuning.json"", ""hpo_strategy"": ""hamming"", ""global_time_strategy"": ""PERCENT"", ""percent"": 0.2, ""round_time_strategy"": ""STATIC"", ""time_evolution"": ""STATIC"", ""stop_strategy"": ""TIMEOUT""}",257,"{""varh"": ""WdegOnDom"", ""valh"": ""First"", ""saf"": ""False"", ""pc1"": ""True"", ""bdc"": ""1000"", ""toh"": ""False"", ""ng"": ""NO"", ""lc"": ""2"", ""negative"": ""V"", ""generic2"": ""True"", ""sb"": ""NO""}",1.08741187499254,1.2669485410151538,,ExitStatus.UNKNOWN,False,False,1.2669485410151538
2025-06-07T21:38:32.454303,ProgressiveParty-rally-red12-09_c23.xml,"{""input"": ""tests/xcsp3/cop/UNKNOWN/ProgressiveParty-rally-red12-09_c23.xml"", ""solver"": ""xcsp:ACE@2.4"", ""output_dir"": ""results_comparison"", ""global_time_limit"": 600, ""max_tries"": 50, ""tuning_file"": ""tests/psa/ace.tuning.json"", ""hpo_strategy"": ""hamming"", ""global_time_strategy"": ""PERCENT"", ""percent"": 0.2, ""round_time_strategy"": ""STATIC"", ""time_evolution"": ""STATIC"", ""stop_strategy"": ""TIMEOUT""}",258,"{""varh"": ""Wdeg"", ""valh"": ""FlrsE"", ""saf"": ""False"", ""pc1"": ""True"", ""bdc"": ""10"", ""toh"": ""False"", ""ng"": ""NO"", ""lc"": ""2"", ""negative"": ""V"", ""generic2"": ""True"", ""sb"": ""NO""}",1.08741187499254,1.3475548750138842,9,ExitStatus.OPTIMAL,False,False,1.3475548750138842
2025-06-07T21:38:34.221617,ProgressiveParty-rally-red12-09_c23.xml,"{""input"": ""tests/xcsp3/cop/UNKNOWN/ProgressiveParty-rally-red12-09_c23.xml"", ""solver"": ""xcsp:ACE@2.4"", ""output_dir"": ""results_comparison"", ""global_time_limit"": 600, ""max_tries"": 50, ""tuning_file"": ""tests/psa/ace.tuning.json"", ""hpo_strategy"": ""hamming"", ""global_time_strategy"": ""PERCENT"", ""percent"": 0.2, ""round_time_strategy"": ""STATIC"", ""time_evolution"": ""STATIC"", ""stop_strategy"": ""TIMEOUT""}",259,"{""varh"": ""WdegOnDom"", ""valh"": ""First"", ""saf"": ""False"", ""pc1"": ""True"", ""bdc"": ""1"", ""toh"": ""False"", ""ng"": ""NO"", ""lc"": ""2"", ""negative"": ""STR2N"", ""generic2"": ""True"", ""sb"": ""NO""}",1.08741187499254,1.6373455839930102,9,ExitStatus.OPTIMAL,False,False,1.6373455839930102
2025-06-07T21:38:35.621949,ProgressiveParty-rally-red12-09_c23.xml,"{""input"": ""tests/xcsp3/cop/UNKNOWN/ProgressiveParty-rally-red12-09_c23.xml"", ""solver"": ""xcsp:ACE@2.4"", ""output_dir"": ""results_comparison"", ""global_time_limit"": 600, ""max_tries"": 50, ""tuning_file"": ""tests/psa/ace.tuning.json"", ""hpo_strategy"": ""hamming"", ""global_time_strategy"": ""PERCENT"", ""percent"": 0.2, ""round_time_strategy"": ""STATIC"", ""time_evolution"": ""STATIC"", ""stop_strategy"": ""TIMEOUT""}",260,"{""varh"": ""Wdeg"", ""valh"": ""First"", ""saf"": ""False"", ""pc1"": ""True"", ""bdc"": ""1000"", ""toh"": ""False"", ""ng"": ""NO"", ""lc"": ""0"", ""negative"": ""V"", ""generic2"": ""True"", ""sb"": ""NO""}",1.08741187499254,1.26396358301281,,ExitStatus.UNKNOWN,False,False,1.26396358301281
2025-06-07T21:38:37.310976,ProgressiveParty-rally-red12-09_c23.xml,"{""input"": ""tests/xcsp3/cop/UNKNOWN/ProgressiveParty-rally-red12-09_c23.xml"", ""solver"": ""xcsp:ACE@2.4"", ""output_dir"": ""results_comparison"", ""global_time_limit"": 600, ""max_tries"": 50, ""tuning_file"": ""tests/psa/ace.tuning.json"", ""hpo_strategy"": ""hamming"", ""global_time_strategy"": ""PERCENT"", ""percent"": 0.2, ""round_time_strategy"": ""STATIC"", ""time_evolution"": ""STATIC"", ""stop_strategy"": ""TIMEOUT""}",261,"{""varh"": ""Impact"", ""valh"": ""First"", ""saf"": ""False"", ""pc1"": ""True"", ""bdc"": ""1"", ""toh"": ""False"", ""ng"": ""NO"", ""lc"": ""2"", ""negative"": ""STR2N"", ""generic2"": ""True"", ""sb"": ""NO""}",1.08741187499254,1.5713249999971595,9,ExitStatus.FEASIBLE,False,False,1.5713249999971595
2025-06-07T21:38:38.497894,ProgressiveParty-rally-red12-09_c23.xml,"{""input"": ""tests/xcsp3/cop/UNKNOWN/ProgressiveParty-rally-red12-09_c23.xml"", ""solver"": ""xcsp:ACE@2.4"", ""output_dir"": ""results_comparison"", ""global_time_limit"": 600, ""max_tries"": 50, ""tuning_file"": ""tests/psa/ace.tuning.json"", ""hpo_strategy"": ""hamming"", ""global_time_strategy"": ""PERCENT"", ""percent"": 0.2, ""round_time_strategy"": ""STATIC"", ""time_evolution"": ""STATIC"", ""stop_strategy"": ""TIMEOUT""}",262,"{""varh"": ""Wdeg"", ""valh"": ""First"", ""saf"": ""False"", ""pc1"": ""True"", ""bdc"": ""10"", ""toh"": ""True"", ""ng"": ""NO"", ""lc"": ""2"", ""negative"": ""V"", ""generic2"": ""True"", ""sb"": ""NO""}",1.0724446669919416,1.0724446669919416,9,ExitStatus.OPTIMAL,False,False,1.0724446669919416
2025-06-07T21:38:39.677873,ProgressiveParty-rally-red12-09_c23.xml,"{""input"": ""tests/xcsp3/cop/UNKNOWN/ProgressiveParty-rally-red12-09_c23.xml"", ""solver"": ""xcsp:ACE@2.4"", ""output_dir"": ""results_comparison"", ""global_time_limit"": 600, ""max_tries"": 50, ""tuning_file"": ""tests/psa/ace.tuning.json"", ""hpo_strategy"": ""hamming"", ""global_time_strategy"": ""PERCENT"", ""percent"": 0.2, ""round_time_strategy"": ""STATIC"", ""time_evolution"": ""STATIC"", ""stop_strategy"": ""TIMEOUT""}",263,"{""varh"": ""Wdeg"", ""valh"": ""First"", ""saf"": ""False"", ""pc1"": ""False"", ""bdc"": ""1000"", ""toh"": ""False"", ""ng"": ""NO"", ""lc"": ""2"", ""negative"": ""V"", ""generic2"": ""True"", ""sb"": ""NO""}",1.0724446669919416,1.067380749998847,,ExitStatus.UNKNOWN,False,False,1.067380749998847
2025-06-07T21:38:41.122970,ProgressiveParty-rally-red12-09_c23.xml,"{""input"": ""tests/xcsp3/cop/UNKNOWN/ProgressiveParty-rally-red12-09_c23.xml"", ""solver"": ""xcsp:ACE@2.4"", ""output_dir"": ""results_comparison"", ""global_time_limit"": 600, ""max_tries"": 50, ""tuning_file"": ""tests/psa/ace.tuning.json"", ""hpo_strategy"": ""hamming"", ""global_time_strategy"": ""PERCENT"", ""percent"": 0.2, ""round_time_strategy"": ""STATIC"", ""time_evolution"": ""STATIC"", ""stop_strategy"": ""TIMEOUT""}",264,"{""varh"": ""Memory"", ""valh"": ""Vals"", ""saf"": ""False"", ""pc1"": ""True"", ""bdc"": ""1"", ""toh"": ""False"", ""ng"": ""NO"", ""lc"": ""2"", ""negative"": ""V"", ""generic2"": ""True"", ""sb"": ""NO""}",1.0724446669919416,1.333010500005912,9,ExitStatus.OPTIMAL,False,False,1.333010500005912
2025-06-07T21:38:42.821203,ProgressiveParty-rally-red12-09_c23.xml,"{""input"": ""tests/xcsp3/cop/UNKNOWN/ProgressiveParty-rally-red12-09_c23.xml"", ""solver"": ""xcsp:ACE@2.4"", ""output_dir"": ""results_comparison"", ""global_time_limit"": 600, ""max_tries"": 50, ""tuning_file"": ""tests/psa/ace.tuning.json"", ""hpo_strategy"": ""hamming"", ""global_time_strategy"": ""PERCENT"", ""percent"": 0.2, ""round_time_strategy"": ""STATIC"", ""time_evolution"": ""STATIC"", ""stop_strategy"": ""TIMEOUT""}",265,"{""varh"": ""Wdeg"", ""valh"": ""RunRobin"", ""saf"": ""False"", ""pc1"": ""True"", ""bdc"": ""1"", ""toh"": ""False"", ""ng"": ""NO"", ""lc"": ""10"", ""negative"": ""V"", ""generic2"": ""True"", ""sb"": ""NO""}",1.0724446669919416,1.574820833018748,9,ExitStatus.FEASIBLE,False,False,1.574820833018748
2025-06-07T21:38:44.500576,ProgressiveParty-rally-red12-09_c23.xml,"{""input"": ""tests/xcsp3/cop/UNKNOWN/ProgressiveParty-rally-red12-09_c23.xml"", ""solver"": ""xcsp:ACE@2.4"", ""output_dir"": ""results_comparison"", ""global_time_limit"": 600, ""max_tries"": 50, ""tuning_file"": ""tests/psa/ace.tuning.json"", ""hpo_strategy"": ""hamming"", ""global_time_strategy"": ""PERCENT"", ""percent"": 0.2, ""round_time_strategy"": ""STATIC"", ""time_evolution"": ""STATIC"", ""stop_strategy"": ""TIMEOUT""}",266,"{""varh"": ""Wdeg"", ""valh"": ""Bivs3"", ""saf"": ""False"", ""pc1"": ""True"", ""bdc"": ""1"", ""toh"": ""False"", ""ng"": ""NO"", ""lc"": ""2"", ""negative"": ""V"", ""generic2"": ""False"", ""sb"": ""NO""}",1.0724446669919416,1.5598331250075717,9,ExitStatus.FEASIBLE,False,False,1.5598331250075717
2025-06-07T21:38:45.915266,ProgressiveParty-rally-red12-09_c23.xml,"{""input"": ""tests/xcsp3/cop/UNKNOWN/ProgressiveParty-rally-red12-09_c23.xml"", ""solver"": ""xcsp:ACE@2.4"", ""output_dir"": ""results_comparison"", ""global_time_limit"": 600, ""max_tries"": 50, ""tuning_file"": ""tests/psa/ace.tuning.json"", ""hpo_strategy"": ""hamming"", ""global_time_strategy"": ""PERCENT"", ""percent"": 0.2, ""round_time_strategy"": ""STATIC"", ""time_evolution"": ""STATIC"", ""stop_strategy"": ""TIMEOUT""}",267,"{""varh"": ""Lexico"", ""valh"": ""Vals"", ""saf"": ""False"", ""pc1"": ""True"", ""bdc"": ""1"", ""toh"": ""False"", ""ng"": ""NO"", ""lc"": ""2"", ""negative"": ""V"", ""generic2"": ""True"", ""sb"": ""NO""}",1.0724446669919416,1.300832167005865,9,ExitStatus.OPTIMAL,False,False,1.300832167005865
2025-06-07T21:38:47.606414,ProgressiveParty-rally-red12-09_c23.xml,"{""input"": ""tests/xcsp3/cop/UNKNOWN/ProgressiveParty-rally-red12-09_c23.xml"", ""solver"": ""xcsp:ACE@2.4"", ""output_dir"": ""results_comparison"", ""global_time_limit"": 600, ""max_tries"": 50, ""tuning_file"": ""tests/psa/ace.tuning.json"", ""hpo_strategy"": ""hamming"", ""global_time_strategy"": ""PERCENT"", ""percent"": 0.2, ""round_time_strategy"": ""STATIC"", ""time_evolution"": ""STATIC"", ""stop_strategy"": ""TIMEOUT""}",268,"{""varh"": ""Impact"", ""valh"": ""First"", ""saf"": ""False"", ""pc1"": ""True"", ""bdc"": ""1"", ""toh"": ""False"", ""ng"": ""NO"", ""lc"": ""2"", ""negative"": ""STR0"", ""generic2"": ""True"", ""sb"": ""NO""}",1.0724446669919416,1.5719783329986967,9,ExitStatus.FEASIBLE,False,False,1.5719783329986967
2025-06-07T21:38:48.799468,ProgressiveParty-rally-red12-09_c23.xml,"{""input"": ""tests/xcsp3/cop/UNKNOWN/ProgressiveParty-rally-red12-09_c23.xml"", ""solver"": ""xcsp:ACE@2.4"", ""output_dir"": ""results_comparison"", ""global_time_limit"": 600, ""max_tries"": 50, ""tuning_file"": ""tests/psa/ace.tuning.json"", ""hpo_strategy"": ""hamming"", ""global_time_strategy"": ""PERCENT"", ""percent"": 0.2, ""round_time_strategy"": ""STATIC"", ""time_evolution"": ""STATIC"", ""stop_strategy"": ""TIMEOUT""}",269,"{""varh"": ""Wdeg"", ""valh"": ""First"", ""saf"": ""False"", ""pc1"": ""True"", ""bdc"": ""100"", ""toh"": ""False"", ""ng"": ""NO"", ""lc"": ""0"", ""negative"": ""V"", ""generic2"": ""True"", ""sb"": ""NO""}",1.0724446669919416,1.0772948340163566,,ExitStatus.UNKNOWN,False,False,1.0772948340163566
2025-06-07T21:38:50.477157,ProgressiveParty-rally-red12-09_c23.xml,"{""input"": ""tests/xcsp3/cop/UNKNOWN/ProgressiveParty-rally-red12-09_c23.xml"", ""solver"": ""xcsp:ACE@2.4"", ""output_dir"": ""results_comparison"", ""global_time_limit"": 600, ""max_tries"": 50, ""tuning_file"": ""tests/psa/ace.tuning.json"", ""hpo_strategy"": ""hamming"", ""global_time_strategy"": ""PERCENT"", ""percent"": 0.2, ""round_time_strategy"": ""STATIC"", ""time_evolution"": ""STATIC"", ""stop_strategy"": ""TIMEOUT""}",270,"{""varh"": ""Wdeg"", ""valh"": ""First"", ""saf"": ""False"", ""pc1"": ""True"", ""bdc"": ""1"", ""toh"": ""False"", ""ng"": ""NO"", ""lc"": ""5"", ""negative"": ""STR1"", ""generic2"": ""True"", ""sb"": ""NO""}",1.0724446669919416,1.566869875008706,9,ExitStatus.FEASIBLE,False,False,1.566869875008706
2025-06-07T21:38:52.157818,ProgressiveParty-rally-red12-09_c23.xml,"{""input"": ""tests/xcsp3/cop/UNKNOWN/ProgressiveParty-rally-red12-09_c23.xml"", ""solver"": ""xcsp:ACE@2.4"", ""output_dir"": ""results_comparison"", ""global_time_limit"": 600, ""max_tries"": 50, ""tuning_file"": ""tests/psa/ace.tuning.json"", ""hpo_strategy"": ""hamming"", ""global_time_strategy"": ""PERCENT"", ""percent"": 0.2, ""round_time_strategy"": ""STATIC"", ""time_evolution"": ""STATIC"", ""stop_strategy"": ""TIMEOUT""}",271,"{""varh"": ""Wdeg"", ""valh"": ""RunRobin"", ""saf"": ""False"", ""pc1"": ""True"", ""bdc"": ""1"", ""toh"": ""False"", ""ng"": ""NO"", ""lc"": ""2"", ""negative"": ""STR1N"", ""generic2"": ""True"", ""sb"": ""NO""}",1.0724446669919416,1.5687239169783425,9,ExitStatus.FEASIBLE,False,False,1.5687239169783425
2025-06-07T21:38:53.742400,ProgressiveParty-rally-red12-09_c23.xml,"{""input"": ""tests/xcsp3/cop/UNKNOWN/ProgressiveParty-rally-red12-09_c23.xml"", ""solver"": ""xcsp:ACE@2.4"", ""output_dir"": ""results_comparison"", ""global_time_limit"": 600, ""max_tries"": 50, ""tuning_file"": ""tests/psa/ace.tuning.json"", ""hpo_strategy"": ""hamming"", ""global_time_strategy"": ""PERCENT"", ""percent"": 0.2, ""round_time_strategy"": ""STATIC"", ""time_evolution"": ""STATIC"", ""stop_strategy"": ""TIMEOUT""}",272,"{""varh"": ""FrbaOnDom"", ""valh"": ""First"", ""saf"": ""False"", ""pc1"": ""True"", ""bdc"": ""1"", ""toh"": ""False"", ""ng"": ""NO"", ""lc"": ""2"", ""negative"": ""CT"", ""generic2"": ""True"", ""sb"": ""NO""}",1.0724446669919416,1.472216040972853,9,ExitStatus.OPTIMAL,False,False,1.472216040972853
2025-06-07T21:38:54.943976,ProgressiveParty-rally-red12-09_c23.xml,"{""input"": ""tests/xcsp3/cop/UNKNOWN/ProgressiveParty-rally-red12-09_c23.xml"", ""solver"": ""xcsp:ACE@2.4"", ""output_dir"": ""results_comparison"", ""global_time_limit"": 600, ""max_tries"": 50, ""tuning_file"": ""tests/psa/ace.tuning.json"", ""hpo_strategy"": ""hamming"", ""global_time_strategy"": ""PERCENT"", ""percent"": 0.2, ""round_time_strategy"": ""STATIC"", ""time_evolution"": ""STATIC"", ""stop_strategy"": ""TIMEOUT""}",273,"{""varh"": ""Wdeg"", ""valh"": ""Bivs3"", ""saf"": ""False"", ""pc1"": ""True"", ""bdc"": ""1000"", ""toh"": ""False"", ""ng"": ""NO"", ""lc"": ""2"", ""negative"": ""V"", ""generic2"": ""True"", ""sb"": ""NO""}",1.0724446669919416,1.0902768340019975,,ExitStatus.UNKNOWN,False,False,1.0902768340019975
2025-06-07T21:38:56.627635,ProgressiveParty-rally-red12-09_c23.xml,"{""input"": ""tests/xcsp3/cop/UNKNOWN/ProgressiveParty-rally-red12-09_c23.xml"", ""solver"": ""xcsp:ACE@2.4"", ""output_dir"": ""results_comparison"", ""global_time_limit"": 600, ""max_tries"": 50, ""tuning_file"": ""tests/psa/ace.tuning.json"", ""hpo_strategy"": ""hamming"", ""global_time_strategy"": ""PERCENT"", ""percent"": 0.2, ""round_time_strategy"": ""STATIC"", ""time_evolution"": ""STATIC"", ""stop_strategy"": ""TIMEOUT""}",274,"{""varh"": ""Wdeg"", ""valh"": ""First"", ""saf"": ""False"", ""pc1"": ""True"", ""bdc"": ""1"", ""toh"": ""False"", ""ng"": ""NO"", ""lc"": ""2"", ""negative"": ""STR2N"", ""generic2"": ""False"", ""sb"": ""NO""}",1.0724446669919416,1.5718629169859923,9,ExitStatus.FEASIBLE,False,False,1.5718629169859923
2025-06-07T21:38:58.057527,ProgressiveParty-rally-red12-09_c23.xml,"{""input"": ""tests/xcsp3/cop/UNKNOWN/ProgressiveParty-rally-red12-09_c23.xml"", ""solver"": ""xcsp:ACE@2.4"", ""output_dir"": ""results_comparison"", ""global_time_limit"": 600, ""max_tries"": 50, ""tuning_file"": ""tests/psa/ace.tuning.json"", ""hpo_strategy"": ""hamming"", ""global_time_strategy"": ""PERCENT"", ""percent"": 0.2, ""round_time_strategy"": ""STATIC"", ""time_evolution"": ""STATIC"", ""stop_strategy"": ""TIMEOUT""}",275,"{""varh"": ""PickOnDom"", ""valh"": ""First"", ""saf"": ""False"", ""pc1"": ""True"", ""bdc"": ""1"", ""toh"": ""False"", ""ng"": ""NO"", ""lc"": ""2"", ""negative"": ""V"", ""generic2"": ""False"", ""sb"": ""NO""}",1.0724446669919416,1.3176881670078728,9,ExitStatus.OPTIMAL,False,False,1.3176881670078728
2025-06-07T21:38:59.742515,ProgressiveParty-rally-red12-09_c23.xml,"{""input"": ""tests/xcsp3/cop/UNKNOWN/ProgressiveParty-rally-red12-09_c23.xml"", ""solver"": ""xcsp:ACE@2.4"", ""output_dir"": ""results_comparison"", ""global_time_limit"": 600, ""max_tries"": 50, ""tuning_file"": ""tests/psa/ace.tuning.json"", ""hpo_strategy"": ""hamming"", ""global_time_strategy"": ""PERCENT"", ""percent"": 0.2, ""round_time_strategy"": ""STATIC"", ""time_evolution"": ""STATIC"", ""stop_strategy"": ""TIMEOUT""}",276,"{""varh"": ""Wdeg"", ""valh"": ""First"", ""saf"": ""False"", ""pc1"": ""True"", ""bdc"": ""1"", ""toh"": ""True"", ""ng"": ""NO"", ""lc"": ""5"", ""negative"": ""V"", ""generic2"": ""True"", ""sb"": ""NO""}",1.0724446669919416,1.5724790419917554,9,ExitStatus.FEASIBLE,False,False,1.5724790419917554
2025-06-07T21:41:06.069923,ProgressiveParty-rally-red12-09_c23.xml,"{""input"": ""tests/xcsp3/cop/UNKNOWN/ProgressiveParty-rally-red12-09_c23.xml"", ""solver"": ""xcsp:ACE@2.4"", ""output_dir"": ""results_comparison"", ""global_time_limit"": 600, ""max_tries"": 50, ""tuning_file"": ""tests/psa/ace.tuning.json"", ""hpo_strategy"": ""hamming"", ""global_time_strategy"": ""PERCENT"", ""percent"": 0.2, ""round_time_strategy"": ""STATIC"", ""time_evolution"": ""STATIC"", ""stop_strategy"": ""TIMEOUT""}",0,"{""varh"": ""Wdeg"", ""valh"": ""First"", ""saf"": ""False"", ""pc1"": ""True"", ""bdc"": ""1"", ""toh"": ""False"", ""ng"": ""NO"", ""lc"": ""2"", ""negative"": ""V"", ""generic2"": ""True"", ""sb"": ""NO""}",30.9298563330085,29.073889124993002,9,ExitStatus.OPTIMAL,True,False,29.073889124993002
2025-06-07T21:41:35.753207,ProgressiveParty-rally-red12-09_c23.xml,"{""input"": ""tests/xcsp3/cop/UNKNOWN/ProgressiveParty-rally-red12-09_c23.xml"", ""solver"": ""xcsp:ACE@2.4"", ""output_dir"": ""results_comparison"", ""global_time_limit"": 600, ""max_tries"": 50, ""tuning_file"": ""tests/psa/ace.tuning.json"", ""hpo_strategy"": ""hamming"", ""global_time_strategy"": ""PERCENT"", ""percent"": 0.2, ""round_time_strategy"": ""STATIC"", ""time_evolution"": ""STATIC"", ""stop_strategy"": ""TIMEOUT""}",1,"{""varh"": ""Wdeg"", ""valh"": ""First"", ""saf"": ""False"", ""pc1"": ""True"", ""bdc"": ""1"", ""toh"": ""False"", ""ng"": ""NO"", ""lc"": ""0"", ""negative"": ""V"", ""generic2"": ""True"", ""sb"": ""NO""}",30.9298563330085,29.576706583000487,9,ExitStatus.FEASIBLE,False,False,29.576706583000487
2025-06-07T21:41:37.007225,ProgressiveParty-rally-red12-09_c23.xml,"{""input"": ""tests/xcsp3/cop/UNKNOWN/ProgressiveParty-rally-red12-09_c23.xml"", ""solver"": ""xcsp:ACE@2.4"", ""output_dir"": ""results_comparison"", ""global_time_limit"": 600, ""max_tries"": 50, ""tuning_file"": ""tests/psa/ace.tuning.json"", ""hpo_strategy"": ""hamming"", ""global_time_strategy"": ""PERCENT"", ""percent"": 0.2, ""round_time_strategy"": ""STATIC"", ""time_evolution"": ""STATIC"", ""stop_strategy"": ""TIMEOUT""}",2,"{""varh"": ""Wdeg"", ""valh"": ""First"", ""saf"": ""False"", ""pc1"": ""True"", ""bdc"": ""100"", ""toh"": ""False"", ""ng"": ""NO"", ""lc"": ""2"", ""negative"": ""V"", ""generic2"": ""True"", ""sb"": ""NO""}",30.9298563330085,1.1084119169972837,,ExitStatus.UNKNOWN,False,False,1.1084119169972837
2025-06-07T21:42:06.680793,ProgressiveParty-rally-red12-09_c23.xml,"{""input"": ""tests/xcsp3/cop/UNKNOWN/ProgressiveParty-rally-red12-09_c23.xml"", ""solver"": ""xcsp:ACE@2.4"", ""output_dir"": ""results_comparison"", ""global_time_limit"": 600, ""max_tries"": 50, ""tuning_file"": ""tests/psa/ace.tuning.json"", ""hpo_strategy"": ""hamming"", ""global_time_strategy"": ""PERCENT"", ""percent"": 0.2, ""round_time_strategy"": ""STATIC"", ""time_evolution"": ""STATIC"", ""stop_strategy"": ""TIMEOUT""}",3,"{""varh"": ""Wdeg"", ""valh"": ""First"", ""saf"": ""False"", ""pc1"": ""True"", ""bdc"": ""1"", ""toh"": ""False"", ""ng"": ""NO"", ""lc"": ""2"", ""negative"": ""STR3"", ""generic2"": ""True"", ""sb"": ""NO""}",30.9298563330085,29.556822791986633,9,ExitStatus.FEASIBLE,False,False,29.556822791986633
2025-06-07T21:42:36.396514,ProgressiveParty-rally-red12-09_c23.xml,"{""input"": ""tests/xcsp3/cop/UNKNOWN/ProgressiveParty-rally-red12-09_c23.xml"", ""solver"": ""xcsp:ACE@2.4"", ""output_dir"": ""results_comparison"", ""global_time_limit"": 600, ""max_tries"": 50, ""tuning_file"": ""tests/psa/ace.tuning.json"", ""hpo_strategy"": ""hamming"", ""global_time_strategy"": ""PERCENT"", ""percent"": 0.2, ""round_time_strategy"": ""STATIC"", ""time_evolution"": ""STATIC"", ""stop_strategy"": ""TIMEOUT""}",4,"{""varh"": ""Wdeg"", ""valh"": ""First"", ""saf"": ""False"", ""pc1"": ""True"", ""bdc"": ""1"", ""toh"": ""False"", ""ng"": ""NO"", ""lc"": ""2"", ""negative"": ""V"", ""generic2"": ""False"", ""sb"": ""NO""}",30.9298563330085,29.587700541014783,9,ExitStatus.FEASIBLE,False,False,29.587700541014783
2025-06-07T21:43:06.082982,ProgressiveParty-rally-red12-09_c23.xml,"{""input"": ""tests/xcsp3/cop/UNKNOWN/ProgressiveParty-rally-red12-09_c23.xml"", ""solver"": ""xcsp:ACE@2.4"", ""output_dir"": ""results_comparison"", ""global_time_limit"": 600, ""max_tries"": 50, ""tuning_file"": ""tests/psa/ace.tuning.json"", ""hpo_strategy"": ""hamming"", ""global_time_strategy"": ""PERCENT"", ""percent"": 0.2, ""round_time_strategy"": ""STATIC"", ""time_evolution"": ""STATIC"", ""stop_strategy"": ""TIMEOUT""}",5,"{""varh"": ""Wdeg"", ""valh"": ""First"", ""saf"": ""False"", ""pc1"": ""True"", ""bdc"": ""1"", ""toh"": ""False"", ""ng"": ""NO"", ""lc"": ""2"", ""negative"": ""STR1"", ""generic2"": ""True"", ""sb"": ""NO""}",30.9298563330085,29.574965790990973,9,ExitStatus.FEASIBLE,False,False,29.574965790990973
2025-06-07T21:43:07.816707,ProgressiveParty-rally-red12-09_c23.xml,"{""input"": ""tests/xcsp3/cop/UNKNOWN/ProgressiveParty-rally-red12-09_c23.xml"", ""solver"": ""xcsp:ACE@2.4"", ""output_dir"": ""results_comparison"", ""global_time_limit"": 600, ""max_tries"": 50, ""tuning_file"": ""tests/psa/ace.tuning.json"", ""hpo_strategy"": ""hamming"", ""global_time_strategy"": ""PERCENT"", ""percent"": 0.2, ""round_time_strategy"": ""STATIC"", ""time_evolution"": ""STATIC"", ""stop_strategy"": ""TIMEOUT""}",6,"{""varh"": ""RunRobin"", ""valh"": ""First"", ""saf"": ""False"", ""pc1"": ""True"", ""bdc"": ""1"", ""toh"": ""False"", ""ng"": ""NO"", ""lc"": ""2"", ""negative"": ""V"", ""generic2"": ""True"", ""sb"": ""NO""}",30.9298563330085,1.6255808330024593,9,ExitStatus.OPTIMAL,True,False,1.6255808330024593
2025-06-07T21:43:09.248841,ProgressiveParty-rally-red12-09_c23.xml,"{""input"": ""tests/xcsp3/cop/UNKNOWN/ProgressiveParty-rally-red12-09_c23.xml"", ""solver"": ""xcsp:ACE@2.4"", ""output_dir"": ""results_comparison"", ""global_time_limit"": 600, ""max_tries"": 50, ""tuning_file"": ""tests/psa/ace.tuning.json"", ""hpo_strategy"": ""hamming"", ""global_time_strategy"": ""PERCENT"", ""percent"": 0.2, ""round_time_strategy"": ""STATIC"", ""time_evolution"": ""STATIC"", ""stop_strategy"": ""TIMEOUT""}",7,"{""varh"": ""WdegOnDom"", ""valh"": ""First"", ""saf"": ""False"", ""pc1"": ""True"", ""bdc"": ""1"", ""toh"": ""False"", ""ng"": ""NO"", ""lc"": ""2"", ""negative"": ""V"", ""generic2"": ""True"", ""sb"": ""NO""}",30.9298563330085,1.3236773750104476,9,ExitStatus.OPTIMAL,True,False,1.3236773750104476
2025-06-07T21:43:10.930673,ProgressiveParty-rally-red12-09_c23.xml,"{""input"": ""tests/xcsp3/cop/UNKNOWN/ProgressiveParty-rally-red12-09_c23.xml"", ""solver"": ""xcsp:ACE@2.4"", ""output_dir"": ""results_comparison"", ""global_time_limit"": 600, ""max_tries"": 50, ""tuning_file"": ""tests/psa/ace.tuning.json"", ""hpo_strategy"": ""hamming"", ""global_time_strategy"": ""PERCENT"", ""percent"": 0.2, ""round_time_strategy"": ""STATIC"", ""time_evolution"": ""STATIC"", ""stop_strategy"": ""TIMEOUT""}",8,"{""varh"": ""Wdeg"", ""valh"": ""Last"", ""saf"": ""False"", ""pc1"": ""True"", ""bdc"": ""1"", ""toh"": ""False"", ""ng"": ""NO"", ""lc"": ""2"", ""negative"": ""V"", ""generic2"": ""True"", ""sb"": ""NO""}",30.9298563330085,1.5680611249990761,9,ExitStatus.FEASIBLE,False,False,1.5680611249990761
2025-06-07T21:43:12.630601,ProgressiveParty-rally-red12-09_c23.xml,"{""input"": ""tests/xcsp3/cop/UNKNOWN/ProgressiveParty-rally-red12-09_c23.xml"", ""solver"": ""xcsp:ACE@2.4"", ""output_dir"": ""results_comparison"", ""global_time_limit"": 600, ""max_tries"": 50, ""tuning_file"": ""tests/psa/ace.tuning.json"", ""hpo_strategy"": ""hamming"", ""global_time_strategy"": ""PERCENT"", ""percent"": 0.2, ""round_time_strategy"": ""STATIC"", ""time_evolution"": ""STATIC"", ""stop_strategy"": ""TIMEOUT""}",9,"{""varh"": ""Wdeg"", ""valh"": ""OccsR"", ""saf"": ""False"", ""pc1"": ""True"", ""bdc"": ""1"", ""toh"": ""False"", ""ng"": ""NO"", ""lc"": ""2"", ""negative"": ""V"", ""generic2"": ""True"", ""sb"": ""NO""}",30.9298563330085,1.5852720839902759,9,ExitStatus.FEASIBLE,False,False,1.5852720839902759
2025-06-07T21:43:14.310201,ProgressiveParty-rally-red12-09_c23.xml,"{""input"": ""tests/xcsp3/cop/UNKNOWN/ProgressiveParty-rally-red12-09_c23.xml"", ""solver"": ""xcsp:ACE@2.4"", ""output_dir"": ""results_comparison"", ""global_time_limit"": 600, ""max_tries"": 50, ""tuning_file"": ""tests/psa/ace.tuning.json"", ""hpo_strategy"": ""hamming"", ""global_time_strategy"": ""PERCENT"", ""percent"": 0.2, ""round_time_strategy"": ""STATIC"", ""time_evolution"": ""STATIC"", ""stop_strategy"": ""TIMEOUT""}",10,"{""varh"": ""Wdeg"", ""valh"": ""Median"", ""saf"": ""False"", ""pc1"": ""True"", ""bdc"": ""1"", ""toh"": ""False"", ""ng"": ""NO"", ""lc"": ""2"", ""negative"": ""V"", ""generic2"": ""True"", ""sb"": ""NO""}",30.9298563330085,1.5591950840025675,9,ExitStatus.FEASIBLE,False,False,1.5591950840025675
2025-06-07T21:43:15.991686,ProgressiveParty-rally-red12-09_c23.xml,"{""input"": ""tests/xcsp3/cop/UNKNOWN/ProgressiveParty-rally-red12-09_c23.xml"", ""solver"": ""xcsp:ACE@2.4"", ""output_dir"": ""results_comparison"", ""global_time_limit"": 600, ""max_tries"": 50, ""tuning_file"": ""tests/psa/ace.tuning.json"", ""hpo_strategy"": ""hamming"", ""global_time_strategy"": ""PERCENT"", ""percent"": 0.2, ""round_time_strategy"": ""STATIC"", ""time_evolution"": ""STATIC"", ""stop_strategy"": ""TIMEOUT""}",11,"{""varh"": ""Wdeg"", ""valh"": ""First"", ""saf"": ""False"", ""pc1"": ""True"", ""bdc"": ""1"", ""toh"": ""False"", ""ng"": ""NO"", ""lc"": ""2"", ""negative"": ""CT"", ""generic2"": ""True"", ""sb"": ""NO""}",30.9298563330085,1.5689062079763971,9,ExitStatus.FEASIBLE,False,False,1.5689062079763971
2025-06-07T21:43:17.670532,ProgressiveParty-rally-red12-09_c23.xml,"{""input"": ""tests/xcsp3/cop/UNKNOWN/ProgressiveParty-rally-red12-09_c23.xml"", ""solver"": ""xcsp:ACE@2.4"", ""output_dir"": ""results_comparison"", ""global_time_limit"": 600, ""max_tries"": 50, ""tuning_file"": ""tests/psa/ace.tuning.json"", ""hpo_strategy"": ""hamming"", ""global_time_strategy"": ""PERCENT"", ""percent"": 0.2, ""round_time_strategy"": ""STATIC"", ""time_evolution"": ""STATIC"", ""stop_strategy"": ""TIMEOUT""}",12,"{""varh"": ""Wdeg"", ""valh"": ""First"", ""saf"": ""False"", ""pc1"": ""True"", ""bdc"": ""1"", ""toh"": ""False"", ""ng"": ""NO"", ""lc"": ""5"", ""negative"": ""V"", ""generic2"": ""True"", ""sb"": ""NO""}",30.9298563330085,1.5650062080239877,9,ExitStatus.FEASIBLE,False,False,1.5650062080239877
2025-06-07T21:43:19.351959,ProgressiveParty-rally-red12-09_c23.xml,"{""input"": ""tests/xcsp3/cop/UNKNOWN/ProgressiveParty-rally-red12-09_c23.xml"", ""solver"": ""xcsp:ACE@2.4"", ""output_dir"": ""results_comparison"", ""global_time_limit"": 600, ""max_tries"": 50, ""tuning_file"": ""tests/psa/ace.tuning.json"", ""hpo_strategy"": ""hamming"", ""global_time_strategy"": ""PERCENT"", ""percent"": 0.2, ""round_time_strategy"": ""STATIC"", ""time_evolution"": ""STATIC"", ""stop_strategy"": ""TIMEOUT""}",13,"{""varh"": ""Wdeg"", ""valh"": ""First"", ""saf"": ""False"", ""pc1"": ""True"", ""bdc"": ""1"", ""toh"": ""False"", ""ng"": ""NO"", ""lc"": ""2"", ""negative"": ""STR1N"", ""generic2"": ""True"", ""sb"": ""NO""}",30.9298563330085,1.5685979579866398,9,ExitStatus.FEASIBLE,False,False,1.5685979579866398
2025-06-07T21:43:21.037882,ProgressiveParty-rally-red12-09_c23.xml,"{""input"": ""tests/xcsp3/cop/UNKNOWN/ProgressiveParty-rally-red12-09_c23.xml"", ""solver"": ""xcsp:ACE@2.4"", ""output_dir"": ""results_comparison"", ""global_time_limit"": 600, ""max_tries"": 50, ""tuning_file"": ""tests/psa/ace.tuning.json"", ""hpo_strategy"": ""hamming"", ""global_time_strategy"": ""PERCENT"", ""percent"": 0.2, ""round_time_strategy"": ""STATIC"", ""time_evolution"": ""STATIC"", ""stop_strategy"": ""TIMEOUT""}",14,"{""varh"": ""Wdeg"", ""valh"": ""First"", ""saf"": ""False"", ""pc1"": ""True"", ""bdc"": ""1"", ""toh"": ""True"", ""ng"": ""NO"", ""lc"": ""2"", ""negative"": ""V"", ""generic2"": ""True"", ""sb"": ""NO""}",30.9298563330085,1.573802208993584,9,ExitStatus.FEASIBLE,False,False,1.573802208993584
2025-06-07T21:43:22.718959,ProgressiveParty-rally-red12-09_c23.xml,"{""input"": ""tests/xcsp3/cop/UNKNOWN/ProgressiveParty-rally-red12-09_c23.xml"", ""solver"": ""xcsp:ACE@2.4"", ""output_dir"": ""results_comparison"", ""global_time_limit"": 600, ""max_tries"": 50, ""tuning_file"": ""tests/psa/ace.tuning.json"", ""hpo_strategy"": ""hamming"", ""global_time_strategy"": ""PERCENT"", ""percent"": 0.2, ""round_time_strategy"": ""STATIC"", ""time_evolution"": ""STATIC"", ""stop_strategy"": ""TIMEOUT""}",15,"{""varh"": ""Wdeg"", ""valh"": ""FlrsE"", ""saf"": ""False"", ""pc1"": ""True"", ""bdc"": ""1"", ""toh"": ""False"", ""ng"": ""NO"", ""lc"": ""2"", ""negative"": ""V"", ""generic2"": ""True"", ""sb"": ""NO""}",30.9298563330085,1.5685565829917323,9,ExitStatus.FEASIBLE,False,False,1.5685565829917323
2025-06-07T21:43:24.385399,ProgressiveParty-rally-red12-09_c23.xml,"{""input"": ""tests/xcsp3/cop/UNKNOWN/ProgressiveParty-rally-red12-09_c23.xml"", ""solver"": ""xcsp:ACE@2.4"", ""output_dir"": ""results_comparison"", ""global_time_limit"": 600, ""max_tries"": 50, ""tuning_file"": ""tests/psa/ace.tuning.json"", ""hpo_strategy"": ""hamming"", ""global_time_strategy"": ""PERCENT"", ""percent"": 0.2, ""round_time_strategy"": ""STATIC"", ""time_evolution"": ""STATIC"", ""stop_strategy"": ""TIMEOUT""}",16,"{""varh"": ""FrbaOnDom"", ""valh"": ""First"", ""saf"": ""False"", ""pc1"": ""True"", ""bdc"": ""1"", ""toh"": ""False"", ""ng"": ""NO"", ""lc"": ""2"", ""negative"": ""V"", ""generic2"": ""True"", ""sb"": ""NO""}",30.9298563330085,1.5512651659955736,9,ExitStatus.OPTIMAL,False,False,1.5512651659955736
2025-06-07T21:43:26.075548,ProgressiveParty-rally-red12-09_c23.xml,"{""input"": ""tests/xcsp3/cop/UNKNOWN/ProgressiveParty-rally-red12-09_c23.xml"", ""solver"": ""xcsp:ACE@2.4"", ""output_dir"": ""results_comparison"", ""global_time_limit"": 600, ""max_tries"": 50, ""tuning_file"": ""tests/psa/ace.tuning.json"", ""hpo_strategy"": ""hamming"", ""global_time_strategy"": ""PERCENT"", ""percent"": 0.2, ""round_time_strategy"": ""STATIC"", ""time_evolution"": ""STATIC"", ""stop_strategy"": ""TIMEOUT""}",17,"{""varh"": ""Rand"", ""valh"": ""First"", ""saf"": ""False"", ""pc1"": ""True"", ""bdc"": ""1"", ""toh"": ""False"", ""ng"": ""NO"", ""lc"": ""2"", ""negative"": ""V"", ""generic2"": ""True"", ""sb"": ""NO""}",30.9298563330085,1.5701066249748692,9,ExitStatus.FEASIBLE,False,False,1.5701066249748692
2025-06-07T21:43:27.599619,ProgressiveParty-rally-red12-09_c23.xml,"{""input"": ""tests/xcsp3/cop/UNKNOWN/ProgressiveParty-rally-red12-09_c23.xml"", ""solver"": ""xcsp:ACE@2.4"", ""output_dir"": ""results_comparison"", ""global_time_limit"": 600, ""max_tries"": 50, ""tuning_file"": ""tests/psa/ace.tuning.json"", ""hpo_strategy"": ""hamming"", ""global_time_strategy"": ""PERCENT"", ""percent"": 0.2, ""round_time_strategy"": ""STATIC"", ""time_evolution"": ""STATIC"", ""stop_strategy"": ""TIMEOUT""}",18,"{""varh"": ""Lexico"", ""valh"": ""First"", ""saf"": ""False"", ""pc1"": ""True"", ""bdc"": ""1"", ""toh"": ""False"", ""ng"": ""NO"", ""lc"": ""2"", ""negative"": ""V"", ""generic2"": ""True"", ""sb"": ""NO""}",30.9298563330085,1.4103372920071706,9,ExitStatus.OPTIMAL,False,False,1.4103372920071706
2025-06-07T21:43:29.272250,ProgressiveParty-rally-red12-09_c23.xml,"{""input"": ""tests/xcsp3/cop/UNKNOWN/ProgressiveParty-rally-red12-09_c23.xml"", ""solver"": ""xcsp:ACE@2.4"", ""output_dir"": ""results_comparison"", ""global_time_limit"": 600, ""max_tries"": 50, ""tuning_file"": ""tests/psa/ace.tuning.json"", ""hpo_strategy"": ""hamming"", ""global_time_strategy"": ""PERCENT"", ""percent"": 0.2, ""round_time_strategy"": ""STATIC"", ""time_evolution"": ""STATIC"", ""stop_strategy"": ""TIMEOUT""}",19,"{""varh"": ""Wdeg"", ""valh"": ""First"", ""saf"": ""False"", ""pc1"": ""True"", ""bdc"": ""1"", ""toh"": ""False"", ""ng"": ""NO"", ""lc"": ""10"", ""negative"": ""V"", ""generic2"": ""True"", ""sb"": ""NO""}",30.9298563330085,1.5585710419982206,9,ExitStatus.FEASIBLE,False,False,1.5585710419982206
2025-06-07T21:43:30.943802,ProgressiveParty-rally-red12-09_c23.xml,"{""input"": ""tests/xcsp3/cop/UNKNOWN/ProgressiveParty-rally-red12-09_c23.xml"", ""solver"": ""xcsp:ACE@2.4"", ""output_dir"": ""results_comparison"", ""global_time_limit"": 600, ""max_tries"": 50, ""tuning_file"": ""tests/psa/ace.tuning.json"", ""hpo_strategy"": ""hamming"", ""global_time_strategy"": ""PERCENT"", ""percent"": 0.2, ""round_time_strategy"": ""STATIC"", ""time_evolution"": ""STATIC"", ""stop_strategy"": ""TIMEOUT""}",20,"{""varh"": ""Impact"", ""valh"": ""First"", ""saf"": ""False"", ""pc1"": ""True"", ""bdc"": ""1"", ""toh"": ""False"", ""ng"": ""NO"", ""lc"": ""2"", ""negative"": ""V"", ""generic2"": ""True"", ""sb"": ""NO""}",30.9298563330085,1.558910374995321,9,ExitStatus.FEASIBLE,False,False,1.558910374995321
2025-06-07T21:43:32.626545,ProgressiveParty-rally-red12-09_c23.xml,"{""input"": ""tests/xcsp3/cop/UNKNOWN/ProgressiveParty-rally-red12-09_c23.xml"", ""solver"": ""xcsp:ACE@2.4"", ""output_dir"": ""results_comparison"", ""global_time_limit"": 600, ""max_tries"": 50, ""tuning_file"": ""tests/psa/ace.tuning.json"", ""hpo_strategy"": ""hamming"", ""global_time_strategy"": ""PERCENT"", ""percent"": 0.2, ""round_time_strategy"": ""STATIC"", ""time_evolution"": ""STATIC"", ""stop_strategy"": ""TIMEOUT""}",21,"{""varh"": ""Wdeg"", ""valh"": ""First"", ""saf"": ""False"", ""pc1"": ""True"", ""bdc"": ""1"", ""toh"": ""False"", ""ng"": ""NO"", ""lc"": ""2"", ""negative"": ""STR0"", ""generic2"": ""True"", ""sb"": ""NO""}",30.9298563330085,1.569112416007556,9,ExitStatus.FEASIBLE,False,False,1.569112416007556
2025-06-07T21:43:34.300785,ProgressiveParty-rally-red12-09_c23.xml,"{""input"": ""tests/xcsp3/cop/UNKNOWN/ProgressiveParty-rally-red12-09_c23.xml"", ""solver"": ""xcsp:ACE@2.4"", ""output_dir"": ""results_comparison"", ""global_time_limit"": 600, ""max_tries"": 50, ""tuning_file"": ""tests/psa/ace.tuning.json"", ""hpo_strategy"": ""hamming"", ""global_time_strategy"": ""PERCENT"", ""percent"": 0.2, ""round_time_strategy"": ""STATIC"", ""time_evolution"": ""STATIC"", ""stop_strategy"": ""TIMEOUT""}",22,"{""varh"": ""Wdeg"", ""valh"": ""RunRobin"", ""saf"": ""False"", ""pc1"": ""True"", ""bdc"": ""1"", ""toh"": ""False"", ""ng"": ""NO"", ""lc"": ""2"", ""negative"": ""V"", ""generic2"": ""True"", ""sb"": ""NO""}",30.9298563330085,1.5604531670105644,9,ExitStatus.FEASIBLE,False,False,1.5604531670105644
2025-06-07T21:43:35.579133,ProgressiveParty-rally-red12-09_c23.xml,"{""input"": ""tests/xcsp3/cop/UNKNOWN/ProgressiveParty-rally-red12-09_c23.xml"", ""solver"": ""xcsp:ACE@2.4"", ""output_dir"": ""results_comparison"", ""global_time_limit"": 600, ""max_tries"": 50, ""tuning_file"": ""tests/psa/ace.tuning.json"", ""hpo_strategy"": ""hamming"", ""global_time_strategy"": ""PERCENT"", ""percent"": 0.2, ""round_time_strategy"": ""STATIC"", ""time_evolution"": ""STATIC"", ""stop_strategy"": ""TIMEOUT""}",23,"{""varh"": ""Wdeg"", ""valh"": ""First"", ""saf"": ""False"", ""pc1"": ""True"", ""bdc"": ""10"", ""toh"": ""False"", ""ng"": ""NO"", ""lc"": ""2"", ""negative"": ""V"", ""generic2"": ""True"", ""sb"": ""NO""}",30.9298563330085,1.165420958015602,9,ExitStatus.OPTIMAL,True,False,1.165420958015602
2025-06-07T21:43:37.249819,ProgressiveParty-rally-red12-09_c23.xml,"{""input"": ""tests/xcsp3/cop/UNKNOWN/ProgressiveParty-rally-red12-09_c23.xml"", ""solver"": ""xcsp:ACE@2.4"", ""output_dir"": ""results_comparison"", ""global_time_limit"": 600, ""max_tries"": 50, ""tuning_file"": ""tests/psa/ace.tuning.json"", ""hpo_strategy"": ""hamming"", ""global_time_strategy"": ""PERCENT"", ""percent"": 0.2, ""round_time_strategy"": ""STATIC"", ""time_evolution"": ""STATIC"", ""stop_strategy"": ""TIMEOUT""}",24,"{""varh"": ""Wdeg"", ""valh"": ""First"", ""saf"": ""False"", ""pc1"": ""True"", ""bdc"": ""1"", ""toh"": ""False"", ""ng"": ""NO"", ""lc"": ""1"", ""negative"": ""V"", ""generic2"": ""True"", ""sb"": ""NO""}",30.9298563330085,1.555466666992288,9,ExitStatus.FEASIBLE,False,False,1.555466666992288
2025-06-07T21:43:38.962798,ProgressiveParty-rally-red12-09_c23.xml,"{""input"": ""tests/xcsp3/cop/UNKNOWN/ProgressiveParty-rally-red12-09_c23.xml"", ""solver"": ""xcsp:ACE@2.4"", ""output_dir"": ""results_comparison"", ""global_time_limit"": 600, ""max_tries"": 50, ""tuning_file"": ""tests/psa/ace.tuning.json"", ""hpo_strategy"": ""hamming"", ""global_time_strategy"": ""PERCENT"", ""percent"": 0.2, ""round_time_strategy"": ""STATIC"", ""time_evolution"": ""STATIC"", ""stop_strategy"": ""TIMEOUT""}",25,"{""varh"": ""Wdeg"", ""valh"": ""Vals"", ""saf"": ""False"", ""pc1"": ""True"", ""bdc"": ""1"", ""toh"": ""False"", ""ng"": ""NO"", ""lc"": ""2"", ""negative"": ""V"", ""generic2"": ""True"", ""sb"": ""NO""}",30.9298563330085,1.5971918330178596,9,ExitStatus.FEASIBLE,False,False,1.5971918330178596
2025-06-07T21:43:40.695731,ProgressiveParty-rally-red12-09_c23.xml,"{""input"": ""tests/xcsp3/cop/UNKNOWN/ProgressiveParty-rally-red12-09_c23.xml"", ""solver"": ""xcsp:ACE@2.4"", ""output_dir"": ""results_comparison"", ""global_time_limit"": 600, ""max_tries"": 50, ""tuning_file"": ""tests/psa/ace.tuning.json"", ""hpo_strategy"": ""hamming"", ""global_time_strategy"": ""PERCENT"", ""percent"": 0.2, ""round_time_strategy"": ""STATIC"", ""time_evolution"": ""STATIC"", ""stop_strategy"": ""TIMEOUT""}",26,"{""varh"": ""Wdeg"", ""valh"": ""Bivs3"", ""saf"": ""False"", ""pc1"": ""True"", ""bdc"": ""1"", ""toh"": ""False"", ""ng"": ""NO"", ""lc"": ""2"", ""negative"": ""V"", ""generic2"": ""True"", ""sb"": ""NO""}",30.9298563330085,1.5813789999810979,9,ExitStatus.FEASIBLE,False,False,1.5813789999810979
2025-06-07T21:43:46.813506,ProgressiveParty-rally-red12-09_c23.xml,"{""input"": ""tests/xcsp3/cop/UNKNOWN/ProgressiveParty-rally-red12-09_c23.xml"", ""solver"": ""xcsp:ACE@2.4"", ""output_dir"": ""results_comparison"", ""global_time_limit"": 600, ""max_tries"": 50, ""tuning_file"": ""tests/psa/ace.tuning.json"", ""hpo_strategy"": ""hamming"", ""global_time_strategy"": ""PERCENT"", ""percent"": 0.2, ""round_time_strategy"": ""STATIC"", ""time_evolution"": ""STATIC"", ""stop_strategy"": ""TIMEOUT""}",27,"{""varh"": ""Wdeg"", ""valh"": ""Conflicts"", ""saf"": ""False"", ""pc1"": ""True"", ""bdc"": ""1"", ""toh"": ""False"", ""ng"": ""NO"", ""lc"": ""2"", ""negative"": ""V"", ""generic2"": ""True"", ""sb"": ""NO""}",30.9298563330085,1,,ExitStatus.UNKNOWN,False,False,1
2025-06-07T21:43:48.548374,ProgressiveParty-rally-red12-09_c23.xml,"{""input"": ""tests/xcsp3/cop/UNKNOWN/ProgressiveParty-rally-red12-09_c23.xml"", ""solver"": ""xcsp:ACE@2.4"", ""output_dir"": ""results_comparison"", ""global_time_limit"": 600, ""max_tries"": 50, ""tuning_file"": ""tests/psa/ace.tuning.json"", ""hpo_strategy"": ""hamming"", ""global_time_strategy"": ""PERCENT"", ""percent"": 0.2, ""round_time_strategy"": ""STATIC"", ""time_evolution"": ""STATIC"", ""stop_strategy"": ""TIMEOUT""}",28,"{""varh"": ""Activity"", ""valh"": ""First"", ""saf"": ""False"", ""pc1"": ""True"", ""bdc"": ""1"", ""toh"": ""False"", ""ng"": ""NO"", ""lc"": ""2"", ""negative"": ""V"", ""generic2"": ""True"", ""sb"": ""NO""}",30.9298563330085,1.6200305000238586,9,ExitStatus.FEASIBLE,False,False,1.6200305000238586
2025-06-07T21:43:50.279051,ProgressiveParty-rally-red12-09_c23.xml,"{""input"": ""tests/xcsp3/cop/UNKNOWN/ProgressiveParty-rally-red12-09_c23.xml"", ""solver"": ""xcsp:ACE@2.4"", ""output_dir"": ""results_comparison"", ""global_time_limit"": 600, ""max_tries"": 50, ""tuning_file"": ""tests/psa/ace.tuning.json"", ""hpo_strategy"": ""hamming"", ""global_time_strategy"": ""PERCENT"", ""percent"": 0.2, ""round_time_strategy"": ""STATIC"", ""time_evolution"": ""STATIC"", ""stop_strategy"": ""TIMEOUT""}",29,"{""varh"": ""PickOnDom"", ""valh"": ""First"", ""saf"": ""False"", ""pc1"": ""True"", ""bdc"": ""1"", ""toh"": ""False"", ""ng"": ""NO"", ""lc"": ""2"", ""negative"": ""V"", ""generic2"": ""True"", ""sb"": ""NO""}",30.9298563330085,1.6030930420092773,9,ExitStatus.FEASIBLE,False,False,1.6030930420092773
2025-06-07T21:43:51.992878,ProgressiveParty-rally-red12-09_c23.xml,"{""input"": ""tests/xcsp3/cop/UNKNOWN/ProgressiveParty-rally-red12-09_c23.xml"", ""solver"": ""xcsp:ACE@2.4"", ""output_dir"": ""results_comparison"", ""global_time_limit"": 600, ""max_tries"": 50, ""tuning_file"": ""tests/psa/ace.tuning.json"", ""hpo_strategy"": ""hamming"", ""global_time_strategy"": ""PERCENT"", ""percent"": 0.2, ""round_time_strategy"": ""STATIC"", ""time_evolution"": ""STATIC"", ""stop_strategy"": ""TIMEOUT""}",30,"{""varh"": ""Wdeg"", ""valh"": ""Rand"", ""saf"": ""False"", ""pc1"": ""True"", ""bdc"": ""1"", ""toh"": ""False"", ""ng"": ""NO"", ""lc"": ""2"", ""negative"": ""V"", ""generic2"": ""True"", ""sb"": ""NO""}",30.9298563330085,1.5800434580014553,9,ExitStatus.FEASIBLE,False,False,1.5800434580014553
2025-06-07T21:43:53.725474,ProgressiveParty-rally-red12-09_c23.xml,"{""input"": ""tests/xcsp3/cop/UNKNOWN/ProgressiveParty-rally-red12-09_c23.xml"", ""solver"": ""xcsp:ACE@2.4"", ""output_dir"": ""results_comparison"", ""global_time_limit"": 600, ""max_tries"": 50, ""tuning_file"": ""tests/psa/ace.tuning.json"", ""hpo_strategy"": ""hamming"", ""global_time_strategy"": ""PERCENT"", ""percent"": 0.2, ""round_time_strategy"": ""STATIC"", ""time_evolution"": ""STATIC"", ""stop_strategy"": ""TIMEOUT""}",31,"{""varh"": ""Wdeg"", ""valh"": ""First"", ""saf"": ""False"", ""pc1"": ""True"", ""bdc"": ""1"", ""toh"": ""False"", ""ng"": ""NO"", ""lc"": ""2"", ""negative"": ""STR2"", ""generic2"": ""True"", ""sb"": ""NO""}",30.9298563330085,1.5995335420011543,9,ExitStatus.FEASIBLE,False,False,1.5995335420011543
2025-06-07T21:43:55.457119,ProgressiveParty-rally-red12-09_c23.xml,"{""input"": ""tests/xcsp3/cop/UNKNOWN/ProgressiveParty-rally-red12-09_c23.xml"", ""solver"": ""xcsp:ACE@2.4"", ""output_dir"": ""results_comparison"", ""global_time_limit"": 600, ""max_tries"": 50, ""tuning_file"": ""tests/psa/ace.tuning.json"", ""hpo_strategy"": ""hamming"", ""global_time_strategy"": ""PERCENT"", ""percent"": 0.2, ""round_time_strategy"": ""STATIC"", ""time_evolution"": ""STATIC"", ""stop_strategy"": ""TIMEOUT""}",32,"{""varh"": ""Wdeg"", ""valh"": ""First"", ""saf"": ""False"", ""pc1"": ""False"", ""bdc"": ""1"", ""toh"": ""False"", ""ng"": ""NO"", ""lc"": ""2"", ""negative"": ""V"", ""generic2"": ""True"", ""sb"": ""NO""}",30.9298563330085,1.6012791669927537,9,ExitStatus.FEASIBLE,False,False,1.6012791669927537
2025-06-07T21:43:57.180682,ProgressiveParty-rally-red12-09_c23.xml,"{""input"": ""tests/xcsp3/cop/UNKNOWN/ProgressiveParty-rally-red12-09_c23.xml"", ""solver"": ""xcsp:ACE@2.4"", ""output_dir"": ""results_comparison"", ""global_time_limit"": 600, ""max_tries"": 50, ""tuning_file"": ""tests/psa/ace.tuning.json"", ""hpo_strategy"": ""hamming"", ""global_time_strategy"": ""PERCENT"", ""percent"": 0.2, ""round_time_strategy"": ""STATIC"", ""time_evolution"": ""STATIC"", ""stop_strategy"": ""TIMEOUT""}",33,"{""varh"": ""Wdeg"", ""valh"": ""First"", ""saf"": ""False"", ""pc1"": ""True"", ""bdc"": ""1"", ""toh"": ""False"", ""ng"": ""NO"", ""lc"": ""2"", ""negative"": ""VA"", ""generic2"": ""True"", ""sb"": ""NO""}",30.9298563330085,1.594071041996358,9,ExitStatus.FEASIBLE,False,False,1.594071041996358
2025-06-07T21:43:58.913957,ProgressiveParty-rally-red12-09_c23.xml,"{""input"": ""tests/xcsp3/cop/UNKNOWN/ProgressiveParty-rally-red12-09_c23.xml"", ""solver"": ""xcsp:ACE@2.4"", ""output_dir"": ""results_comparison"", ""global_time_limit"": 600, ""max_tries"": 50, ""tuning_file"": ""tests/psa/ace.tuning.json"", ""hpo_strategy"": ""hamming"", ""global_time_strategy"": ""PERCENT"", ""percent"": 0.2, ""round_time_strategy"": ""STATIC"", ""time_evolution"": ""STATIC"", ""stop_strategy"": ""TIMEOUT""}",34,"{""varh"": ""Memory"", ""valh"": ""First"", ""saf"": ""False"", ""pc1"": ""True"", ""bdc"": ""1"", ""toh"": ""False"", ""ng"": ""NO"", ""lc"": ""2"", ""negative"": ""V"", ""generic2"": ""True"", ""sb"": ""NO""}",30.9298563330085,1.6015635420044418,9,ExitStatus.FEASIBLE,False,False,1.6015635420044418
2025-06-07T21:44:00.326578,ProgressiveParty-rally-red12-09_c23.xml,"{""input"": ""tests/xcsp3/cop/UNKNOWN/ProgressiveParty-rally-red12-09_c23.xml"", ""solver"": ""xcsp:ACE@2.4"", ""output_dir"": ""results_comparison"", ""global_time_limit"": 600, ""max_tries"": 50, ""tuning_file"": ""tests/psa/ace.tuning.json"", ""hpo_strategy"": ""hamming"", ""global_time_strategy"": ""PERCENT"", ""percent"": 0.2, ""round_time_strategy"": ""STATIC"", ""time_evolution"": ""STATIC"", ""stop_strategy"": ""TIMEOUT""}",35,"{""varh"": ""Wdeg"", ""valh"": ""First"", ""saf"": ""False"", ""pc1"": ""True"", ""bdc"": ""1000"", ""toh"": ""False"", ""ng"": ""NO"", ""lc"": ""2"", ""negative"": ""V"", ""generic2"": ""True"", ""sb"": ""NO""}",30.9298563330085,1.2816469160025008,,ExitStatus.UNKNOWN,False,False,1.2816469160025008
2025-06-07T21:44:02.047494,ProgressiveParty-rally-red12-09_c23.xml,"{""input"": ""tests/xcsp3/cop/UNKNOWN/ProgressiveParty-rally-red12-09_c23.xml"", ""solver"": ""xcsp:ACE@2.4"", ""output_dir"": ""results_comparison"", ""global_time_limit"": 600, ""max_tries"": 50, ""tuning_file"": ""tests/psa/ace.tuning.json"", ""hpo_strategy"": ""hamming"", ""global_time_strategy"": ""PERCENT"", ""percent"": 0.2, ""round_time_strategy"": ""STATIC"", ""time_evolution"": ""STATIC"", ""stop_strategy"": ""TIMEOUT""}",36,"{""varh"": ""Wdeg"", ""valh"": ""First"", ""saf"": ""True"", ""pc1"": ""True"", ""bdc"": ""1"", ""toh"": ""False"", ""ng"": ""NO"", ""lc"": ""2"", ""negative"": ""V"", ""generic2"": ""True"", ""sb"": ""NO""}",30.9298563330085,1.5949042919964995,9,ExitStatus.FEASIBLE,False,False,1.5949042919964995
2025-06-07T21:44:03.774929,ProgressiveParty-rally-red12-09_c23.xml,"{""input"": ""tests/xcsp3/cop/UNKNOWN/ProgressiveParty-rally-red12-09_c23.xml"", ""solver"": ""xcsp:ACE@2.4"", ""output_dir"": ""results_comparison"", ""global_time_limit"": 600, ""max_tries"": 50, ""tuning_file"": ""tests/psa/ace.tuning.json"", ""hpo_strategy"": ""hamming"", ""global_time_strategy"": ""PERCENT"", ""percent"": 0.2, ""round_time_strategy"": ""STATIC"", ""time_evolution"": ""STATIC"", ""stop_strategy"": ""TIMEOUT""}",37,"{""varh"": ""Wdeg"", ""valh"": ""First"", ""saf"": ""False"", ""pc1"": ""True"", ""bdc"": ""1"", ""toh"": ""False"", ""ng"": ""NO"", ""lc"": ""2"", ""negative"": ""STR2N"", ""generic2"": ""True"", ""sb"": ""NO""}",30.9298563330085,1.5973660830059089,9,ExitStatus.FEASIBLE,False,False,1.5973660830059089
2025-06-07T21:44:05.503373,ProgressiveParty-rally-red12-09_c23.xml,"{""input"": ""tests/xcsp3/cop/UNKNOWN/ProgressiveParty-rally-red12-09_c23.xml"", ""solver"": ""xcsp:ACE@2.4"", ""output_dir"": ""results_comparison"", ""global_time_limit"": 600, ""max_tries"": 50, ""tuning_file"": ""tests/psa/ace.tuning.json"", ""hpo_strategy"": ""hamming"", ""global_time_strategy"": ""PERCENT"", ""percent"": 0.2, ""round_time_strategy"": ""STATIC"", ""time_evolution"": ""STATIC"", ""stop_strategy"": ""TIMEOUT""}",38,"{""varh"": ""Memory"", ""valh"": ""First"", ""saf"": ""False"", ""pc1"": ""True"", ""bdc"": ""1"", ""toh"": ""False"", ""ng"": ""NO"", ""lc"": ""2"", ""negative"": ""STR2"", ""generic2"": ""True"", ""sb"": ""NO""}",30.9298563330085,1.5952500420098659,9,ExitStatus.FEASIBLE,False,False,1.5952500420098659
2025-06-07T21:44:07.229698,ProgressiveParty-rally-red12-09_c23.xml,"{""input"": ""tests/xcsp3/cop/UNKNOWN/ProgressiveParty-rally-red12-09_c23.xml"", ""solver"": ""xcsp:ACE@2.4"", ""output_dir"": ""results_comparison"", ""global_time_limit"": 600, ""max_tries"": 50, ""tuning_file"": ""tests/psa/ace.tuning.json"", ""hpo_strategy"": ""hamming"", ""global_time_strategy"": ""PERCENT"", ""percent"": 0.2, ""round_time_strategy"": ""STATIC"", ""time_evolution"": ""STATIC"", ""stop_strategy"": ""TIMEOUT""}",39,"{""varh"": ""Wdeg"", ""valh"": ""First"", ""saf"": ""False"", ""pc1"": ""True"", ""bdc"": ""1"", ""toh"": ""False"", ""ng"": ""NO"", ""lc"": ""1"", ""negative"": ""CT"", ""generic2"": ""True"", ""sb"": ""NO""}",30.9298563330085,1.5956446670170408,9,ExitStatus.FEASIBLE,False,False,1.5956446670170408
2025-06-07T21:44:08.963513,ProgressiveParty-rally-red12-09_c23.xml,"{""input"": ""tests/xcsp3/cop/UNKNOWN/ProgressiveParty-rally-red12-09_c23.xml"", ""solver"": ""xcsp:ACE@2.4"", ""output_dir"": ""results_comparison"", ""global_time_limit"": 600, ""max_tries"": 50, ""tuning_file"": ""tests/psa/ace.tuning.json"", ""hpo_strategy"": ""hamming"", ""global_time_strategy"": ""PERCENT"", ""percent"": 0.2, ""round_time_strategy"": ""STATIC"", ""time_evolution"": ""STATIC"", ""stop_strategy"": ""TIMEOUT""}",40,"{""varh"": ""Wdeg"", ""valh"": ""First"", ""saf"": ""False"", ""pc1"": ""True"", ""bdc"": ""1"", ""toh"": ""True"", ""ng"": ""NO"", ""lc"": ""2"", ""negative"": ""STR2N"", ""generic2"": ""True"", ""sb"": ""NO""}",30.9298563330085,1.6023576250008773,9,ExitStatus.FEASIBLE,False,False,1.6023576250008773
2025-06-07T21:44:10.693634,ProgressiveParty-rally-red12-09_c23.xml,"{""input"": ""tests/xcsp3/cop/UNKNOWN/ProgressiveParty-rally-red12-09_c23.xml"", ""solver"": ""xcsp:ACE@2.4"", ""output_dir"": ""results_comparison"", ""global_time_limit"": 600, ""max_tries"": 50, ""tuning_file"": ""tests/psa/ace.tuning.json"", ""hpo_strategy"": ""hamming"", ""global_time_strategy"": ""PERCENT"", ""percent"": 0.2, ""round_time_strategy"": ""STATIC"", ""time_evolution"": ""STATIC"", ""stop_strategy"": ""TIMEOUT""}",41,"{""varh"": ""Impact"", ""valh"": ""Median"", ""saf"": ""False"", ""pc1"": ""True"", ""bdc"": ""1"", ""toh"": ""False"", ""ng"": ""NO"", ""lc"": ""2"", ""negative"": ""V"", ""generic2"": ""True"", ""sb"": ""NO""}",30.9298563330085,1.5989855829975568,10,ExitStatus.FEASIBLE,False,False,1.5989855829975568
2025-06-07T21:44:12.403108,ProgressiveParty-rally-red12-09_c23.xml,"{""input"": ""tests/xcsp3/cop/UNKNOWN/ProgressiveParty-rally-red12-09_c23.xml"", ""solver"": ""xcsp:ACE@2.4"", ""output_dir"": ""results_comparison"", ""global_time_limit"": 600, ""max_tries"": 50, ""tuning_file"": ""tests/psa/ace.tuning.json"", ""hpo_strategy"": ""hamming"", ""global_time_strategy"": ""PERCENT"", ""percent"": 0.2, ""round_time_strategy"": ""STATIC"", ""time_evolution"": ""STATIC"", ""stop_strategy"": ""TIMEOUT""}",42,"{""varh"": ""Impact"", ""valh"": ""First"", ""saf"": ""True"", ""pc1"": ""True"", ""bdc"": ""1"", ""toh"": ""False"", ""ng"": ""NO"", ""lc"": ""2"", ""negative"": ""V"", ""generic2"": ""True"", ""sb"": ""NO""}",30.9298563330085,1.5953185000107624,9,ExitStatus.FEASIBLE,False,False,1.5953185000107624
2025-06-07T21:44:14.129763,ProgressiveParty-rally-red12-09_c23.xml,"{""input"": ""tests/xcsp3/cop/UNKNOWN/ProgressiveParty-rally-red12-09_c23.xml"", ""solver"": ""xcsp:ACE@2.4"", ""output_dir"": ""results_comparison"", ""global_time_limit"": 600, ""max_tries"": 50, ""tuning_file"": ""tests/psa/ace.tuning.json"", ""hpo_strategy"": ""hamming"", ""global_time_strategy"": ""PERCENT"", ""percent"": 0.2, ""round_time_strategy"": ""STATIC"", ""time_evolution"": ""STATIC"", ""stop_strategy"": ""TIMEOUT""}",43,"{""varh"": ""Wdeg"", ""valh"": ""Last"", ""saf"": ""False"", ""pc1"": ""False"", ""bdc"": ""1"", ""toh"": ""False"", ""ng"": ""NO"", ""lc"": ""2"", ""negative"": ""V"", ""generic2"": ""True"", ""sb"": ""NO""}",30.9298563330085,1.59969779200037,9,ExitStatus.FEASIBLE,False,False,1.59969779200037
2025-06-07T21:44:15.859311,ProgressiveParty-rally-red12-09_c23.xml,"{""input"": ""tests/xcsp3/cop/UNKNOWN/ProgressiveParty-rally-red12-09_c23.xml"", ""solver"": ""xcsp:ACE@2.4"", ""output_dir"": ""results_comparison"", ""global_time_limit"": 600, ""max_tries"": 50, ""tuning_file"": ""tests/psa/ace.tuning.json"", ""hpo_strategy"": ""hamming"", ""global_time_strategy"": ""PERCENT"", ""percent"": 0.2, ""round_time_strategy"": ""STATIC"", ""time_evolution"": ""STATIC"", ""stop_strategy"": ""TIMEOUT""}",44,"{""varh"": ""Wdeg"", ""valh"": ""Rand"", ""saf"": ""False"", ""pc1"": ""True"", ""bdc"": ""1"", ""toh"": ""False"", ""ng"": ""NO"", ""lc"": ""2"", ""negative"": ""STR2N"", ""generic2"": ""True"", ""sb"": ""NO""}",30.9298563330085,1.5980887089972384,9,ExitStatus.FEASIBLE,False,False,1.5980887089972384
2025-06-07T21:44:17.602790,ProgressiveParty-rally-red12-09_c23.xml,"{""input"": ""tests/xcsp3/cop/UNKNOWN/ProgressiveParty-rally-red12-09_c23.xml"", ""solver"": ""xcsp:ACE@2.4"", ""output_dir"": ""results_comparison"", ""global_time_limit"": 600, ""max_tries"": 50, ""tuning_file"": ""tests/psa/ace.tuning.json"", ""hpo_strategy"": ""hamming"", ""global_time_strategy"": ""PERCENT"", ""percent"": 0.2, ""round_time_strategy"": ""STATIC"", ""time_evolution"": ""STATIC"", ""stop_strategy"": ""TIMEOUT""}",45,"{""varh"": ""Impact"", ""valh"": ""First"", ""saf"": ""False"", ""pc1"": ""False"", ""bdc"": ""1"", ""toh"": ""False"", ""ng"": ""NO"", ""lc"": ""2"", ""negative"": ""V"", ""generic2"": ""True"", ""sb"": ""NO""}",30.9298563330085,1.6099972499941941,9,ExitStatus.FEASIBLE,False,False,1.6099972499941941
2025-06-07T21:44:19.134864,ProgressiveParty-rally-red12-09_c23.xml,"{""input"": ""tests/xcsp3/cop/UNKNOWN/ProgressiveParty-rally-red12-09_c23.xml"", ""solver"": ""xcsp:ACE@2.4"", ""output_dir"": ""results_comparison"", ""global_time_limit"": 600, ""max_tries"": 50, ""tuning_file"": ""tests/psa/ace.tuning.json"", ""hpo_strategy"": ""hamming"", ""global_time_strategy"": ""PERCENT"", ""percent"": 0.2, ""round_time_strategy"": ""STATIC"", ""time_evolution"": ""STATIC"", ""stop_strategy"": ""TIMEOUT""}",46,"{""varh"": ""Wdeg"", ""valh"": ""First"", ""saf"": ""False"", ""pc1"": ""True"", ""bdc"": ""100"", ""toh"": ""False"", ""ng"": ""NO"", ""lc"": ""2"", ""negative"": ""CT"", ""generic2"": ""True"", ""sb"": ""NO""}",30.9298563330085,1.3905105830053799,,ExitStatus.UNKNOWN,False,False,1.3905105830053799
2025-06-07T21:44:21.060206,ProgressiveParty-rally-red12-09_c23.xml,"{""input"": ""tests/xcsp3/cop/UNKNOWN/ProgressiveParty-rally-red12-09_c23.xml"", ""solver"": ""xcsp:ACE@2.4"", ""output_dir"": ""results_comparison"", ""global_time_limit"": 600, ""max_tries"": 50, ""tuning_file"": ""tests/psa/ace.tuning.json"", ""hpo_strategy"": ""hamming"", ""global_time_strategy"": ""PERCENT"", ""percent"": 0.2, ""round_time_strategy"": ""STATIC"", ""time_evolution"": ""STATIC"", ""stop_strategy"": ""TIMEOUT""}",47,"{""varh"": ""RunRobin"", ""valh"": ""OccsR"", ""saf"": ""False"", ""pc1"": ""True"", ""bdc"": ""1"", ""toh"": ""False"", ""ng"": ""NO"", ""lc"": ""2"", ""negative"": ""V"", ""generic2"": ""True"", ""sb"": ""NO""}",30.9298563330085,1.7980102079745848,9,ExitStatus.FEASIBLE,False,False,1.7980102079745848
2025-06-07T21:44:22.818341,ProgressiveParty-rally-red12-09_c23.xml,"{""input"": ""tests/xcsp3/cop/UNKNOWN/ProgressiveParty-rally-red12-09_c23.xml"", ""solver"": ""xcsp:ACE@2.4"", ""output_dir"": ""results_comparison"", ""global_time_limit"": 600, ""max_tries"": 50, ""tuning_file"": ""tests/psa/ace.tuning.json"", ""hpo_strategy"": ""hamming"", ""global_time_strategy"": ""PERCENT"", ""percent"": 0.2, ""round_time_strategy"": ""STATIC"", ""time_evolution"": ""STATIC"", ""stop_strategy"": ""TIMEOUT""}",48,"{""varh"": ""WdegOnDom"", ""valh"": ""First"", ""saf"": ""False"", ""pc1"": ""False"", ""bdc"": ""1"", ""toh"": ""False"", ""ng"": ""NO"", ""lc"": ""2"", ""negative"": ""V"", ""generic2"": ""True"", ""sb"": ""NO""}",30.9298563330085,1.6156935000035446,9,ExitStatus.FEASIBLE,False,False,1.6156935000035446
2025-06-07T21:44:24.669075,ProgressiveParty-rally-red12-09_c23.xml,"{""input"": ""tests/xcsp3/cop/UNKNOWN/ProgressiveParty-rally-red12-09_c23.xml"", ""solver"": ""xcsp:ACE@2.4"", ""output_dir"": ""results_comparison"", ""global_time_limit"": 600, ""max_tries"": 50, ""tuning_file"": ""tests/psa/ace.tuning.json"", ""hpo_strategy"": ""hamming"", ""global_time_strategy"": ""PERCENT"", ""percent"": 0.2, ""round_time_strategy"": ""STATIC"", ""time_evolution"": ""STATIC"", ""stop_strategy"": ""TIMEOUT""}",49,"{""varh"": ""Wdeg"", ""valh"": ""RunRobin"", ""saf"": ""False"", ""pc1"": ""False"", ""bdc"": ""1"", ""toh"": ""False"", ""ng"": ""NO"", ""lc"": ""2"", ""negative"": ""V"", ""generic2"": ""True"", ""sb"": ""NO""}",30.9298563330085,1.7009891670022625,9,ExitStatus.FEASIBLE,False,False,1.7009891670022625
2025-06-07T21:44:26.128303,ProgressiveParty-rally-red12-09_c23.xml,"{""input"": ""tests/xcsp3/cop/UNKNOWN/ProgressiveParty-rally-red12-09_c23.xml"", ""solver"": ""xcsp:ACE@2.4"", ""output_dir"": ""results_comparison"", ""global_time_limit"": 600, ""max_tries"": 50, ""tuning_file"": ""tests/psa/ace.tuning.json"", ""hpo_strategy"": ""hamming"", ""global_time_strategy"": ""PERCENT"", ""percent"": 0.2, ""round_time_strategy"": ""STATIC"", ""time_evolution"": ""STATIC"", ""stop_strategy"": ""TIMEOUT""}",50,"{""varh"": ""Wdeg"", ""valh"": ""First"", ""saf"": ""False"", ""pc1"": ""True"", ""bdc"": ""100"", ""toh"": ""False"", ""ng"": ""NO"", ""lc"": ""2"", ""negative"": ""STR1"", ""generic2"": ""True"", ""sb"": ""NO""}",30.9298563330085,1.3105362920032348,,ExitStatus.UNKNOWN,False,False,1.3105362920032348
2025-06-07T21:44:27.826127,ProgressiveParty-rally-red12-09_c23.xml,"{""input"": ""tests/xcsp3/cop/UNKNOWN/ProgressiveParty-rally-red12-09_c23.xml"", ""solver"": ""xcsp:ACE@2.4"", ""output_dir"": ""results_comparison"", ""global_time_limit"": 600, ""max_tries"": 50, ""tuning_file"": ""tests/psa/ace.tuning.json"", ""hpo_strategy"": ""hamming"", ""global_time_strategy"": ""PERCENT"", ""percent"": 0.2, ""round_time_strategy"": ""STATIC"", ""time_evolution"": ""STATIC"", ""stop_strategy"": ""TIMEOUT""}",51,"{""varh"": ""Wdeg"", ""valh"": ""Median"", ""saf"": ""False"", ""pc1"": ""True"", ""bdc"": ""1"", ""toh"": ""False"", ""ng"": ""NO"", ""lc"": ""5"", ""negative"": ""V"", ""generic2"": ""True"", ""sb"": ""NO""}",30.9298563330085,1.5694853340100963,9,ExitStatus.FEASIBLE,False,False,1.5694853340100963
2025-06-07T21:44:29.211338,ProgressiveParty-rally-red12-09_c23.xml,"{""input"": ""tests/xcsp3/cop/UNKNOWN/ProgressiveParty-rally-red12-09_c23.xml"", ""solver"": ""xcsp:ACE@2.4"", ""output_dir"": ""results_comparison"", ""global_time_limit"": 600, ""max_tries"": 50, ""tuning_file"": ""tests/psa/ace.tuning.json"", ""hpo_strategy"": ""hamming"", ""global_time_strategy"": ""PERCENT"", ""percent"": 0.2, ""round_time_strategy"": ""STATIC"", ""time_evolution"": ""STATIC"", ""stop_strategy"": ""TIMEOUT""}",52,"{""varh"": ""PickOnDom"", ""valh"": ""First"", ""saf"": ""False"", ""pc1"": ""True"", ""bdc"": ""1"", ""toh"": ""False"", ""ng"": ""NO"", ""lc"": ""2"", ""negative"": ""STR1N"", ""generic2"": ""True"", ""sb"": ""NO""}",30.9298563330085,1.2738433750055265,9,ExitStatus.OPTIMAL,False,False,1.2738433750055265
2025-06-07T21:44:30.834492,ProgressiveParty-rally-red12-09_c23.xml,"{""input"": ""tests/xcsp3/cop/UNKNOWN/ProgressiveParty-rally-red12-09_c23.xml"", ""solver"": ""xcsp:ACE@2.4"", ""output_dir"": ""results_comparison"", ""global_time_limit"": 600, ""max_tries"": 50, ""tuning_file"": ""tests/psa/ace.tuning.json"", ""hpo_strategy"": ""hamming"", ""global_time_strategy"": ""PERCENT"", ""percent"": 0.2, ""round_time_strategy"": ""STATIC"", ""time_evolution"": ""STATIC"", ""stop_strategy"": ""TIMEOUT""}",53,"{""varh"": ""FrbaOnDom"", ""valh"": ""FlrsE"", ""saf"": ""False"", ""pc1"": ""True"", ""bdc"": ""1"", ""toh"": ""False"", ""ng"": ""NO"", ""lc"": ""2"", ""negative"": ""V"", ""generic2"": ""True"", ""sb"": ""NO""}",30.9298563330085,1.5117400829913095,9,ExitStatus.OPTIMAL,False,False,1.5117400829913095
2025-06-07T21:44:32.042571,ProgressiveParty-rally-red12-09_c23.xml,"{""input"": ""tests/xcsp3/cop/UNKNOWN/ProgressiveParty-rally-red12-09_c23.xml"", ""solver"": ""xcsp:ACE@2.4"", ""output_dir"": ""results_comparison"", ""global_time_limit"": 600, ""max_tries"": 50, ""tuning_file"": ""tests/psa/ace.tuning.json"", ""hpo_strategy"": ""hamming"", ""global_time_strategy"": ""PERCENT"", ""percent"": 0.2, ""round_time_strategy"": ""STATIC"", ""time_evolution"": ""STATIC"", ""stop_strategy"": ""TIMEOUT""}",54,"{""varh"": ""Wdeg"", ""valh"": ""First"", ""saf"": ""False"", ""pc1"": ""True"", ""bdc"": ""100"", ""toh"": ""False"", ""ng"": ""NO"", ""lc"": ""1"", ""negative"": ""V"", ""generic2"": ""True"", ""sb"": ""NO""}",30.9298563330085,1.0960884999949485,,ExitStatus.UNKNOWN,False,False,1.0960884999949485
2025-06-07T21:44:33.724074,ProgressiveParty-rally-red12-09_c23.xml,"{""input"": ""tests/xcsp3/cop/UNKNOWN/ProgressiveParty-rally-red12-09_c23.xml"", ""solver"": ""xcsp:ACE@2.4"", ""output_dir"": ""results_comparison"", ""global_time_limit"": 600, ""max_tries"": 50, ""tuning_file"": ""tests/psa/ace.tuning.json"", ""hpo_strategy"": ""hamming"", ""global_time_strategy"": ""PERCENT"", ""percent"": 0.2, ""round_time_strategy"": ""STATIC"", ""time_evolution"": ""STATIC"", ""stop_strategy"": ""TIMEOUT""}",55,"{""varh"": ""Wdeg"", ""valh"": ""OccsR"", ""saf"": ""False"", ""pc1"": ""True"", ""bdc"": ""1"", ""toh"": ""False"", ""ng"": ""NO"", ""lc"": ""2"", ""negative"": ""STR0"", ""generic2"": ""True"", ""sb"": ""NO""}",30.9298563330085,1.5689737909997348,9,ExitStatus.FEASIBLE,False,False,1.5689737909997348
2025-06-07T21:44:35.391016,ProgressiveParty-rally-red12-09_c23.xml,"{""input"": ""tests/xcsp3/cop/UNKNOWN/ProgressiveParty-rally-red12-09_c23.xml"", ""solver"": ""xcsp:ACE@2.4"", ""output_dir"": ""results_comparison"", ""global_time_limit"": 600, ""max_tries"": 50, ""tuning_file"": ""tests/psa/ace.tuning.json"", ""hpo_strategy"": ""hamming"", ""global_time_strategy"": ""PERCENT"", ""percent"": 0.2, ""round_time_strategy"": ""STATIC"", ""time_evolution"": ""STATIC"", ""stop_strategy"": ""TIMEOUT""}",56,"{""varh"": ""Wdeg"", ""valh"": ""OccsR"", ""saf"": ""False"", ""pc1"": ""True"", ""bdc"": ""1"", ""toh"": ""False"", ""ng"": ""NO"", ""lc"": ""2"", ""negative"": ""V"", ""generic2"": ""False"", ""sb"": ""NO""}",30.9298563330085,1.556605749996379,9,ExitStatus.FEASIBLE,False,False,1.556605749996379
2025-06-07T21:44:37.060877,ProgressiveParty-rally-red12-09_c23.xml,"{""input"": ""tests/xcsp3/cop/UNKNOWN/ProgressiveParty-rally-red12-09_c23.xml"", ""solver"": ""xcsp:ACE@2.4"", ""output_dir"": ""results_comparison"", ""global_time_limit"": 600, ""max_tries"": 50, ""tuning_file"": ""tests/psa/ace.tuning.json"", ""hpo_strategy"": ""hamming"", ""global_time_strategy"": ""PERCENT"", ""percent"": 0.2, ""round_time_strategy"": ""STATIC"", ""time_evolution"": ""STATIC"", ""stop_strategy"": ""TIMEOUT""}",57,"{""varh"": ""Impact"", ""valh"": ""First"", ""saf"": ""False"", ""pc1"": ""True"", ""bdc"": ""1"", ""toh"": ""False"", ""ng"": ""NO"", ""lc"": ""2"", ""negative"": ""CT"", ""generic2"": ""True"", ""sb"": ""NO""}",30.9298563330085,1.5575327500118874,9,ExitStatus.FEASIBLE,False,False,1.5575327500118874
2025-06-07T21:44:38.738117,ProgressiveParty-rally-red12-09_c23.xml,"{""input"": ""tests/xcsp3/cop/UNKNOWN/ProgressiveParty-rally-red12-09_c23.xml"", ""solver"": ""xcsp:ACE@2.4"", ""output_dir"": ""results_comparison"", ""global_time_limit"": 600, ""max_tries"": 50, ""tuning_file"": ""tests/psa/ace.tuning.json"", ""hpo_strategy"": ""hamming"", ""global_time_strategy"": ""PERCENT"", ""percent"": 0.2, ""round_time_strategy"": ""STATIC"", ""time_evolution"": ""STATIC"", ""stop_strategy"": ""TIMEOUT""}",58,"{""varh"": ""FrbaOnDom"", ""valh"": ""RunRobin"", ""saf"": ""False"", ""pc1"": ""True"", ""bdc"": ""1"", ""toh"": ""False"", ""ng"": ""NO"", ""lc"": ""2"", ""negative"": ""V"", ""generic2"": ""True"", ""sb"": ""NO""}",30.9298563330085,1.5655668749823235,9,ExitStatus.FEASIBLE,False,False,1.5655668749823235
2025-06-07T21:44:40.408584,ProgressiveParty-rally-red12-09_c23.xml,"{""input"": ""tests/xcsp3/cop/UNKNOWN/ProgressiveParty-rally-red12-09_c23.xml"", ""solver"": ""xcsp:ACE@2.4"", ""output_dir"": ""results_comparison"", ""global_time_limit"": 600, ""max_tries"": 50, ""tuning_file"": ""tests/psa/ace.tuning.json"", ""hpo_strategy"": ""hamming"", ""global_time_strategy"": ""PERCENT"", ""percent"": 0.2, ""round_time_strategy"": ""STATIC"", ""time_evolution"": ""STATIC"", ""stop_strategy"": ""TIMEOUT""}",59,"{""varh"": ""Wdeg"", ""valh"": ""First"", ""saf"": ""False"", ""pc1"": ""True"", ""bdc"": ""1"", ""toh"": ""False"", ""ng"": ""NO"", ""lc"": ""0"", ""negative"": ""STR2N"", ""generic2"": ""True"", ""sb"": ""NO""}",30.9298563330085,1.558754500001669,9,ExitStatus.FEASIBLE,False,False,1.558754500001669
2025-06-07T21:44:46.560785,ProgressiveParty-rally-red12-09_c23.xml,"{""input"": ""tests/xcsp3/cop/UNKNOWN/ProgressiveParty-rally-red12-09_c23.xml"", ""solver"": ""xcsp:ACE@2.4"", ""output_dir"": ""results_comparison"", ""global_time_limit"": 600, ""max_tries"": 50, ""tuning_file"": ""tests/psa/ace.tuning.json"", ""hpo_strategy"": ""hamming"", ""global_time_strategy"": ""PERCENT"", ""percent"": 0.2, ""round_time_strategy"": ""STATIC"", ""time_evolution"": ""STATIC"", ""stop_strategy"": ""TIMEOUT""}",60,"{""varh"": ""Lexico"", ""valh"": ""Conflicts"", ""saf"": ""False"", ""pc1"": ""True"", ""bdc"": ""1"", ""toh"": ""False"", ""ng"": ""NO"", ""lc"": ""2"", ""negative"": ""V"", ""generic2"": ""True"", ""sb"": ""NO""}",30.9298563330085,1,,ExitStatus.UNKNOWN,False,False,1
2025-06-07T21:44:48.288085,ProgressiveParty-rally-red12-09_c23.xml,"{""input"": ""tests/xcsp3/cop/UNKNOWN/ProgressiveParty-rally-red12-09_c23.xml"", ""solver"": ""xcsp:ACE@2.4"", ""output_dir"": ""results_comparison"", ""global_time_limit"": 600, ""max_tries"": 50, ""tuning_file"": ""tests/psa/ace.tuning.json"", ""hpo_strategy"": ""hamming"", ""global_time_strategy"": ""PERCENT"", ""percent"": 0.2, ""round_time_strategy"": ""STATIC"", ""time_evolution"": ""STATIC"", ""stop_strategy"": ""TIMEOUT""}",61,"{""varh"": ""FrbaOnDom"", ""valh"": ""First"", ""saf"": ""False"", ""pc1"": ""True"", ""bdc"": ""1"", ""toh"": ""False"", ""ng"": ""NO"", ""lc"": ""2"", ""negative"": ""VA"", ""generic2"": ""True"", ""sb"": ""NO""}",30.9298563330085,1.6174946670071222,9,ExitStatus.FEASIBLE,False,False,1.6174946670071222
2025-06-07T21:44:49.695641,ProgressiveParty-rally-red12-09_c23.xml,"{""input"": ""tests/xcsp3/cop/UNKNOWN/ProgressiveParty-rally-red12-09_c23.xml"", ""solver"": ""xcsp:ACE@2.4"", ""output_dir"": ""results_comparison"", ""global_time_limit"": 600, ""max_tries"": 50, ""tuning_file"": ""tests/psa/ace.tuning.json"", ""hpo_strategy"": ""hamming"", ""global_time_strategy"": ""PERCENT"", ""percent"": 0.2, ""round_time_strategy"": ""STATIC"", ""time_evolution"": ""STATIC"", ""stop_strategy"": ""TIMEOUT""}",62,"{""varh"": ""Wdeg"", ""valh"": ""RunRobin"", ""saf"": ""False"", ""pc1"": ""True"", ""bdc"": ""1000"", ""toh"": ""False"", ""ng"": ""NO"", ""lc"": ""2"", ""negative"": ""V"", ""generic2"": ""True"", ""sb"": ""NO""}",30.9298563330085,1.2759548340109177,,ExitStatus.UNKNOWN,False,False,1.2759548340109177
2025-06-07T21:44:51.408779,ProgressiveParty-rally-red12-09_c23.xml,"{""input"": ""tests/xcsp3/cop/UNKNOWN/ProgressiveParty-rally-red12-09_c23.xml"", ""solver"": ""xcsp:ACE@2.4"", ""output_dir"": ""results_comparison"", ""global_time_limit"": 600, ""max_tries"": 50, ""tuning_file"": ""tests/psa/ace.tuning.json"", ""hpo_strategy"": ""hamming"", ""global_time_strategy"": ""PERCENT"", ""percent"": 0.2, ""round_time_strategy"": ""STATIC"", ""time_evolution"": ""STATIC"", ""stop_strategy"": ""TIMEOUT""}",63,"{""varh"": ""Wdeg"", ""valh"": ""First"", ""saf"": ""False"", ""pc1"": ""True"", ""bdc"": ""1"", ""toh"": ""False"", ""ng"": ""NO"", ""lc"": ""2"", ""negative"": ""STR2N"", ""generic2"": ""False"", ""sb"": ""NO""}",30.9298563330085,1.5853669999924023,9,ExitStatus.FEASIBLE,False,False,1.5853669999924023
2025-06-07T21:44:53.152177,ProgressiveParty-rally-red12-09_c23.xml,"{""input"": ""tests/xcsp3/cop/UNKNOWN/ProgressiveParty-rally-red12-09_c23.xml"", ""solver"": ""xcsp:ACE@2.4"", ""output_dir"": ""results_comparison"", ""global_time_limit"": 600, ""max_tries"": 50, ""tuning_file"": ""tests/psa/ace.tuning.json"", ""hpo_strategy"": ""hamming"", ""global_time_strategy"": ""PERCENT"", ""percent"": 0.2, ""round_time_strategy"": ""STATIC"", ""time_evolution"": ""STATIC"", ""stop_strategy"": ""TIMEOUT""}",64,"{""varh"": ""Wdeg"", ""valh"": ""Rand"", ""saf"": ""False"", ""pc1"": ""True"", ""bdc"": ""1"", ""toh"": ""False"", ""ng"": ""NO"", ""lc"": ""2"", ""negative"": ""CT"", ""generic2"": ""True"", ""sb"": ""NO""}",30.9298563330085,1.6084525000187568,9,ExitStatus.FEASIBLE,False,False,1.6084525000187568
2025-06-07T21:44:59.288354,ProgressiveParty-rally-red12-09_c23.xml,"{""input"": ""tests/xcsp3/cop/UNKNOWN/ProgressiveParty-rally-red12-09_c23.xml"", ""solver"": ""xcsp:ACE@2.4"", ""output_dir"": ""results_comparison"", ""global_time_limit"": 600, ""max_tries"": 50, ""tuning_file"": ""tests/psa/ace.tuning.json"", ""hpo_strategy"": ""hamming"", ""global_time_strategy"": ""PERCENT"", ""percent"": 0.2, ""round_time_strategy"": ""STATIC"", ""time_evolution"": ""STATIC"", ""stop_strategy"": ""TIMEOUT""}",65,"{""varh"": ""FrbaOnDom"", ""valh"": ""Conflicts"", ""saf"": ""False"", ""pc1"": ""True"", ""bdc"": ""1"", ""toh"": ""False"", ""ng"": ""NO"", ""lc"": ""2"", ""negative"": ""V"", ""generic2"": ""True"", ""sb"": ""NO""}",30.9298563330085,1,,ExitStatus.UNKNOWN,False,False,1
2025-06-07T21:45:00.886532,ProgressiveParty-rally-red12-09_c23.xml,"{""input"": ""tests/xcsp3/cop/UNKNOWN/ProgressiveParty-rally-red12-09_c23.xml"", ""solver"": ""xcsp:ACE@2.4"", ""output_dir"": ""results_comparison"", ""global_time_limit"": 600, ""max_tries"": 50, ""tuning_file"": ""tests/psa/ace.tuning.json"", ""hpo_strategy"": ""hamming"", ""global_time_strategy"": ""PERCENT"", ""percent"": 0.2, ""round_time_strategy"": ""STATIC"", ""time_evolution"": ""STATIC"", ""stop_strategy"": ""TIMEOUT""}",66,"{""varh"": ""RunRobin"", ""valh"": ""First"", ""saf"": ""False"", ""pc1"": ""True"", ""bdc"": ""10"", ""toh"": ""False"", ""ng"": ""NO"", ""lc"": ""2"", ""negative"": ""V"", ""generic2"": ""True"", ""sb"": ""NO""}",30.9298563330085,1.4811012080172077,9,ExitStatus.OPTIMAL,False,False,1.4811012080172077
2025-06-07T21:45:02.800659,ProgressiveParty-rally-red12-09_c23.xml,"{""input"": ""tests/xcsp3/cop/UNKNOWN/ProgressiveParty-rally-red12-09_c23.xml"", ""solver"": ""xcsp:ACE@2.4"", ""output_dir"": ""results_comparison"", ""global_time_limit"": 600, ""max_tries"": 50, ""tuning_file"": ""tests/psa/ace.tuning.json"", ""hpo_strategy"": ""hamming"", ""global_time_strategy"": ""PERCENT"", ""percent"": 0.2, ""round_time_strategy"": ""STATIC"", ""time_evolution"": ""STATIC"", ""stop_strategy"": ""TIMEOUT""}",67,"{""varh"": ""Impact"", ""valh"": ""First"", ""saf"": ""False"", ""pc1"": ""True"", ""bdc"": ""1"", ""toh"": ""False"", ""ng"": ""NO"", ""lc"": ""2"", ""negative"": ""STR1N"", ""generic2"": ""True"", ""sb"": ""NO""}",30.9298563330085,1.7641524159989785,9,ExitStatus.FEASIBLE,False,False,1.7641524159989785
2025-06-07T21:45:04.726389,ProgressiveParty-rally-red12-09_c23.xml,"{""input"": ""tests/xcsp3/cop/UNKNOWN/ProgressiveParty-rally-red12-09_c23.xml"", ""solver"": ""xcsp:ACE@2.4"", ""output_dir"": ""results_comparison"", ""global_time_limit"": 600, ""max_tries"": 50, ""tuning_file"": ""tests/psa/ace.tuning.json"", ""hpo_strategy"": ""hamming"", ""global_time_strategy"": ""PERCENT"", ""percent"": 0.2, ""round_time_strategy"": ""STATIC"", ""time_evolution"": ""STATIC"", ""stop_strategy"": ""TIMEOUT""}",68,"{""varh"": ""FrbaOnDom"", ""valh"": ""Median"", ""saf"": ""False"", ""pc1"": ""True"", ""bdc"": ""1"", ""toh"": ""False"", ""ng"": ""NO"", ""lc"": ""2"", ""negative"": ""V"", ""generic2"": ""True"", ""sb"": ""NO""}",30.9298563330085,1.7775592079851776,9,ExitStatus.FEASIBLE,False,False,1.7775592079851776
2025-06-07T21:45:06.453455,ProgressiveParty-rally-red12-09_c23.xml,"{""input"": ""tests/xcsp3/cop/UNKNOWN/ProgressiveParty-rally-red12-09_c23.xml"", ""solver"": ""xcsp:ACE@2.4"", ""output_dir"": ""results_comparison"", ""global_time_limit"": 600, ""max_tries"": 50, ""tuning_file"": ""tests/psa/ace.tuning.json"", ""hpo_strategy"": ""hamming"", ""global_time_strategy"": ""PERCENT"", ""percent"": 0.2, ""round_time_strategy"": ""STATIC"", ""time_evolution"": ""STATIC"", ""stop_strategy"": ""TIMEOUT""}",69,"{""varh"": ""Activity"", ""valh"": ""First"", ""saf"": ""False"", ""pc1"": ""True"", ""bdc"": ""1"", ""toh"": ""False"", ""ng"": ""NO"", ""lc"": ""2"", ""negative"": ""VA"", ""generic2"": ""True"", ""sb"": ""NO""}",30.9298563330085,1.5972480839991476,9,ExitStatus.FEASIBLE,False,False,1.5972480839991476
2025-06-07T21:45:08.590374,ProgressiveParty-rally-red12-09_c23.xml,"{""input"": ""tests/xcsp3/cop/UNKNOWN/ProgressiveParty-rally-red12-09_c23.xml"", ""solver"": ""xcsp:ACE@2.4"", ""output_dir"": ""results_comparison"", ""global_time_limit"": 600, ""max_tries"": 50, ""tuning_file"": ""tests/psa/ace.tuning.json"", ""hpo_strategy"": ""hamming"", ""global_time_strategy"": ""PERCENT"", ""percent"": 0.2, ""round_time_strategy"": ""STATIC"", ""time_evolution"": ""STATIC"", ""stop_strategy"": ""TIMEOUT""}",70,"{""varh"": ""Wdeg"", ""valh"": ""First"", ""saf"": ""False"", ""pc1"": ""True"", ""bdc"": ""1"", ""toh"": ""True"", ""ng"": ""NO"", ""lc"": ""2"", ""negative"": ""V"", ""generic2"": ""False"", ""sb"": ""NO""}",30.9298563330085,2.006801291980082,9,ExitStatus.FEASIBLE,False,False,2.006801291980082
2025-06-07T21:45:10.309683,ProgressiveParty-rally-red12-09_c23.xml,"{""input"": ""tests/xcsp3/cop/UNKNOWN/ProgressiveParty-rally-red12-09_c23.xml"", ""solver"": ""xcsp:ACE@2.4"", ""output_dir"": ""results_comparison"", ""global_time_limit"": 600, ""max_tries"": 50, ""tuning_file"": ""tests/psa/ace.tuning.json"", ""hpo_strategy"": ""hamming"", ""global_time_strategy"": ""PERCENT"", ""percent"": 0.2, ""round_time_strategy"": ""STATIC"", ""time_evolution"": ""STATIC"", ""stop_strategy"": ""TIMEOUT""}",71,"{""varh"": ""Memory"", ""valh"": ""First"", ""saf"": ""False"", ""pc1"": ""True"", ""bdc"": ""1"", ""toh"": ""False"", ""ng"": ""NO"", ""lc"": ""2"", ""negative"": ""STR1"", ""generic2"": ""True"", ""sb"": ""NO""}",30.9298563330085,1.5889379589934833,9,ExitStatus.FEASIBLE,False,False,1.5889379589934833
2025-06-07T21:45:12.047471,ProgressiveParty-rally-red12-09_c23.xml,"{""input"": ""tests/xcsp3/cop/UNKNOWN/ProgressiveParty-rally-red12-09_c23.xml"", ""solver"": ""xcsp:ACE@2.4"", ""output_dir"": ""results_comparison"", ""global_time_limit"": 600, ""max_tries"": 50, ""tuning_file"": ""tests/psa/ace.tuning.json"", ""hpo_strategy"": ""hamming"", ""global_time_strategy"": ""PERCENT"", ""percent"": 0.2, ""round_time_strategy"": ""STATIC"", ""time_evolution"": ""STATIC"", ""stop_strategy"": ""TIMEOUT""}",72,"{""varh"": ""RunRobin"", ""valh"": ""Conflicts"", ""saf"": ""False"", ""pc1"": ""True"", ""bdc"": ""1"", ""toh"": ""False"", ""ng"": ""NO"", ""lc"": ""2"", ""negative"": ""V"", ""generic2"": ""True"", ""sb"": ""NO""}",30.9298563330085,1.6082652500190306,,ExitStatus.UNKNOWN,False,False,1.6082652500190306
2025-06-07T21:45:13.900630,ProgressiveParty-rally-red12-09_c23.xml,"{""input"": ""tests/xcsp3/cop/UNKNOWN/ProgressiveParty-rally-red12-09_c23.xml"", ""solver"": ""xcsp:ACE@2.4"", ""output_dir"": ""results_comparison"", ""global_time_limit"": 600, ""max_tries"": 50, ""tuning_file"": ""tests/psa/ace.tuning.json"", ""hpo_strategy"": ""hamming"", ""global_time_strategy"": ""PERCENT"", ""percent"": 0.2, ""round_time_strategy"": ""STATIC"", ""time_evolution"": ""STATIC"", ""stop_strategy"": ""TIMEOUT""}",73,"{""varh"": ""Rand"", ""valh"": ""RunRobin"", ""saf"": ""False"", ""pc1"": ""True"", ""bdc"": ""1"", ""toh"": ""False"", ""ng"": ""NO"", ""lc"": ""2"", ""negative"": ""V"", ""generic2"": ""True"", ""sb"": ""NO""}",30.9298563330085,1.7367513749923091,9,ExitStatus.FEASIBLE,False,False,1.7367513749923091
2025-06-07T21:45:15.543929,ProgressiveParty-rally-red12-09_c23.xml,"{""input"": ""tests/xcsp3/cop/UNKNOWN/ProgressiveParty-rally-red12-09_c23.xml"", ""solver"": ""xcsp:ACE@2.4"", ""output_dir"": ""results_comparison"", ""global_time_limit"": 600, ""max_tries"": 50, ""tuning_file"": ""tests/psa/ace.tuning.json"", ""hpo_strategy"": ""hamming"", ""global_time_strategy"": ""PERCENT"", ""percent"": 0.2, ""round_time_strategy"": ""STATIC"", ""time_evolution"": ""STATIC"", ""stop_strategy"": ""TIMEOUT""}",74,"{""varh"": ""Rand"", ""valh"": ""First"", ""saf"": ""False"", ""pc1"": ""True"", ""bdc"": ""10"", ""toh"": ""False"", ""ng"": ""NO"", ""lc"": ""2"", ""negative"": ""V"", ""generic2"": ""True"", ""sb"": ""NO""}",30.9298563330085,1.4920656250033062,9,ExitStatus.OPTIMAL,False,False,1.4920656250033062
2025-06-07T21:45:17.412557,ProgressiveParty-rally-red12-09_c23.xml,"{""input"": ""tests/xcsp3/cop/UNKNOWN/ProgressiveParty-rally-red12-09_c23.xml"", ""solver"": ""xcsp:ACE@2.4"", ""output_dir"": ""results_comparison"", ""global_time_limit"": 600, ""max_tries"": 50, ""tuning_file"": ""tests/psa/ace.tuning.json"", ""hpo_strategy"": ""hamming"", ""global_time_strategy"": ""PERCENT"", ""percent"": 0.2, ""round_time_strategy"": ""STATIC"", ""time_evolution"": ""STATIC"", ""stop_strategy"": ""TIMEOUT""}",75,"{""varh"": ""Wdeg"", ""valh"": ""RunRobin"", ""saf"": ""False"", ""pc1"": ""True"", ""bdc"": ""1"", ""toh"": ""False"", ""ng"": ""NO"", ""lc"": ""2"", ""negative"": ""VA"", ""generic2"": ""True"", ""sb"": ""NO""}",30.9298563330085,1.721398958005011,9,ExitStatus.FEASIBLE,False,False,1.721398958005011
2025-06-07T21:45:19.100989,ProgressiveParty-rally-red12-09_c23.xml,"{""input"": ""tests/xcsp3/cop/UNKNOWN/ProgressiveParty-rally-red12-09_c23.xml"", ""solver"": ""xcsp:ACE@2.4"", ""output_dir"": ""results_comparison"", ""global_time_limit"": 600, ""max_tries"": 50, ""tuning_file"": ""tests/psa/ace.tuning.json"", ""hpo_strategy"": ""hamming"", ""global_time_strategy"": ""PERCENT"", ""percent"": 0.2, ""round_time_strategy"": ""STATIC"", ""time_evolution"": ""STATIC"", ""stop_strategy"": ""TIMEOUT""}",76,"{""varh"": ""Activity"", ""valh"": ""First"", ""saf"": ""False"", ""pc1"": ""True"", ""bdc"": ""100"", ""toh"": ""False"", ""ng"": ""NO"", ""lc"": ""2"", ""negative"": ""V"", ""generic2"": ""True"", ""sb"": ""NO""}",30.9298563330085,1.5160864159988705,,ExitStatus.UNKNOWN,False,False,1.5160864159988705
2025-06-07T21:45:20.997648,ProgressiveParty-rally-red12-09_c23.xml,"{""input"": ""tests/xcsp3/cop/UNKNOWN/ProgressiveParty-rally-red12-09_c23.xml"", ""solver"": ""xcsp:ACE@2.4"", ""output_dir"": ""results_comparison"", ""global_time_limit"": 600, ""max_tries"": 50, ""tuning_file"": ""tests/psa/ace.tuning.json"", ""hpo_strategy"": ""hamming"", ""global_time_strategy"": ""PERCENT"", ""percent"": 0.2, ""round_time_strategy"": ""STATIC"", ""time_evolution"": ""STATIC"", ""stop_strategy"": ""TIMEOUT""}",77,"{""varh"": ""Rand"", ""valh"": ""Bivs3"", ""saf"": ""False"", ""pc1"": ""True"", ""bdc"": ""1"", ""toh"": ""False"", ""ng"": ""NO"", ""lc"": ""2"", ""negative"": ""V"", ""generic2"": ""True"", ""sb"": ""NO""}",30.9298563330085,1.7573152919940185,9,ExitStatus.FEASIBLE,False,False,1.7573152919940185
2025-06-07T21:45:22.770126,ProgressiveParty-rally-red12-09_c23.xml,"{""input"": ""tests/xcsp3/cop/UNKNOWN/ProgressiveParty-rally-red12-09_c23.xml"", ""solver"": ""xcsp:ACE@2.4"", ""output_dir"": ""results_comparison"", ""global_time_limit"": 600, ""max_tries"": 50, ""tuning_file"": ""tests/psa/ace.tuning.json"", ""hpo_strategy"": ""hamming"", ""global_time_strategy"": ""PERCENT"", ""percent"": 0.2, ""round_time_strategy"": ""STATIC"", ""time_evolution"": ""STATIC"", ""stop_strategy"": ""TIMEOUT""}",78,"{""varh"": ""Wdeg"", ""valh"": ""First"", ""saf"": ""False"", ""pc1"": ""True"", ""bdc"": ""1"", ""toh"": ""True"", ""ng"": ""NO"", ""lc"": ""2"", ""negative"": ""STR3"", ""generic2"": ""True"", ""sb"": ""NO""}",30.9298563330085,1.627292958990438,9,ExitStatus.FEASIBLE,False,False,1.627292958990438
2025-06-07T21:45:24.522807,ProgressiveParty-rally-red12-09_c23.xml,"{""input"": ""tests/xcsp3/cop/UNKNOWN/ProgressiveParty-rally-red12-09_c23.xml"", ""solver"": ""xcsp:ACE@2.4"", ""output_dir"": ""results_comparison"", ""global_time_limit"": 600, ""max_tries"": 50, ""tuning_file"": ""tests/psa/ace.tuning.json"", ""hpo_strategy"": ""hamming"", ""global_time_strategy"": ""PERCENT"", ""percent"": 0.2, ""round_time_strategy"": ""STATIC"", ""time_evolution"": ""STATIC"", ""stop_strategy"": ""TIMEOUT""}",79,"{""varh"": ""Activity"", ""valh"": ""RunRobin"", ""saf"": ""False"", ""pc1"": ""True"", ""bdc"": ""1"", ""toh"": ""False"", ""ng"": ""NO"", ""lc"": ""2"", ""negative"": ""V"", ""generic2"": ""True"", ""sb"": ""NO""}",30.9298563330085,1.61987466699793,9,ExitStatus.FEASIBLE,False,False,1.61987466699793
2025-06-07T21:45:26.385406,ProgressiveParty-rally-red12-09_c23.xml,"{""input"": ""tests/xcsp3/cop/UNKNOWN/ProgressiveParty-rally-red12-09_c23.xml"", ""solver"": ""xcsp:ACE@2.4"", ""output_dir"": ""results_comparison"", ""global_time_limit"": 600, ""max_tries"": 50, ""tuning_file"": ""tests/psa/ace.tuning.json"", ""hpo_strategy"": ""hamming"", ""global_time_strategy"": ""PERCENT"", ""percent"": 0.2, ""round_time_strategy"": ""STATIC"", ""time_evolution"": ""STATIC"", ""stop_strategy"": ""TIMEOUT""}",80,"{""varh"": ""Rand"", ""valh"": ""First"", ""saf"": ""False"", ""pc1"": ""True"", ""bdc"": ""1"", ""toh"": ""False"", ""ng"": ""NO"", ""lc"": ""2"", ""negative"": ""STR2"", ""generic2"": ""True"", ""sb"": ""NO""}",30.9298563330085,1.7065929579839576,9,ExitStatus.FEASIBLE,False,False,1.7065929579839576
2025-06-07T21:45:32.527708,ProgressiveParty-rally-red12-09_c23.xml,"{""input"": ""tests/xcsp3/cop/UNKNOWN/ProgressiveParty-rally-red12-09_c23.xml"", ""solver"": ""xcsp:ACE@2.4"", ""output_dir"": ""results_comparison"", ""global_time_limit"": 600, ""max_tries"": 50, ""tuning_file"": ""tests/psa/ace.tuning.json"", ""hpo_strategy"": ""hamming"", ""global_time_strategy"": ""PERCENT"", ""percent"": 0.2, ""round_time_strategy"": ""STATIC"", ""time_evolution"": ""STATIC"", ""stop_strategy"": ""TIMEOUT""}",81,"{""varh"": ""Wdeg"", ""valh"": ""Conflicts"", ""saf"": ""False"", ""pc1"": ""True"", ""bdc"": ""1"", ""toh"": ""False"", ""ng"": ""NO"", ""lc"": ""2"", ""negative"": ""V"", ""generic2"": ""False"", ""sb"": ""NO""}",30.9298563330085,1,,ExitStatus.UNKNOWN,False,False,1
2025-06-07T21:45:34.262884,ProgressiveParty-rally-red12-09_c23.xml,"{""input"": ""tests/xcsp3/cop/UNKNOWN/ProgressiveParty-rally-red12-09_c23.xml"", ""solver"": ""xcsp:ACE@2.4"", ""output_dir"": ""results_comparison"", ""global_time_limit"": 600, ""max_tries"": 50, ""tuning_file"": ""tests/psa/ace.tuning.json"", ""hpo_strategy"": ""hamming"", ""global_time_strategy"": ""PERCENT"", ""percent"": 0.2, ""round_time_strategy"": ""STATIC"", ""time_evolution"": ""STATIC"", ""stop_strategy"": ""TIMEOUT""}",82,"{""varh"": ""Memory"", ""valh"": ""First"", ""saf"": ""False"", ""pc1"": ""True"", ""bdc"": ""1"", ""toh"": ""False"", ""ng"": ""NO"", ""lc"": ""2"", ""negative"": ""VA"", ""generic2"": ""True"", ""sb"": ""NO""}",30.9298563330085,1.5984822919999715,9,ExitStatus.FEASIBLE,False,False,1.5984822919999715
2025-06-07T21:45:35.707131,ProgressiveParty-rally-red12-09_c23.xml,"{""input"": ""tests/xcsp3/cop/UNKNOWN/ProgressiveParty-rally-red12-09_c23.xml"", ""solver"": ""xcsp:ACE@2.4"", ""output_dir"": ""results_comparison"", ""global_time_limit"": 600, ""max_tries"": 50, ""tuning_file"": ""tests/psa/ace.tuning.json"", ""hpo_strategy"": ""hamming"", ""global_time_strategy"": ""PERCENT"", ""percent"": 0.2, ""round_time_strategy"": ""STATIC"", ""time_evolution"": ""STATIC"", ""stop_strategy"": ""TIMEOUT""}",83,"{""varh"": ""Wdeg"", ""valh"": ""Median"", ""saf"": ""False"", ""pc1"": ""True"", ""bdc"": ""100"", ""toh"": ""False"", ""ng"": ""NO"", ""lc"": ""2"", ""negative"": ""V"", ""generic2"": ""True"", ""sb"": ""NO""}",30.9298563330085,1.3077457080071326,,ExitStatus.UNKNOWN,False,False,1.3077457080071326
2025-06-07T21:45:37.610937,ProgressiveParty-rally-red12-09_c23.xml,"{""input"": ""tests/xcsp3/cop/UNKNOWN/ProgressiveParty-rally-red12-09_c23.xml"", ""solver"": ""xcsp:ACE@2.4"", ""output_dir"": ""results_comparison"", ""global_time_limit"": 600, ""max_tries"": 50, ""tuning_file"": ""tests/psa/ace.tuning.json"", ""hpo_strategy"": ""hamming"", ""global_time_strategy"": ""PERCENT"", ""percent"": 0.2, ""round_time_strategy"": ""STATIC"", ""time_evolution"": ""STATIC"", ""stop_strategy"": ""TIMEOUT""}",84,"{""varh"": ""Wdeg"", ""valh"": ""Conflicts"", ""saf"": ""False"", ""pc1"": ""True"", ""bdc"": ""1"", ""toh"": ""False"", ""ng"": ""NO"", ""lc"": ""10"", ""negative"": ""V"", ""generic2"": ""True"", ""sb"": ""NO""}",30.9298563330085,1.7605619579844642,,ExitStatus.UNKNOWN,False,False,1.7605619579844642
2025-06-07T21:45:39.699017,ProgressiveParty-rally-red12-09_c23.xml,"{""input"": ""tests/xcsp3/cop/UNKNOWN/ProgressiveParty-rally-red12-09_c23.xml"", ""solver"": ""xcsp:ACE@2.4"", ""output_dir"": ""results_comparison"", ""global_time_limit"": 600, ""max_tries"": 50, ""tuning_file"": ""tests/psa/ace.tuning.json"", ""hpo_strategy"": ""hamming"", ""global_time_strategy"": ""PERCENT"", ""percent"": 0.2, ""round_time_strategy"": ""STATIC"", ""time_evolution"": ""STATIC"", ""stop_strategy"": ""TIMEOUT""}",85,"{""varh"": ""Wdeg"", ""valh"": ""Last"", ""saf"": ""False"", ""pc1"": ""True"", ""bdc"": ""1"", ""toh"": ""False"", ""ng"": ""NO"", ""lc"": ""2"", ""negative"": ""STR0"", ""generic2"": ""True"", ""sb"": ""NO""}",30.9298563330085,1.9641065839969087,,ExitStatus.UNKNOWN,False,False,1.9641065839969087
2025-06-07T21:45:42.023130,ProgressiveParty-rally-red12-09_c23.xml,"{""input"": ""tests/xcsp3/cop/UNKNOWN/ProgressiveParty-rally-red12-09_c23.xml"", ""solver"": ""xcsp:ACE@2.4"", ""output_dir"": ""results_comparison"", ""global_time_limit"": 600, ""max_tries"": 50, ""tuning_file"": ""tests/psa/ace.tuning.json"", ""hpo_strategy"": ""hamming"", ""global_time_strategy"": ""PERCENT"", ""percent"": 0.2, ""round_time_strategy"": ""STATIC"", ""time_evolution"": ""STATIC"", ""stop_strategy"": ""TIMEOUT""}",86,"{""varh"": ""Wdeg"", ""valh"": ""First"", ""saf"": ""False"", ""pc1"": ""True"", ""bdc"": ""1"", ""toh"": ""True"", ""ng"": ""NO"", ""lc"": ""5"", ""negative"": ""V"", ""generic2"": ""True"", ""sb"": ""NO""}",30.9298563330085,2.1096902920107823,,ExitStatus.UNKNOWN,False,False,2.1096902920107823
2025-06-07T21:45:44.245586,ProgressiveParty-rally-red12-09_c23.xml,"{""input"": ""tests/xcsp3/cop/UNKNOWN/ProgressiveParty-rally-red12-09_c23.xml"", ""solver"": ""xcsp:ACE@2.4"", ""output_dir"": ""results_comparison"", ""global_time_limit"": 600, ""max_tries"": 50, ""tuning_file"": ""tests/psa/ace.tuning.json"", ""hpo_strategy"": ""hamming"", ""global_time_strategy"": ""PERCENT"", ""percent"": 0.2, ""round_time_strategy"": ""STATIC"", ""time_evolution"": ""STATIC"", ""stop_strategy"": ""TIMEOUT""}",87,"{""varh"": ""RunRobin"", ""valh"": ""First"", ""saf"": ""False"", ""pc1"": ""True"", ""bdc"": ""1"", ""toh"": ""False"", ""ng"": ""NO"", ""lc"": ""1"", ""negative"": ""V"", ""generic2"": ""True"", ""sb"": ""NO""}",30.9298563330085,1.9992667920014355,9,ExitStatus.FEASIBLE,False,False,1.9992667920014355
2025-06-07T21:45:45.849554,ProgressiveParty-rally-red12-09_c23.xml,"{""input"": ""tests/xcsp3/cop/UNKNOWN/ProgressiveParty-rally-red12-09_c23.xml"", ""solver"": ""xcsp:ACE@2.4"", ""output_dir"": ""results_comparison"", ""global_time_limit"": 600, ""max_tries"": 50, ""tuning_file"": ""tests/psa/ace.tuning.json"", ""hpo_strategy"": ""hamming"", ""global_time_strategy"": ""PERCENT"", ""percent"": 0.2, ""round_time_strategy"": ""STATIC"", ""time_evolution"": ""STATIC"", ""stop_strategy"": ""TIMEOUT""}",88,"{""varh"": ""Wdeg"", ""valh"": ""Rand"", ""saf"": ""False"", ""pc1"": ""True"", ""bdc"": ""1000"", ""toh"": ""False"", ""ng"": ""NO"", ""lc"": ""2"", ""negative"": ""V"", ""generic2"": ""True"", ""sb"": ""NO""}",30.9298563330085,1.4283844169985969,,ExitStatus.UNKNOWN,False,False,1.4283844169985969
2025-06-07T21:45:47.650330,ProgressiveParty-rally-red12-09_c23.xml,"{""input"": ""tests/xcsp3/cop/UNKNOWN/ProgressiveParty-rally-red12-09_c23.xml"", ""solver"": ""xcsp:ACE@2.4"", ""output_dir"": ""results_comparison"", ""global_time_limit"": 600, ""max_tries"": 50, ""tuning_file"": ""tests/psa/ace.tuning.json"", ""hpo_strategy"": ""hamming"", ""global_time_strategy"": ""PERCENT"", ""percent"": 0.2, ""round_time_strategy"": ""STATIC"", ""time_evolution"": ""STATIC"", ""stop_strategy"": ""TIMEOUT""}",89,"{""varh"": ""Memory"", ""valh"": ""OccsR"", ""saf"": ""False"", ""pc1"": ""True"", ""bdc"": ""1"", ""toh"": ""False"", ""ng"": ""NO"", ""lc"": ""2"", ""negative"": ""V"", ""generic2"": ""True"", ""sb"": ""NO""}",30.9298563330085,1.6641298329923302,9,ExitStatus.FEASIBLE,False,False,1.6641298329923302
2025-06-07T21:45:49.614701,ProgressiveParty-rally-red12-09_c23.xml,"{""input"": ""tests/xcsp3/cop/UNKNOWN/ProgressiveParty-rally-red12-09_c23.xml"", ""solver"": ""xcsp:ACE@2.4"", ""output_dir"": ""results_comparison"", ""global_time_limit"": 600, ""max_tries"": 50, ""tuning_file"": ""tests/psa/ace.tuning.json"", ""hpo_strategy"": ""hamming"", ""global_time_strategy"": ""PERCENT"", ""percent"": 0.2, ""round_time_strategy"": ""STATIC"", ""time_evolution"": ""STATIC"", ""stop_strategy"": ""TIMEOUT""}",90,"{""varh"": ""WdegOnDom"", ""valh"": ""First"", ""saf"": ""False"", ""pc1"": ""True"", ""bdc"": ""1"", ""toh"": ""False"", ""ng"": ""NO"", ""lc"": ""2"", ""negative"": ""STR1"", ""generic2"": ""True"", ""sb"": ""NO""}",30.9298563330085,1.8193367079948075,9,ExitStatus.FEASIBLE,False,False,1.8193367079948075
2025-06-07T21:45:51.355129,ProgressiveParty-rally-red12-09_c23.xml,"{""input"": ""tests/xcsp3/cop/UNKNOWN/ProgressiveParty-rally-red12-09_c23.xml"", ""solver"": ""xcsp:ACE@2.4"", ""output_dir"": ""results_comparison"", ""global_time_limit"": 600, ""max_tries"": 50, ""tuning_file"": ""tests/psa/ace.tuning.json"", ""hpo_strategy"": ""hamming"", ""global_time_strategy"": ""PERCENT"", ""percent"": 0.2, ""round_time_strategy"": ""STATIC"", ""time_evolution"": ""STATIC"", ""stop_strategy"": ""TIMEOUT""}",91,"{""varh"": ""Activity"", ""valh"": ""First"", ""saf"": ""False"", ""pc1"": ""True"", ""bdc"": ""1"", ""toh"": ""False"", ""ng"": ""NO"", ""lc"": ""2"", ""negative"": ""STR1N"", ""generic2"": ""True"", ""sb"": ""NO""}",30.9298563330085,1.605793042021105,9,ExitStatus.FEASIBLE,False,False,1.605793042021105
2025-06-07T21:45:53.116082,ProgressiveParty-rally-red12-09_c23.xml,"{""input"": ""tests/xcsp3/cop/UNKNOWN/ProgressiveParty-rally-red12-09_c23.xml"", ""solver"": ""xcsp:ACE@2.4"", ""output_dir"": ""results_comparison"", ""global_time_limit"": 600, ""max_tries"": 50, ""tuning_file"": ""tests/psa/ace.tuning.json"", ""hpo_strategy"": ""hamming"", ""global_time_strategy"": ""PERCENT"", ""percent"": 0.2, ""round_time_strategy"": ""STATIC"", ""time_evolution"": ""STATIC"", ""stop_strategy"": ""TIMEOUT""}",92,"{""varh"": ""Wdeg"", ""valh"": ""FlrsE"", ""saf"": ""False"", ""pc1"": ""True"", ""bdc"": ""1"", ""toh"": ""False"", ""ng"": ""NO"", ""lc"": ""2"", ""negative"": ""STR2N"", ""generic2"": ""True"", ""sb"": ""NO""}",30.9298563330085,1.6308964590134565,9,ExitStatus.FEASIBLE,False,False,1.6308964590134565
2025-06-07T21:45:54.823317,ProgressiveParty-rally-red12-09_c23.xml,"{""input"": ""tests/xcsp3/cop/UNKNOWN/ProgressiveParty-rally-red12-09_c23.xml"", ""solver"": ""xcsp:ACE@2.4"", ""output_dir"": ""results_comparison"", ""global_time_limit"": 600, ""max_tries"": 50, ""tuning_file"": ""tests/psa/ace.tuning.json"", ""hpo_strategy"": ""hamming"", ""global_time_strategy"": ""PERCENT"", ""percent"": 0.2, ""round_time_strategy"": ""STATIC"", ""time_evolution"": ""STATIC"", ""stop_strategy"": ""TIMEOUT""}",93,"{""varh"": ""Wdeg"", ""valh"": ""First"", ""saf"": ""False"", ""pc1"": ""True"", ""bdc"": ""10"", ""toh"": ""False"", ""ng"": ""NO"", ""lc"": ""2"", ""negative"": ""CT"", ""generic2"": ""True"", ""sb"": ""NO""}",30.9298563330085,1.5708452920080163,9,ExitStatus.OPTIMAL,False,False,1.5708452920080163
2025-06-07T21:45:57.469489,ProgressiveParty-rally-red12-09_c23.xml,"{""input"": ""tests/xcsp3/cop/UNKNOWN/ProgressiveParty-rally-red12-09_c23.xml"", ""solver"": ""xcsp:ACE@2.4"", ""output_dir"": ""results_comparison"", ""global_time_limit"": 600, ""max_tries"": 50, ""tuning_file"": ""tests/psa/ace.tuning.json"", ""hpo_strategy"": ""hamming"", ""global_time_strategy"": ""PERCENT"", ""percent"": 0.2, ""round_time_strategy"": ""STATIC"", ""time_evolution"": ""STATIC"", ""stop_strategy"": ""TIMEOUT""}",94,"{""varh"": ""Wdeg"", ""valh"": ""First"", ""saf"": ""True"", ""pc1"": ""True"", ""bdc"": ""1"", ""toh"": ""False"", ""ng"": ""NO"", ""lc"": ""5"", ""negative"": ""V"", ""generic2"": ""True"", ""sb"": ""NO""}",30.9298563330085,2.434233875013888,,ExitStatus.UNKNOWN,False,False,2.434233875013888
2025-06-07T21:46:00.142151,ProgressiveParty-rally-red12-09_c23.xml,"{""input"": ""tests/xcsp3/cop/UNKNOWN/ProgressiveParty-rally-red12-09_c23.xml"", ""solver"": ""xcsp:ACE@2.4"", ""output_dir"": ""results_comparison"", ""global_time_limit"": 600, ""max_tries"": 50, ""tuning_file"": ""tests/psa/ace.tuning.json"", ""hpo_strategy"": ""hamming"", ""global_time_strategy"": ""PERCENT"", ""percent"": 0.2, ""round_time_strategy"": ""STATIC"", ""time_evolution"": ""STATIC"", ""stop_strategy"": ""TIMEOUT""}",95,"{""varh"": ""Wdeg"", ""valh"": ""First"", ""saf"": ""False"", ""pc1"": ""True"", ""bdc"": ""1"", ""toh"": ""False"", ""ng"": ""NO"", ""lc"": ""5"", ""negative"": ""STR0"", ""generic2"": ""True"", ""sb"": ""NO""}",30.9298563330085,2.4331678750168066,,ExitStatus.UNKNOWN,False,False,2.4331678750168066
2025-06-07T21:46:02.664775,ProgressiveParty-rally-red12-09_c23.xml,"{""input"": ""tests/xcsp3/cop/UNKNOWN/ProgressiveParty-rally-red12-09_c23.xml"", ""solver"": ""xcsp:ACE@2.4"", ""output_dir"": ""results_comparison"", ""global_time_limit"": 600, ""max_tries"": 50, ""tuning_file"": ""tests/psa/ace.tuning.json"", ""hpo_strategy"": ""hamming"", ""global_time_strategy"": ""PERCENT"", ""percent"": 0.2, ""round_time_strategy"": ""STATIC"", ""time_evolution"": ""STATIC"", ""stop_strategy"": ""TIMEOUT""}",96,"{""varh"": ""Wdeg"", ""valh"": ""Last"", ""saf"": ""False"", ""pc1"": ""True"", ""bdc"": ""1"", ""toh"": ""False"", ""ng"": ""NO"", ""lc"": ""1"", ""negative"": ""V"", ""generic2"": ""True"", ""sb"": ""NO""}",30.9298563330085,2.244056666997494,,ExitStatus.UNKNOWN,False,False,2.244056666997494
2025-06-07T21:46:05.027198,ProgressiveParty-rally-red12-09_c23.xml,"{""input"": ""tests/xcsp3/cop/UNKNOWN/ProgressiveParty-rally-red12-09_c23.xml"", ""solver"": ""xcsp:ACE@2.4"", ""output_dir"": ""results_comparison"", ""global_time_limit"": 600, ""max_tries"": 50, ""tuning_file"": ""tests/psa/ace.tuning.json"", ""hpo_strategy"": ""hamming"", ""global_time_strategy"": ""PERCENT"", ""percent"": 0.2, ""round_time_strategy"": ""STATIC"", ""time_evolution"": ""STATIC"", ""stop_strategy"": ""TIMEOUT""}",97,"{""varh"": ""Wdeg"", ""valh"": ""First"", ""saf"": ""False"", ""pc1"": ""True"", ""bdc"": ""1"", ""toh"": ""False"", ""ng"": ""NO"", ""lc"": ""10"", ""negative"": ""CT"", ""generic2"": ""True"", ""sb"": ""NO""}",30.9298563330085,2.06749841599958,,ExitStatus.UNKNOWN,False,False,2.06749841599958
2025-06-07T21:46:07.390226,ProgressiveParty-rally-red12-09_c23.xml,"{""input"": ""tests/xcsp3/cop/UNKNOWN/ProgressiveParty-rally-red12-09_c23.xml"", ""solver"": ""xcsp:ACE@2.4"", ""output_dir"": ""results_comparison"", ""global_time_limit"": 600, ""max_tries"": 50, ""tuning_file"": ""tests/psa/ace.tuning.json"", ""hpo_strategy"": ""hamming"", ""global_time_strategy"": ""PERCENT"", ""percent"": 0.2, ""round_time_strategy"": ""STATIC"", ""time_evolution"": ""STATIC"", ""stop_strategy"": ""TIMEOUT""}",98,"{""varh"": ""Wdeg"", ""valh"": ""First"", ""saf"": ""False"", ""pc1"": ""True"", ""bdc"": ""1"", ""toh"": ""False"", ""ng"": ""NO"", ""lc"": ""10"", ""negative"": ""STR0"", ""generic2"": ""True"", ""sb"": ""NO""}",30.9298563330085,2.201304916990921,,ExitStatus.UNKNOWN,False,False,2.201304916990921
2025-06-07T21:46:09.357322,ProgressiveParty-rally-red12-09_c23.xml,"{""input"": ""tests/xcsp3/cop/UNKNOWN/ProgressiveParty-rally-red12-09_c23.xml"", ""solver"": ""xcsp:ACE@2.4"", ""output_dir"": ""results_comparison"", ""global_time_limit"": 600, ""max_tries"": 50, ""tuning_file"": ""tests/psa/ace.tuning.json"", ""hpo_strategy"": ""hamming"", ""global_time_strategy"": ""PERCENT"", ""percent"": 0.2, ""round_time_strategy"": ""STATIC"", ""time_evolution"": ""STATIC"", ""stop_strategy"": ""TIMEOUT""}",99,"{""varh"": ""Wdeg"", ""valh"": ""First"", ""saf"": ""False"", ""pc1"": ""False"", ""bdc"": ""1"", ""toh"": ""False"", ""ng"": ""NO"", ""lc"": ""2"", ""negative"": ""VA"", ""generic2"": ""True"", ""sb"": ""NO""}",30.9298563330085,1.779671291995328,,ExitStatus.UNKNOWN,False,False,1.779671291995328
2025-06-07T21:46:11.248525,ProgressiveParty-rally-red12-09_c23.xml,"{""input"": ""tests/xcsp3/cop/UNKNOWN/ProgressiveParty-rally-red12-09_c23.xml"", ""solver"": ""xcsp:ACE@2.4"", ""output_dir"": ""results_comparison"", ""global_time_limit"": 600, ""max_tries"": 50, ""tuning_file"": ""tests/psa/ace.tuning.json"", ""hpo_strategy"": ""hamming"", ""global_time_strategy"": ""PERCENT"", ""percent"": 0.2, ""round_time_strategy"": ""STATIC"", ""time_evolution"": ""STATIC"", ""stop_strategy"": ""TIMEOUT""}",100,"{""varh"": ""Wdeg"", ""valh"": ""Bivs3"", ""saf"": ""True"", ""pc1"": ""True"", ""bdc"": ""1"", ""toh"": ""False"", ""ng"": ""NO"", ""lc"": ""2"", ""negative"": ""V"", ""generic2"": ""True"", ""sb"": ""NO""}",30.9298563330085,1.7215565840015188,9,ExitStatus.FEASIBLE,False,False,1.7215565840015188
2025-06-07T21:46:12.914530,ProgressiveParty-rally-red12-09_c23.xml,"{""input"": ""tests/xcsp3/cop/UNKNOWN/ProgressiveParty-rally-red12-09_c23.xml"", ""solver"": ""xcsp:ACE@2.4"", ""output_dir"": ""results_comparison"", ""global_time_limit"": 600, ""max_tries"": 50, ""tuning_file"": ""tests/psa/ace.tuning.json"", ""hpo_strategy"": ""hamming"", ""global_time_strategy"": ""PERCENT"", ""percent"": 0.2, ""round_time_strategy"": ""STATIC"", ""time_evolution"": ""STATIC"", ""stop_strategy"": ""TIMEOUT""}",101,"{""varh"": ""Rand"", ""valh"": ""First"", ""saf"": ""False"", ""pc1"": ""True"", ""bdc"": ""1000"", ""toh"": ""False"", ""ng"": ""NO"", ""lc"": ""2"", ""negative"": ""V"", ""generic2"": ""True"", ""sb"": ""NO""}",30.9298563330085,1.5184526249940973,,ExitStatus.UNKNOWN,False,False,1.5184526249940973
2025-06-07T21:46:14.692000,ProgressiveParty-rally-red12-09_c23.xml,"{""input"": ""tests/xcsp3/cop/UNKNOWN/ProgressiveParty-rally-red12-09_c23.xml"", ""solver"": ""xcsp:ACE@2.4"", ""output_dir"": ""results_comparison"", ""global_time_limit"": 600, ""max_tries"": 50, ""tuning_file"": ""tests/psa/ace.tuning.json"", ""hpo_strategy"": ""hamming"", ""global_time_strategy"": ""PERCENT"", ""percent"": 0.2, ""round_time_strategy"": ""STATIC"", ""time_evolution"": ""STATIC"", ""stop_strategy"": ""TIMEOUT""}",102,"{""varh"": ""Wdeg"", ""valh"": ""Bivs3"", ""saf"": ""False"", ""pc1"": ""True"", ""bdc"": ""1"", ""toh"": ""False"", ""ng"": ""NO"", ""lc"": ""5"", ""negative"": ""V"", ""generic2"": ""True"", ""sb"": ""NO""}",30.9298563330085,1.6463727920199744,9,ExitStatus.FEASIBLE,False,False,1.6463727920199744
2025-06-07T21:46:16.487544,ProgressiveParty-rally-red12-09_c23.xml,"{""input"": ""tests/xcsp3/cop/UNKNOWN/ProgressiveParty-rally-red12-09_c23.xml"", ""solver"": ""xcsp:ACE@2.4"", ""output_dir"": ""results_comparison"", ""global_time_limit"": 600, ""max_tries"": 50, ""tuning_file"": ""tests/psa/ace.tuning.json"", ""hpo_strategy"": ""hamming"", ""global_time_strategy"": ""PERCENT"", ""percent"": 0.2, ""round_time_strategy"": ""STATIC"", ""time_evolution"": ""STATIC"", ""stop_strategy"": ""TIMEOUT""}",103,"{""varh"": ""FrbaOnDom"", ""valh"": ""Bivs3"", ""saf"": ""False"", ""pc1"": ""True"", ""bdc"": ""1"", ""toh"": ""False"", ""ng"": ""NO"", ""lc"": ""2"", ""negative"": ""V"", ""generic2"": ""True"", ""sb"": ""NO""}",30.9298563330085,1.6582897500193212,9,ExitStatus.FEASIBLE,False,False,1.6582897500193212
2025-06-07T21:46:17.988135,ProgressiveParty-rally-red12-09_c23.xml,"{""input"": ""tests/xcsp3/cop/UNKNOWN/ProgressiveParty-rally-red12-09_c23.xml"", ""solver"": ""xcsp:ACE@2.4"", ""output_dir"": ""results_comparison"", ""global_time_limit"": 600, ""max_tries"": 50, ""tuning_file"": ""tests/psa/ace.tuning.json"", ""hpo_strategy"": ""hamming"", ""global_time_strategy"": ""PERCENT"", ""percent"": 0.2, ""round_time_strategy"": ""STATIC"", ""time_evolution"": ""STATIC"", ""stop_strategy"": ""TIMEOUT""}",104,"{""varh"": ""Wdeg"", ""valh"": ""FlrsE"", ""saf"": ""False"", ""pc1"": ""True"", ""bdc"": ""1000"", ""toh"": ""False"", ""ng"": ""NO"", ""lc"": ""2"", ""negative"": ""V"", ""generic2"": ""True"", ""sb"": ""NO""}",30.9298563330085,1.3651726249954663,,ExitStatus.UNKNOWN,False,False,1.3651726249954663
2025-06-07T21:46:19.771998,ProgressiveParty-rally-red12-09_c23.xml,"{""input"": ""tests/xcsp3/cop/UNKNOWN/ProgressiveParty-rally-red12-09_c23.xml"", ""solver"": ""xcsp:ACE@2.4"", ""output_dir"": ""results_comparison"", ""global_time_limit"": 600, ""max_tries"": 50, ""tuning_file"": ""tests/psa/ace.tuning.json"", ""hpo_strategy"": ""hamming"", ""global_time_strategy"": ""PERCENT"", ""percent"": 0.2, ""round_time_strategy"": ""STATIC"", ""time_evolution"": ""STATIC"", ""stop_strategy"": ""TIMEOUT""}",105,"{""varh"": ""Wdeg"", ""valh"": ""Bivs3"", ""saf"": ""False"", ""pc1"": ""True"", ""bdc"": ""1"", ""toh"": ""False"", ""ng"": ""NO"", ""lc"": ""2"", ""negative"": ""STR2"", ""generic2"": ""True"", ""sb"": ""NO""}",30.9298563330085,1.649539125006413,9,ExitStatus.FEASIBLE,False,False,1.649539125006413
2025-06-07T21:46:21.537100,ProgressiveParty-rally-red12-09_c23.xml,"{""input"": ""tests/xcsp3/cop/UNKNOWN/ProgressiveParty-rally-red12-09_c23.xml"", ""solver"": ""xcsp:ACE@2.4"", ""output_dir"": ""results_comparison"", ""global_time_limit"": 600, ""max_tries"": 50, ""tuning_file"": ""tests/psa/ace.tuning.json"", ""hpo_strategy"": ""hamming"", ""global_time_strategy"": ""PERCENT"", ""percent"": 0.2, ""round_time_strategy"": ""STATIC"", ""time_evolution"": ""STATIC"", ""stop_strategy"": ""TIMEOUT""}",106,"{""varh"": ""FrbaOnDom"", ""valh"": ""First"", ""saf"": ""False"", ""pc1"": ""False"", ""bdc"": ""1"", ""toh"": ""False"", ""ng"": ""NO"", ""lc"": ""2"", ""negative"": ""V"", ""generic2"": ""True"", ""sb"": ""NO""}",30.9298563330085,1.61722391701187,9,ExitStatus.FEASIBLE,False,False,1.61722391701187
2025-06-07T21:46:23.264123,ProgressiveParty-rally-red12-09_c23.xml,"{""input"": ""tests/xcsp3/cop/UNKNOWN/ProgressiveParty-rally-red12-09_c23.xml"", ""solver"": ""xcsp:ACE@2.4"", ""output_dir"": ""results_comparison"", ""global_time_limit"": 600, ""max_tries"": 50, ""tuning_file"": ""tests/psa/ace.tuning.json"", ""hpo_strategy"": ""hamming"", ""global_time_strategy"": ""PERCENT"", ""percent"": 0.2, ""round_time_strategy"": ""STATIC"", ""time_evolution"": ""STATIC"", ""stop_strategy"": ""TIMEOUT""}",107,"{""varh"": ""Wdeg"", ""valh"": ""First"", ""saf"": ""False"", ""pc1"": ""True"", ""bdc"": ""1"", ""toh"": ""True"", ""ng"": ""NO"", ""lc"": ""2"", ""negative"": ""CT"", ""generic2"": ""True"", ""sb"": ""NO""}",30.9298563330085,1.5968689160072245,9,ExitStatus.FEASIBLE,False,False,1.5968689160072245
2025-06-07T21:46:24.944032,ProgressiveParty-rally-red12-09_c23.xml,"{""input"": ""tests/xcsp3/cop/UNKNOWN/ProgressiveParty-rally-red12-09_c23.xml"", ""solver"": ""xcsp:ACE@2.4"", ""output_dir"": ""results_comparison"", ""global_time_limit"": 600, ""max_tries"": 50, ""tuning_file"": ""tests/psa/ace.tuning.json"", ""hpo_strategy"": ""hamming"", ""global_time_strategy"": ""PERCENT"", ""percent"": 0.2, ""round_time_strategy"": ""STATIC"", ""time_evolution"": ""STATIC"", ""stop_strategy"": ""TIMEOUT""}",108,"{""varh"": ""Wdeg"", ""valh"": ""First"", ""saf"": ""False"", ""pc1"": ""True"", ""bdc"": ""1"", ""toh"": ""False"", ""ng"": ""NO"", ""lc"": ""2"", ""negative"": ""STR3"", ""generic2"": ""False"", ""sb"": ""NO""}",30.9298563330085,1.5650912919954862,9,ExitStatus.FEASIBLE,False,False,1.5650912919954862
2025-06-07T21:46:26.646464,ProgressiveParty-rally-red12-09_c23.xml,"{""input"": ""tests/xcsp3/cop/UNKNOWN/ProgressiveParty-rally-red12-09_c23.xml"", ""solver"": ""xcsp:ACE@2.4"", ""output_dir"": ""results_comparison"", ""global_time_limit"": 600, ""max_tries"": 50, ""tuning_file"": ""tests/psa/ace.tuning.json"", ""hpo_strategy"": ""hamming"", ""global_time_strategy"": ""PERCENT"", ""percent"": 0.2, ""round_time_strategy"": ""STATIC"", ""time_evolution"": ""STATIC"", ""stop_strategy"": ""TIMEOUT""}",109,"{""varh"": ""Wdeg"", ""valh"": ""First"", ""saf"": ""False"", ""pc1"": ""True"", ""bdc"": ""1"", ""toh"": ""False"", ""ng"": ""NO"", ""lc"": ""1"", ""negative"": ""V"", ""generic2"": ""False"", ""sb"": ""NO""}",30.9298563330085,1.5889027919911314,9,ExitStatus.FEASIBLE,False,False,1.5889027919911314
2025-06-07T21:46:27.833735,ProgressiveParty-rally-red12-09_c23.xml,"{""input"": ""tests/xcsp3/cop/UNKNOWN/ProgressiveParty-rally-red12-09_c23.xml"", ""solver"": ""xcsp:ACE@2.4"", ""output_dir"": ""results_comparison"", ""global_time_limit"": 600, ""max_tries"": 50, ""tuning_file"": ""tests/psa/ace.tuning.json"", ""hpo_strategy"": ""hamming"", ""global_time_strategy"": ""PERCENT"", ""percent"": 0.2, ""round_time_strategy"": ""STATIC"", ""time_evolution"": ""STATIC"", ""stop_strategy"": ""TIMEOUT""}",110,"{""varh"": ""Lexico"", ""valh"": ""First"", ""saf"": ""False"", ""pc1"": ""True"", ""bdc"": ""100"", ""toh"": ""False"", ""ng"": ""NO"", ""lc"": ""2"", ""negative"": ""V"", ""generic2"": ""True"", ""sb"": ""NO""}",30.9298563330085,1.072565582988318,,ExitStatus.UNKNOWN,False,False,1.072565582988318
2025-06-07T21:46:29.502023,ProgressiveParty-rally-red12-09_c23.xml,"{""input"": ""tests/xcsp3/cop/UNKNOWN/ProgressiveParty-rally-red12-09_c23.xml"", ""solver"": ""xcsp:ACE@2.4"", ""output_dir"": ""results_comparison"", ""global_time_limit"": 600, ""max_tries"": 50, ""tuning_file"": ""tests/psa/ace.tuning.json"", ""hpo_strategy"": ""hamming"", ""global_time_strategy"": ""PERCENT"", ""percent"": 0.2, ""round_time_strategy"": ""STATIC"", ""time_evolution"": ""STATIC"", ""stop_strategy"": ""TIMEOUT""}",111,"{""varh"": ""Wdeg"", ""valh"": ""Last"", ""saf"": ""False"", ""pc1"": ""True"", ""bdc"": ""1"", ""toh"": ""False"", ""ng"": ""NO"", ""lc"": ""2"", ""negative"": ""V"", ""generic2"": ""False"", ""sb"": ""NO""}",30.9298563330085,1.5550520420074463,9,ExitStatus.FEASIBLE,False,False,1.5550520420074463
2025-06-07T21:46:31.188966,ProgressiveParty-rally-red12-09_c23.xml,"{""input"": ""tests/xcsp3/cop/UNKNOWN/ProgressiveParty-rally-red12-09_c23.xml"", ""solver"": ""xcsp:ACE@2.4"", ""output_dir"": ""results_comparison"", ""global_time_limit"": 600, ""max_tries"": 50, ""tuning_file"": ""tests/psa/ace.tuning.json"", ""hpo_strategy"": ""hamming"", ""global_time_strategy"": ""PERCENT"", ""percent"": 0.2, ""round_time_strategy"": ""STATIC"", ""time_evolution"": ""STATIC"", ""stop_strategy"": ""TIMEOUT""}",112,"{""varh"": ""Wdeg"", ""valh"": ""First"", ""saf"": ""False"", ""pc1"": ""False"", ""bdc"": ""1"", ""toh"": ""False"", ""ng"": ""NO"", ""lc"": ""2"", ""negative"": ""STR0"", ""generic2"": ""True"", ""sb"": ""NO""}",30.9298563330085,1.5735982499900274,9,ExitStatus.FEASIBLE,False,False,1.5735982499900274
2025-06-07T21:46:32.408457,ProgressiveParty-rally-red12-09_c23.xml,"{""input"": ""tests/xcsp3/cop/UNKNOWN/ProgressiveParty-rally-red12-09_c23.xml"", ""solver"": ""xcsp:ACE@2.4"", ""output_dir"": ""results_comparison"", ""global_time_limit"": 600, ""max_tries"": 50, ""tuning_file"": ""tests/psa/ace.tuning.json"", ""hpo_strategy"": ""hamming"", ""global_time_strategy"": ""PERCENT"", ""percent"": 0.2, ""round_time_strategy"": ""STATIC"", ""time_evolution"": ""STATIC"", ""stop_strategy"": ""TIMEOUT""}",113,"{""varh"": ""Wdeg"", ""valh"": ""First"", ""saf"": ""False"", ""pc1"": ""True"", ""bdc"": ""10"", ""toh"": ""False"", ""ng"": ""NO"", ""lc"": ""0"", ""negative"": ""V"", ""generic2"": ""True"", ""sb"": ""NO""}",30.9298563330085,1.1071798329940066,9,ExitStatus.OPTIMAL,True,False,1.1071798329940066
2025-06-07T21:46:34.075385,ProgressiveParty-rally-red12-09_c23.xml,"{""input"": ""tests/xcsp3/cop/UNKNOWN/ProgressiveParty-rally-red12-09_c23.xml"", ""solver"": ""xcsp:ACE@2.4"", ""output_dir"": ""results_comparison"", ""global_time_limit"": 600, ""max_tries"": 50, ""tuning_file"": ""tests/psa/ace.tuning.json"", ""hpo_strategy"": ""hamming"", ""global_time_strategy"": ""PERCENT"", ""percent"": 0.2, ""round_time_strategy"": ""STATIC"", ""time_evolution"": ""STATIC"", ""stop_strategy"": ""TIMEOUT""}",114,"{""varh"": ""RunRobin"", ""valh"": ""First"", ""saf"": ""False"", ""pc1"": ""True"", ""bdc"": ""1"", ""toh"": ""False"", ""ng"": ""NO"", ""lc"": ""2"", ""negative"": ""CT"", ""generic2"": ""True"", ""sb"": ""NO""}",30.9298563330085,1.553363957995316,9,ExitStatus.FEASIBLE,False,False,1.553363957995316
2025-06-07T21:46:35.341879,ProgressiveParty-rally-red12-09_c23.xml,"{""input"": ""tests/xcsp3/cop/UNKNOWN/ProgressiveParty-rally-red12-09_c23.xml"", ""solver"": ""xcsp:ACE@2.4"", ""output_dir"": ""results_comparison"", ""global_time_limit"": 600, ""max_tries"": 50, ""tuning_file"": ""tests/psa/ace.tuning.json"", ""hpo_strategy"": ""hamming"", ""global_time_strategy"": ""PERCENT"", ""percent"": 0.2, ""round_time_strategy"": ""STATIC"", ""time_evolution"": ""STATIC"", ""stop_strategy"": ""TIMEOUT""}",115,"{""varh"": ""Impact"", ""valh"": ""First"", ""saf"": ""False"", ""pc1"": ""True"", ""bdc"": ""10"", ""toh"": ""False"", ""ng"": ""NO"", ""lc"": ""2"", ""negative"": ""V"", ""generic2"": ""True"", ""sb"": ""NO""}",30.9298563330085,1.1537400000088383,9,ExitStatus.OPTIMAL,False,False,1.1537400000088383
2025-06-07T21:46:37.030461,ProgressiveParty-rally-red12-09_c23.xml,"{""input"": ""tests/xcsp3/cop/UNKNOWN/ProgressiveParty-rally-red12-09_c23.xml"", ""solver"": ""xcsp:ACE@2.4"", ""output_dir"": ""results_comparison"", ""global_time_limit"": 600, ""max_tries"": 50, ""tuning_file"": ""tests/psa/ace.tuning.json"", ""hpo_strategy"": ""hamming"", ""global_time_strategy"": ""PERCENT"", ""percent"": 0.2, ""round_time_strategy"": ""STATIC"", ""time_evolution"": ""STATIC"", ""stop_strategy"": ""TIMEOUT""}",116,"{""varh"": ""Rand"", ""valh"": ""Rand"", ""saf"": ""False"", ""pc1"": ""True"", ""bdc"": ""1"", ""toh"": ""False"", ""ng"": ""NO"", ""lc"": ""2"", ""negative"": ""V"", ""generic2"": ""True"", ""sb"": ""NO""}",30.9298563330085,1.5739499590126798,9,ExitStatus.FEASIBLE,False,False,1.5739499590126798
2025-06-07T21:46:38.716032,ProgressiveParty-rally-red12-09_c23.xml,"{""input"": ""tests/xcsp3/cop/UNKNOWN/ProgressiveParty-rally-red12-09_c23.xml"", ""solver"": ""xcsp:ACE@2.4"", ""output_dir"": ""results_comparison"", ""global_time_limit"": 600, ""max_tries"": 50, ""tuning_file"": ""tests/psa/ace.tuning.json"", ""hpo_strategy"": ""hamming"", ""global_time_strategy"": ""PERCENT"", ""percent"": 0.2, ""round_time_strategy"": ""STATIC"", ""time_evolution"": ""STATIC"", ""stop_strategy"": ""TIMEOUT""}",117,"{""varh"": ""Memory"", ""valh"": ""First"", ""saf"": ""False"", ""pc1"": ""True"", ""bdc"": ""1"", ""toh"": ""False"", ""ng"": ""NO"", ""lc"": ""2"", ""negative"": ""V"", ""generic2"": ""False"", ""sb"": ""NO""}",30.9298563330085,1.5726725419808645,9,ExitStatus.FEASIBLE,False,False,1.5726725419808645
2025-06-07T21:46:40.384628,ProgressiveParty-rally-red12-09_c23.xml,"{""input"": ""tests/xcsp3/cop/UNKNOWN/ProgressiveParty-rally-red12-09_c23.xml"", ""solver"": ""xcsp:ACE@2.4"", ""output_dir"": ""results_comparison"", ""global_time_limit"": 600, ""max_tries"": 50, ""tuning_file"": ""tests/psa/ace.tuning.json"", ""hpo_strategy"": ""hamming"", ""global_time_strategy"": ""PERCENT"", ""percent"": 0.2, ""round_time_strategy"": ""STATIC"", ""time_evolution"": ""STATIC"", ""stop_strategy"": ""TIMEOUT""}",118,"{""varh"": ""Wdeg"", ""valh"": ""Vals"", ""saf"": ""False"", ""pc1"": ""True"", ""bdc"": ""1"", ""toh"": ""False"", ""ng"": ""NO"", ""lc"": ""2"", ""negative"": ""STR0"", ""generic2"": ""True"", ""sb"": ""NO""}",30.9298563330085,1.554869667015737,9,ExitStatus.FEASIBLE,False,False,1.554869667015737
2025-06-07T21:46:42.071664,ProgressiveParty-rally-red12-09_c23.xml,"{""input"": ""tests/xcsp3/cop/UNKNOWN/ProgressiveParty-rally-red12-09_c23.xml"", ""solver"": ""xcsp:ACE@2.4"", ""output_dir"": ""results_comparison"", ""global_time_limit"": 600, ""max_tries"": 50, ""tuning_file"": ""tests/psa/ace.tuning.json"", ""hpo_strategy"": ""hamming"", ""global_time_strategy"": ""PERCENT"", ""percent"": 0.2, ""round_time_strategy"": ""STATIC"", ""time_evolution"": ""STATIC"", ""stop_strategy"": ""TIMEOUT""}",119,"{""varh"": ""Wdeg"", ""valh"": ""Vals"", ""saf"": ""False"", ""pc1"": ""True"", ""bdc"": ""1"", ""toh"": ""False"", ""ng"": ""NO"", ""lc"": ""2"", ""negative"": ""STR2N"", ""generic2"": ""True"", ""sb"": ""NO""}",30.9298563330085,1.5737058340164367,9,ExitStatus.FEASIBLE,False,False,1.5737058340164367
2025-06-07T21:46:43.666420,ProgressiveParty-rally-red12-09_c23.xml,"{""input"": ""tests/xcsp3/cop/UNKNOWN/ProgressiveParty-rally-red12-09_c23.xml"", ""solver"": ""xcsp:ACE@2.4"", ""output_dir"": ""results_comparison"", ""global_time_limit"": 600, ""max_tries"": 50, ""tuning_file"": ""tests/psa/ace.tuning.json"", ""hpo_strategy"": ""hamming"", ""global_time_strategy"": ""PERCENT"", ""percent"": 0.2, ""round_time_strategy"": ""STATIC"", ""time_evolution"": ""STATIC"", ""stop_strategy"": ""TIMEOUT""}",120,"{""varh"": ""FrbaOnDom"", ""valh"": ""First"", ""saf"": ""False"", ""pc1"": ""True"", ""bdc"": ""1"", ""toh"": ""False"", ""ng"": ""NO"", ""lc"": ""2"", ""negative"": ""STR1N"", ""generic2"": ""True"", ""sb"": ""NO""}",30.9298563330085,1.4809906669834163,9,ExitStatus.OPTIMAL,False,False,1.4809906669834163
2025-06-07T21:46:44.854176,ProgressiveParty-rally-red12-09_c23.xml,"{""input"": ""tests/xcsp3/cop/UNKNOWN/ProgressiveParty-rally-red12-09_c23.xml"", ""solver"": ""xcsp:ACE@2.4"", ""output_dir"": ""results_comparison"", ""global_time_limit"": 600, ""max_tries"": 50, ""tuning_file"": ""tests/psa/ace.tuning.json"", ""hpo_strategy"": ""hamming"", ""global_time_strategy"": ""PERCENT"", ""percent"": 0.2, ""round_time_strategy"": ""STATIC"", ""time_evolution"": ""STATIC"", ""stop_strategy"": ""TIMEOUT""}",121,"{""varh"": ""Wdeg"", ""valh"": ""OccsR"", ""saf"": ""False"", ""pc1"": ""True"", ""bdc"": ""100"", ""toh"": ""False"", ""ng"": ""NO"", ""lc"": ""2"", ""negative"": ""V"", ""generic2"": ""True"", ""sb"": ""NO""}",30.9298563330085,1.0741255420143716,,ExitStatus.UNKNOWN,False,False,1.0741255420143716
2025-06-07T21:46:46.531758,ProgressiveParty-rally-red12-09_c23.xml,"{""input"": ""tests/xcsp3/cop/UNKNOWN/ProgressiveParty-rally-red12-09_c23.xml"", ""solver"": ""xcsp:ACE@2.4"", ""output_dir"": ""results_comparison"", ""global_time_limit"": 600, ""max_tries"": 50, ""tuning_file"": ""tests/psa/ace.tuning.json"", ""hpo_strategy"": ""hamming"", ""global_time_strategy"": ""PERCENT"", ""percent"": 0.2, ""round_time_strategy"": ""STATIC"", ""time_evolution"": ""STATIC"", ""stop_strategy"": ""TIMEOUT""}",122,"{""varh"": ""Wdeg"", ""valh"": ""First"", ""saf"": ""False"", ""pc1"": ""True"", ""bdc"": ""1"", ""toh"": ""False"", ""ng"": ""NO"", ""lc"": ""5"", ""negative"": ""STR3"", ""generic2"": ""True"", ""sb"": ""NO""}",30.9298563330085,1.5648447499843314,9,ExitStatus.FEASIBLE,False,False,1.5648447499843314
2025-06-07T21:46:47.769412,ProgressiveParty-rally-red12-09_c23.xml,"{""input"": ""tests/xcsp3/cop/UNKNOWN/ProgressiveParty-rally-red12-09_c23.xml"", ""solver"": ""xcsp:ACE@2.4"", ""output_dir"": ""results_comparison"", ""global_time_limit"": 600, ""max_tries"": 50, ""tuning_file"": ""tests/psa/ace.tuning.json"", ""hpo_strategy"": ""hamming"", ""global_time_strategy"": ""PERCENT"", ""percent"": 0.2, ""round_time_strategy"": ""STATIC"", ""time_evolution"": ""STATIC"", ""stop_strategy"": ""TIMEOUT""}",123,"{""varh"": ""Memory"", ""valh"": ""First"", ""saf"": ""False"", ""pc1"": ""True"", ""bdc"": ""1000"", ""toh"": ""False"", ""ng"": ""NO"", ""lc"": ""2"", ""negative"": ""V"", ""generic2"": ""True"", ""sb"": ""NO""}",30.9298563330085,1.1247474580013659,,ExitStatus.UNKNOWN,False,False,1.1247474580013659
2025-06-07T21:46:49.455278,ProgressiveParty-rally-red12-09_c23.xml,"{""input"": ""tests/xcsp3/cop/UNKNOWN/ProgressiveParty-rally-red12-09_c23.xml"", ""solver"": ""xcsp:ACE@2.4"", ""output_dir"": ""results_comparison"", ""global_time_limit"": 600, ""max_tries"": 50, ""tuning_file"": ""tests/psa/ace.tuning.json"", ""hpo_strategy"": ""hamming"", ""global_time_strategy"": ""PERCENT"", ""percent"": 0.2, ""round_time_strategy"": ""STATIC"", ""time_evolution"": ""STATIC"", ""stop_strategy"": ""TIMEOUT""}",124,"{""varh"": ""Impact"", ""valh"": ""Last"", ""saf"": ""False"", ""pc1"": ""True"", ""bdc"": ""1"", ""toh"": ""False"", ""ng"": ""NO"", ""lc"": ""2"", ""negative"": ""V"", ""generic2"": ""True"", ""sb"": ""NO""}",30.9298563330085,1.5729590410192031,9,ExitStatus.FEASIBLE,False,False,1.5729590410192031
2025-06-07T21:46:50.668311,ProgressiveParty-rally-red12-09_c23.xml,"{""input"": ""tests/xcsp3/cop/UNKNOWN/ProgressiveParty-rally-red12-09_c23.xml"", ""solver"": ""xcsp:ACE@2.4"", ""output_dir"": ""results_comparison"", ""global_time_limit"": 600, ""max_tries"": 50, ""tuning_file"": ""tests/psa/ace.tuning.json"", ""hpo_strategy"": ""hamming"", ""global_time_strategy"": ""PERCENT"", ""percent"": 0.2, ""round_time_strategy"": ""STATIC"", ""time_evolution"": ""STATIC"", ""stop_strategy"": ""TIMEOUT""}",125,"{""varh"": ""Wdeg"", ""valh"": ""First"", ""saf"": ""False"", ""pc1"": ""False"", ""bdc"": ""10"", ""toh"": ""False"", ""ng"": ""NO"", ""lc"": ""2"", ""negative"": ""V"", ""generic2"": ""True"", ""sb"": ""NO""}",30.9298563330085,1.0995976669946685,9,ExitStatus.OPTIMAL,True,False,1.0995976669946685
2025-06-07T21:46:52.350893,ProgressiveParty-rally-red12-09_c23.xml,"{""input"": ""tests/xcsp3/cop/UNKNOWN/ProgressiveParty-rally-red12-09_c23.xml"", ""solver"": ""xcsp:ACE@2.4"", ""output_dir"": ""results_comparison"", ""global_time_limit"": 600, ""max_tries"": 50, ""tuning_file"": ""tests/psa/ace.tuning.json"", ""hpo_strategy"": ""hamming"", ""global_time_strategy"": ""PERCENT"", ""percent"": 0.2, ""round_time_strategy"": ""STATIC"", ""time_evolution"": ""STATIC"", ""stop_strategy"": ""TIMEOUT""}",126,"{""varh"": ""Rand"", ""valh"": ""Median"", ""saf"": ""False"", ""pc1"": ""True"", ""bdc"": ""1"", ""toh"": ""False"", ""ng"": ""NO"", ""lc"": ""2"", ""negative"": ""V"", ""generic2"": ""True"", ""sb"": ""NO""}",30.9298563330085,1.5696124169917312,9,ExitStatus.FEASIBLE,False,False,1.5696124169917312
2025-06-07T21:46:54.013080,ProgressiveParty-rally-red12-09_c23.xml,"{""input"": ""tests/xcsp3/cop/UNKNOWN/ProgressiveParty-rally-red12-09_c23.xml"", ""solver"": ""xcsp:ACE@2.4"", ""output_dir"": ""results_comparison"", ""global_time_limit"": 600, ""max_tries"": 50, ""tuning_file"": ""tests/psa/ace.tuning.json"", ""hpo_strategy"": ""hamming"", ""global_time_strategy"": ""PERCENT"", ""percent"": 0.2, ""round_time_strategy"": ""STATIC"", ""time_evolution"": ""STATIC"", ""stop_strategy"": ""TIMEOUT""}",127,"{""varh"": ""Memory"", ""valh"": ""First"", ""saf"": ""False"", ""pc1"": ""True"", ""bdc"": ""1"", ""toh"": ""False"", ""ng"": ""NO"", ""lc"": ""2"", ""negative"": ""STR1N"", ""generic2"": ""True"", ""sb"": ""NO""}",30.9298563330085,1.5507259169826284,9,ExitStatus.OPTIMAL,False,False,1.5507259169826284
2025-06-07T21:46:55.697485,ProgressiveParty-rally-red12-09_c23.xml,"{""input"": ""tests/xcsp3/cop/UNKNOWN/ProgressiveParty-rally-red12-09_c23.xml"", ""solver"": ""xcsp:ACE@2.4"", ""output_dir"": ""results_comparison"", ""global_time_limit"": 600, ""max_tries"": 50, ""tuning_file"": ""tests/psa/ace.tuning.json"", ""hpo_strategy"": ""hamming"", ""global_time_strategy"": ""PERCENT"", ""percent"": 0.2, ""round_time_strategy"": ""STATIC"", ""time_evolution"": ""STATIC"", ""stop_strategy"": ""TIMEOUT""}",128,"{""varh"": ""Wdeg"", ""valh"": ""First"", ""saf"": ""True"", ""pc1"": ""True"", ""bdc"": ""1"", ""toh"": ""False"", ""ng"": ""NO"", ""lc"": ""2"", ""negative"": ""STR2N"", ""generic2"": ""True"", ""sb"": ""NO""}",30.9298563330085,1.5711477500153705,9,ExitStatus.FEASIBLE,False,False,1.5711477500153705
2025-06-07T21:46:57.262935,ProgressiveParty-rally-red12-09_c23.xml,"{""input"": ""tests/xcsp3/cop/UNKNOWN/ProgressiveParty-rally-red12-09_c23.xml"", ""solver"": ""xcsp:ACE@2.4"", ""output_dir"": ""results_comparison"", ""global_time_limit"": 600, ""max_tries"": 50, ""tuning_file"": ""tests/psa/ace.tuning.json"", ""hpo_strategy"": ""hamming"", ""global_time_strategy"": ""PERCENT"", ""percent"": 0.2, ""round_time_strategy"": ""STATIC"", ""time_evolution"": ""STATIC"", ""stop_strategy"": ""TIMEOUT""}",129,"{""varh"": ""FrbaOnDom"", ""valh"": ""Last"", ""saf"": ""False"", ""pc1"": ""True"", ""bdc"": ""1"", ""toh"": ""False"", ""ng"": ""NO"", ""lc"": ""2"", ""negative"": ""V"", ""generic2"": ""True"", ""sb"": ""NO""}",30.9298563330085,1.452236333017936,9,ExitStatus.OPTIMAL,False,False,1.452236333017936
2025-06-07T21:46:58.931330,ProgressiveParty-rally-red12-09_c23.xml,"{""input"": ""tests/xcsp3/cop/UNKNOWN/ProgressiveParty-rally-red12-09_c23.xml"", ""solver"": ""xcsp:ACE@2.4"", ""output_dir"": ""results_comparison"", ""global_time_limit"": 600, ""max_tries"": 50, ""tuning_file"": ""tests/psa/ace.tuning.json"", ""hpo_strategy"": ""hamming"", ""global_time_strategy"": ""PERCENT"", ""percent"": 0.2, ""round_time_strategy"": ""STATIC"", ""time_evolution"": ""STATIC"", ""stop_strategy"": ""TIMEOUT""}",130,"{""varh"": ""FrbaOnDom"", ""valh"": ""First"", ""saf"": ""False"", ""pc1"": ""True"", ""bdc"": ""1"", ""toh"": ""False"", ""ng"": ""NO"", ""lc"": ""10"", ""negative"": ""V"", ""generic2"": ""True"", ""sb"": ""NO""}",30.9298563330085,1.5556448329880368,9,ExitStatus.FEASIBLE,False,False,1.5556448329880368
2025-06-07T21:47:00.600670,ProgressiveParty-rally-red12-09_c23.xml,"{""input"": ""tests/xcsp3/cop/UNKNOWN/ProgressiveParty-rally-red12-09_c23.xml"", ""solver"": ""xcsp:ACE@2.4"", ""output_dir"": ""results_comparison"", ""global_time_limit"": 600, ""max_tries"": 50, ""tuning_file"": ""tests/psa/ace.tuning.json"", ""hpo_strategy"": ""hamming"", ""global_time_strategy"": ""PERCENT"", ""percent"": 0.2, ""round_time_strategy"": ""STATIC"", ""time_evolution"": ""STATIC"", ""stop_strategy"": ""TIMEOUT""}",131,"{""varh"": ""Wdeg"", ""valh"": ""First"", ""saf"": ""False"", ""pc1"": ""True"", ""bdc"": ""1"", ""toh"": ""False"", ""ng"": ""NO"", ""lc"": ""1"", ""negative"": ""STR3"", ""generic2"": ""True"", ""sb"": ""NO""}",30.9298563330085,1.5558677499939222,9,ExitStatus.FEASIBLE,False,False,1.5558677499939222
2025-06-07T21:47:02.286374,ProgressiveParty-rally-red12-09_c23.xml,"{""input"": ""tests/xcsp3/cop/UNKNOWN/ProgressiveParty-rally-red12-09_c23.xml"", ""solver"": ""xcsp:ACE@2.4"", ""output_dir"": ""results_comparison"", ""global_time_limit"": 600, ""max_tries"": 50, ""tuning_file"": ""tests/psa/ace.tuning.json"", ""hpo_strategy"": ""hamming"", ""global_time_strategy"": ""PERCENT"", ""percent"": 0.2, ""round_time_strategy"": ""STATIC"", ""time_evolution"": ""STATIC"", ""stop_strategy"": ""TIMEOUT""}",132,"{""varh"": ""Wdeg"", ""valh"": ""Median"", ""saf"": ""False"", ""pc1"": ""True"", ""bdc"": ""1"", ""toh"": ""True"", ""ng"": ""NO"", ""lc"": ""2"", ""negative"": ""V"", ""generic2"": ""True"", ""sb"": ""NO""}",30.9298563330085,1.5720887499919627,9,ExitStatus.FEASIBLE,False,False,1.5720887499919627
2025-06-07T21:47:03.970843,ProgressiveParty-rally-red12-09_c23.xml,"{""input"": ""tests/xcsp3/cop/UNKNOWN/ProgressiveParty-rally-red12-09_c23.xml"", ""solver"": ""xcsp:ACE@2.4"", ""output_dir"": ""results_comparison"", ""global_time_limit"": 600, ""max_tries"": 50, ""tuning_file"": ""tests/psa/ace.tuning.json"", ""hpo_strategy"": ""hamming"", ""global_time_strategy"": ""PERCENT"", ""percent"": 0.2, ""round_time_strategy"": ""STATIC"", ""time_evolution"": ""STATIC"", ""stop_strategy"": ""TIMEOUT""}",133,"{""varh"": ""RunRobin"", ""valh"": ""First"", ""saf"": ""False"", ""pc1"": ""True"", ""bdc"": ""1"", ""toh"": ""False"", ""ng"": ""NO"", ""lc"": ""10"", ""negative"": ""V"", ""generic2"": ""True"", ""sb"": ""NO""}",30.9298563330085,1.5712372499983758,9,ExitStatus.FEASIBLE,False,False,1.5712372499983758
2025-06-07T21:47:05.649979,ProgressiveParty-rally-red12-09_c23.xml,"{""input"": ""tests/xcsp3/cop/UNKNOWN/ProgressiveParty-rally-red12-09_c23.xml"", ""solver"": ""xcsp:ACE@2.4"", ""output_dir"": ""results_comparison"", ""global_time_limit"": 600, ""max_tries"": 50, ""tuning_file"": ""tests/psa/ace.tuning.json"", ""hpo_strategy"": ""hamming"", ""global_time_strategy"": ""PERCENT"", ""percent"": 0.2, ""round_time_strategy"": ""STATIC"", ""time_evolution"": ""STATIC"", ""stop_strategy"": ""TIMEOUT""}",134,"{""varh"": ""Wdeg"", ""valh"": ""First"", ""saf"": ""False"", ""pc1"": ""True"", ""bdc"": ""1"", ""toh"": ""False"", ""ng"": ""NO"", ""lc"": ""10"", ""negative"": ""STR1"", ""generic2"": ""True"", ""sb"": ""NO""}",30.9298563330085,1.5664726250106469,9,ExitStatus.FEASIBLE,False,False,1.5664726250106469
2025-06-07T21:47:06.892364,ProgressiveParty-rally-red12-09_c23.xml,"{""input"": ""tests/xcsp3/cop/UNKNOWN/ProgressiveParty-rally-red12-09_c23.xml"", ""solver"": ""xcsp:ACE@2.4"", ""output_dir"": ""results_comparison"", ""global_time_limit"": 600, ""max_tries"": 50, ""tuning_file"": ""tests/psa/ace.tuning.json"", ""hpo_strategy"": ""hamming"", ""global_time_strategy"": ""PERCENT"", ""percent"": 0.2, ""round_time_strategy"": ""STATIC"", ""time_evolution"": ""STATIC"", ""stop_strategy"": ""TIMEOUT""}",135,"{""varh"": ""Wdeg"", ""valh"": ""Last"", ""saf"": ""False"", ""pc1"": ""True"", ""bdc"": ""100"", ""toh"": ""False"", ""ng"": ""NO"", ""lc"": ""2"", ""negative"": ""V"", ""generic2"": ""True"", ""sb"": ""NO""}",30.9298563330085,1.1298997499980032,,ExitStatus.UNKNOWN,False,False,1.1298997499980032
2025-06-07T21:47:08.109840,ProgressiveParty-rally-red12-09_c23.xml,"{""input"": ""tests/xcsp3/cop/UNKNOWN/ProgressiveParty-rally-red12-09_c23.xml"", ""solver"": ""xcsp:ACE@2.4"", ""output_dir"": ""results_comparison"", ""global_time_limit"": 600, ""max_tries"": 50, ""tuning_file"": ""tests/psa/ace.tuning.json"", ""hpo_strategy"": ""hamming"", ""global_time_strategy"": ""PERCENT"", ""percent"": 0.2, ""round_time_strategy"": ""STATIC"", ""time_evolution"": ""STATIC"", ""stop_strategy"": ""TIMEOUT""}",136,"{""varh"": ""Wdeg"", ""valh"": ""Vals"", ""saf"": ""False"", ""pc1"": ""True"", ""bdc"": ""10"", ""toh"": ""False"", ""ng"": ""NO"", ""lc"": ""2"", ""negative"": ""V"", ""generic2"": ""True"", ""sb"": ""NO""}",30.9298563330085,1.0930027500144206,9,ExitStatus.OPTIMAL,True,False,1.0930027500144206
2025-06-07T21:47:09.835843,ProgressiveParty-rally-red12-09_c23.xml,"{""input"": ""tests/xcsp3/cop/UNKNOWN/ProgressiveParty-rally-red12-09_c23.xml"", ""solver"": ""xcsp:ACE@2.4"", ""output_dir"": ""results_comparison"", ""global_time_limit"": 600, ""max_tries"": 50, ""tuning_file"": ""tests/psa/ace.tuning.json"", ""hpo_strategy"": ""hamming"", ""global_time_strategy"": ""PERCENT"", ""percent"": 0.2, ""round_time_strategy"": ""STATIC"", ""time_evolution"": ""STATIC"", ""stop_strategy"": ""TIMEOUT""}",137,"{""varh"": ""Wdeg"", ""valh"": ""First"", ""saf"": ""False"", ""pc1"": ""False"", ""bdc"": ""1"", ""toh"": ""False"", ""ng"": ""NO"", ""lc"": ""5"", ""negative"": ""V"", ""generic2"": ""True"", ""sb"": ""NO""}",30.9298563330085,1.6011965829820838,9,ExitStatus.FEASIBLE,False,False,1.6011965829820838
2025-06-07T21:47:16.067877,ProgressiveParty-rally-red12-09_c23.xml,"{""input"": ""tests/xcsp3/cop/UNKNOWN/ProgressiveParty-rally-red12-09_c23.xml"", ""solver"": ""xcsp:ACE@2.4"", ""output_dir"": ""results_comparison"", ""global_time_limit"": 600, ""max_tries"": 50, ""tuning_file"": ""tests/psa/ace.tuning.json"", ""hpo_strategy"": ""hamming"", ""global_time_strategy"": ""PERCENT"", ""percent"": 0.2, ""round_time_strategy"": ""STATIC"", ""time_evolution"": ""STATIC"", ""stop_strategy"": ""TIMEOUT""}",138,"{""varh"": ""Wdeg"", ""valh"": ""Conflicts"", ""saf"": ""True"", ""pc1"": ""True"", ""bdc"": ""1"", ""toh"": ""False"", ""ng"": ""NO"", ""lc"": ""2"", ""negative"": ""V"", ""generic2"": ""True"", ""sb"": ""NO""}",30.9298563330085,1,,ExitStatus.UNKNOWN,False,False,1
2025-06-07T21:47:17.813405,ProgressiveParty-rally-red12-09_c23.xml,"{""input"": ""tests/xcsp3/cop/UNKNOWN/ProgressiveParty-rally-red12-09_c23.xml"", ""solver"": ""xcsp:ACE@2.4"", ""output_dir"": ""results_comparison"", ""global_time_limit"": 600, ""max_tries"": 50, ""tuning_file"": ""tests/psa/ace.tuning.json"", ""hpo_strategy"": ""hamming"", ""global_time_strategy"": ""PERCENT"", ""percent"": 0.2, ""round_time_strategy"": ""STATIC"", ""time_evolution"": ""STATIC"", ""stop_strategy"": ""TIMEOUT""}",139,"{""varh"": ""Wdeg"", ""valh"": ""First"", ""saf"": ""True"", ""pc1"": ""True"", ""bdc"": ""1"", ""toh"": ""True"", ""ng"": ""NO"", ""lc"": ""2"", ""negative"": ""V"", ""generic2"": ""True"", ""sb"": ""NO""}",30.9298563330085,1.6333930420223624,9,ExitStatus.FEASIBLE,False,False,1.6333930420223624
2025-06-07T21:47:19.549838,ProgressiveParty-rally-red12-09_c23.xml,"{""input"": ""tests/xcsp3/cop/UNKNOWN/ProgressiveParty-rally-red12-09_c23.xml"", ""solver"": ""xcsp:ACE@2.4"", ""output_dir"": ""results_comparison"", ""global_time_limit"": 600, ""max_tries"": 50, ""tuning_file"": ""tests/psa/ace.tuning.json"", ""hpo_strategy"": ""hamming"", ""global_time_strategy"": ""PERCENT"", ""percent"": 0.2, ""round_time_strategy"": ""STATIC"", ""time_evolution"": ""STATIC"", ""stop_strategy"": ""TIMEOUT""}",140,"{""varh"": ""Wdeg"", ""valh"": ""First"", ""saf"": ""False"", ""pc1"": ""True"", ""bdc"": ""1"", ""toh"": ""False"", ""ng"": ""NO"", ""lc"": ""0"", ""negative"": ""CT"", ""generic2"": ""True"", ""sb"": ""NO""}",30.9298563330085,1.6070001249900088,9,ExitStatus.FEASIBLE,False,False,1.6070001249900088
2025-06-07T21:47:21.276171,ProgressiveParty-rally-red12-09_c23.xml,"{""input"": ""tests/xcsp3/cop/UNKNOWN/ProgressiveParty-rally-red12-09_c23.xml"", ""solver"": ""xcsp:ACE@2.4"", ""output_dir"": ""results_comparison"", ""global_time_limit"": 600, ""max_tries"": 50, ""tuning_file"": ""tests/psa/ace.tuning.json"", ""hpo_strategy"": ""hamming"", ""global_time_strategy"": ""PERCENT"", ""percent"": 0.2, ""round_time_strategy"": ""STATIC"", ""time_evolution"": ""STATIC"", ""stop_strategy"": ""TIMEOUT""}",141,"{""varh"": ""Wdeg"", ""valh"": ""First"", ""saf"": ""False"", ""pc1"": ""True"", ""bdc"": ""1"", ""toh"": ""False"", ""ng"": ""NO"", ""lc"": ""0"", ""negative"": ""STR2"", ""generic2"": ""True"", ""sb"": ""NO""}",30.9298563330085,1.6050142500025686,9,ExitStatus.FEASIBLE,False,False,1.6050142500025686
2025-06-07T21:47:23.006500,ProgressiveParty-rally-red12-09_c23.xml,"{""input"": ""tests/xcsp3/cop/UNKNOWN/ProgressiveParty-rally-red12-09_c23.xml"", ""solver"": ""xcsp:ACE@2.4"", ""output_dir"": ""results_comparison"", ""global_time_limit"": 600, ""max_tries"": 50, ""tuning_file"": ""tests/psa/ace.tuning.json"", ""hpo_strategy"": ""hamming"", ""global_time_strategy"": ""PERCENT"", ""percent"": 0.2, ""round_time_strategy"": ""STATIC"", ""time_evolution"": ""STATIC"", ""stop_strategy"": ""TIMEOUT""}",142,"{""varh"": ""Wdeg"", ""valh"": ""RunRobin"", ""saf"": ""False"", ""pc1"": ""True"", ""bdc"": ""1"", ""toh"": ""False"", ""ng"": ""NO"", ""lc"": ""2"", ""negative"": ""STR1"", ""generic2"": ""True"", ""sb"": ""NO""}",30.9298563330085,1.6106458329886664,9,ExitStatus.FEASIBLE,False,False,1.6106458329886664
2025-06-07T21:47:24.738493,ProgressiveParty-rally-red12-09_c23.xml,"{""input"": ""tests/xcsp3/cop/UNKNOWN/ProgressiveParty-rally-red12-09_c23.xml"", ""solver"": ""xcsp:ACE@2.4"", ""output_dir"": ""results_comparison"", ""global_time_limit"": 600, ""max_tries"": 50, ""tuning_file"": ""tests/psa/ace.tuning.json"", ""hpo_strategy"": ""hamming"", ""global_time_strategy"": ""PERCENT"", ""percent"": 0.2, ""round_time_strategy"": ""STATIC"", ""time_evolution"": ""STATIC"", ""stop_strategy"": ""TIMEOUT""}",143,"{""varh"": ""Wdeg"", ""valh"": ""First"", ""saf"": ""False"", ""pc1"": ""False"", ""bdc"": ""1"", ""toh"": ""False"", ""ng"": ""NO"", ""lc"": ""2"", ""negative"": ""V"", ""generic2"": ""False"", ""sb"": ""NO""}",30.9298563330085,1.6079249170143157,9,ExitStatus.FEASIBLE,False,False,1.6079249170143157
2025-06-07T21:47:26.667683,ProgressiveParty-rally-red12-09_c23.xml,"{""input"": ""tests/xcsp3/cop/UNKNOWN/ProgressiveParty-rally-red12-09_c23.xml"", ""solver"": ""xcsp:ACE@2.4"", ""output_dir"": ""results_comparison"", ""global_time_limit"": 600, ""max_tries"": 50, ""tuning_file"": ""tests/psa/ace.tuning.json"", ""hpo_strategy"": ""hamming"", ""global_time_strategy"": ""PERCENT"", ""percent"": 0.2, ""round_time_strategy"": ""STATIC"", ""time_evolution"": ""STATIC"", ""stop_strategy"": ""TIMEOUT""}",144,"{""varh"": ""Wdeg"", ""valh"": ""First"", ""saf"": ""True"", ""pc1"": ""True"", ""bdc"": ""1"", ""toh"": ""False"", ""ng"": ""NO"", ""lc"": ""2"", ""negative"": ""V"", ""generic2"": ""False"", ""sb"": ""NO""}",30.9298563330085,1.8007174159865826,9,ExitStatus.FEASIBLE,False,False,1.8007174159865826
2025-06-07T21:47:28.879336,ProgressiveParty-rally-red12-09_c23.xml,"{""input"": ""tests/xcsp3/cop/UNKNOWN/ProgressiveParty-rally-red12-09_c23.xml"", ""solver"": ""xcsp:ACE@2.4"", ""output_dir"": ""results_comparison"", ""global_time_limit"": 600, ""max_tries"": 50, ""tuning_file"": ""tests/psa/ace.tuning.json"", ""hpo_strategy"": ""hamming"", ""global_time_strategy"": ""PERCENT"", ""percent"": 0.2, ""round_time_strategy"": ""STATIC"", ""time_evolution"": ""STATIC"", ""stop_strategy"": ""TIMEOUT""}",145,"{""varh"": ""Wdeg"", ""valh"": ""FlrsE"", ""saf"": ""False"", ""pc1"": ""False"", ""bdc"": ""1"", ""toh"": ""False"", ""ng"": ""NO"", ""lc"": ""2"", ""negative"": ""V"", ""generic2"": ""True"", ""sb"": ""NO""}",30.9298563330085,2.013935416005552,9,ExitStatus.FEASIBLE,False,False,2.013935416005552
2025-06-07T21:47:30.818826,ProgressiveParty-rally-red12-09_c23.xml,"{""input"": ""tests/xcsp3/cop/UNKNOWN/ProgressiveParty-rally-red12-09_c23.xml"", ""solver"": ""xcsp:ACE@2.4"", ""output_dir"": ""results_comparison"", ""global_time_limit"": 600, ""max_tries"": 50, ""tuning_file"": ""tests/psa/ace.tuning.json"", ""hpo_strategy"": ""hamming"", ""global_time_strategy"": ""PERCENT"", ""percent"": 0.2, ""round_time_strategy"": ""STATIC"", ""time_evolution"": ""STATIC"", ""stop_strategy"": ""TIMEOUT""}",146,"{""varh"": ""Wdeg"", ""valh"": ""Conflicts"", ""saf"": ""False"", ""pc1"": ""True"", ""bdc"": ""1"", ""toh"": ""False"", ""ng"": ""NO"", ""lc"": ""2"", ""negative"": ""STR2N"", ""generic2"": ""True"", ""sb"": ""NO""}",30.9298563330085,1.7751721249951515,,ExitStatus.UNKNOWN,False,False,1.7751721249951515
2025-06-07T21:47:32.756713,ProgressiveParty-rally-red12-09_c23.xml,"{""input"": ""tests/xcsp3/cop/UNKNOWN/ProgressiveParty-rally-red12-09_c23.xml"", ""solver"": ""xcsp:ACE@2.4"", ""output_dir"": ""results_comparison"", ""global_time_limit"": 600, ""max_tries"": 50, ""tuning_file"": ""tests/psa/ace.tuning.json"", ""hpo_strategy"": ""hamming"", ""global_time_strategy"": ""PERCENT"", ""percent"": 0.2, ""round_time_strategy"": ""STATIC"", ""time_evolution"": ""STATIC"", ""stop_strategy"": ""TIMEOUT""}",147,"{""varh"": ""Lexico"", ""valh"": ""First"", ""saf"": ""False"", ""pc1"": ""True"", ""bdc"": ""1"", ""toh"": ""True"", ""ng"": ""NO"", ""lc"": ""2"", ""negative"": ""V"", ""generic2"": ""True"", ""sb"": ""NO""}",30.9298563330085,1.8126204590080306,9,ExitStatus.FEASIBLE,False,False,1.8126204590080306
2025-06-07T21:47:34.508531,ProgressiveParty-rally-red12-09_c23.xml,"{""input"": ""tests/xcsp3/cop/UNKNOWN/ProgressiveParty-rally-red12-09_c23.xml"", ""solver"": ""xcsp:ACE@2.4"", ""output_dir"": ""results_comparison"", ""global_time_limit"": 600, ""max_tries"": 50, ""tuning_file"": ""tests/psa/ace.tuning.json"", ""hpo_strategy"": ""hamming"", ""global_time_strategy"": ""PERCENT"", ""percent"": 0.2, ""round_time_strategy"": ""STATIC"", ""time_evolution"": ""STATIC"", ""stop_strategy"": ""TIMEOUT""}",148,"{""varh"": ""Activity"", ""valh"": ""FlrsE"", ""saf"": ""False"", ""pc1"": ""True"", ""bdc"": ""1"", ""toh"": ""False"", ""ng"": ""NO"", ""lc"": ""2"", ""negative"": ""V"", ""generic2"": ""True"", ""sb"": ""NO""}",30.9298563330085,1.6166975410014857,9,ExitStatus.FEASIBLE,False,False,1.6166975410014857
2025-06-07T21:47:36.236553,ProgressiveParty-rally-red12-09_c23.xml,"{""input"": ""tests/xcsp3/cop/UNKNOWN/ProgressiveParty-rally-red12-09_c23.xml"", ""solver"": ""xcsp:ACE@2.4"", ""output_dir"": ""results_comparison"", ""global_time_limit"": 600, ""max_tries"": 50, ""tuning_file"": ""tests/psa/ace.tuning.json"", ""hpo_strategy"": ""hamming"", ""global_time_strategy"": ""PERCENT"", ""percent"": 0.2, ""round_time_strategy"": ""STATIC"", ""time_evolution"": ""STATIC"", ""stop_strategy"": ""TIMEOUT""}",149,"{""varh"": ""Wdeg"", ""valh"": ""First"", ""saf"": ""False"", ""pc1"": ""True"", ""bdc"": ""1"", ""toh"": ""False"", ""ng"": ""NO"", ""lc"": ""2"", ""negative"": ""STR2"", ""generic2"": ""False"", ""sb"": ""NO""}",30.9298563330085,1.6073457500024233,9,ExitStatus.FEASIBLE,False,False,1.6073457500024233
2025-06-07T21:47:37.969303,ProgressiveParty-rally-red12-09_c23.xml,"{""input"": ""tests/xcsp3/cop/UNKNOWN/ProgressiveParty-rally-red12-09_c23.xml"", ""solver"": ""xcsp:ACE@2.4"", ""output_dir"": ""results_comparison"", ""global_time_limit"": 600, ""max_tries"": 50, ""tuning_file"": ""tests/psa/ace.tuning.json"", ""hpo_strategy"": ""hamming"", ""global_time_strategy"": ""PERCENT"", ""percent"": 0.2, ""round_time_strategy"": ""STATIC"", ""time_evolution"": ""STATIC"", ""stop_strategy"": ""TIMEOUT""}",150,"{""varh"": ""Wdeg"", ""valh"": ""FlrsE"", ""saf"": ""False"", ""pc1"": ""True"", ""bdc"": ""1"", ""toh"": ""False"", ""ng"": ""NO"", ""lc"": ""1"", ""negative"": ""V"", ""generic2"": ""True"", ""sb"": ""NO""}",30.9298563330085,1.6047609579982236,9,ExitStatus.FEASIBLE,False,False,1.6047609579982236
2025-06-07T21:47:39.665651,ProgressiveParty-rally-red12-09_c23.xml,"{""input"": ""tests/xcsp3/cop/UNKNOWN/ProgressiveParty-rally-red12-09_c23.xml"", ""solver"": ""xcsp:ACE@2.4"", ""output_dir"": ""results_comparison"", ""global_time_limit"": 600, ""max_tries"": 50, ""tuning_file"": ""tests/psa/ace.tuning.json"", ""hpo_strategy"": ""hamming"", ""global_time_strategy"": ""PERCENT"", ""percent"": 0.2, ""round_time_strategy"": ""STATIC"", ""time_evolution"": ""STATIC"", ""stop_strategy"": ""TIMEOUT""}",151,"{""varh"": ""Activity"", ""valh"": ""Conflicts"", ""saf"": ""False"", ""pc1"": ""True"", ""bdc"": ""1"", ""toh"": ""False"", ""ng"": ""NO"", ""lc"": ""2"", ""negative"": ""V"", ""generic2"": ""True"", ""sb"": ""NO""}",30.9298563330085,1.5703148750180844,,ExitStatus.UNKNOWN,False,False,1.5703148750180844
2025-06-07T21:47:41.359797,ProgressiveParty-rally-red12-09_c23.xml,"{""input"": ""tests/xcsp3/cop/UNKNOWN/ProgressiveParty-rally-red12-09_c23.xml"", ""solver"": ""xcsp:ACE@2.4"", ""output_dir"": ""results_comparison"", ""global_time_limit"": 600, ""max_tries"": 50, ""tuning_file"": ""tests/psa/ace.tuning.json"", ""hpo_strategy"": ""hamming"", ""global_time_strategy"": ""PERCENT"", ""percent"": 0.2, ""round_time_strategy"": ""STATIC"", ""time_evolution"": ""STATIC"", ""stop_strategy"": ""TIMEOUT""}",152,"{""varh"": ""Wdeg"", ""valh"": ""Bivs3"", ""saf"": ""False"", ""pc1"": ""True"", ""bdc"": ""1"", ""toh"": ""False"", ""ng"": ""NO"", ""lc"": ""2"", ""negative"": ""CT"", ""generic2"": ""True"", ""sb"": ""NO""}",30.9298563330085,1.5776728749915492,9,ExitStatus.FEASIBLE,False,False,1.5776728749915492
2025-06-07T21:47:43.108030,ProgressiveParty-rally-red12-09_c23.xml,"{""input"": ""tests/xcsp3/cop/UNKNOWN/ProgressiveParty-rally-red12-09_c23.xml"", ""solver"": ""xcsp:ACE@2.4"", ""output_dir"": ""results_comparison"", ""global_time_limit"": 600, ""max_tries"": 50, ""tuning_file"": ""tests/psa/ace.tuning.json"", ""hpo_strategy"": ""hamming"", ""global_time_strategy"": ""PERCENT"", ""percent"": 0.2, ""round_time_strategy"": ""STATIC"", ""time_evolution"": ""STATIC"", ""stop_strategy"": ""TIMEOUT""}",153,"{""varh"": ""RunRobin"", ""valh"": ""RunRobin"", ""saf"": ""False"", ""pc1"": ""True"", ""bdc"": ""1"", ""toh"": ""False"", ""ng"": ""NO"", ""lc"": ""2"", ""negative"": ""V"", ""generic2"": ""True"", ""sb"": ""NO""}",30.9298563330085,1.6128711669880431,9,ExitStatus.FEASIBLE,False,False,1.6128711669880431
2025-06-07T21:47:44.526010,ProgressiveParty-rally-red12-09_c23.xml,"{""input"": ""tests/xcsp3/cop/UNKNOWN/ProgressiveParty-rally-red12-09_c23.xml"", ""solver"": ""xcsp:ACE@2.4"", ""output_dir"": ""results_comparison"", ""global_time_limit"": 600, ""max_tries"": 50, ""tuning_file"": ""tests/psa/ace.tuning.json"", ""hpo_strategy"": ""hamming"", ""global_time_strategy"": ""PERCENT"", ""percent"": 0.2, ""round_time_strategy"": ""STATIC"", ""time_evolution"": ""STATIC"", ""stop_strategy"": ""TIMEOUT""}",154,"{""varh"": ""Wdeg"", ""valh"": ""First"", ""saf"": ""False"", ""pc1"": ""True"", ""bdc"": ""100"", ""toh"": ""False"", ""ng"": ""NO"", ""lc"": ""5"", ""negative"": ""V"", ""generic2"": ""True"", ""sb"": ""NO""}",30.9298563330085,1.2875362500199117,,ExitStatus.UNKNOWN,False,False,1.2875362500199117
2025-06-07T21:47:45.938006,ProgressiveParty-rally-red12-09_c23.xml,"{""input"": ""tests/xcsp3/cop/UNKNOWN/ProgressiveParty-rally-red12-09_c23.xml"", ""solver"": ""xcsp:ACE@2.4"", ""output_dir"": ""results_comparison"", ""global_time_limit"": 600, ""max_tries"": 50, ""tuning_file"": ""tests/psa/ace.tuning.json"", ""hpo_strategy"": ""hamming"", ""global_time_strategy"": ""PERCENT"", ""percent"": 0.2, ""round_time_strategy"": ""STATIC"", ""time_evolution"": ""STATIC"", ""stop_strategy"": ""TIMEOUT""}",155,"{""varh"": ""Wdeg"", ""valh"": ""First"", ""saf"": ""False"", ""pc1"": ""True"", ""bdc"": ""100"", ""toh"": ""False"", ""ng"": ""NO"", ""lc"": ""2"", ""negative"": ""STR3"", ""generic2"": ""True"", ""sb"": ""NO""}",30.9298563330085,1.280630209017545,,ExitStatus.UNKNOWN,False,False,1.280630209017545
2025-06-07T21:47:47.671005,ProgressiveParty-rally-red12-09_c23.xml,"{""input"": ""tests/xcsp3/cop/UNKNOWN/ProgressiveParty-rally-red12-09_c23.xml"", ""solver"": ""xcsp:ACE@2.4"", ""output_dir"": ""results_comparison"", ""global_time_limit"": 600, ""max_tries"": 50, ""tuning_file"": ""tests/psa/ace.tuning.json"", ""hpo_strategy"": ""hamming"", ""global_time_strategy"": ""PERCENT"", ""percent"": 0.2, ""round_time_strategy"": ""STATIC"", ""time_evolution"": ""STATIC"", ""stop_strategy"": ""TIMEOUT""}",156,"{""varh"": ""Wdeg"", ""valh"": ""FlrsE"", ""saf"": ""False"", ""pc1"": ""True"", ""bdc"": ""1"", ""toh"": ""False"", ""ng"": ""NO"", ""lc"": ""5"", ""negative"": ""V"", ""generic2"": ""True"", ""sb"": ""NO""}",30.9298563330085,1.6030453749990556,9,ExitStatus.FEASIBLE,False,False,1.6030453749990556
2025-06-07T21:47:49.391917,ProgressiveParty-rally-red12-09_c23.xml,"{""input"": ""tests/xcsp3/cop/UNKNOWN/ProgressiveParty-rally-red12-09_c23.xml"", ""solver"": ""xcsp:ACE@2.4"", ""output_dir"": ""results_comparison"", ""global_time_limit"": 600, ""max_tries"": 50, ""tuning_file"": ""tests/psa/ace.tuning.json"", ""hpo_strategy"": ""hamming"", ""global_time_strategy"": ""PERCENT"", ""percent"": 0.2, ""round_time_strategy"": ""STATIC"", ""time_evolution"": ""STATIC"", ""stop_strategy"": ""TIMEOUT""}",157,"{""varh"": ""Wdeg"", ""valh"": ""OccsR"", ""saf"": ""False"", ""pc1"": ""True"", ""bdc"": ""1"", ""toh"": ""False"", ""ng"": ""NO"", ""lc"": ""2"", ""negative"": ""CT"", ""generic2"": ""True"", ""sb"": ""NO""}",30.9298563330085,1.5907152910076547,9,ExitStatus.FEASIBLE,False,False,1.5907152910076547
2025-06-07T21:47:51.204440,ProgressiveParty-rally-red12-09_c23.xml,"{""input"": ""tests/xcsp3/cop/UNKNOWN/ProgressiveParty-rally-red12-09_c23.xml"", ""solver"": ""xcsp:ACE@2.4"", ""output_dir"": ""results_comparison"", ""global_time_limit"": 600, ""max_tries"": 50, ""tuning_file"": ""tests/psa/ace.tuning.json"", ""hpo_strategy"": ""hamming"", ""global_time_strategy"": ""PERCENT"", ""percent"": 0.2, ""round_time_strategy"": ""STATIC"", ""time_evolution"": ""STATIC"", ""stop_strategy"": ""TIMEOUT""}",158,"{""varh"": ""Wdeg"", ""valh"": ""OccsR"", ""saf"": ""False"", ""pc1"": ""True"", ""bdc"": ""1"", ""toh"": ""False"", ""ng"": ""NO"", ""lc"": ""10"", ""negative"": ""V"", ""generic2"": ""True"", ""sb"": ""NO""}",30.9298563330085,1.6595537920075003,9,ExitStatus.FEASIBLE,False,False,1.6595537920075003
2025-06-07T21:47:53.055846,ProgressiveParty-rally-red12-09_c23.xml,"{""input"": ""tests/xcsp3/cop/UNKNOWN/ProgressiveParty-rally-red12-09_c23.xml"", ""solver"": ""xcsp:ACE@2.4"", ""output_dir"": ""results_comparison"", ""global_time_limit"": 600, ""max_tries"": 50, ""tuning_file"": ""tests/psa/ace.tuning.json"", ""hpo_strategy"": ""hamming"", ""global_time_strategy"": ""PERCENT"", ""percent"": 0.2, ""round_time_strategy"": ""STATIC"", ""time_evolution"": ""STATIC"", ""stop_strategy"": ""TIMEOUT""}",159,"{""varh"": ""PickOnDom"", ""valh"": ""Conflicts"", ""saf"": ""False"", ""pc1"": ""True"", ""bdc"": ""1"", ""toh"": ""False"", ""ng"": ""NO"", ""lc"": ""2"", ""negative"": ""V"", ""generic2"": ""True"", ""sb"": ""NO""}",30.9298563330085,1.718659625010332,,ExitStatus.UNKNOWN,False,False,1.718659625010332
2025-06-07T21:47:54.509789,ProgressiveParty-rally-red12-09_c23.xml,"{""input"": ""tests/xcsp3/cop/UNKNOWN/ProgressiveParty-rally-red12-09_c23.xml"", ""solver"": ""xcsp:ACE@2.4"", ""output_dir"": ""results_comparison"", ""global_time_limit"": 600, ""max_tries"": 50, ""tuning_file"": ""tests/psa/ace.tuning.json"", ""hpo_strategy"": ""hamming"", ""global_time_strategy"": ""PERCENT"", ""percent"": 0.2, ""round_time_strategy"": ""STATIC"", ""time_evolution"": ""STATIC"", ""stop_strategy"": ""TIMEOUT""}",160,"{""varh"": ""Wdeg"", ""valh"": ""Vals"", ""saf"": ""False"", ""pc1"": ""True"", ""bdc"": ""1000"", ""toh"": ""False"", ""ng"": ""NO"", ""lc"": ""2"", ""negative"": ""V"", ""generic2"": ""True"", ""sb"": ""NO""}",30.9298563330085,1.2881951669987757,,ExitStatus.UNKNOWN,False,False,1.2881951669987757
2025-06-07T21:47:55.994530,ProgressiveParty-rally-red12-09_c23.xml,"{""input"": ""tests/xcsp3/cop/UNKNOWN/ProgressiveParty-rally-red12-09_c23.xml"", ""solver"": ""xcsp:ACE@2.4"", ""output_dir"": ""results_comparison"", ""global_time_limit"": 600, ""max_tries"": 50, ""tuning_file"": ""tests/psa/ace.tuning.json"", ""hpo_strategy"": ""hamming"", ""global_time_strategy"": ""PERCENT"", ""percent"": 0.2, ""round_time_strategy"": ""STATIC"", ""time_evolution"": ""STATIC"", ""stop_strategy"": ""TIMEOUT""}",161,"{""varh"": ""Rand"", ""valh"": ""First"", ""saf"": ""False"", ""pc1"": ""True"", ""bdc"": ""100"", ""toh"": ""False"", ""ng"": ""NO"", ""lc"": ""2"", ""negative"": ""V"", ""generic2"": ""True"", ""sb"": ""NO""}",30.9298563330085,1.3580176669929642,,ExitStatus.UNKNOWN,False,False,1.3580176669929642
2025-06-07T21:47:57.723496,ProgressiveParty-rally-red12-09_c23.xml,"{""input"": ""tests/xcsp3/cop/UNKNOWN/ProgressiveParty-rally-red12-09_c23.xml"", ""solver"": ""xcsp:ACE@2.4"", ""output_dir"": ""results_comparison"", ""global_time_limit"": 600, ""max_tries"": 50, ""tuning_file"": ""tests/psa/ace.tuning.json"", ""hpo_strategy"": ""hamming"", ""global_time_strategy"": ""PERCENT"", ""percent"": 0.2, ""round_time_strategy"": ""STATIC"", ""time_evolution"": ""STATIC"", ""stop_strategy"": ""TIMEOUT""}",162,"{""varh"": ""Wdeg"", ""valh"": ""First"", ""saf"": ""False"", ""pc1"": ""True"", ""bdc"": ""1"", ""toh"": ""True"", ""ng"": ""NO"", ""lc"": ""0"", ""negative"": ""V"", ""generic2"": ""True"", ""sb"": ""NO""}",30.9298563330085,1.5922961670148652,9,ExitStatus.FEASIBLE,False,False,1.5922961670148652
2025-06-07T21:47:59.411721,ProgressiveParty-rally-red12-09_c23.xml,"{""input"": ""tests/xcsp3/cop/UNKNOWN/ProgressiveParty-rally-red12-09_c23.xml"", ""solver"": ""xcsp:ACE@2.4"", ""output_dir"": ""results_comparison"", ""global_time_limit"": 600, ""max_tries"": 50, ""tuning_file"": ""tests/psa/ace.tuning.json"", ""hpo_strategy"": ""hamming"", ""global_time_strategy"": ""PERCENT"", ""percent"": 0.2, ""round_time_strategy"": ""STATIC"", ""time_evolution"": ""STATIC"", ""stop_strategy"": ""TIMEOUT""}",163,"{""varh"": ""Wdeg"", ""valh"": ""First"", ""saf"": ""False"", ""pc1"": ""True"", ""bdc"": ""1"", ""toh"": ""False"", ""ng"": ""NO"", ""lc"": ""1"", ""negative"": ""STR0"", ""generic2"": ""True"", ""sb"": ""NO""}",30.9298563330085,1.5766172079893295,9,ExitStatus.FEASIBLE,False,False,1.5766172079893295
2025-06-07T21:48:01.095584,ProgressiveParty-rally-red12-09_c23.xml,"{""input"": ""tests/xcsp3/cop/UNKNOWN/ProgressiveParty-rally-red12-09_c23.xml"", ""solver"": ""xcsp:ACE@2.4"", ""output_dir"": ""results_comparison"", ""global_time_limit"": 600, ""max_tries"": 50, ""tuning_file"": ""tests/psa/ace.tuning.json"", ""hpo_strategy"": ""hamming"", ""global_time_strategy"": ""PERCENT"", ""percent"": 0.2, ""round_time_strategy"": ""STATIC"", ""time_evolution"": ""STATIC"", ""stop_strategy"": ""TIMEOUT""}",164,"{""varh"": ""Activity"", ""valh"": ""OccsR"", ""saf"": ""False"", ""pc1"": ""True"", ""bdc"": ""1"", ""toh"": ""False"", ""ng"": ""NO"", ""lc"": ""2"", ""negative"": ""V"", ""generic2"": ""True"", ""sb"": ""NO""}",30.9298563330085,1.5694539579853881,9,ExitStatus.FEASIBLE,False,False,1.5694539579853881
2025-06-07T21:48:02.280557,ProgressiveParty-rally-red12-09_c23.xml,"{""input"": ""tests/xcsp3/cop/UNKNOWN/ProgressiveParty-rally-red12-09_c23.xml"", ""solver"": ""xcsp:ACE@2.4"", ""output_dir"": ""results_comparison"", ""global_time_limit"": 600, ""max_tries"": 50, ""tuning_file"": ""tests/psa/ace.tuning.json"", ""hpo_strategy"": ""hamming"", ""global_time_strategy"": ""PERCENT"", ""percent"": 0.2, ""round_time_strategy"": ""STATIC"", ""time_evolution"": ""STATIC"", ""stop_strategy"": ""TIMEOUT""}",165,"{""varh"": ""Wdeg"", ""valh"": ""First"", ""saf"": ""False"", ""pc1"": ""True"", ""bdc"": ""100"", ""toh"": ""True"", ""ng"": ""NO"", ""lc"": ""2"", ""negative"": ""V"", ""generic2"": ""True"", ""sb"": ""NO""}",30.9298563330085,1.0716390419984236,,ExitStatus.UNKNOWN,False,False,1.0716390419984236
2025-06-07T21:48:03.967514,ProgressiveParty-rally-red12-09_c23.xml,"{""input"": ""tests/xcsp3/cop/UNKNOWN/ProgressiveParty-rally-red12-09_c23.xml"", ""solver"": ""xcsp:ACE@2.4"", ""output_dir"": ""results_comparison"", ""global_time_limit"": 600, ""max_tries"": 50, ""tuning_file"": ""tests/psa/ace.tuning.json"", ""hpo_strategy"": ""hamming"", ""global_time_strategy"": ""PERCENT"", ""percent"": 0.2, ""round_time_strategy"": ""STATIC"", ""time_evolution"": ""STATIC"", ""stop_strategy"": ""TIMEOUT""}",166,"{""varh"": ""Wdeg"", ""valh"": ""Last"", ""saf"": ""False"", ""pc1"": ""True"", ""bdc"": ""1"", ""toh"": ""False"", ""ng"": ""NO"", ""lc"": ""2"", ""negative"": ""STR2N"", ""generic2"": ""True"", ""sb"": ""NO""}",30.9298563330085,1.5741192080022302,9,ExitStatus.FEASIBLE,False,False,1.5741192080022302
2025-06-07T21:48:05.660920,ProgressiveParty-rally-red12-09_c23.xml,"{""input"": ""tests/xcsp3/cop/UNKNOWN/ProgressiveParty-rally-red12-09_c23.xml"", ""solver"": ""xcsp:ACE@2.4"", ""output_dir"": ""results_comparison"", ""global_time_limit"": 600, ""max_tries"": 50, ""tuning_file"": ""tests/psa/ace.tuning.json"", ""hpo_strategy"": ""hamming"", ""global_time_strategy"": ""PERCENT"", ""percent"": 0.2, ""round_time_strategy"": ""STATIC"", ""time_evolution"": ""STATIC"", ""stop_strategy"": ""TIMEOUT""}",167,"{""varh"": ""Wdeg"", ""valh"": ""Vals"", ""saf"": ""False"", ""pc1"": ""True"", ""bdc"": ""1"", ""toh"": ""True"", ""ng"": ""NO"", ""lc"": ""2"", ""negative"": ""V"", ""generic2"": ""True"", ""sb"": ""NO""}",30.9298563330085,1.5724733330134768,9,ExitStatus.FEASIBLE,False,False,1.5724733330134768
2025-06-07T21:48:07.322010,ProgressiveParty-rally-red12-09_c23.xml,"{""input"": ""tests/xcsp3/cop/UNKNOWN/ProgressiveParty-rally-red12-09_c23.xml"", ""solver"": ""xcsp:ACE@2.4"", ""output_dir"": ""results_comparison"", ""global_time_limit"": 600, ""max_tries"": 50, ""tuning_file"": ""tests/psa/ace.tuning.json"", ""hpo_strategy"": ""hamming"", ""global_time_strategy"": ""PERCENT"", ""percent"": 0.2, ""round_time_strategy"": ""STATIC"", ""time_evolution"": ""STATIC"", ""stop_strategy"": ""TIMEOUT""}",168,"{""varh"": ""Memory"", ""valh"": ""First"", ""saf"": ""False"", ""pc1"": ""True"", ""bdc"": ""1"", ""toh"": ""False"", ""ng"": ""NO"", ""lc"": ""1"", ""negative"": ""V"", ""generic2"": ""True"", ""sb"": ""NO""}",30.9298563330085,1.546021792019019,9,ExitStatus.OPTIMAL,False,False,1.546021792019019
2025-06-07T21:48:08.507207,ProgressiveParty-rally-red12-09_c23.xml,"{""input"": ""tests/xcsp3/cop/UNKNOWN/ProgressiveParty-rally-red12-09_c23.xml"", ""solver"": ""xcsp:ACE@2.4"", ""output_dir"": ""results_comparison"", ""global_time_limit"": 600, ""max_tries"": 50, ""tuning_file"": ""tests/psa/ace.tuning.json"", ""hpo_strategy"": ""hamming"", ""global_time_strategy"": ""PERCENT"", ""percent"": 0.2, ""round_time_strategy"": ""STATIC"", ""time_evolution"": ""STATIC"", ""stop_strategy"": ""TIMEOUT""}",169,"{""varh"": ""Wdeg"", ""valh"": ""Bivs3"", ""saf"": ""False"", ""pc1"": ""True"", ""bdc"": ""1000"", ""toh"": ""False"", ""ng"": ""NO"", ""lc"": ""2"", ""negative"": ""V"", ""generic2"": ""True"", ""sb"": ""NO""}",30.9298563330085,1.0725455840001814,,ExitStatus.UNKNOWN,False,False,1.0725455840001814
2025-06-07T21:48:10.035660,ProgressiveParty-rally-red12-09_c23.xml,"{""input"": ""tests/xcsp3/cop/UNKNOWN/ProgressiveParty-rally-red12-09_c23.xml"", ""solver"": ""xcsp:ACE@2.4"", ""output_dir"": ""results_comparison"", ""global_time_limit"": 600, ""max_tries"": 50, ""tuning_file"": ""tests/psa/ace.tuning.json"", ""hpo_strategy"": ""hamming"", ""global_time_strategy"": ""PERCENT"", ""percent"": 0.2, ""round_time_strategy"": ""STATIC"", ""time_evolution"": ""STATIC"", ""stop_strategy"": ""TIMEOUT""}",170,"{""varh"": ""WdegOnDom"", ""valh"": ""First"", ""saf"": ""False"", ""pc1"": ""True"", ""bdc"": ""1"", ""toh"": ""False"", ""ng"": ""NO"", ""lc"": ""2"", ""negative"": ""CT"", ""generic2"": ""True"", ""sb"": ""NO""}",30.9298563330085,1.41564362499048,9,ExitStatus.OPTIMAL,False,False,1.41564362499048
2025-06-07T21:48:11.705158,ProgressiveParty-rally-red12-09_c23.xml,"{""input"": ""tests/xcsp3/cop/UNKNOWN/ProgressiveParty-rally-red12-09_c23.xml"", ""solver"": ""xcsp:ACE@2.4"", ""output_dir"": ""results_comparison"", ""global_time_limit"": 600, ""max_tries"": 50, ""tuning_file"": ""tests/psa/ace.tuning.json"", ""hpo_strategy"": ""hamming"", ""global_time_strategy"": ""PERCENT"", ""percent"": 0.2, ""round_time_strategy"": ""STATIC"", ""time_evolution"": ""STATIC"", ""stop_strategy"": ""TIMEOUT""}",171,"{""varh"": ""Rand"", ""valh"": ""First"", ""saf"": ""False"", ""pc1"": ""True"", ""bdc"": ""1"", ""toh"": ""False"", ""ng"": ""NO"", ""lc"": ""2"", ""negative"": ""STR1N"", ""generic2"": ""True"", ""sb"": ""NO""}",30.9298563330085,1.557416124996962,9,ExitStatus.FEASIBLE,False,False,1.557416124996962
2025-06-07T21:48:13.167713,ProgressiveParty-rally-red12-09_c23.xml,"{""input"": ""tests/xcsp3/cop/UNKNOWN/ProgressiveParty-rally-red12-09_c23.xml"", ""solver"": ""xcsp:ACE@2.4"", ""output_dir"": ""results_comparison"", ""global_time_limit"": 600, ""max_tries"": 50, ""tuning_file"": ""tests/psa/ace.tuning.json"", ""hpo_strategy"": ""hamming"", ""global_time_strategy"": ""PERCENT"", ""percent"": 0.2, ""round_time_strategy"": ""STATIC"", ""time_evolution"": ""STATIC"", ""stop_strategy"": ""TIMEOUT""}",172,"{""varh"": ""WdegOnDom"", ""valh"": ""First"", ""saf"": ""False"", ""pc1"": ""True"", ""bdc"": ""1"", ""toh"": ""False"", ""ng"": ""NO"", ""lc"": ""2"", ""negative"": ""V"", ""generic2"": ""False"", ""sb"": ""NO""}",30.9298563330085,1.3502450000087265,9,ExitStatus.OPTIMAL,False,False,1.3502450000087265
2025-06-07T21:48:14.865838,ProgressiveParty-rally-red12-09_c23.xml,"{""input"": ""tests/xcsp3/cop/UNKNOWN/ProgressiveParty-rally-red12-09_c23.xml"", ""solver"": ""xcsp:ACE@2.4"", ""output_dir"": ""results_comparison"", ""global_time_limit"": 600, ""max_tries"": 50, ""tuning_file"": ""tests/psa/ace.tuning.json"", ""hpo_strategy"": ""hamming"", ""global_time_strategy"": ""PERCENT"", ""percent"": 0.2, ""round_time_strategy"": ""STATIC"", ""time_evolution"": ""STATIC"", ""stop_strategy"": ""TIMEOUT""}",173,"{""varh"": ""Wdeg"", ""valh"": ""First"", ""saf"": ""False"", ""pc1"": ""True"", ""bdc"": ""1"", ""toh"": ""False"", ""ng"": ""NO"", ""lc"": ""0"", ""negative"": ""STR0"", ""generic2"": ""True"", ""sb"": ""NO""}",30.9298563330085,1.5844255829870235,9,ExitStatus.FEASIBLE,False,False,1.5844255829870235
2025-06-07T21:48:16.553088,ProgressiveParty-rally-red12-09_c23.xml,"{""input"": ""tests/xcsp3/cop/UNKNOWN/ProgressiveParty-rally-red12-09_c23.xml"", ""solver"": ""xcsp:ACE@2.4"", ""output_dir"": ""results_comparison"", ""global_time_limit"": 600, ""max_tries"": 50, ""tuning_file"": ""tests/psa/ace.tuning.json"", ""hpo_strategy"": ""hamming"", ""global_time_strategy"": ""PERCENT"", ""percent"": 0.2, ""round_time_strategy"": ""STATIC"", ""time_evolution"": ""STATIC"", ""stop_strategy"": ""TIMEOUT""}",174,"{""varh"": ""Activity"", ""valh"": ""First"", ""saf"": ""False"", ""pc1"": ""True"", ""bdc"": ""1"", ""toh"": ""False"", ""ng"": ""NO"", ""lc"": ""2"", ""negative"": ""V"", ""generic2"": ""False"", ""sb"": ""NO""}",30.9298563330085,1.5729625420062803,9,ExitStatus.FEASIBLE,False,False,1.5729625420062803
2025-06-07T21:48:18.227866,ProgressiveParty-rally-red12-09_c23.xml,"{""input"": ""tests/xcsp3/cop/UNKNOWN/ProgressiveParty-rally-red12-09_c23.xml"", ""solver"": ""xcsp:ACE@2.4"", ""output_dir"": ""results_comparison"", ""global_time_limit"": 600, ""max_tries"": 50, ""tuning_file"": ""tests/psa/ace.tuning.json"", ""hpo_strategy"": ""hamming"", ""global_time_strategy"": ""PERCENT"", ""percent"": 0.2, ""round_time_strategy"": ""STATIC"", ""time_evolution"": ""STATIC"", ""stop_strategy"": ""TIMEOUT""}",175,"{""varh"": ""RunRobin"", ""valh"": ""First"", ""saf"": ""False"", ""pc1"": ""False"", ""bdc"": ""1"", ""toh"": ""False"", ""ng"": ""NO"", ""lc"": ""2"", ""negative"": ""V"", ""generic2"": ""True"", ""sb"": ""NO""}",30.9298563330085,1.56143037500442,9,ExitStatus.FEASIBLE,False,False,1.56143037500442
2025-06-07T21:48:19.908230,ProgressiveParty-rally-red12-09_c23.xml,"{""input"": ""tests/xcsp3/cop/UNKNOWN/ProgressiveParty-rally-red12-09_c23.xml"", ""solver"": ""xcsp:ACE@2.4"", ""output_dir"": ""results_comparison"", ""global_time_limit"": 600, ""max_tries"": 50, ""tuning_file"": ""tests/psa/ace.tuning.json"", ""hpo_strategy"": ""hamming"", ""global_time_strategy"": ""PERCENT"", ""percent"": 0.2, ""round_time_strategy"": ""STATIC"", ""time_evolution"": ""STATIC"", ""stop_strategy"": ""TIMEOUT""}",176,"{""varh"": ""Wdeg"", ""valh"": ""Bivs3"", ""saf"": ""False"", ""pc1"": ""True"", ""bdc"": ""1"", ""toh"": ""False"", ""ng"": ""NO"", ""lc"": ""1"", ""negative"": ""V"", ""generic2"": ""True"", ""sb"": ""NO""}",30.9298563330085,1.566447374993004,9,ExitStatus.FEASIBLE,False,False,1.566447374993004
2025-06-07T21:48:21.427674,ProgressiveParty-rally-red12-09_c23.xml,"{""input"": ""tests/xcsp3/cop/UNKNOWN/ProgressiveParty-rally-red12-09_c23.xml"", ""solver"": ""xcsp:ACE@2.4"", ""output_dir"": ""results_comparison"", ""global_time_limit"": 600, ""max_tries"": 50, ""tuning_file"": ""tests/psa/ace.tuning.json"", ""hpo_strategy"": ""hamming"", ""global_time_strategy"": ""PERCENT"", ""percent"": 0.2, ""round_time_strategy"": ""STATIC"", ""time_evolution"": ""STATIC"", ""stop_strategy"": ""TIMEOUT""}",177,"{""varh"": ""WdegOnDom"", ""valh"": ""Median"", ""saf"": ""False"", ""pc1"": ""True"", ""bdc"": ""1"", ""toh"": ""False"", ""ng"": ""NO"", ""lc"": ""2"", ""negative"": ""V"", ""generic2"": ""True"", ""sb"": ""NO""}",30.9298563330085,1.4053931669914164,9,ExitStatus.OPTIMAL,False,False,1.4053931669914164
2025-06-07T21:48:23.100170,ProgressiveParty-rally-red12-09_c23.xml,"{""input"": ""tests/xcsp3/cop/UNKNOWN/ProgressiveParty-rally-red12-09_c23.xml"", ""solver"": ""xcsp:ACE@2.4"", ""output_dir"": ""results_comparison"", ""global_time_limit"": 600, ""max_tries"": 50, ""tuning_file"": ""tests/psa/ace.tuning.json"", ""hpo_strategy"": ""hamming"", ""global_time_strategy"": ""PERCENT"", ""percent"": 0.2, ""round_time_strategy"": ""STATIC"", ""time_evolution"": ""STATIC"", ""stop_strategy"": ""TIMEOUT""}",178,"{""varh"": ""Memory"", ""valh"": ""First"", ""saf"": ""False"", ""pc1"": ""True"", ""bdc"": ""1"", ""toh"": ""False"", ""ng"": ""NO"", ""lc"": ""5"", ""negative"": ""V"", ""generic2"": ""True"", ""sb"": ""NO""}",30.9298563330085,1.5589107910054736,9,ExitStatus.OPTIMAL,False,False,1.5589107910054736
2025-06-07T21:48:24.774586,ProgressiveParty-rally-red12-09_c23.xml,"{""input"": ""tests/xcsp3/cop/UNKNOWN/ProgressiveParty-rally-red12-09_c23.xml"", ""solver"": ""xcsp:ACE@2.4"", ""output_dir"": ""results_comparison"", ""global_time_limit"": 600, ""max_tries"": 50, ""tuning_file"": ""tests/psa/ace.tuning.json"", ""hpo_strategy"": ""hamming"", ""global_time_strategy"": ""PERCENT"", ""percent"": 0.2, ""round_time_strategy"": ""STATIC"", ""time_evolution"": ""STATIC"", ""stop_strategy"": ""TIMEOUT""}",179,"{""varh"": ""Impact"", ""valh"": ""First"", ""saf"": ""False"", ""pc1"": ""True"", ""bdc"": ""1"", ""toh"": ""False"", ""ng"": ""NO"", ""lc"": ""2"", ""negative"": ""STR0"", ""generic2"": ""True"", ""sb"": ""NO""}",30.9298563330085,1.5614899579959456,9,ExitStatus.FEASIBLE,False,False,1.5614899579959456
2025-06-07T21:48:26.446440,ProgressiveParty-rally-red12-09_c23.xml,"{""input"": ""tests/xcsp3/cop/UNKNOWN/ProgressiveParty-rally-red12-09_c23.xml"", ""solver"": ""xcsp:ACE@2.4"", ""output_dir"": ""results_comparison"", ""global_time_limit"": 600, ""max_tries"": 50, ""tuning_file"": ""tests/psa/ace.tuning.json"", ""hpo_strategy"": ""hamming"", ""global_time_strategy"": ""PERCENT"", ""percent"": 0.2, ""round_time_strategy"": ""STATIC"", ""time_evolution"": ""STATIC"", ""stop_strategy"": ""TIMEOUT""}",180,"{""varh"": ""Wdeg"", ""valh"": ""Rand"", ""saf"": ""False"", ""pc1"": ""True"", ""bdc"": ""1"", ""toh"": ""False"", ""ng"": ""NO"", ""lc"": ""2"", ""negative"": ""STR0"", ""generic2"": ""True"", ""sb"": ""NO""}",30.9298563330085,1.5590350839775056,9,ExitStatus.FEASIBLE,False,False,1.5590350839775056
2025-06-07T21:48:28.076562,ProgressiveParty-rally-red12-09_c23.xml,"{""input"": ""tests/xcsp3/cop/UNKNOWN/ProgressiveParty-rally-red12-09_c23.xml"", ""solver"": ""xcsp:ACE@2.4"", ""output_dir"": ""results_comparison"", ""global_time_limit"": 600, ""max_tries"": 50, ""tuning_file"": ""tests/psa/ace.tuning.json"", ""hpo_strategy"": ""hamming"", ""global_time_strategy"": ""PERCENT"", ""percent"": 0.2, ""round_time_strategy"": ""STATIC"", ""time_evolution"": ""STATIC"", ""stop_strategy"": ""TIMEOUT""}",181,"{""varh"": ""Memory"", ""valh"": ""First"", ""saf"": ""False"", ""pc1"": ""True"", ""bdc"": ""1"", ""toh"": ""False"", ""ng"": ""NO"", ""lc"": ""10"", ""negative"": ""V"", ""generic2"": ""True"", ""sb"": ""NO""}",30.9298563330085,1.517377416981617,9,ExitStatus.OPTIMAL,False,False,1.517377416981617
2025-06-07T21:48:29.755720,ProgressiveParty-rally-red12-09_c23.xml,"{""input"": ""tests/xcsp3/cop/UNKNOWN/ProgressiveParty-rally-red12-09_c23.xml"", ""solver"": ""xcsp:ACE@2.4"", ""output_dir"": ""results_comparison"", ""global_time_limit"": 600, ""max_tries"": 50, ""tuning_file"": ""tests/psa/ace.tuning.json"", ""hpo_strategy"": ""hamming"", ""global_time_strategy"": ""PERCENT"", ""percent"": 0.2, ""round_time_strategy"": ""STATIC"", ""time_evolution"": ""STATIC"", ""stop_strategy"": ""TIMEOUT""}",182,"{""varh"": ""Wdeg"", ""valh"": ""Median"", ""saf"": ""False"", ""pc1"": ""True"", ""bdc"": ""1"", ""toh"": ""False"", ""ng"": ""NO"", ""lc"": ""2"", ""negative"": ""VA"", ""generic2"": ""True"", ""sb"": ""NO""}",30.9298563330085,1.566142541996669,9,ExitStatus.FEASIBLE,False,False,1.566142541996669
2025-06-07T21:48:31.387823,ProgressiveParty-rally-red12-09_c23.xml,"{""input"": ""tests/xcsp3/cop/UNKNOWN/ProgressiveParty-rally-red12-09_c23.xml"", ""solver"": ""xcsp:ACE@2.4"", ""output_dir"": ""results_comparison"", ""global_time_limit"": 600, ""max_tries"": 50, ""tuning_file"": ""tests/psa/ace.tuning.json"", ""hpo_strategy"": ""hamming"", ""global_time_strategy"": ""PERCENT"", ""percent"": 0.2, ""round_time_strategy"": ""STATIC"", ""time_evolution"": ""STATIC"", ""stop_strategy"": ""TIMEOUT""}",183,"{""varh"": ""RunRobin"", ""valh"": ""First"", ""saf"": ""False"", ""pc1"": ""True"", ""bdc"": ""1"", ""toh"": ""False"", ""ng"": ""NO"", ""lc"": ""2"", ""negative"": ""STR1N"", ""generic2"": ""True"", ""sb"": ""NO""}",30.9298563330085,1.5195194999978412,9,ExitStatus.OPTIMAL,False,False,1.5195194999978412
2025-06-07T21:48:32.593847,ProgressiveParty-rally-red12-09_c23.xml,"{""input"": ""tests/xcsp3/cop/UNKNOWN/ProgressiveParty-rally-red12-09_c23.xml"", ""solver"": ""xcsp:ACE@2.4"", ""output_dir"": ""results_comparison"", ""global_time_limit"": 600, ""max_tries"": 50, ""tuning_file"": ""tests/psa/ace.tuning.json"", ""hpo_strategy"": ""hamming"", ""global_time_strategy"": ""PERCENT"", ""percent"": 0.2, ""round_time_strategy"": ""STATIC"", ""time_evolution"": ""STATIC"", ""stop_strategy"": ""TIMEOUT""}",184,"{""varh"": ""Wdeg"", ""valh"": ""First"", ""saf"": ""False"", ""pc1"": ""True"", ""bdc"": ""10"", ""toh"": ""False"", ""ng"": ""NO"", ""lc"": ""2"", ""negative"": ""STR1N"", ""generic2"": ""True"", ""sb"": ""NO""}",30.9298563330085,1.0930458749935497,9,ExitStatus.OPTIMAL,False,False,1.0930458749935497
2025-06-07T21:48:33.864911,ProgressiveParty-rally-red12-09_c23.xml,"{""input"": ""tests/xcsp3/cop/UNKNOWN/ProgressiveParty-rally-red12-09_c23.xml"", ""solver"": ""xcsp:ACE@2.4"", ""output_dir"": ""results_comparison"", ""global_time_limit"": 600, ""max_tries"": 50, ""tuning_file"": ""tests/psa/ace.tuning.json"", ""hpo_strategy"": ""hamming"", ""global_time_strategy"": ""PERCENT"", ""percent"": 0.2, ""round_time_strategy"": ""STATIC"", ""time_evolution"": ""STATIC"", ""stop_strategy"": ""TIMEOUT""}",185,"{""varh"": ""Wdeg"", ""valh"": ""First"", ""saf"": ""False"", ""pc1"": ""True"", ""bdc"": ""10"", ""toh"": ""False"", ""ng"": ""NO"", ""lc"": ""2"", ""negative"": ""STR2"", ""generic2"": ""True"", ""sb"": ""NO""}",30.9298563330085,1.1581663330143783,9,ExitStatus.OPTIMAL,False,False,1.1581663330143783
2025-06-07T21:48:35.551925,ProgressiveParty-rally-red12-09_c23.xml,"{""input"": ""tests/xcsp3/cop/UNKNOWN/ProgressiveParty-rally-red12-09_c23.xml"", ""solver"": ""xcsp:ACE@2.4"", ""output_dir"": ""results_comparison"", ""global_time_limit"": 600, ""max_tries"": 50, ""tuning_file"": ""tests/psa/ace.tuning.json"", ""hpo_strategy"": ""hamming"", ""global_time_strategy"": ""PERCENT"", ""percent"": 0.2, ""round_time_strategy"": ""STATIC"", ""time_evolution"": ""STATIC"", ""stop_strategy"": ""TIMEOUT""}",186,"{""varh"": ""Wdeg"", ""valh"": ""Bivs3"", ""saf"": ""False"", ""pc1"": ""True"", ""bdc"": ""1"", ""toh"": ""False"", ""ng"": ""NO"", ""lc"": ""2"", ""negative"": ""STR2N"", ""generic2"": ""True"", ""sb"": ""NO""}",30.9298563330085,1.5737520419934299,9,ExitStatus.FEASIBLE,False,False,1.5737520419934299
2025-06-07T21:48:37.236568,ProgressiveParty-rally-red12-09_c23.xml,"{""input"": ""tests/xcsp3/cop/UNKNOWN/ProgressiveParty-rally-red12-09_c23.xml"", ""solver"": ""xcsp:ACE@2.4"", ""output_dir"": ""results_comparison"", ""global_time_limit"": 600, ""max_tries"": 50, ""tuning_file"": ""tests/psa/ace.tuning.json"", ""hpo_strategy"": ""hamming"", ""global_time_strategy"": ""PERCENT"", ""percent"": 0.2, ""round_time_strategy"": ""STATIC"", ""time_evolution"": ""STATIC"", ""stop_strategy"": ""TIMEOUT""}",187,"{""varh"": ""Wdeg"", ""valh"": ""Rand"", ""saf"": ""False"", ""pc1"": ""True"", ""bdc"": ""1"", ""toh"": ""False"", ""ng"": ""NO"", ""lc"": ""2"", ""negative"": ""VA"", ""generic2"": ""True"", ""sb"": ""NO""}",30.9298563330085,1.5717600419884548,9,ExitStatus.FEASIBLE,False,False,1.5717600419884548
2025-06-07T21:48:38.647631,ProgressiveParty-rally-red12-09_c23.xml,"{""input"": ""tests/xcsp3/cop/UNKNOWN/ProgressiveParty-rally-red12-09_c23.xml"", ""solver"": ""xcsp:ACE@2.4"", ""output_dir"": ""results_comparison"", ""global_time_limit"": 600, ""max_tries"": 50, ""tuning_file"": ""tests/psa/ace.tuning.json"", ""hpo_strategy"": ""hamming"", ""global_time_strategy"": ""PERCENT"", ""percent"": 0.2, ""round_time_strategy"": ""STATIC"", ""time_evolution"": ""STATIC"", ""stop_strategy"": ""TIMEOUT""}",188,"{""varh"": ""PickOnDom"", ""valh"": ""First"", ""saf"": ""False"", ""pc1"": ""True"", ""bdc"": ""1"", ""toh"": ""False"", ""ng"": ""NO"", ""lc"": ""2"", ""negative"": ""V"", ""generic2"": ""False"", ""sb"": ""NO""}",30.9298563330085,1.2985664579900913,9,ExitStatus.OPTIMAL,False,False,1.2985664579900913
2025-06-07T21:48:40.334142,ProgressiveParty-rally-red12-09_c23.xml,"{""input"": ""tests/xcsp3/cop/UNKNOWN/ProgressiveParty-rally-red12-09_c23.xml"", ""solver"": ""xcsp:ACE@2.4"", ""output_dir"": ""results_comparison"", ""global_time_limit"": 600, ""max_tries"": 50, ""tuning_file"": ""tests/psa/ace.tuning.json"", ""hpo_strategy"": ""hamming"", ""global_time_strategy"": ""PERCENT"", ""percent"": 0.2, ""round_time_strategy"": ""STATIC"", ""time_evolution"": ""STATIC"", ""stop_strategy"": ""TIMEOUT""}",189,"{""varh"": ""Activity"", ""valh"": ""First"", ""saf"": ""False"", ""pc1"": ""True"", ""bdc"": ""1"", ""toh"": ""False"", ""ng"": ""NO"", ""lc"": ""10"", ""negative"": ""V"", ""generic2"": ""True"", ""sb"": ""NO""}",30.9298563330085,1.5731112920038868,9,ExitStatus.FEASIBLE,False,False,1.5731112920038868
2025-06-07T21:48:41.951883,ProgressiveParty-rally-red12-09_c23.xml,"{""input"": ""tests/xcsp3/cop/UNKNOWN/ProgressiveParty-rally-red12-09_c23.xml"", ""solver"": ""xcsp:ACE@2.4"", ""output_dir"": ""results_comparison"", ""global_time_limit"": 600, ""max_tries"": 50, ""tuning_file"": ""tests/psa/ace.tuning.json"", ""hpo_strategy"": ""hamming"", ""global_time_strategy"": ""PERCENT"", ""percent"": 0.2, ""round_time_strategy"": ""STATIC"", ""time_evolution"": ""STATIC"", ""stop_strategy"": ""TIMEOUT""}",190,"{""varh"": ""Wdeg"", ""valh"": ""Last"", ""saf"": ""False"", ""pc1"": ""True"", ""bdc"": ""1"", ""toh"": ""False"", ""ng"": ""NO"", ""lc"": ""10"", ""negative"": ""V"", ""generic2"": ""True"", ""sb"": ""NO""}",30.9298563330085,1.5043690000020433,9,ExitStatus.OPTIMAL,False,False,1.5043690000020433
2025-06-07T21:48:43.443828,ProgressiveParty-rally-red12-09_c23.xml,"{""input"": ""tests/xcsp3/cop/UNKNOWN/ProgressiveParty-rally-red12-09_c23.xml"", ""solver"": ""xcsp:ACE@2.4"", ""output_dir"": ""results_comparison"", ""global_time_limit"": 600, ""max_tries"": 50, ""tuning_file"": ""tests/psa/ace.tuning.json"", ""hpo_strategy"": ""hamming"", ""global_time_strategy"": ""PERCENT"", ""percent"": 0.2, ""round_time_strategy"": ""STATIC"", ""time_evolution"": ""STATIC"", ""stop_strategy"": ""TIMEOUT""}",191,"{""varh"": ""WdegOnDom"", ""valh"": ""First"", ""saf"": ""False"", ""pc1"": ""True"", ""bdc"": ""1"", ""toh"": ""False"", ""ng"": ""NO"", ""lc"": ""0"", ""negative"": ""V"", ""generic2"": ""True"", ""sb"": ""NO""}",30.9298563330085,1.3748314160038717,9,ExitStatus.OPTIMAL,False,False,1.3748314160038717
2025-06-07T21:48:44.623590,ProgressiveParty-rally-red12-09_c23.xml,"{""input"": ""tests/xcsp3/cop/UNKNOWN/ProgressiveParty-rally-red12-09_c23.xml"", ""solver"": ""xcsp:ACE@2.4"", ""output_dir"": ""results_comparison"", ""global_time_limit"": 600, ""max_tries"": 50, ""tuning_file"": ""tests/psa/ace.tuning.json"", ""hpo_strategy"": ""hamming"", ""global_time_strategy"": ""PERCENT"", ""percent"": 0.2, ""round_time_strategy"": ""STATIC"", ""time_evolution"": ""STATIC"", ""stop_strategy"": ""TIMEOUT""}",192,"{""varh"": ""Wdeg"", ""valh"": ""First"", ""saf"": ""False"", ""pc1"": ""True"", ""bdc"": ""1000"", ""toh"": ""False"", ""ng"": ""NO"", ""lc"": ""2"", ""negative"": ""STR1"", ""generic2"": ""True"", ""sb"": ""NO""}",30.9298563330085,1.0669069580035284,,ExitStatus.UNKNOWN,False,False,1.0669069580035284
2025-06-07T21:48:46.306986,ProgressiveParty-rally-red12-09_c23.xml,"{""input"": ""tests/xcsp3/cop/UNKNOWN/ProgressiveParty-rally-red12-09_c23.xml"", ""solver"": ""xcsp:ACE@2.4"", ""output_dir"": ""results_comparison"", ""global_time_limit"": 600, ""max_tries"": 50, ""tuning_file"": ""tests/psa/ace.tuning.json"", ""hpo_strategy"": ""hamming"", ""global_time_strategy"": ""PERCENT"", ""percent"": 0.2, ""round_time_strategy"": ""STATIC"", ""time_evolution"": ""STATIC"", ""stop_strategy"": ""TIMEOUT""}",193,"{""varh"": ""Wdeg"", ""valh"": ""Median"", ""saf"": ""False"", ""pc1"": ""True"", ""bdc"": ""1"", ""toh"": ""False"", ""ng"": ""NO"", ""lc"": ""2"", ""negative"": ""STR3"", ""generic2"": ""True"", ""sb"": ""NO""}",30.9298563330085,1.570494499988854,9,ExitStatus.FEASIBLE,False,False,1.570494499988854
2025-06-07T21:48:47.992878,ProgressiveParty-rally-red12-09_c23.xml,"{""input"": ""tests/xcsp3/cop/UNKNOWN/ProgressiveParty-rally-red12-09_c23.xml"", ""solver"": ""xcsp:ACE@2.4"", ""output_dir"": ""results_comparison"", ""global_time_limit"": 600, ""max_tries"": 50, ""tuning_file"": ""tests/psa/ace.tuning.json"", ""hpo_strategy"": ""hamming"", ""global_time_strategy"": ""PERCENT"", ""percent"": 0.2, ""round_time_strategy"": ""STATIC"", ""time_evolution"": ""STATIC"", ""stop_strategy"": ""TIMEOUT""}",194,"{""varh"": ""Wdeg"", ""valh"": ""RunRobin"", ""saf"": ""True"", ""pc1"": ""True"", ""bdc"": ""1"", ""toh"": ""False"", ""ng"": ""NO"", ""lc"": ""2"", ""negative"": ""V"", ""generic2"": ""True"", ""sb"": ""NO""}",30.9298563330085,1.5734661669994239,9,ExitStatus.FEASIBLE,False,False,1.5734661669994239
2025-06-07T21:48:49.671263,ProgressiveParty-rally-red12-09_c23.xml,"{""input"": ""tests/xcsp3/cop/UNKNOWN/ProgressiveParty-rally-red12-09_c23.xml"", ""solver"": ""xcsp:ACE@2.4"", ""output_dir"": ""results_comparison"", ""global_time_limit"": 600, ""max_tries"": 50, ""tuning_file"": ""tests/psa/ace.tuning.json"", ""hpo_strategy"": ""hamming"", ""global_time_strategy"": ""PERCENT"", ""percent"": 0.2, ""round_time_strategy"": ""STATIC"", ""time_evolution"": ""STATIC"", ""stop_strategy"": ""TIMEOUT""}",195,"{""varh"": ""Wdeg"", ""valh"": ""RunRobin"", ""saf"": ""False"", ""pc1"": ""True"", ""bdc"": ""1"", ""toh"": ""False"", ""ng"": ""NO"", ""lc"": ""0"", ""negative"": ""V"", ""generic2"": ""True"", ""sb"": ""NO""}",30.9298563330085,1.5646607500093523,9,ExitStatus.FEASIBLE,False,False,1.5646607500093523
2025-06-07T21:48:51.345982,ProgressiveParty-rally-red12-09_c23.xml,"{""input"": ""tests/xcsp3/cop/UNKNOWN/ProgressiveParty-rally-red12-09_c23.xml"", ""solver"": ""xcsp:ACE@2.4"", ""output_dir"": ""results_comparison"", ""global_time_limit"": 600, ""max_tries"": 50, ""tuning_file"": ""tests/psa/ace.tuning.json"", ""hpo_strategy"": ""hamming"", ""global_time_strategy"": ""PERCENT"", ""percent"": 0.2, ""round_time_strategy"": ""STATIC"", ""time_evolution"": ""STATIC"", ""stop_strategy"": ""TIMEOUT""}",196,"{""varh"": ""Wdeg"", ""valh"": ""First"", ""saf"": ""False"", ""pc1"": ""True"", ""bdc"": ""1"", ""toh"": ""False"", ""ng"": ""NO"", ""lc"": ""2"", ""negative"": ""STR1N"", ""generic2"": ""False"", ""sb"": ""NO""}",30.9298563330085,1.5614876670006197,9,ExitStatus.FEASIBLE,False,False,1.5614876670006197
2025-06-07T21:48:53.014572,ProgressiveParty-rally-red12-09_c23.xml,"{""input"": ""tests/xcsp3/cop/UNKNOWN/ProgressiveParty-rally-red12-09_c23.xml"", ""solver"": ""xcsp:ACE@2.4"", ""output_dir"": ""results_comparison"", ""global_time_limit"": 600, ""max_tries"": 50, ""tuning_file"": ""tests/psa/ace.tuning.json"", ""hpo_strategy"": ""hamming"", ""global_time_strategy"": ""PERCENT"", ""percent"": 0.2, ""round_time_strategy"": ""STATIC"", ""time_evolution"": ""STATIC"", ""stop_strategy"": ""TIMEOUT""}",197,"{""varh"": ""Wdeg"", ""valh"": ""FlrsE"", ""saf"": ""False"", ""pc1"": ""True"", ""bdc"": ""1"", ""toh"": ""False"", ""ng"": ""NO"", ""lc"": ""2"", ""negative"": ""V"", ""generic2"": ""False"", ""sb"": ""NO""}",30.9298563330085,1.554827291984111,9,ExitStatus.FEASIBLE,False,False,1.554827291984111
2025-06-07T21:48:54.692285,ProgressiveParty-rally-red12-09_c23.xml,"{""input"": ""tests/xcsp3/cop/UNKNOWN/ProgressiveParty-rally-red12-09_c23.xml"", ""solver"": ""xcsp:ACE@2.4"", ""output_dir"": ""results_comparison"", ""global_time_limit"": 600, ""max_tries"": 50, ""tuning_file"": ""tests/psa/ace.tuning.json"", ""hpo_strategy"": ""hamming"", ""global_time_strategy"": ""PERCENT"", ""percent"": 0.2, ""round_time_strategy"": ""STATIC"", ""time_evolution"": ""STATIC"", ""stop_strategy"": ""TIMEOUT""}",198,"{""varh"": ""Wdeg"", ""valh"": ""Vals"", ""saf"": ""False"", ""pc1"": ""True"", ""bdc"": ""1"", ""toh"": ""False"", ""ng"": ""NO"", ""lc"": ""1"", ""negative"": ""V"", ""generic2"": ""True"", ""sb"": ""NO""}",30.9298563330085,1.5653695410001092,9,ExitStatus.FEASIBLE,False,False,1.5653695410001092
2025-06-07T21:48:55.969619,ProgressiveParty-rally-red12-09_c23.xml,"{""input"": ""tests/xcsp3/cop/UNKNOWN/ProgressiveParty-rally-red12-09_c23.xml"", ""solver"": ""xcsp:ACE@2.4"", ""output_dir"": ""results_comparison"", ""global_time_limit"": 600, ""max_tries"": 50, ""tuning_file"": ""tests/psa/ace.tuning.json"", ""hpo_strategy"": ""hamming"", ""global_time_strategy"": ""PERCENT"", ""percent"": 0.2, ""round_time_strategy"": ""STATIC"", ""time_evolution"": ""STATIC"", ""stop_strategy"": ""TIMEOUT""}",199,"{""varh"": ""Activity"", ""valh"": ""First"", ""saf"": ""False"", ""pc1"": ""True"", ""bdc"": ""1000"", ""toh"": ""False"", ""ng"": ""NO"", ""lc"": ""2"", ""negative"": ""V"", ""generic2"": ""True"", ""sb"": ""NO""}",30.9298563330085,1.1651103330077603,,ExitStatus.UNKNOWN,False,False,1.1651103330077603
2025-06-07T21:48:57.168363,ProgressiveParty-rally-red12-09_c23.xml,"{""input"": ""tests/xcsp3/cop/UNKNOWN/ProgressiveParty-rally-red12-09_c23.xml"", ""solver"": ""xcsp:ACE@2.4"", ""output_dir"": ""results_comparison"", ""global_time_limit"": 600, ""max_tries"": 50, ""tuning_file"": ""tests/psa/ace.tuning.json"", ""hpo_strategy"": ""hamming"", ""global_time_strategy"": ""PERCENT"", ""percent"": 0.2, ""round_time_strategy"": ""STATIC"", ""time_evolution"": ""STATIC"", ""stop_strategy"": ""TIMEOUT""}",200,"{""varh"": ""Wdeg"", ""valh"": ""First"", ""saf"": ""False"", ""pc1"": ""True"", ""bdc"": ""1000"", ""toh"": ""False"", ""ng"": ""NO"", ""lc"": ""2"", ""negative"": ""STR2"", ""generic2"": ""True"", ""sb"": ""NO""}",30.9298563330085,1.085757916996954,,ExitStatus.UNKNOWN,False,False,1.085757916996954
2025-06-07T21:48:58.838898,ProgressiveParty-rally-red12-09_c23.xml,"{""input"": ""tests/xcsp3/cop/UNKNOWN/ProgressiveParty-rally-red12-09_c23.xml"", ""solver"": ""xcsp:ACE@2.4"", ""output_dir"": ""results_comparison"", ""global_time_limit"": 600, ""max_tries"": 50, ""tuning_file"": ""tests/psa/ace.tuning.json"", ""hpo_strategy"": ""hamming"", ""global_time_strategy"": ""PERCENT"", ""percent"": 0.2, ""round_time_strategy"": ""STATIC"", ""time_evolution"": ""STATIC"", ""stop_strategy"": ""TIMEOUT""}",201,"{""varh"": ""Wdeg"", ""valh"": ""First"", ""saf"": ""False"", ""pc1"": ""True"", ""bdc"": ""1"", ""toh"": ""False"", ""ng"": ""NO"", ""lc"": ""0"", ""negative"": ""STR3"", ""generic2"": ""True"", ""sb"": ""NO""}",30.9298563330085,1.5574435419985093,9,ExitStatus.FEASIBLE,False,False,1.5574435419985093
2025-06-07T21:49:00.029793,ProgressiveParty-rally-red12-09_c23.xml,"{""input"": ""tests/xcsp3/cop/UNKNOWN/ProgressiveParty-rally-red12-09_c23.xml"", ""solver"": ""xcsp:ACE@2.4"", ""output_dir"": ""results_comparison"", ""global_time_limit"": 600, ""max_tries"": 50, ""tuning_file"": ""tests/psa/ace.tuning.json"", ""hpo_strategy"": ""hamming"", ""global_time_strategy"": ""PERCENT"", ""percent"": 0.2, ""round_time_strategy"": ""STATIC"", ""time_evolution"": ""STATIC"", ""stop_strategy"": ""TIMEOUT""}",202,"{""varh"": ""Wdeg"", ""valh"": ""First"", ""saf"": ""False"", ""pc1"": ""True"", ""bdc"": ""1000"", ""toh"": ""False"", ""ng"": ""NO"", ""lc"": ""2"", ""negative"": ""CT"", ""generic2"": ""True"", ""sb"": ""NO""}",30.9298563330085,1.0781407920003403,,ExitStatus.UNKNOWN,False,False,1.0781407920003403
2025-06-07T21:49:01.716713,ProgressiveParty-rally-red12-09_c23.xml,"{""input"": ""tests/xcsp3/cop/UNKNOWN/ProgressiveParty-rally-red12-09_c23.xml"", ""solver"": ""xcsp:ACE@2.4"", ""output_dir"": ""results_comparison"", ""global_time_limit"": 600, ""max_tries"": 50, ""tuning_file"": ""tests/psa/ace.tuning.json"", ""hpo_strategy"": ""hamming"", ""global_time_strategy"": ""PERCENT"", ""percent"": 0.2, ""round_time_strategy"": ""STATIC"", ""time_evolution"": ""STATIC"", ""stop_strategy"": ""TIMEOUT""}",203,"{""varh"": ""Wdeg"", ""valh"": ""First"", ""saf"": ""False"", ""pc1"": ""True"", ""bdc"": ""1"", ""toh"": ""True"", ""ng"": ""NO"", ""lc"": ""2"", ""negative"": ""STR0"", ""generic2"": ""True"", ""sb"": ""NO""}",30.9298563330085,1.571863334014779,9,ExitStatus.FEASIBLE,False,False,1.571863334014779
2025-06-07T21:49:03.651265,ProgressiveParty-rally-red12-09_c23.xml,"{""input"": ""tests/xcsp3/cop/UNKNOWN/ProgressiveParty-rally-red12-09_c23.xml"", ""solver"": ""xcsp:ACE@2.4"", ""output_dir"": ""results_comparison"", ""global_time_limit"": 600, ""max_tries"": 50, ""tuning_file"": ""tests/psa/ace.tuning.json"", ""hpo_strategy"": ""hamming"", ""global_time_strategy"": ""PERCENT"", ""percent"": 0.2, ""round_time_strategy"": ""STATIC"", ""time_evolution"": ""STATIC"", ""stop_strategy"": ""TIMEOUT""}",204,"{""varh"": ""Activity"", ""valh"": ""Rand"", ""saf"": ""False"", ""pc1"": ""True"", ""bdc"": ""1"", ""toh"": ""False"", ""ng"": ""NO"", ""lc"": ""2"", ""negative"": ""V"", ""generic2"": ""True"", ""sb"": ""NO""}",30.9298563330085,1.763743625022471,9,ExitStatus.FEASIBLE,False,False,1.763743625022471
2025-06-07T21:49:05.335283,ProgressiveParty-rally-red12-09_c23.xml,"{""input"": ""tests/xcsp3/cop/UNKNOWN/ProgressiveParty-rally-red12-09_c23.xml"", ""solver"": ""xcsp:ACE@2.4"", ""output_dir"": ""results_comparison"", ""global_time_limit"": 600, ""max_tries"": 50, ""tuning_file"": ""tests/psa/ace.tuning.json"", ""hpo_strategy"": ""hamming"", ""global_time_strategy"": ""PERCENT"", ""percent"": 0.2, ""round_time_strategy"": ""STATIC"", ""time_evolution"": ""STATIC"", ""stop_strategy"": ""TIMEOUT""}",205,"{""varh"": ""Activity"", ""valh"": ""First"", ""saf"": ""False"", ""pc1"": ""True"", ""bdc"": ""1"", ""toh"": ""True"", ""ng"": ""NO"", ""lc"": ""2"", ""negative"": ""V"", ""generic2"": ""True"", ""sb"": ""NO""}",30.9298563330085,1.5726801670098212,9,ExitStatus.FEASIBLE,False,False,1.5726801670098212
2025-06-07T21:49:07.015319,ProgressiveParty-rally-red12-09_c23.xml,"{""input"": ""tests/xcsp3/cop/UNKNOWN/ProgressiveParty-rally-red12-09_c23.xml"", ""solver"": ""xcsp:ACE@2.4"", ""output_dir"": ""results_comparison"", ""global_time_limit"": 600, ""max_tries"": 50, ""tuning_file"": ""tests/psa/ace.tuning.json"", ""hpo_strategy"": ""hamming"", ""global_time_strategy"": ""PERCENT"", ""percent"": 0.2, ""round_time_strategy"": ""STATIC"", ""time_evolution"": ""STATIC"", ""stop_strategy"": ""TIMEOUT""}",206,"{""varh"": ""PickOnDom"", ""valh"": ""Median"", ""saf"": ""False"", ""pc1"": ""True"", ""bdc"": ""1"", ""toh"": ""False"", ""ng"": ""NO"", ""lc"": ""2"", ""negative"": ""V"", ""generic2"": ""True"", ""sb"": ""NO""}",30.9298563330085,1.5735313330078498,9,ExitStatus.FEASIBLE,False,False,1.5735313330078498
2025-06-07T21:49:08.258306,ProgressiveParty-rally-red12-09_c23.xml,"{""input"": ""tests/xcsp3/cop/UNKNOWN/ProgressiveParty-rally-red12-09_c23.xml"", ""solver"": ""xcsp:ACE@2.4"", ""output_dir"": ""results_comparison"", ""global_time_limit"": 600, ""max_tries"": 50, ""tuning_file"": ""tests/psa/ace.tuning.json"", ""hpo_strategy"": ""hamming"", ""global_time_strategy"": ""PERCENT"", ""percent"": 0.2, ""round_time_strategy"": ""STATIC"", ""time_evolution"": ""STATIC"", ""stop_strategy"": ""TIMEOUT""}",207,"{""varh"": ""Wdeg"", ""valh"": ""First"", ""saf"": ""False"", ""pc1"": ""True"", ""bdc"": ""1000"", ""toh"": ""False"", ""ng"": ""NO"", ""lc"": ""2"", ""negative"": ""STR1N"", ""generic2"": ""True"", ""sb"": ""NO""}",30.9298563330085,1.1357522500038613,,ExitStatus.UNKNOWN,False,False,1.1357522500038613
2025-06-07T21:49:09.790639,ProgressiveParty-rally-red12-09_c23.xml,"{""input"": ""tests/xcsp3/cop/UNKNOWN/ProgressiveParty-rally-red12-09_c23.xml"", ""solver"": ""xcsp:ACE@2.4"", ""output_dir"": ""results_comparison"", ""global_time_limit"": 600, ""max_tries"": 50, ""tuning_file"": ""tests/psa/ace.tuning.json"", ""hpo_strategy"": ""hamming"", ""global_time_strategy"": ""PERCENT"", ""percent"": 0.2, ""round_time_strategy"": ""STATIC"", ""time_evolution"": ""STATIC"", ""stop_strategy"": ""TIMEOUT""}",208,"{""varh"": ""Lexico"", ""valh"": ""First"", ""saf"": ""False"", ""pc1"": ""False"", ""bdc"": ""1"", ""toh"": ""False"", ""ng"": ""NO"", ""lc"": ""2"", ""negative"": ""V"", ""generic2"": ""True"", ""sb"": ""NO""}",30.9298563330085,1.41808591701556,9,ExitStatus.OPTIMAL,False,False,1.41808591701556
2025-06-07T21:49:11.470684,ProgressiveParty-rally-red12-09_c23.xml,"{""input"": ""tests/xcsp3/cop/UNKNOWN/ProgressiveParty-rally-red12-09_c23.xml"", ""solver"": ""xcsp:ACE@2.4"", ""output_dir"": ""results_comparison"", ""global_time_limit"": 600, ""max_tries"": 50, ""tuning_file"": ""tests/psa/ace.tuning.json"", ""hpo_strategy"": ""hamming"", ""global_time_strategy"": ""PERCENT"", ""percent"": 0.2, ""round_time_strategy"": ""STATIC"", ""time_evolution"": ""STATIC"", ""stop_strategy"": ""TIMEOUT""}",209,"{""varh"": ""Wdeg"", ""valh"": ""FlrsE"", ""saf"": ""False"", ""pc1"": ""True"", ""bdc"": ""1"", ""toh"": ""False"", ""ng"": ""NO"", ""lc"": ""2"", ""negative"": ""VA"", ""generic2"": ""True"", ""sb"": ""NO""}",30.9298563330085,1.5705533339933027,9,ExitStatus.FEASIBLE,False,False,1.5705533339933027
2025-06-07T21:49:13.157090,ProgressiveParty-rally-red12-09_c23.xml,"{""input"": ""tests/xcsp3/cop/UNKNOWN/ProgressiveParty-rally-red12-09_c23.xml"", ""solver"": ""xcsp:ACE@2.4"", ""output_dir"": ""results_comparison"", ""global_time_limit"": 600, ""max_tries"": 50, ""tuning_file"": ""tests/psa/ace.tuning.json"", ""hpo_strategy"": ""hamming"", ""global_time_strategy"": ""PERCENT"", ""percent"": 0.2, ""round_time_strategy"": ""STATIC"", ""time_evolution"": ""STATIC"", ""stop_strategy"": ""TIMEOUT""}",210,"{""varh"": ""Wdeg"", ""valh"": ""First"", ""saf"": ""False"", ""pc1"": ""True"", ""bdc"": ""1"", ""toh"": ""False"", ""ng"": ""NO"", ""lc"": ""10"", ""negative"": ""STR3"", ""generic2"": ""True"", ""sb"": ""NO""}",30.9298563330085,1.5735219169873744,9,ExitStatus.FEASIBLE,False,False,1.5735219169873744
2025-06-07T21:49:14.844118,ProgressiveParty-rally-red12-09_c23.xml,"{""input"": ""tests/xcsp3/cop/UNKNOWN/ProgressiveParty-rally-red12-09_c23.xml"", ""solver"": ""xcsp:ACE@2.4"", ""output_dir"": ""results_comparison"", ""global_time_limit"": 600, ""max_tries"": 50, ""tuning_file"": ""tests/psa/ace.tuning.json"", ""hpo_strategy"": ""hamming"", ""global_time_strategy"": ""PERCENT"", ""percent"": 0.2, ""round_time_strategy"": ""STATIC"", ""time_evolution"": ""STATIC"", ""stop_strategy"": ""TIMEOUT""}",211,"{""varh"": ""Wdeg"", ""valh"": ""Last"", ""saf"": ""False"", ""pc1"": ""True"", ""bdc"": ""1"", ""toh"": ""False"", ""ng"": ""NO"", ""lc"": ""2"", ""negative"": ""STR1N"", ""generic2"": ""True"", ""sb"": ""NO""}",30.9298563330085,1.574238792003598,9,ExitStatus.FEASIBLE,False,False,1.574238792003598
2025-06-07T21:49:20.967889,ProgressiveParty-rally-red12-09_c23.xml,"{""input"": ""tests/xcsp3/cop/UNKNOWN/ProgressiveParty-rally-red12-09_c23.xml"", ""solver"": ""xcsp:ACE@2.4"", ""output_dir"": ""results_comparison"", ""global_time_limit"": 600, ""max_tries"": 50, ""tuning_file"": ""tests/psa/ace.tuning.json"", ""hpo_strategy"": ""hamming"", ""global_time_strategy"": ""PERCENT"", ""percent"": 0.2, ""round_time_strategy"": ""STATIC"", ""time_evolution"": ""STATIC"", ""stop_strategy"": ""TIMEOUT""}",212,"{""varh"": ""Wdeg"", ""valh"": ""Conflicts"", ""saf"": ""False"", ""pc1"": ""True"", ""bdc"": ""1"", ""toh"": ""False"", ""ng"": ""NO"", ""lc"": ""2"", ""negative"": ""STR1N"", ""generic2"": ""True"", ""sb"": ""NO""}",30.9298563330085,1,,ExitStatus.UNKNOWN,False,False,1
2025-06-07T21:49:22.513832,ProgressiveParty-rally-red12-09_c23.xml,"{""input"": ""tests/xcsp3/cop/UNKNOWN/ProgressiveParty-rally-red12-09_c23.xml"", ""solver"": ""xcsp:ACE@2.4"", ""output_dir"": ""results_comparison"", ""global_time_limit"": 600, ""max_tries"": 50, ""tuning_file"": ""tests/psa/ace.tuning.json"", ""hpo_strategy"": ""hamming"", ""global_time_strategy"": ""PERCENT"", ""percent"": 0.2, ""round_time_strategy"": ""STATIC"", ""time_evolution"": ""STATIC"", ""stop_strategy"": ""TIMEOUT""}",213,"{""varh"": ""Memory"", ""valh"": ""RunRobin"", ""saf"": ""False"", ""pc1"": ""True"", ""bdc"": ""1"", ""toh"": ""False"", ""ng"": ""NO"", ""lc"": ""2"", ""negative"": ""V"", ""generic2"": ""True"", ""sb"": ""NO""}",30.9298563330085,1.4339167500147596,9,ExitStatus.OPTIMAL,False,False,1.4339167500147596
2025-06-07T21:49:24.233789,ProgressiveParty-rally-red12-09_c23.xml,"{""input"": ""tests/xcsp3/cop/UNKNOWN/ProgressiveParty-rally-red12-09_c23.xml"", ""solver"": ""xcsp:ACE@2.4"", ""output_dir"": ""results_comparison"", ""global_time_limit"": 600, ""max_tries"": 50, ""tuning_file"": ""tests/psa/ace.tuning.json"", ""hpo_strategy"": ""hamming"", ""global_time_strategy"": ""PERCENT"", ""percent"": 0.2, ""round_time_strategy"": ""STATIC"", ""time_evolution"": ""STATIC"", ""stop_strategy"": ""TIMEOUT""}",214,"{""varh"": ""Wdeg"", ""valh"": ""Median"", ""saf"": ""False"", ""pc1"": ""False"", ""bdc"": ""1"", ""toh"": ""False"", ""ng"": ""NO"", ""lc"": ""2"", ""negative"": ""V"", ""generic2"": ""True"", ""sb"": ""NO""}",30.9298563330085,1.6057509169913828,9,ExitStatus.FEASIBLE,False,False,1.6057509169913828
2025-06-07T21:49:25.977780,ProgressiveParty-rally-red12-09_c23.xml,"{""input"": ""tests/xcsp3/cop/UNKNOWN/ProgressiveParty-rally-red12-09_c23.xml"", ""solver"": ""xcsp:ACE@2.4"", ""output_dir"": ""results_comparison"", ""global_time_limit"": 600, ""max_tries"": 50, ""tuning_file"": ""tests/psa/ace.tuning.json"", ""hpo_strategy"": ""hamming"", ""global_time_strategy"": ""PERCENT"", ""percent"": 0.2, ""round_time_strategy"": ""STATIC"", ""time_evolution"": ""STATIC"", ""stop_strategy"": ""TIMEOUT""}",215,"{""varh"": ""Wdeg"", ""valh"": ""First"", ""saf"": ""False"", ""pc1"": ""False"", ""bdc"": ""1"", ""toh"": ""False"", ""ng"": ""NO"", ""lc"": ""0"", ""negative"": ""V"", ""generic2"": ""True"", ""sb"": ""NO""}",30.9298563330085,1.611549458000809,9,ExitStatus.FEASIBLE,False,False,1.611549458000809
2025-06-07T21:49:27.713179,ProgressiveParty-rally-red12-09_c23.xml,"{""input"": ""tests/xcsp3/cop/UNKNOWN/ProgressiveParty-rally-red12-09_c23.xml"", ""solver"": ""xcsp:ACE@2.4"", ""output_dir"": ""results_comparison"", ""global_time_limit"": 600, ""max_tries"": 50, ""tuning_file"": ""tests/psa/ace.tuning.json"", ""hpo_strategy"": ""hamming"", ""global_time_strategy"": ""PERCENT"", ""percent"": 0.2, ""round_time_strategy"": ""STATIC"", ""time_evolution"": ""STATIC"", ""stop_strategy"": ""TIMEOUT""}",216,"{""varh"": ""Wdeg"", ""valh"": ""FlrsE"", ""saf"": ""False"", ""pc1"": ""True"", ""bdc"": ""1"", ""toh"": ""True"", ""ng"": ""NO"", ""lc"": ""2"", ""negative"": ""V"", ""generic2"": ""True"", ""sb"": ""NO""}",30.9298563330085,1.6053420419921167,9,ExitStatus.FEASIBLE,False,False,1.6053420419921167
2025-06-07T21:49:29.460677,ProgressiveParty-rally-red12-09_c23.xml,"{""input"": ""tests/xcsp3/cop/UNKNOWN/ProgressiveParty-rally-red12-09_c23.xml"", ""solver"": ""xcsp:ACE@2.4"", ""output_dir"": ""results_comparison"", ""global_time_limit"": 600, ""max_tries"": 50, ""tuning_file"": ""tests/psa/ace.tuning.json"", ""hpo_strategy"": ""hamming"", ""global_time_strategy"": ""PERCENT"", ""percent"": 0.2, ""round_time_strategy"": ""STATIC"", ""time_evolution"": ""STATIC"", ""stop_strategy"": ""TIMEOUT""}",217,"{""varh"": ""RunRobin"", ""valh"": ""First"", ""saf"": ""False"", ""pc1"": ""True"", ""bdc"": ""1"", ""toh"": ""False"", ""ng"": ""NO"", ""lc"": ""2"", ""negative"": ""V"", ""generic2"": ""False"", ""sb"": ""NO""}",30.9298563330085,1.6159568330040202,9,ExitStatus.FEASIBLE,False,False,1.6159568330040202
2025-06-07T21:49:31.189168,ProgressiveParty-rally-red12-09_c23.xml,"{""input"": ""tests/xcsp3/cop/UNKNOWN/ProgressiveParty-rally-red12-09_c23.xml"", ""solver"": ""xcsp:ACE@2.4"", ""output_dir"": ""results_comparison"", ""global_time_limit"": 600, ""max_tries"": 50, ""tuning_file"": ""tests/psa/ace.tuning.json"", ""hpo_strategy"": ""hamming"", ""global_time_strategy"": ""PERCENT"", ""percent"": 0.2, ""round_time_strategy"": ""STATIC"", ""time_evolution"": ""STATIC"", ""stop_strategy"": ""TIMEOUT""}",218,"{""varh"": ""Wdeg"", ""valh"": ""First"", ""saf"": ""False"", ""pc1"": ""True"", ""bdc"": ""1"", ""toh"": ""False"", ""ng"": ""NO"", ""lc"": ""0"", ""negative"": ""VA"", ""generic2"": ""True"", ""sb"": ""NO""}",30.9298563330085,1.6003578749950975,9,ExitStatus.FEASIBLE,False,False,1.6003578749950975
2025-06-07T21:49:32.923129,ProgressiveParty-rally-red12-09_c23.xml,"{""input"": ""tests/xcsp3/cop/UNKNOWN/ProgressiveParty-rally-red12-09_c23.xml"", ""solver"": ""xcsp:ACE@2.4"", ""output_dir"": ""results_comparison"", ""global_time_limit"": 600, ""max_tries"": 50, ""tuning_file"": ""tests/psa/ace.tuning.json"", ""hpo_strategy"": ""hamming"", ""global_time_strategy"": ""PERCENT"", ""percent"": 0.2, ""round_time_strategy"": ""STATIC"", ""time_evolution"": ""STATIC"", ""stop_strategy"": ""TIMEOUT""}",219,"{""varh"": ""Wdeg"", ""valh"": ""OccsR"", ""saf"": ""False"", ""pc1"": ""True"", ""bdc"": ""1"", ""toh"": ""True"", ""ng"": ""NO"", ""lc"": ""2"", ""negative"": ""V"", ""generic2"": ""True"", ""sb"": ""NO""}",30.9298563330085,1.6001553339883685,9,ExitStatus.FEASIBLE,False,False,1.6001553339883685
2025-06-07T21:49:34.660246,ProgressiveParty-rally-red12-09_c23.xml,"{""input"": ""tests/xcsp3/cop/UNKNOWN/ProgressiveParty-rally-red12-09_c23.xml"", ""solver"": ""xcsp:ACE@2.4"", ""output_dir"": ""results_comparison"", ""global_time_limit"": 600, ""max_tries"": 50, ""tuning_file"": ""tests/psa/ace.tuning.json"", ""hpo_strategy"": ""hamming"", ""global_time_strategy"": ""PERCENT"", ""percent"": 0.2, ""round_time_strategy"": ""STATIC"", ""time_evolution"": ""STATIC"", ""stop_strategy"": ""TIMEOUT""}",220,"{""varh"": ""Wdeg"", ""valh"": ""Bivs3"", ""saf"": ""False"", ""pc1"": ""True"", ""bdc"": ""1"", ""toh"": ""False"", ""ng"": ""NO"", ""lc"": ""2"", ""negative"": ""VA"", ""generic2"": ""True"", ""sb"": ""NO""}",30.9298563330085,1.6040229169884697,9,ExitStatus.FEASIBLE,False,False,1.6040229169884697
2025-06-07T21:49:36.392780,ProgressiveParty-rally-red12-09_c23.xml,"{""input"": ""tests/xcsp3/cop/UNKNOWN/ProgressiveParty-rally-red12-09_c23.xml"", ""solver"": ""xcsp:ACE@2.4"", ""output_dir"": ""results_comparison"", ""global_time_limit"": 600, ""max_tries"": 50, ""tuning_file"": ""tests/psa/ace.tuning.json"", ""hpo_strategy"": ""hamming"", ""global_time_strategy"": ""PERCENT"", ""percent"": 0.2, ""round_time_strategy"": ""STATIC"", ""time_evolution"": ""STATIC"", ""stop_strategy"": ""TIMEOUT""}",221,"{""varh"": ""Rand"", ""valh"": ""First"", ""saf"": ""False"", ""pc1"": ""True"", ""bdc"": ""1"", ""toh"": ""False"", ""ng"": ""NO"", ""lc"": ""1"", ""negative"": ""V"", ""generic2"": ""True"", ""sb"": ""NO""}",30.9298563330085,1.6025835420005023,9,ExitStatus.FEASIBLE,False,False,1.6025835420005023
2025-06-07T21:49:38.138275,ProgressiveParty-rally-red12-09_c23.xml,"{""input"": ""tests/xcsp3/cop/UNKNOWN/ProgressiveParty-rally-red12-09_c23.xml"", ""solver"": ""xcsp:ACE@2.4"", ""output_dir"": ""results_comparison"", ""global_time_limit"": 600, ""max_tries"": 50, ""tuning_file"": ""tests/psa/ace.tuning.json"", ""hpo_strategy"": ""hamming"", ""global_time_strategy"": ""PERCENT"", ""percent"": 0.2, ""round_time_strategy"": ""STATIC"", ""time_evolution"": ""STATIC"", ""stop_strategy"": ""TIMEOUT""}",222,"{""varh"": ""Wdeg"", ""valh"": ""OccsR"", ""saf"": ""False"", ""pc1"": ""True"", ""bdc"": ""1"", ""toh"": ""False"", ""ng"": ""NO"", ""lc"": ""2"", ""negative"": ""STR1N"", ""generic2"": ""True"", ""sb"": ""NO""}",30.9298563330085,1.6151086250029039,9,ExitStatus.FEASIBLE,False,False,1.6151086250029039
2025-06-07T21:49:39.904527,ProgressiveParty-rally-red12-09_c23.xml,"{""input"": ""tests/xcsp3/cop/UNKNOWN/ProgressiveParty-rally-red12-09_c23.xml"", ""solver"": ""xcsp:ACE@2.4"", ""output_dir"": ""results_comparison"", ""global_time_limit"": 600, ""max_tries"": 50, ""tuning_file"": ""tests/psa/ace.tuning.json"", ""hpo_strategy"": ""hamming"", ""global_time_strategy"": ""PERCENT"", ""percent"": 0.2, ""round_time_strategy"": ""STATIC"", ""time_evolution"": ""STATIC"", ""stop_strategy"": ""TIMEOUT""}",223,"{""varh"": ""Wdeg"", ""valh"": ""Vals"", ""saf"": ""False"", ""pc1"": ""True"", ""bdc"": ""1"", ""toh"": ""False"", ""ng"": ""NO"", ""lc"": ""2"", ""negative"": ""STR2"", ""generic2"": ""True"", ""sb"": ""NO""}",30.9298563330085,1.62050379201537,9,ExitStatus.FEASIBLE,False,False,1.62050379201537
2025-06-07T21:49:46.043537,ProgressiveParty-rally-red12-09_c23.xml,"{""input"": ""tests/xcsp3/cop/UNKNOWN/ProgressiveParty-rally-red12-09_c23.xml"", ""solver"": ""xcsp:ACE@2.4"", ""output_dir"": ""results_comparison"", ""global_time_limit"": 600, ""max_tries"": 50, ""tuning_file"": ""tests/psa/ace.tuning.json"", ""hpo_strategy"": ""hamming"", ""global_time_strategy"": ""PERCENT"", ""percent"": 0.2, ""round_time_strategy"": ""STATIC"", ""time_evolution"": ""STATIC"", ""stop_strategy"": ""TIMEOUT""}",224,"{""varh"": ""Wdeg"", ""valh"": ""Conflicts"", ""saf"": ""False"", ""pc1"": ""True"", ""bdc"": ""1"", ""toh"": ""False"", ""ng"": ""NO"", ""lc"": ""2"", ""negative"": ""STR1"", ""generic2"": ""True"", ""sb"": ""NO""}",30.9298563330085,1,,ExitStatus.UNKNOWN,False,False,1
2025-06-07T21:49:47.772081,ProgressiveParty-rally-red12-09_c23.xml,"{""input"": ""tests/xcsp3/cop/UNKNOWN/ProgressiveParty-rally-red12-09_c23.xml"", ""solver"": ""xcsp:ACE@2.4"", ""output_dir"": ""results_comparison"", ""global_time_limit"": 600, ""max_tries"": 50, ""tuning_file"": ""tests/psa/ace.tuning.json"", ""hpo_strategy"": ""hamming"", ""global_time_strategy"": ""PERCENT"", ""percent"": 0.2, ""round_time_strategy"": ""STATIC"", ""time_evolution"": ""STATIC"", ""stop_strategy"": ""TIMEOUT""}",225,"{""varh"": ""WdegOnDom"", ""valh"": ""OccsR"", ""saf"": ""False"", ""pc1"": ""True"", ""bdc"": ""1"", ""toh"": ""False"", ""ng"": ""NO"", ""lc"": ""2"", ""negative"": ""V"", ""generic2"": ""True"", ""sb"": ""NO""}",30.9298563330085,1.6124507500207983,9,ExitStatus.FEASIBLE,False,False,1.6124507500207983
2025-06-07T21:49:49.746516,ProgressiveParty-rally-red12-09_c23.xml,"{""input"": ""tests/xcsp3/cop/UNKNOWN/ProgressiveParty-rally-red12-09_c23.xml"", ""solver"": ""xcsp:ACE@2.4"", ""output_dir"": ""results_comparison"", ""global_time_limit"": 600, ""max_tries"": 50, ""tuning_file"": ""tests/psa/ace.tuning.json"", ""hpo_strategy"": ""hamming"", ""global_time_strategy"": ""PERCENT"", ""percent"": 0.2, ""round_time_strategy"": ""STATIC"", ""time_evolution"": ""STATIC"", ""stop_strategy"": ""TIMEOUT""}",226,"{""varh"": ""Wdeg"", ""valh"": ""Conflicts"", ""saf"": ""False"", ""pc1"": ""True"", ""bdc"": ""1"", ""toh"": ""False"", ""ng"": ""NO"", ""lc"": ""1"", ""negative"": ""V"", ""generic2"": ""True"", ""sb"": ""NO""}",30.9298563330085,1.8207627910014708,,ExitStatus.UNKNOWN,False,False,1.8207627910014708
2025-06-07T21:49:51.669351,ProgressiveParty-rally-red12-09_c23.xml,"{""input"": ""tests/xcsp3/cop/UNKNOWN/ProgressiveParty-rally-red12-09_c23.xml"", ""solver"": ""xcsp:ACE@2.4"", ""output_dir"": ""results_comparison"", ""global_time_limit"": 600, ""max_tries"": 50, ""tuning_file"": ""tests/psa/ace.tuning.json"", ""hpo_strategy"": ""hamming"", ""global_time_strategy"": ""PERCENT"", ""percent"": 0.2, ""round_time_strategy"": ""STATIC"", ""time_evolution"": ""STATIC"", ""stop_strategy"": ""TIMEOUT""}",227,"{""varh"": ""Wdeg"", ""valh"": ""OccsR"", ""saf"": ""False"", ""pc1"": ""True"", ""bdc"": ""1"", ""toh"": ""False"", ""ng"": ""NO"", ""lc"": ""2"", ""negative"": ""STR2"", ""generic2"": ""True"", ""sb"": ""NO""}",30.9298563330085,1.7798004999931436,9,ExitStatus.FEASIBLE,False,False,1.7798004999931436
2025-06-07T21:49:53.588477,ProgressiveParty-rally-red12-09_c23.xml,"{""input"": ""tests/xcsp3/cop/UNKNOWN/ProgressiveParty-rally-red12-09_c23.xml"", ""solver"": ""xcsp:ACE@2.4"", ""output_dir"": ""results_comparison"", ""global_time_limit"": 600, ""max_tries"": 50, ""tuning_file"": ""tests/psa/ace.tuning.json"", ""hpo_strategy"": ""hamming"", ""global_time_strategy"": ""PERCENT"", ""percent"": 0.2, ""round_time_strategy"": ""STATIC"", ""time_evolution"": ""STATIC"", ""stop_strategy"": ""TIMEOUT""}",228,"{""varh"": ""Rand"", ""valh"": ""First"", ""saf"": ""False"", ""pc1"": ""True"", ""bdc"": ""1"", ""toh"": ""False"", ""ng"": ""NO"", ""lc"": ""2"", ""negative"": ""CT"", ""generic2"": ""True"", ""sb"": ""NO""}",30.9298563330085,1.7595963340136223,9,ExitStatus.FEASIBLE,False,False,1.7595963340136223
2025-06-07T21:49:55.517484,ProgressiveParty-rally-red12-09_c23.xml,"{""input"": ""tests/xcsp3/cop/UNKNOWN/ProgressiveParty-rally-red12-09_c23.xml"", ""solver"": ""xcsp:ACE@2.4"", ""output_dir"": ""results_comparison"", ""global_time_limit"": 600, ""max_tries"": 50, ""tuning_file"": ""tests/psa/ace.tuning.json"", ""hpo_strategy"": ""hamming"", ""global_time_strategy"": ""PERCENT"", ""percent"": 0.2, ""round_time_strategy"": ""STATIC"", ""time_evolution"": ""STATIC"", ""stop_strategy"": ""TIMEOUT""}",229,"{""varh"": ""Rand"", ""valh"": ""First"", ""saf"": ""False"", ""pc1"": ""True"", ""bdc"": ""1"", ""toh"": ""False"", ""ng"": ""NO"", ""lc"": ""2"", ""negative"": ""VA"", ""generic2"": ""True"", ""sb"": ""NO""}",30.9298563330085,1.7769605420180596,9,ExitStatus.FEASIBLE,False,False,1.7769605420180596
2025-06-07T21:49:57.612173,ProgressiveParty-rally-red12-09_c23.xml,"{""input"": ""tests/xcsp3/cop/UNKNOWN/ProgressiveParty-rally-red12-09_c23.xml"", ""solver"": ""xcsp:ACE@2.4"", ""output_dir"": ""results_comparison"", ""global_time_limit"": 600, ""max_tries"": 50, ""tuning_file"": ""tests/psa/ace.tuning.json"", ""hpo_strategy"": ""hamming"", ""global_time_strategy"": ""PERCENT"", ""percent"": 0.2, ""round_time_strategy"": ""STATIC"", ""time_evolution"": ""STATIC"", ""stop_strategy"": ""TIMEOUT""}",230,"{""varh"": ""FrbaOnDom"", ""valh"": ""First"", ""saf"": ""True"", ""pc1"": ""True"", ""bdc"": ""1"", ""toh"": ""False"", ""ng"": ""NO"", ""lc"": ""2"", ""negative"": ""V"", ""generic2"": ""True"", ""sb"": ""NO""}",30.9298563330085,1.923162167018745,9,ExitStatus.FEASIBLE,False,False,1.923162167018745
2025-06-07T21:49:59.578103,ProgressiveParty-rally-red12-09_c23.xml,"{""input"": ""tests/xcsp3/cop/UNKNOWN/ProgressiveParty-rally-red12-09_c23.xml"", ""solver"": ""xcsp:ACE@2.4"", ""output_dir"": ""results_comparison"", ""global_time_limit"": 600, ""max_tries"": 50, ""tuning_file"": ""tests/psa/ace.tuning.json"", ""hpo_strategy"": ""hamming"", ""global_time_strategy"": ""PERCENT"", ""percent"": 0.2, ""round_time_strategy"": ""STATIC"", ""time_evolution"": ""STATIC"", ""stop_strategy"": ""TIMEOUT""}",231,"{""varh"": ""Wdeg"", ""valh"": ""First"", ""saf"": ""False"", ""pc1"": ""True"", ""bdc"": ""1"", ""toh"": ""False"", ""ng"": ""NO"", ""lc"": ""5"", ""negative"": ""STR1"", ""generic2"": ""True"", ""sb"": ""NO""}",30.9298563330085,1.7885187499923632,9,ExitStatus.FEASIBLE,False,False,1.7885187499923632
2025-06-07T21:50:01.520387,ProgressiveParty-rally-red12-09_c23.xml,"{""input"": ""tests/xcsp3/cop/UNKNOWN/ProgressiveParty-rally-red12-09_c23.xml"", ""solver"": ""xcsp:ACE@2.4"", ""output_dir"": ""results_comparison"", ""global_time_limit"": 600, ""max_tries"": 50, ""tuning_file"": ""tests/psa/ace.tuning.json"", ""hpo_strategy"": ""hamming"", ""global_time_strategy"": ""PERCENT"", ""percent"": 0.2, ""round_time_strategy"": ""STATIC"", ""time_evolution"": ""STATIC"", ""stop_strategy"": ""TIMEOUT""}",232,"{""varh"": ""RunRobin"", ""valh"": ""Bivs3"", ""saf"": ""False"", ""pc1"": ""True"", ""bdc"": ""1"", ""toh"": ""False"", ""ng"": ""NO"", ""lc"": ""2"", ""negative"": ""V"", ""generic2"": ""True"", ""sb"": ""NO""}",30.9298563330085,1.7898022499866784,9,ExitStatus.FEASIBLE,False,False,1.7898022499866784
2025-06-07T21:50:03.309773,ProgressiveParty-rally-red12-09_c23.xml,"{""input"": ""tests/xcsp3/cop/UNKNOWN/ProgressiveParty-rally-red12-09_c23.xml"", ""solver"": ""xcsp:ACE@2.4"", ""output_dir"": ""results_comparison"", ""global_time_limit"": 600, ""max_tries"": 50, ""tuning_file"": ""tests/psa/ace.tuning.json"", ""hpo_strategy"": ""hamming"", ""global_time_strategy"": ""PERCENT"", ""percent"": 0.2, ""round_time_strategy"": ""STATIC"", ""time_evolution"": ""STATIC"", ""stop_strategy"": ""TIMEOUT""}",233,"{""varh"": ""PickOnDom"", ""valh"": ""First"", ""saf"": ""False"", ""pc1"": ""True"", ""bdc"": ""1"", ""toh"": ""False"", ""ng"": ""NO"", ""lc"": ""2"", ""negative"": ""STR2"", ""generic2"": ""True"", ""sb"": ""NO""}",30.9298563330085,1.6351173750008456,9,ExitStatus.OPTIMAL,False,False,1.6351173750008456
2025-06-07T21:50:04.744983,ProgressiveParty-rally-red12-09_c23.xml,"{""input"": ""tests/xcsp3/cop/UNKNOWN/ProgressiveParty-rally-red12-09_c23.xml"", ""solver"": ""xcsp:ACE@2.4"", ""output_dir"": ""results_comparison"", ""global_time_limit"": 600, ""max_tries"": 50, ""tuning_file"": ""tests/psa/ace.tuning.json"", ""hpo_strategy"": ""hamming"", ""global_time_strategy"": ""PERCENT"", ""percent"": 0.2, ""round_time_strategy"": ""STATIC"", ""time_evolution"": ""STATIC"", ""stop_strategy"": ""TIMEOUT""}",234,"{""varh"": ""Wdeg"", ""valh"": ""First"", ""saf"": ""False"", ""pc1"": ""True"", ""bdc"": ""1000"", ""toh"": ""False"", ""ng"": ""NO"", ""lc"": ""2"", ""negative"": ""STR0"", ""generic2"": ""True"", ""sb"": ""NO""}",30.9298563330085,1.294169000000693,,ExitStatus.UNKNOWN,False,False,1.294169000000693
2025-06-07T21:50:06.477907,ProgressiveParty-rally-red12-09_c23.xml,"{""input"": ""tests/xcsp3/cop/UNKNOWN/ProgressiveParty-rally-red12-09_c23.xml"", ""solver"": ""xcsp:ACE@2.4"", ""output_dir"": ""results_comparison"", ""global_time_limit"": 600, ""max_tries"": 50, ""tuning_file"": ""tests/psa/ace.tuning.json"", ""hpo_strategy"": ""hamming"", ""global_time_strategy"": ""PERCENT"", ""percent"": 0.2, ""round_time_strategy"": ""STATIC"", ""time_evolution"": ""STATIC"", ""stop_strategy"": ""TIMEOUT""}",235,"{""varh"": ""Wdeg"", ""valh"": ""OccsR"", ""saf"": ""False"", ""pc1"": ""True"", ""bdc"": ""1"", ""toh"": ""False"", ""ng"": ""NO"", ""lc"": ""0"", ""negative"": ""V"", ""generic2"": ""True"", ""sb"": ""NO""}",30.9298563330085,1.6018622500123456,9,ExitStatus.FEASIBLE,False,False,1.6018622500123456
