timestamp,instance_name,cli_args,probe_round,hyperparameters,timeout_used,runtime_returned,objective_returned,status_returned,is_best_so_far_runtime,is_best_so_far_objective,bo_objective_reported
2025-06-08T10:43:48.026891,Sonet-s2ring02_c23.xml,"{""input"": ""tests/xcsp3/cop/UNKNOWN/Sonet-s2ring02_c23.xml"", ""solver"": ""xcsp:ACE@2.4"", ""output_dir"": ""results_comparison"", ""global_time_limit"": 600, ""max_tries"": 50, ""tuning_file"": ""tests/psa/ace.tuning.json"", ""hpo_strategy"": ""hamming"", ""global_time_strategy"": ""PERCENT"", ""percent"": 0.2, ""round_time_strategy"": ""STATIC"", ""time_evolution"": ""STATIC"", ""stop_strategy"": ""TIMEOUT""}",0,"{""varh"": ""Wdeg"", ""valh"": ""First"", ""saf"": ""False"", ""pc1"": ""True"", ""bdc"": ""1"", ""toh"": ""False"", ""ng"": ""NO"", ""lc"": ""2"", ""negative"": ""V"", ""generic2"": ""True"", ""sb"": ""NO""}",27.446601457952056,27.57779487496009,14,ExitStatus.FEASIBLE,False,False,27.57779487496009
2025-06-08T10:44:02.940068,Sonet-s2ring02_c23.xml,"{""input"": ""tests/xcsp3/cop/UNKNOWN/Sonet-s2ring02_c23.xml"", ""solver"": ""xcsp:ACE@2.4"", ""output_dir"": ""results_comparison"", ""global_time_limit"": 600, ""max_tries"": 50, ""tuning_file"": ""tests/psa/ace.tuning.json"", ""hpo_strategy"": ""hamming"", ""global_time_strategy"": ""PERCENT"", ""percent"": 0.2, ""round_time_strategy"": ""STATIC"", ""time_evolution"": ""STATIC"", ""stop_strategy"": ""TIMEOUT""}",1,"{""varh"": ""Wdeg"", ""valh"": ""First"", ""saf"": ""False"", ""pc1"": ""True"", ""bdc"": ""1"", ""toh"": ""False"", ""ng"": ""NO"", ""lc"": ""1"", ""negative"": ""V"", ""generic2"": ""True"", ""sb"": ""NO""}",27.446601457952056,14.815445874992292,14,ExitStatus.OPTIMAL,True,False,14.815445874992292
2025-06-08T10:44:17.589107,Sonet-s2ring02_c23.xml,"{""input"": ""tests/xcsp3/cop/UNKNOWN/Sonet-s2ring02_c23.xml"", ""solver"": ""xcsp:ACE@2.4"", ""output_dir"": ""results_comparison"", ""global_time_limit"": 600, ""max_tries"": 50, ""tuning_file"": ""tests/psa/ace.tuning.json"", ""hpo_strategy"": ""hamming"", ""global_time_strategy"": ""PERCENT"", ""percent"": 0.2, ""round_time_strategy"": ""STATIC"", ""time_evolution"": ""STATIC"", ""stop_strategy"": ""TIMEOUT""}",2,"{""varh"": ""Wdeg"", ""valh"": ""First"", ""saf"": ""False"", ""pc1"": ""True"", ""bdc"": ""1"", ""toh"": ""False"", ""ng"": ""NO"", ""lc"": ""2"", ""negative"": ""STR1N"", ""generic2"": ""True"", ""sb"": ""NO""}",27.446601457952056,14.550068209005985,14,ExitStatus.FEASIBLE,True,False,14.550068209005985
2025-06-08T10:44:32.020263,Sonet-s2ring02_c23.xml,"{""input"": ""tests/xcsp3/cop/UNKNOWN/Sonet-s2ring02_c23.xml"", ""solver"": ""xcsp:ACE@2.4"", ""output_dir"": ""results_comparison"", ""global_time_limit"": 600, ""max_tries"": 50, ""tuning_file"": ""tests/psa/ace.tuning.json"", ""hpo_strategy"": ""hamming"", ""global_time_strategy"": ""PERCENT"", ""percent"": 0.2, ""round_time_strategy"": ""STATIC"", ""time_evolution"": ""STATIC"", ""stop_strategy"": ""TIMEOUT""}",3,"{""varh"": ""Wdeg"", ""valh"": ""First"", ""saf"": ""False"", ""pc1"": ""True"", ""bdc"": ""1"", ""toh"": ""False"", ""ng"": ""NO"", ""lc"": ""10"", ""negative"": ""V"", ""generic2"": ""True"", ""sb"": ""NO""}",27.446601457952056,14.363741750014015,14,ExitStatus.FEASIBLE,True,False,14.363741750014015
2025-06-08T10:44:44.956935,Sonet-s2ring02_c23.xml,"{""input"": ""tests/xcsp3/cop/UNKNOWN/Sonet-s2ring02_c23.xml"", ""solver"": ""xcsp:ACE@2.4"", ""output_dir"": ""results_comparison"", ""global_time_limit"": 600, ""max_tries"": 50, ""tuning_file"": ""tests/psa/ace.tuning.json"", ""hpo_strategy"": ""hamming"", ""global_time_strategy"": ""PERCENT"", ""percent"": 0.2, ""round_time_strategy"": ""STATIC"", ""time_evolution"": ""STATIC"", ""stop_strategy"": ""TIMEOUT""}",4,"{""varh"": ""RunRobin"", ""valh"": ""First"", ""saf"": ""False"", ""pc1"": ""True"", ""bdc"": ""1"", ""toh"": ""False"", ""ng"": ""NO"", ""lc"": ""2"", ""negative"": ""V"", ""generic2"": ""True"", ""sb"": ""NO""}",27.446601457952056,12.870915542007424,14,ExitStatus.OPTIMAL,True,False,12.870915542007424
2025-06-08T10:44:57.383083,Sonet-s2ring02_c23.xml,"{""input"": ""tests/xcsp3/cop/UNKNOWN/Sonet-s2ring02_c23.xml"", ""solver"": ""xcsp:ACE@2.4"", ""output_dir"": ""results_comparison"", ""global_time_limit"": 600, ""max_tries"": 50, ""tuning_file"": ""tests/psa/ace.tuning.json"", ""hpo_strategy"": ""hamming"", ""global_time_strategy"": ""PERCENT"", ""percent"": 0.2, ""round_time_strategy"": ""STATIC"", ""time_evolution"": ""STATIC"", ""stop_strategy"": ""TIMEOUT""}",5,"{""varh"": ""Wdeg"", ""valh"": ""Rand"", ""saf"": ""False"", ""pc1"": ""True"", ""bdc"": ""1"", ""toh"": ""False"", ""ng"": ""NO"", ""lc"": ""2"", ""negative"": ""V"", ""generic2"": ""True"", ""sb"": ""NO""}",27.446601457952056,12.360081499966327,14,ExitStatus.FEASIBLE,True,False,12.360081499966327
2025-06-08T10:45:14.453262,Sonet-s2ring02_c23.xml,"{""input"": ""tests/xcsp3/cop/UNKNOWN/Sonet-s2ring02_c23.xml"", ""solver"": ""xcsp:ACE@2.4"", ""output_dir"": ""results_comparison"", ""global_time_limit"": 600, ""max_tries"": 50, ""tuning_file"": ""tests/psa/ace.tuning.json"", ""hpo_strategy"": ""hamming"", ""global_time_strategy"": ""PERCENT"", ""percent"": 0.2, ""round_time_strategy"": ""STATIC"", ""time_evolution"": ""STATIC"", ""stop_strategy"": ""TIMEOUT""}",6,"{""varh"": ""Wdeg"", ""valh"": ""Conflicts"", ""saf"": ""False"", ""pc1"": ""True"", ""bdc"": ""1"", ""toh"": ""False"", ""ng"": ""NO"", ""lc"": ""2"", ""negative"": ""V"", ""generic2"": ""True"", ""sb"": ""NO""}",27.446601457952056,12,,ExitStatus.UNKNOWN,False,False,12
2025-06-08T10:45:23.772421,Sonet-s2ring02_c23.xml,"{""input"": ""tests/xcsp3/cop/UNKNOWN/Sonet-s2ring02_c23.xml"", ""solver"": ""xcsp:ACE@2.4"", ""output_dir"": ""results_comparison"", ""global_time_limit"": 600, ""max_tries"": 50, ""tuning_file"": ""tests/psa/ace.tuning.json"", ""hpo_strategy"": ""hamming"", ""global_time_strategy"": ""PERCENT"", ""percent"": 0.2, ""round_time_strategy"": ""STATIC"", ""time_evolution"": ""STATIC"", ""stop_strategy"": ""TIMEOUT""}",7,"{""varh"": ""Wdeg"", ""valh"": ""OccsR"", ""saf"": ""False"", ""pc1"": ""True"", ""bdc"": ""1"", ""toh"": ""False"", ""ng"": ""NO"", ""lc"": ""2"", ""negative"": ""V"", ""generic2"": ""True"", ""sb"": ""NO""}",27.446601457952056,9.252916291996371,14,ExitStatus.OPTIMAL,True,False,9.252916291996371
2025-06-08T10:45:33.209061,Sonet-s2ring02_c23.xml,"{""input"": ""tests/xcsp3/cop/UNKNOWN/Sonet-s2ring02_c23.xml"", ""solver"": ""xcsp:ACE@2.4"", ""output_dir"": ""results_comparison"", ""global_time_limit"": 600, ""max_tries"": 50, ""tuning_file"": ""tests/psa/ace.tuning.json"", ""hpo_strategy"": ""hamming"", ""global_time_strategy"": ""PERCENT"", ""percent"": 0.2, ""round_time_strategy"": ""STATIC"", ""time_evolution"": ""STATIC"", ""stop_strategy"": ""TIMEOUT""}",8,"{""varh"": ""Wdeg"", ""valh"": ""First"", ""saf"": ""False"", ""pc1"": ""True"", ""bdc"": ""1"", ""toh"": ""False"", ""ng"": ""NO"", ""lc"": ""2"", ""negative"": ""STR2"", ""generic2"": ""True"", ""sb"": ""NO""}",27.446601457952056,9.369116999965627,14,ExitStatus.FEASIBLE,False,False,9.369116999965627
2025-06-08T10:45:42.643604,Sonet-s2ring02_c23.xml,"{""input"": ""tests/xcsp3/cop/UNKNOWN/Sonet-s2ring02_c23.xml"", ""solver"": ""xcsp:ACE@2.4"", ""output_dir"": ""results_comparison"", ""global_time_limit"": 600, ""max_tries"": 50, ""tuning_file"": ""tests/psa/ace.tuning.json"", ""hpo_strategy"": ""hamming"", ""global_time_strategy"": ""PERCENT"", ""percent"": 0.2, ""round_time_strategy"": ""STATIC"", ""time_evolution"": ""STATIC"", ""stop_strategy"": ""TIMEOUT""}",9,"{""varh"": ""Wdeg"", ""valh"": ""Vals"", ""saf"": ""False"", ""pc1"": ""True"", ""bdc"": ""1"", ""toh"": ""False"", ""ng"": ""NO"", ""lc"": ""2"", ""negative"": ""V"", ""generic2"": ""True"", ""sb"": ""NO""}",27.446601457952056,9.369556540972553,14,ExitStatus.FEASIBLE,False,False,9.369556540972553
2025-06-08T10:45:49.244796,Sonet-s2ring02_c23.xml,"{""input"": ""tests/xcsp3/cop/UNKNOWN/Sonet-s2ring02_c23.xml"", ""solver"": ""xcsp:ACE@2.4"", ""output_dir"": ""results_comparison"", ""global_time_limit"": 600, ""max_tries"": 50, ""tuning_file"": ""tests/psa/ace.tuning.json"", ""hpo_strategy"": ""hamming"", ""global_time_strategy"": ""PERCENT"", ""percent"": 0.2, ""round_time_strategy"": ""STATIC"", ""time_evolution"": ""STATIC"", ""stop_strategy"": ""TIMEOUT""}",10,"{""varh"": ""PickOnDom"", ""valh"": ""First"", ""saf"": ""False"", ""pc1"": ""True"", ""bdc"": ""1"", ""toh"": ""False"", ""ng"": ""NO"", ""lc"": ""2"", ""negative"": ""V"", ""generic2"": ""True"", ""sb"": ""NO""}",27.446601457952056,6.535751625022385,14,ExitStatus.OPTIMAL,True,False,6.535751625022385
2025-06-08T10:45:55.681208,Sonet-s2ring02_c23.xml,"{""input"": ""tests/xcsp3/cop/UNKNOWN/Sonet-s2ring02_c23.xml"", ""solver"": ""xcsp:ACE@2.4"", ""output_dir"": ""results_comparison"", ""global_time_limit"": 600, ""max_tries"": 50, ""tuning_file"": ""tests/psa/ace.tuning.json"", ""hpo_strategy"": ""hamming"", ""global_time_strategy"": ""PERCENT"", ""percent"": 0.2, ""round_time_strategy"": ""STATIC"", ""time_evolution"": ""STATIC"", ""stop_strategy"": ""TIMEOUT""}",11,"{""varh"": ""Wdeg"", ""valh"": ""Bivs3"", ""saf"": ""False"", ""pc1"": ""True"", ""bdc"": ""1"", ""toh"": ""False"", ""ng"": ""NO"", ""lc"": ""2"", ""negative"": ""V"", ""generic2"": ""True"", ""sb"": ""NO""}",27.446601457952056,6.371787792013492,15,ExitStatus.FEASIBLE,False,False,6.371787792013492
2025-06-08T10:46:02.120701,Sonet-s2ring02_c23.xml,"{""input"": ""tests/xcsp3/cop/UNKNOWN/Sonet-s2ring02_c23.xml"", ""solver"": ""xcsp:ACE@2.4"", ""output_dir"": ""results_comparison"", ""global_time_limit"": 600, ""max_tries"": 50, ""tuning_file"": ""tests/psa/ace.tuning.json"", ""hpo_strategy"": ""hamming"", ""global_time_strategy"": ""PERCENT"", ""percent"": 0.2, ""round_time_strategy"": ""STATIC"", ""time_evolution"": ""STATIC"", ""stop_strategy"": ""TIMEOUT""}",12,"{""varh"": ""Wdeg"", ""valh"": ""Median"", ""saf"": ""False"", ""pc1"": ""True"", ""bdc"": ""1"", ""toh"": ""False"", ""ng"": ""NO"", ""lc"": ""2"", ""negative"": ""V"", ""generic2"": ""True"", ""sb"": ""NO""}",27.446601457952056,6.374119792017154,14,ExitStatus.FEASIBLE,True,False,6.374119792017154
2025-06-08T10:46:08.558906,Sonet-s2ring02_c23.xml,"{""input"": ""tests/xcsp3/cop/UNKNOWN/Sonet-s2ring02_c23.xml"", ""solver"": ""xcsp:ACE@2.4"", ""output_dir"": ""results_comparison"", ""global_time_limit"": 600, ""max_tries"": 50, ""tuning_file"": ""tests/psa/ace.tuning.json"", ""hpo_strategy"": ""hamming"", ""global_time_strategy"": ""PERCENT"", ""percent"": 0.2, ""round_time_strategy"": ""STATIC"", ""time_evolution"": ""STATIC"", ""stop_strategy"": ""TIMEOUT""}",13,"{""varh"": ""Wdeg"", ""valh"": ""RunRobin"", ""saf"": ""False"", ""pc1"": ""True"", ""bdc"": ""1"", ""toh"": ""False"", ""ng"": ""NO"", ""lc"": ""2"", ""negative"": ""V"", ""generic2"": ""True"", ""sb"": ""NO""}",27.446601457952056,6.373798249987885,14,ExitStatus.FEASIBLE,True,False,6.373798249987885
2025-06-08T10:46:14.991773,Sonet-s2ring02_c23.xml,"{""input"": ""tests/xcsp3/cop/UNKNOWN/Sonet-s2ring02_c23.xml"", ""solver"": ""xcsp:ACE@2.4"", ""output_dir"": ""results_comparison"", ""global_time_limit"": 600, ""max_tries"": 50, ""tuning_file"": ""tests/psa/ace.tuning.json"", ""hpo_strategy"": ""hamming"", ""global_time_strategy"": ""PERCENT"", ""percent"": 0.2, ""round_time_strategy"": ""STATIC"", ""time_evolution"": ""STATIC"", ""stop_strategy"": ""TIMEOUT""}",14,"{""varh"": ""Wdeg"", ""valh"": ""First"", ""saf"": ""False"", ""pc1"": ""True"", ""bdc"": ""1"", ""toh"": ""False"", ""ng"": ""NO"", ""lc"": ""2"", ""negative"": ""STR3"", ""generic2"": ""True"", ""sb"": ""NO""}",27.446601457952056,6.367159499961417,15,ExitStatus.FEASIBLE,False,False,6.367159499961417
2025-06-08T10:46:21.428741,Sonet-s2ring02_c23.xml,"{""input"": ""tests/xcsp3/cop/UNKNOWN/Sonet-s2ring02_c23.xml"", ""solver"": ""xcsp:ACE@2.4"", ""output_dir"": ""results_comparison"", ""global_time_limit"": 600, ""max_tries"": 50, ""tuning_file"": ""tests/psa/ace.tuning.json"", ""hpo_strategy"": ""hamming"", ""global_time_strategy"": ""PERCENT"", ""percent"": 0.2, ""round_time_strategy"": ""STATIC"", ""time_evolution"": ""STATIC"", ""stop_strategy"": ""TIMEOUT""}",15,"{""varh"": ""Wdeg"", ""valh"": ""First"", ""saf"": ""False"", ""pc1"": ""False"", ""bdc"": ""1"", ""toh"": ""False"", ""ng"": ""NO"", ""lc"": ""2"", ""negative"": ""V"", ""generic2"": ""True"", ""sb"": ""NO""}",27.446601457952056,6.37191837496357,15,ExitStatus.FEASIBLE,False,False,6.37191837496357
2025-06-08T10:46:27.862328,Sonet-s2ring02_c23.xml,"{""input"": ""tests/xcsp3/cop/UNKNOWN/Sonet-s2ring02_c23.xml"", ""solver"": ""xcsp:ACE@2.4"", ""output_dir"": ""results_comparison"", ""global_time_limit"": 600, ""max_tries"": 50, ""tuning_file"": ""tests/psa/ace.tuning.json"", ""hpo_strategy"": ""hamming"", ""global_time_strategy"": ""PERCENT"", ""percent"": 0.2, ""round_time_strategy"": ""STATIC"", ""time_evolution"": ""STATIC"", ""stop_strategy"": ""TIMEOUT""}",16,"{""varh"": ""FrbaOnDom"", ""valh"": ""First"", ""saf"": ""False"", ""pc1"": ""True"", ""bdc"": ""1"", ""toh"": ""False"", ""ng"": ""NO"", ""lc"": ""2"", ""negative"": ""V"", ""generic2"": ""True"", ""sb"": ""NO""}",27.446601457952056,6.367455709027126,14,ExitStatus.FEASIBLE,True,False,6.367455709027126
2025-06-08T10:46:34.295887,Sonet-s2ring02_c23.xml,"{""input"": ""tests/xcsp3/cop/UNKNOWN/Sonet-s2ring02_c23.xml"", ""solver"": ""xcsp:ACE@2.4"", ""output_dir"": ""results_comparison"", ""global_time_limit"": 600, ""max_tries"": 50, ""tuning_file"": ""tests/psa/ace.tuning.json"", ""hpo_strategy"": ""hamming"", ""global_time_strategy"": ""PERCENT"", ""percent"": 0.2, ""round_time_strategy"": ""STATIC"", ""time_evolution"": ""STATIC"", ""stop_strategy"": ""TIMEOUT""}",17,"{""varh"": ""Wdeg"", ""valh"": ""First"", ""saf"": ""False"", ""pc1"": ""True"", ""bdc"": ""1"", ""toh"": ""False"", ""ng"": ""NO"", ""lc"": ""2"", ""negative"": ""V"", ""generic2"": ""False"", ""sb"": ""NO""}",27.446601457952056,6.368619957996998,15,ExitStatus.FEASIBLE,False,False,6.368619957996998
2025-06-08T10:46:40.732041,Sonet-s2ring02_c23.xml,"{""input"": ""tests/xcsp3/cop/UNKNOWN/Sonet-s2ring02_c23.xml"", ""solver"": ""xcsp:ACE@2.4"", ""output_dir"": ""results_comparison"", ""global_time_limit"": 600, ""max_tries"": 50, ""tuning_file"": ""tests/psa/ace.tuning.json"", ""hpo_strategy"": ""hamming"", ""global_time_strategy"": ""PERCENT"", ""percent"": 0.2, ""round_time_strategy"": ""STATIC"", ""time_evolution"": ""STATIC"", ""stop_strategy"": ""TIMEOUT""}",18,"{""varh"": ""Wdeg"", ""valh"": ""Last"", ""saf"": ""False"", ""pc1"": ""True"", ""bdc"": ""1"", ""toh"": ""False"", ""ng"": ""NO"", ""lc"": ""2"", ""negative"": ""V"", ""generic2"": ""True"", ""sb"": ""NO""}",27.446601457952056,6.370756208023522,14,ExitStatus.FEASIBLE,False,False,6.370756208023522
2025-06-08T10:46:47.164244,Sonet-s2ring02_c23.xml,"{""input"": ""tests/xcsp3/cop/UNKNOWN/Sonet-s2ring02_c23.xml"", ""solver"": ""xcsp:ACE@2.4"", ""output_dir"": ""results_comparison"", ""global_time_limit"": 600, ""max_tries"": 50, ""tuning_file"": ""tests/psa/ace.tuning.json"", ""hpo_strategy"": ""hamming"", ""global_time_strategy"": ""PERCENT"", ""percent"": 0.2, ""round_time_strategy"": ""STATIC"", ""time_evolution"": ""STATIC"", ""stop_strategy"": ""TIMEOUT""}",19,"{""varh"": ""Wdeg"", ""valh"": ""First"", ""saf"": ""False"", ""pc1"": ""True"", ""bdc"": ""1"", ""toh"": ""False"", ""ng"": ""NO"", ""lc"": ""0"", ""negative"": ""V"", ""generic2"": ""True"", ""sb"": ""NO""}",27.446601457952056,6.367522292013746,14,ExitStatus.FEASIBLE,False,False,6.367522292013746
2025-06-08T10:46:53.600559,Sonet-s2ring02_c23.xml,"{""input"": ""tests/xcsp3/cop/UNKNOWN/Sonet-s2ring02_c23.xml"", ""solver"": ""xcsp:ACE@2.4"", ""output_dir"": ""results_comparison"", ""global_time_limit"": 600, ""max_tries"": 50, ""tuning_file"": ""tests/psa/ace.tuning.json"", ""hpo_strategy"": ""hamming"", ""global_time_strategy"": ""PERCENT"", ""percent"": 0.2, ""round_time_strategy"": ""STATIC"", ""time_evolution"": ""STATIC"", ""stop_strategy"": ""TIMEOUT""}",20,"{""varh"": ""Activity"", ""valh"": ""First"", ""saf"": ""False"", ""pc1"": ""True"", ""bdc"": ""1"", ""toh"": ""False"", ""ng"": ""NO"", ""lc"": ""2"", ""negative"": ""V"", ""generic2"": ""True"", ""sb"": ""NO""}",27.446601457952056,6.3706342499936,14,ExitStatus.FEASIBLE,False,False,6.3706342499936
2025-06-08T10:47:00.037930,Sonet-s2ring02_c23.xml,"{""input"": ""tests/xcsp3/cop/UNKNOWN/Sonet-s2ring02_c23.xml"", ""solver"": ""xcsp:ACE@2.4"", ""output_dir"": ""results_comparison"", ""global_time_limit"": 600, ""max_tries"": 50, ""tuning_file"": ""tests/psa/ace.tuning.json"", ""hpo_strategy"": ""hamming"", ""global_time_strategy"": ""PERCENT"", ""percent"": 0.2, ""round_time_strategy"": ""STATIC"", ""time_evolution"": ""STATIC"", ""stop_strategy"": ""TIMEOUT""}",21,"{""varh"": ""Wdeg"", ""valh"": ""First"", ""saf"": ""False"", ""pc1"": ""True"", ""bdc"": ""1"", ""toh"": ""False"", ""ng"": ""NO"", ""lc"": ""2"", ""negative"": ""STR2N"", ""generic2"": ""True"", ""sb"": ""NO""}",27.446601457952056,6.372109374962747,15,ExitStatus.FEASIBLE,False,False,6.372109374962747
2025-06-08T10:47:00.868468,Sonet-s2ring02_c23.xml,"{""input"": ""tests/xcsp3/cop/UNKNOWN/Sonet-s2ring02_c23.xml"", ""solver"": ""xcsp:ACE@2.4"", ""output_dir"": ""results_comparison"", ""global_time_limit"": 600, ""max_tries"": 50, ""tuning_file"": ""tests/psa/ace.tuning.json"", ""hpo_strategy"": ""hamming"", ""global_time_strategy"": ""PERCENT"", ""percent"": 0.2, ""round_time_strategy"": ""STATIC"", ""time_evolution"": ""STATIC"", ""stop_strategy"": ""TIMEOUT""}",22,"{""varh"": ""Wdeg"", ""valh"": ""First"", ""saf"": ""False"", ""pc1"": ""True"", ""bdc"": ""10"", ""toh"": ""False"", ""ng"": ""NO"", ""lc"": ""2"", ""negative"": ""V"", ""generic2"": ""True"", ""sb"": ""NO""}",27.446601457952056,0.76474308304023,19,ExitStatus.OPTIMAL,False,False,0.76474308304023
2025-06-08T10:47:07.295335,Sonet-s2ring02_c23.xml,"{""input"": ""tests/xcsp3/cop/UNKNOWN/Sonet-s2ring02_c23.xml"", ""solver"": ""xcsp:ACE@2.4"", ""output_dir"": ""results_comparison"", ""global_time_limit"": 600, ""max_tries"": 50, ""tuning_file"": ""tests/psa/ace.tuning.json"", ""hpo_strategy"": ""hamming"", ""global_time_strategy"": ""PERCENT"", ""percent"": 0.2, ""round_time_strategy"": ""STATIC"", ""time_evolution"": ""STATIC"", ""stop_strategy"": ""TIMEOUT""}",23,"{""varh"": ""Memory"", ""valh"": ""First"", ""saf"": ""False"", ""pc1"": ""True"", ""bdc"": ""1"", ""toh"": ""False"", ""ng"": ""NO"", ""lc"": ""2"", ""negative"": ""V"", ""generic2"": ""True"", ""sb"": ""NO""}",27.446601457952056,6.36289620801108,14,ExitStatus.FEASIBLE,True,False,6.36289620801108
2025-06-08T10:47:13.732282,Sonet-s2ring02_c23.xml,"{""input"": ""tests/xcsp3/cop/UNKNOWN/Sonet-s2ring02_c23.xml"", ""solver"": ""xcsp:ACE@2.4"", ""output_dir"": ""results_comparison"", ""global_time_limit"": 600, ""max_tries"": 50, ""tuning_file"": ""tests/psa/ace.tuning.json"", ""hpo_strategy"": ""hamming"", ""global_time_strategy"": ""PERCENT"", ""percent"": 0.2, ""round_time_strategy"": ""STATIC"", ""time_evolution"": ""STATIC"", ""stop_strategy"": ""TIMEOUT""}",24,"{""varh"": ""Wdeg"", ""valh"": ""First"", ""saf"": ""False"", ""pc1"": ""True"", ""bdc"": ""1"", ""toh"": ""False"", ""ng"": ""NO"", ""lc"": ""5"", ""negative"": ""V"", ""generic2"": ""True"", ""sb"": ""NO""}",27.446601457952056,6.371136833040509,15,ExitStatus.FEASIBLE,False,False,6.371136833040509
2025-06-08T10:47:20.165878,Sonet-s2ring02_c23.xml,"{""input"": ""tests/xcsp3/cop/UNKNOWN/Sonet-s2ring02_c23.xml"", ""solver"": ""xcsp:ACE@2.4"", ""output_dir"": ""results_comparison"", ""global_time_limit"": 600, ""max_tries"": 50, ""tuning_file"": ""tests/psa/ace.tuning.json"", ""hpo_strategy"": ""hamming"", ""global_time_strategy"": ""PERCENT"", ""percent"": 0.2, ""round_time_strategy"": ""STATIC"", ""time_evolution"": ""STATIC"", ""stop_strategy"": ""TIMEOUT""}",25,"{""varh"": ""Wdeg"", ""valh"": ""FlrsE"", ""saf"": ""False"", ""pc1"": ""True"", ""bdc"": ""1"", ""toh"": ""False"", ""ng"": ""NO"", ""lc"": ""2"", ""negative"": ""V"", ""generic2"": ""True"", ""sb"": ""NO""}",27.446601457952056,6.368770457978826,14,ExitStatus.FEASIBLE,False,False,6.368770457978826
2025-06-08T10:47:26.603987,Sonet-s2ring02_c23.xml,"{""input"": ""tests/xcsp3/cop/UNKNOWN/Sonet-s2ring02_c23.xml"", ""solver"": ""xcsp:ACE@2.4"", ""output_dir"": ""results_comparison"", ""global_time_limit"": 600, ""max_tries"": 50, ""tuning_file"": ""tests/psa/ace.tuning.json"", ""hpo_strategy"": ""hamming"", ""global_time_strategy"": ""PERCENT"", ""percent"": 0.2, ""round_time_strategy"": ""STATIC"", ""time_evolution"": ""STATIC"", ""stop_strategy"": ""TIMEOUT""}",26,"{""varh"": ""Wdeg"", ""valh"": ""First"", ""saf"": ""True"", ""pc1"": ""True"", ""bdc"": ""1"", ""toh"": ""False"", ""ng"": ""NO"", ""lc"": ""2"", ""negative"": ""V"", ""generic2"": ""True"", ""sb"": ""NO""}",27.446601457952056,6.372154875018168,15,ExitStatus.FEASIBLE,False,False,6.372154875018168
2025-06-08T10:47:33.039783,Sonet-s2ring02_c23.xml,"{""input"": ""tests/xcsp3/cop/UNKNOWN/Sonet-s2ring02_c23.xml"", ""solver"": ""xcsp:ACE@2.4"", ""output_dir"": ""results_comparison"", ""global_time_limit"": 600, ""max_tries"": 50, ""tuning_file"": ""tests/psa/ace.tuning.json"", ""hpo_strategy"": ""hamming"", ""global_time_strategy"": ""PERCENT"", ""percent"": 0.2, ""round_time_strategy"": ""STATIC"", ""time_evolution"": ""STATIC"", ""stop_strategy"": ""TIMEOUT""}",27,"{""varh"": ""WdegOnDom"", ""valh"": ""First"", ""saf"": ""False"", ""pc1"": ""True"", ""bdc"": ""1"", ""toh"": ""False"", ""ng"": ""NO"", ""lc"": ""2"", ""negative"": ""V"", ""generic2"": ""True"", ""sb"": ""NO""}",27.446601457952056,6.370724624954164,15,ExitStatus.FEASIBLE,False,False,6.370724624954164
2025-06-08T10:47:39.465444,Sonet-s2ring02_c23.xml,"{""input"": ""tests/xcsp3/cop/UNKNOWN/Sonet-s2ring02_c23.xml"", ""solver"": ""xcsp:ACE@2.4"", ""output_dir"": ""results_comparison"", ""global_time_limit"": 600, ""max_tries"": 50, ""tuning_file"": ""tests/psa/ace.tuning.json"", ""hpo_strategy"": ""hamming"", ""global_time_strategy"": ""PERCENT"", ""percent"": 0.2, ""round_time_strategy"": ""STATIC"", ""time_evolution"": ""STATIC"", ""stop_strategy"": ""TIMEOUT""}",28,"{""varh"": ""Rand"", ""valh"": ""First"", ""saf"": ""False"", ""pc1"": ""True"", ""bdc"": ""1"", ""toh"": ""False"", ""ng"": ""NO"", ""lc"": ""2"", ""negative"": ""V"", ""generic2"": ""True"", ""sb"": ""NO""}",27.446601457952056,6.359122499998193,15,ExitStatus.FEASIBLE,False,False,6.359122499998193
2025-06-08T10:47:45.900593,Sonet-s2ring02_c23.xml,"{""input"": ""tests/xcsp3/cop/UNKNOWN/Sonet-s2ring02_c23.xml"", ""solver"": ""xcsp:ACE@2.4"", ""output_dir"": ""results_comparison"", ""global_time_limit"": 600, ""max_tries"": 50, ""tuning_file"": ""tests/psa/ace.tuning.json"", ""hpo_strategy"": ""hamming"", ""global_time_strategy"": ""PERCENT"", ""percent"": 0.2, ""round_time_strategy"": ""STATIC"", ""time_evolution"": ""STATIC"", ""stop_strategy"": ""TIMEOUT""}",29,"{""varh"": ""Wdeg"", ""valh"": ""First"", ""saf"": ""False"", ""pc1"": ""True"", ""bdc"": ""1"", ""toh"": ""False"", ""ng"": ""NO"", ""lc"": ""2"", ""negative"": ""STR1"", ""generic2"": ""True"", ""sb"": ""NO""}",27.446601457952056,6.371475749998353,15,ExitStatus.FEASIBLE,False,False,6.371475749998353
2025-06-08T10:47:52.336571,Sonet-s2ring02_c23.xml,"{""input"": ""tests/xcsp3/cop/UNKNOWN/Sonet-s2ring02_c23.xml"", ""solver"": ""xcsp:ACE@2.4"", ""output_dir"": ""results_comparison"", ""global_time_limit"": 600, ""max_tries"": 50, ""tuning_file"": ""tests/psa/ace.tuning.json"", ""hpo_strategy"": ""hamming"", ""global_time_strategy"": ""PERCENT"", ""percent"": 0.2, ""round_time_strategy"": ""STATIC"", ""time_evolution"": ""STATIC"", ""stop_strategy"": ""TIMEOUT""}",30,"{""varh"": ""Wdeg"", ""valh"": ""First"", ""saf"": ""False"", ""pc1"": ""True"", ""bdc"": ""1"", ""toh"": ""False"", ""ng"": ""NO"", ""lc"": ""2"", ""negative"": ""CT"", ""generic2"": ""True"", ""sb"": ""NO""}",27.446601457952056,6.37010158400517,15,ExitStatus.FEASIBLE,False,False,6.37010158400517
2025-06-08T10:47:58.769017,Sonet-s2ring02_c23.xml,"{""input"": ""tests/xcsp3/cop/UNKNOWN/Sonet-s2ring02_c23.xml"", ""solver"": ""xcsp:ACE@2.4"", ""output_dir"": ""results_comparison"", ""global_time_limit"": 600, ""max_tries"": 50, ""tuning_file"": ""tests/psa/ace.tuning.json"", ""hpo_strategy"": ""hamming"", ""global_time_strategy"": ""PERCENT"", ""percent"": 0.2, ""round_time_strategy"": ""STATIC"", ""time_evolution"": ""STATIC"", ""stop_strategy"": ""TIMEOUT""}",31,"{""varh"": ""Wdeg"", ""valh"": ""First"", ""saf"": ""False"", ""pc1"": ""True"", ""bdc"": ""1"", ""toh"": ""False"", ""ng"": ""NO"", ""lc"": ""2"", ""negative"": ""STR0"", ""generic2"": ""True"", ""sb"": ""NO""}",27.446601457952056,6.367999124980997,15,ExitStatus.FEASIBLE,False,False,6.367999124980997
2025-06-08T10:47:59.320969,Sonet-s2ring02_c23.xml,"{""input"": ""tests/xcsp3/cop/UNKNOWN/Sonet-s2ring02_c23.xml"", ""solver"": ""xcsp:ACE@2.4"", ""output_dir"": ""results_comparison"", ""global_time_limit"": 600, ""max_tries"": 50, ""tuning_file"": ""tests/psa/ace.tuning.json"", ""hpo_strategy"": ""hamming"", ""global_time_strategy"": ""PERCENT"", ""percent"": 0.2, ""round_time_strategy"": ""STATIC"", ""time_evolution"": ""STATIC"", ""stop_strategy"": ""TIMEOUT""}",32,"{""varh"": ""Wdeg"", ""valh"": ""First"", ""saf"": ""False"", ""pc1"": ""True"", ""bdc"": ""1000"", ""toh"": ""False"", ""ng"": ""NO"", ""lc"": ""2"", ""negative"": ""V"", ""generic2"": ""True"", ""sb"": ""NO""}",27.446601457952056,0.4852629999513738,,ExitStatus.UNKNOWN,False,False,0.4852629999513738
2025-06-08T10:48:05.756261,Sonet-s2ring02_c23.xml,"{""input"": ""tests/xcsp3/cop/UNKNOWN/Sonet-s2ring02_c23.xml"", ""solver"": ""xcsp:ACE@2.4"", ""output_dir"": ""results_comparison"", ""global_time_limit"": 600, ""max_tries"": 50, ""tuning_file"": ""tests/psa/ace.tuning.json"", ""hpo_strategy"": ""hamming"", ""global_time_strategy"": ""PERCENT"", ""percent"": 0.2, ""round_time_strategy"": ""STATIC"", ""time_evolution"": ""STATIC"", ""stop_strategy"": ""TIMEOUT""}",33,"{""varh"": ""Wdeg"", ""valh"": ""First"", ""saf"": ""False"", ""pc1"": ""True"", ""bdc"": ""1"", ""toh"": ""True"", ""ng"": ""NO"", ""lc"": ""2"", ""negative"": ""V"", ""generic2"": ""True"", ""sb"": ""NO""}",27.446601457952056,6.3694072919897735,15,ExitStatus.FEASIBLE,False,False,6.3694072919897735
2025-06-08T10:48:12.189085,Sonet-s2ring02_c23.xml,"{""input"": ""tests/xcsp3/cop/UNKNOWN/Sonet-s2ring02_c23.xml"", ""solver"": ""xcsp:ACE@2.4"", ""output_dir"": ""results_comparison"", ""global_time_limit"": 600, ""max_tries"": 50, ""tuning_file"": ""tests/psa/ace.tuning.json"", ""hpo_strategy"": ""hamming"", ""global_time_strategy"": ""PERCENT"", ""percent"": 0.2, ""round_time_strategy"": ""STATIC"", ""time_evolution"": ""STATIC"", ""stop_strategy"": ""TIMEOUT""}",34,"{""varh"": ""Lexico"", ""valh"": ""First"", ""saf"": ""False"", ""pc1"": ""True"", ""bdc"": ""1"", ""toh"": ""False"", ""ng"": ""NO"", ""lc"": ""2"", ""negative"": ""V"", ""generic2"": ""True"", ""sb"": ""NO""}",27.446601457952056,6.367975500004832,14,ExitStatus.FEASIBLE,False,False,6.367975500004832
2025-06-08T10:48:12.745128,Sonet-s2ring02_c23.xml,"{""input"": ""tests/xcsp3/cop/UNKNOWN/Sonet-s2ring02_c23.xml"", ""solver"": ""xcsp:ACE@2.4"", ""output_dir"": ""results_comparison"", ""global_time_limit"": 600, ""max_tries"": 50, ""tuning_file"": ""tests/psa/ace.tuning.json"", ""hpo_strategy"": ""hamming"", ""global_time_strategy"": ""PERCENT"", ""percent"": 0.2, ""round_time_strategy"": ""STATIC"", ""time_evolution"": ""STATIC"", ""stop_strategy"": ""TIMEOUT""}",35,"{""varh"": ""Wdeg"", ""valh"": ""First"", ""saf"": ""False"", ""pc1"": ""True"", ""bdc"": ""100"", ""toh"": ""False"", ""ng"": ""NO"", ""lc"": ""2"", ""negative"": ""V"", ""generic2"": ""True"", ""sb"": ""NO""}",27.446601457952056,0.4917842079885304,,ExitStatus.UNKNOWN,False,False,0.4917842079885304
2025-06-08T10:48:19.179561,Sonet-s2ring02_c23.xml,"{""input"": ""tests/xcsp3/cop/UNKNOWN/Sonet-s2ring02_c23.xml"", ""solver"": ""xcsp:ACE@2.4"", ""output_dir"": ""results_comparison"", ""global_time_limit"": 600, ""max_tries"": 50, ""tuning_file"": ""tests/psa/ace.tuning.json"", ""hpo_strategy"": ""hamming"", ""global_time_strategy"": ""PERCENT"", ""percent"": 0.2, ""round_time_strategy"": ""STATIC"", ""time_evolution"": ""STATIC"", ""stop_strategy"": ""TIMEOUT""}",36,"{""varh"": ""Impact"", ""valh"": ""First"", ""saf"": ""False"", ""pc1"": ""True"", ""bdc"": ""1"", ""toh"": ""False"", ""ng"": ""NO"", ""lc"": ""2"", ""negative"": ""V"", ""generic2"": ""True"", ""sb"": ""NO""}",27.446601457952056,6.299692792003043,15,ExitStatus.FEASIBLE,False,False,6.299692792003043
2025-06-08T10:48:25.624318,Sonet-s2ring02_c23.xml,"{""input"": ""tests/xcsp3/cop/UNKNOWN/Sonet-s2ring02_c23.xml"", ""solver"": ""xcsp:ACE@2.4"", ""output_dir"": ""results_comparison"", ""global_time_limit"": 600, ""max_tries"": 50, ""tuning_file"": ""tests/psa/ace.tuning.json"", ""hpo_strategy"": ""hamming"", ""global_time_strategy"": ""PERCENT"", ""percent"": 0.2, ""round_time_strategy"": ""STATIC"", ""time_evolution"": ""STATIC"", ""stop_strategy"": ""TIMEOUT""}",37,"{""varh"": ""Wdeg"", ""valh"": ""First"", ""saf"": ""False"", ""pc1"": ""True"", ""bdc"": ""1"", ""toh"": ""False"", ""ng"": ""NO"", ""lc"": ""2"", ""negative"": ""VA"", ""generic2"": ""True"", ""sb"": ""NO""}",27.446601457952056,6.379157999996096,15,ExitStatus.FEASIBLE,False,False,6.379157999996096
2025-06-08T10:48:32.075506,Sonet-s2ring02_c23.xml,"{""input"": ""tests/xcsp3/cop/UNKNOWN/Sonet-s2ring02_c23.xml"", ""solver"": ""xcsp:ACE@2.4"", ""output_dir"": ""results_comparison"", ""global_time_limit"": 600, ""max_tries"": 50, ""tuning_file"": ""tests/psa/ace.tuning.json"", ""hpo_strategy"": ""hamming"", ""global_time_strategy"": ""PERCENT"", ""percent"": 0.2, ""round_time_strategy"": ""STATIC"", ""time_evolution"": ""STATIC"", ""stop_strategy"": ""TIMEOUT""}",38,"{""varh"": ""Wdeg"", ""valh"": ""First"", ""saf"": ""False"", ""pc1"": ""True"", ""bdc"": ""1"", ""toh"": ""True"", ""ng"": ""NO"", ""lc"": ""2"", ""negative"": ""STR1"", ""generic2"": ""True"", ""sb"": ""NO""}",27.446601457952056,6.373552708013449,15,ExitStatus.FEASIBLE,False,False,6.373552708013449
2025-06-08T10:48:38.543954,Sonet-s2ring02_c23.xml,"{""input"": ""tests/xcsp3/cop/UNKNOWN/Sonet-s2ring02_c23.xml"", ""solver"": ""xcsp:ACE@2.4"", ""output_dir"": ""results_comparison"", ""global_time_limit"": 600, ""max_tries"": 50, ""tuning_file"": ""tests/psa/ace.tuning.json"", ""hpo_strategy"": ""hamming"", ""global_time_strategy"": ""PERCENT"", ""percent"": 0.2, ""round_time_strategy"": ""STATIC"", ""time_evolution"": ""STATIC"", ""stop_strategy"": ""TIMEOUT""}",39,"{""varh"": ""WdegOnDom"", ""valh"": ""First"", ""saf"": ""True"", ""pc1"": ""True"", ""bdc"": ""1"", ""toh"": ""False"", ""ng"": ""NO"", ""lc"": ""2"", ""negative"": ""V"", ""generic2"": ""True"", ""sb"": ""NO""}",27.446601457952056,6.3867611669702455,15,ExitStatus.FEASIBLE,False,False,6.3867611669702455
2025-06-08T10:48:39.106829,Sonet-s2ring02_c23.xml,"{""input"": ""tests/xcsp3/cop/UNKNOWN/Sonet-s2ring02_c23.xml"", ""solver"": ""xcsp:ACE@2.4"", ""output_dir"": ""results_comparison"", ""global_time_limit"": 600, ""max_tries"": 50, ""tuning_file"": ""tests/psa/ace.tuning.json"", ""hpo_strategy"": ""hamming"", ""global_time_strategy"": ""PERCENT"", ""percent"": 0.2, ""round_time_strategy"": ""STATIC"", ""time_evolution"": ""STATIC"", ""stop_strategy"": ""TIMEOUT""}",40,"{""varh"": ""Wdeg"", ""valh"": ""Rand"", ""saf"": ""False"", ""pc1"": ""True"", ""bdc"": ""100"", ""toh"": ""False"", ""ng"": ""NO"", ""lc"": ""2"", ""negative"": ""V"", ""generic2"": ""True"", ""sb"": ""NO""}",27.446601457952056,0.491737375035882,,ExitStatus.UNKNOWN,False,False,0.491737375035882
2025-06-08T10:48:45.556525,Sonet-s2ring02_c23.xml,"{""input"": ""tests/xcsp3/cop/UNKNOWN/Sonet-s2ring02_c23.xml"", ""solver"": ""xcsp:ACE@2.4"", ""output_dir"": ""results_comparison"", ""global_time_limit"": 600, ""max_tries"": 50, ""tuning_file"": ""tests/psa/ace.tuning.json"", ""hpo_strategy"": ""hamming"", ""global_time_strategy"": ""PERCENT"", ""percent"": 0.2, ""round_time_strategy"": ""STATIC"", ""time_evolution"": ""STATIC"", ""stop_strategy"": ""TIMEOUT""}",41,"{""varh"": ""Wdeg"", ""valh"": ""Vals"", ""saf"": ""False"", ""pc1"": ""False"", ""bdc"": ""1"", ""toh"": ""False"", ""ng"": ""NO"", ""lc"": ""2"", ""negative"": ""V"", ""generic2"": ""True"", ""sb"": ""NO""}",27.446601457952056,6.377610999974422,14,ExitStatus.FEASIBLE,False,False,6.377610999974422
2025-06-08T10:48:46.115670,Sonet-s2ring02_c23.xml,"{""input"": ""tests/xcsp3/cop/UNKNOWN/Sonet-s2ring02_c23.xml"", ""solver"": ""xcsp:ACE@2.4"", ""output_dir"": ""results_comparison"", ""global_time_limit"": 600, ""max_tries"": 50, ""tuning_file"": ""tests/psa/ace.tuning.json"", ""hpo_strategy"": ""hamming"", ""global_time_strategy"": ""PERCENT"", ""percent"": 0.2, ""round_time_strategy"": ""STATIC"", ""time_evolution"": ""STATIC"", ""stop_strategy"": ""TIMEOUT""}",42,"{""varh"": ""Wdeg"", ""valh"": ""Median"", ""saf"": ""False"", ""pc1"": ""True"", ""bdc"": ""1000"", ""toh"": ""False"", ""ng"": ""NO"", ""lc"": ""2"", ""negative"": ""V"", ""generic2"": ""True"", ""sb"": ""NO""}",27.446601457952056,0.48631333297817037,,ExitStatus.UNKNOWN,False,False,0.48631333297817037
2025-06-08T10:48:52.552931,Sonet-s2ring02_c23.xml,"{""input"": ""tests/xcsp3/cop/UNKNOWN/Sonet-s2ring02_c23.xml"", ""solver"": ""xcsp:ACE@2.4"", ""output_dir"": ""results_comparison"", ""global_time_limit"": 600, ""max_tries"": 50, ""tuning_file"": ""tests/psa/ace.tuning.json"", ""hpo_strategy"": ""hamming"", ""global_time_strategy"": ""PERCENT"", ""percent"": 0.2, ""round_time_strategy"": ""STATIC"", ""time_evolution"": ""STATIC"", ""stop_strategy"": ""TIMEOUT""}",43,"{""varh"": ""Wdeg"", ""valh"": ""First"", ""saf"": ""False"", ""pc1"": ""False"", ""bdc"": ""1"", ""toh"": ""False"", ""ng"": ""NO"", ""lc"": ""2"", ""negative"": ""STR1"", ""generic2"": ""True"", ""sb"": ""NO""}",27.446601457952056,6.3662930830032565,15,ExitStatus.FEASIBLE,False,False,6.3662930830032565
2025-06-08T10:48:58.996169,Sonet-s2ring02_c23.xml,"{""input"": ""tests/xcsp3/cop/UNKNOWN/Sonet-s2ring02_c23.xml"", ""solver"": ""xcsp:ACE@2.4"", ""output_dir"": ""results_comparison"", ""global_time_limit"": 600, ""max_tries"": 50, ""tuning_file"": ""tests/psa/ace.tuning.json"", ""hpo_strategy"": ""hamming"", ""global_time_strategy"": ""PERCENT"", ""percent"": 0.2, ""round_time_strategy"": ""STATIC"", ""time_evolution"": ""STATIC"", ""stop_strategy"": ""TIMEOUT""}",44,"{""varh"": ""PickOnDom"", ""valh"": ""First"", ""saf"": ""False"", ""pc1"": ""True"", ""bdc"": ""1"", ""toh"": ""False"", ""ng"": ""NO"", ""lc"": ""2"", ""negative"": ""STR3"", ""generic2"": ""True"", ""sb"": ""NO""}",27.446601457952056,6.369852292002179,14,ExitStatus.FEASIBLE,False,False,6.369852292002179
2025-06-08T10:49:05.437037,Sonet-s2ring02_c23.xml,"{""input"": ""tests/xcsp3/cop/UNKNOWN/Sonet-s2ring02_c23.xml"", ""solver"": ""xcsp:ACE@2.4"", ""output_dir"": ""results_comparison"", ""global_time_limit"": 600, ""max_tries"": 50, ""tuning_file"": ""tests/psa/ace.tuning.json"", ""hpo_strategy"": ""hamming"", ""global_time_strategy"": ""PERCENT"", ""percent"": 0.2, ""round_time_strategy"": ""STATIC"", ""time_evolution"": ""STATIC"", ""stop_strategy"": ""TIMEOUT""}",45,"{""varh"": ""PickOnDom"", ""valh"": ""First"", ""saf"": ""False"", ""pc1"": ""True"", ""bdc"": ""1"", ""toh"": ""False"", ""ng"": ""NO"", ""lc"": ""2"", ""negative"": ""STR1N"", ""generic2"": ""True"", ""sb"": ""NO""}",27.446601457952056,6.369506584014744,14,ExitStatus.FEASIBLE,False,False,6.369506584014744
2025-06-08T10:49:11.878490,Sonet-s2ring02_c23.xml,"{""input"": ""tests/xcsp3/cop/UNKNOWN/Sonet-s2ring02_c23.xml"", ""solver"": ""xcsp:ACE@2.4"", ""output_dir"": ""results_comparison"", ""global_time_limit"": 600, ""max_tries"": 50, ""tuning_file"": ""tests/psa/ace.tuning.json"", ""hpo_strategy"": ""hamming"", ""global_time_strategy"": ""PERCENT"", ""percent"": 0.2, ""round_time_strategy"": ""STATIC"", ""time_evolution"": ""STATIC"", ""stop_strategy"": ""TIMEOUT""}",46,"{""varh"": ""Wdeg"", ""valh"": ""First"", ""saf"": ""False"", ""pc1"": ""True"", ""bdc"": ""1"", ""toh"": ""True"", ""ng"": ""NO"", ""lc"": ""2"", ""negative"": ""CT"", ""generic2"": ""True"", ""sb"": ""NO""}",27.446601457952056,6.369534291967284,15,ExitStatus.FEASIBLE,False,False,6.369534291967284
2025-06-08T10:49:18.308015,Sonet-s2ring02_c23.xml,"{""input"": ""tests/xcsp3/cop/UNKNOWN/Sonet-s2ring02_c23.xml"", ""solver"": ""xcsp:ACE@2.4"", ""output_dir"": ""results_comparison"", ""global_time_limit"": 600, ""max_tries"": 50, ""tuning_file"": ""tests/psa/ace.tuning.json"", ""hpo_strategy"": ""hamming"", ""global_time_strategy"": ""PERCENT"", ""percent"": 0.2, ""round_time_strategy"": ""STATIC"", ""time_evolution"": ""STATIC"", ""stop_strategy"": ""TIMEOUT""}",47,"{""varh"": ""Wdeg"", ""valh"": ""Rand"", ""saf"": ""False"", ""pc1"": ""True"", ""bdc"": ""1"", ""toh"": ""False"", ""ng"": ""NO"", ""lc"": ""0"", ""negative"": ""V"", ""generic2"": ""True"", ""sb"": ""NO""}",27.446601457952056,6.357597000023816,14,ExitStatus.FEASIBLE,True,False,6.357597000023816
2025-06-08T10:49:24.746995,Sonet-s2ring02_c23.xml,"{""input"": ""tests/xcsp3/cop/UNKNOWN/Sonet-s2ring02_c23.xml"", ""solver"": ""xcsp:ACE@2.4"", ""output_dir"": ""results_comparison"", ""global_time_limit"": 600, ""max_tries"": 50, ""tuning_file"": ""tests/psa/ace.tuning.json"", ""hpo_strategy"": ""hamming"", ""global_time_strategy"": ""PERCENT"", ""percent"": 0.2, ""round_time_strategy"": ""STATIC"", ""time_evolution"": ""STATIC"", ""stop_strategy"": ""TIMEOUT""}",48,"{""varh"": ""Wdeg"", ""valh"": ""FlrsE"", ""saf"": ""False"", ""pc1"": ""True"", ""bdc"": ""1"", ""toh"": ""False"", ""ng"": ""NO"", ""lc"": ""2"", ""negative"": ""STR3"", ""generic2"": ""True"", ""sb"": ""NO""}",27.446601457952056,6.366544124961365,14,ExitStatus.FEASIBLE,False,False,6.366544124961365
2025-06-08T10:49:31.185234,Sonet-s2ring02_c23.xml,"{""input"": ""tests/xcsp3/cop/UNKNOWN/Sonet-s2ring02_c23.xml"", ""solver"": ""xcsp:ACE@2.4"", ""output_dir"": ""results_comparison"", ""global_time_limit"": 600, ""max_tries"": 50, ""tuning_file"": ""tests/psa/ace.tuning.json"", ""hpo_strategy"": ""hamming"", ""global_time_strategy"": ""PERCENT"", ""percent"": 0.2, ""round_time_strategy"": ""STATIC"", ""time_evolution"": ""STATIC"", ""stop_strategy"": ""TIMEOUT""}",49,"{""varh"": ""Wdeg"", ""valh"": ""RunRobin"", ""saf"": ""False"", ""pc1"": ""True"", ""bdc"": ""1"", ""toh"": ""False"", ""ng"": ""NO"", ""lc"": ""2"", ""negative"": ""STR1"", ""generic2"": ""True"", ""sb"": ""NO""}",27.446601457952056,6.366079625033308,14,ExitStatus.FEASIBLE,False,False,6.366079625033308
2025-06-08T10:49:37.624800,Sonet-s2ring02_c23.xml,"{""input"": ""tests/xcsp3/cop/UNKNOWN/Sonet-s2ring02_c23.xml"", ""solver"": ""xcsp:ACE@2.4"", ""output_dir"": ""results_comparison"", ""global_time_limit"": 600, ""max_tries"": 50, ""tuning_file"": ""tests/psa/ace.tuning.json"", ""hpo_strategy"": ""hamming"", ""global_time_strategy"": ""PERCENT"", ""percent"": 0.2, ""round_time_strategy"": ""STATIC"", ""time_evolution"": ""STATIC"", ""stop_strategy"": ""TIMEOUT""}",50,"{""varh"": ""Rand"", ""valh"": ""First"", ""saf"": ""False"", ""pc1"": ""True"", ""bdc"": ""1"", ""toh"": ""False"", ""ng"": ""NO"", ""lc"": ""2"", ""negative"": ""STR0"", ""generic2"": ""True"", ""sb"": ""NO""}",27.446601457952056,6.36697766603902,15,ExitStatus.FEASIBLE,False,False,6.36697766603902
2025-06-08T10:49:44.066334,Sonet-s2ring02_c23.xml,"{""input"": ""tests/xcsp3/cop/UNKNOWN/Sonet-s2ring02_c23.xml"", ""solver"": ""xcsp:ACE@2.4"", ""output_dir"": ""results_comparison"", ""global_time_limit"": 600, ""max_tries"": 50, ""tuning_file"": ""tests/psa/ace.tuning.json"", ""hpo_strategy"": ""hamming"", ""global_time_strategy"": ""PERCENT"", ""percent"": 0.2, ""round_time_strategy"": ""STATIC"", ""time_evolution"": ""STATIC"", ""stop_strategy"": ""TIMEOUT""}",51,"{""varh"": ""Impact"", ""valh"": ""First"", ""saf"": ""True"", ""pc1"": ""True"", ""bdc"": ""1"", ""toh"": ""False"", ""ng"": ""NO"", ""lc"": ""2"", ""negative"": ""V"", ""generic2"": ""True"", ""sb"": ""NO""}",27.446601457952056,6.369294208008796,15,ExitStatus.FEASIBLE,False,False,6.369294208008796
2025-06-08T10:49:55.145929,Sonet-s2ring02_c23.xml,"{""input"": ""tests/xcsp3/cop/UNKNOWN/Sonet-s2ring02_c23.xml"", ""solver"": ""xcsp:ACE@2.4"", ""output_dir"": ""results_comparison"", ""global_time_limit"": 600, ""max_tries"": 50, ""tuning_file"": ""tests/psa/ace.tuning.json"", ""hpo_strategy"": ""hamming"", ""global_time_strategy"": ""PERCENT"", ""percent"": 0.2, ""round_time_strategy"": ""STATIC"", ""time_evolution"": ""STATIC"", ""stop_strategy"": ""TIMEOUT""}",52,"{""varh"": ""Wdeg"", ""valh"": ""Conflicts"", ""saf"": ""False"", ""pc1"": ""True"", ""bdc"": ""1"", ""toh"": ""False"", ""ng"": ""NO"", ""lc"": ""2"", ""negative"": ""STR2N"", ""generic2"": ""True"", ""sb"": ""NO""}",27.446601457952056,6,,ExitStatus.UNKNOWN,False,False,6
2025-06-08T10:50:01.597391,Sonet-s2ring02_c23.xml,"{""input"": ""tests/xcsp3/cop/UNKNOWN/Sonet-s2ring02_c23.xml"", ""solver"": ""xcsp:ACE@2.4"", ""output_dir"": ""results_comparison"", ""global_time_limit"": 600, ""max_tries"": 50, ""tuning_file"": ""tests/psa/ace.tuning.json"", ""hpo_strategy"": ""hamming"", ""global_time_strategy"": ""PERCENT"", ""percent"": 0.2, ""round_time_strategy"": ""STATIC"", ""time_evolution"": ""STATIC"", ""stop_strategy"": ""TIMEOUT""}",53,"{""varh"": ""Wdeg"", ""valh"": ""First"", ""saf"": ""False"", ""pc1"": ""True"", ""bdc"": ""1"", ""toh"": ""False"", ""ng"": ""NO"", ""lc"": ""10"", ""negative"": ""V"", ""generic2"": ""False"", ""sb"": ""NO""}",27.446601457952056,6.375635540985968,15,ExitStatus.FEASIBLE,False,False,6.375635540985968
2025-06-08T10:50:08.054898,Sonet-s2ring02_c23.xml,"{""input"": ""tests/xcsp3/cop/UNKNOWN/Sonet-s2ring02_c23.xml"", ""solver"": ""xcsp:ACE@2.4"", ""output_dir"": ""results_comparison"", ""global_time_limit"": 600, ""max_tries"": 50, ""tuning_file"": ""tests/psa/ace.tuning.json"", ""hpo_strategy"": ""hamming"", ""global_time_strategy"": ""PERCENT"", ""percent"": 0.2, ""round_time_strategy"": ""STATIC"", ""time_evolution"": ""STATIC"", ""stop_strategy"": ""TIMEOUT""}",54,"{""varh"": ""WdegOnDom"", ""valh"": ""First"", ""saf"": ""False"", ""pc1"": ""True"", ""bdc"": ""1"", ""toh"": ""False"", ""ng"": ""NO"", ""lc"": ""2"", ""negative"": ""STR1N"", ""generic2"": ""True"", ""sb"": ""NO""}",27.446601457952056,6.385493000037968,15,ExitStatus.FEASIBLE,False,False,6.385493000037968
2025-06-08T10:50:14.508929,Sonet-s2ring02_c23.xml,"{""input"": ""tests/xcsp3/cop/UNKNOWN/Sonet-s2ring02_c23.xml"", ""solver"": ""xcsp:ACE@2.4"", ""output_dir"": ""results_comparison"", ""global_time_limit"": 600, ""max_tries"": 50, ""tuning_file"": ""tests/psa/ace.tuning.json"", ""hpo_strategy"": ""hamming"", ""global_time_strategy"": ""PERCENT"", ""percent"": 0.2, ""round_time_strategy"": ""STATIC"", ""time_evolution"": ""STATIC"", ""stop_strategy"": ""TIMEOUT""}",55,"{""varh"": ""Impact"", ""valh"": ""Vals"", ""saf"": ""False"", ""pc1"": ""True"", ""bdc"": ""1"", ""toh"": ""False"", ""ng"": ""NO"", ""lc"": ""2"", ""negative"": ""V"", ""generic2"": ""True"", ""sb"": ""NO""}",27.446601457952056,6.382671832980122,15,ExitStatus.FEASIBLE,False,False,6.382671832980122
2025-06-08T10:50:20.973710,Sonet-s2ring02_c23.xml,"{""input"": ""tests/xcsp3/cop/UNKNOWN/Sonet-s2ring02_c23.xml"", ""solver"": ""xcsp:ACE@2.4"", ""output_dir"": ""results_comparison"", ""global_time_limit"": 600, ""max_tries"": 50, ""tuning_file"": ""tests/psa/ace.tuning.json"", ""hpo_strategy"": ""hamming"", ""global_time_strategy"": ""PERCENT"", ""percent"": 0.2, ""round_time_strategy"": ""STATIC"", ""time_evolution"": ""STATIC"", ""stop_strategy"": ""TIMEOUT""}",56,"{""varh"": ""Wdeg"", ""valh"": ""First"", ""saf"": ""True"", ""pc1"": ""True"", ""bdc"": ""1"", ""toh"": ""False"", ""ng"": ""NO"", ""lc"": ""2"", ""negative"": ""CT"", ""generic2"": ""True"", ""sb"": ""NO""}",27.446601457952056,6.389454957970884,15,ExitStatus.FEASIBLE,False,False,6.389454957970884
2025-06-08T10:50:21.579143,Sonet-s2ring02_c23.xml,"{""input"": ""tests/xcsp3/cop/UNKNOWN/Sonet-s2ring02_c23.xml"", ""solver"": ""xcsp:ACE@2.4"", ""output_dir"": ""results_comparison"", ""global_time_limit"": 600, ""max_tries"": 50, ""tuning_file"": ""tests/psa/ace.tuning.json"", ""hpo_strategy"": ""hamming"", ""global_time_strategy"": ""PERCENT"", ""percent"": 0.2, ""round_time_strategy"": ""STATIC"", ""time_evolution"": ""STATIC"", ""stop_strategy"": ""TIMEOUT""}",57,"{""varh"": ""Wdeg"", ""valh"": ""RunRobin"", ""saf"": ""False"", ""pc1"": ""True"", ""bdc"": ""1000"", ""toh"": ""False"", ""ng"": ""NO"", ""lc"": ""2"", ""negative"": ""V"", ""generic2"": ""True"", ""sb"": ""NO""}",27.446601457952056,0.5269912920193747,,ExitStatus.UNKNOWN,False,False,0.5269912920193747
2025-06-08T10:50:28.040496,Sonet-s2ring02_c23.xml,"{""input"": ""tests/xcsp3/cop/UNKNOWN/Sonet-s2ring02_c23.xml"", ""solver"": ""xcsp:ACE@2.4"", ""output_dir"": ""results_comparison"", ""global_time_limit"": 600, ""max_tries"": 50, ""tuning_file"": ""tests/psa/ace.tuning.json"", ""hpo_strategy"": ""hamming"", ""global_time_strategy"": ""PERCENT"", ""percent"": 0.2, ""round_time_strategy"": ""STATIC"", ""time_evolution"": ""STATIC"", ""stop_strategy"": ""TIMEOUT""}",58,"{""varh"": ""Activity"", ""valh"": ""OccsR"", ""saf"": ""False"", ""pc1"": ""True"", ""bdc"": ""1"", ""toh"": ""False"", ""ng"": ""NO"", ""lc"": ""2"", ""negative"": ""V"", ""generic2"": ""True"", ""sb"": ""NO""}",27.446601457952056,6.3864581669913605,23,ExitStatus.FEASIBLE,False,False,6.3864581669913605
2025-06-08T10:50:28.771257,Sonet-s2ring02_c23.xml,"{""input"": ""tests/xcsp3/cop/UNKNOWN/Sonet-s2ring02_c23.xml"", ""solver"": ""xcsp:ACE@2.4"", ""output_dir"": ""results_comparison"", ""global_time_limit"": 600, ""max_tries"": 50, ""tuning_file"": ""tests/psa/ace.tuning.json"", ""hpo_strategy"": ""hamming"", ""global_time_strategy"": ""PERCENT"", ""percent"": 0.2, ""round_time_strategy"": ""STATIC"", ""time_evolution"": ""STATIC"", ""stop_strategy"": ""TIMEOUT""}",59,"{""varh"": ""Impact"", ""valh"": ""First"", ""saf"": ""False"", ""pc1"": ""True"", ""bdc"": ""1000"", ""toh"": ""False"", ""ng"": ""NO"", ""lc"": ""2"", ""negative"": ""V"", ""generic2"": ""True"", ""sb"": ""NO""}",27.446601457952056,0.6579607920139097,,ExitStatus.UNKNOWN,False,False,0.6579607920139097
2025-06-08T10:50:35.232312,Sonet-s2ring02_c23.xml,"{""input"": ""tests/xcsp3/cop/UNKNOWN/Sonet-s2ring02_c23.xml"", ""solver"": ""xcsp:ACE@2.4"", ""output_dir"": ""results_comparison"", ""global_time_limit"": 600, ""max_tries"": 50, ""tuning_file"": ""tests/psa/ace.tuning.json"", ""hpo_strategy"": ""hamming"", ""global_time_strategy"": ""PERCENT"", ""percent"": 0.2, ""round_time_strategy"": ""STATIC"", ""time_evolution"": ""STATIC"", ""stop_strategy"": ""TIMEOUT""}",60,"{""varh"": ""Impact"", ""valh"": ""Bivs3"", ""saf"": ""False"", ""pc1"": ""True"", ""bdc"": ""1"", ""toh"": ""False"", ""ng"": ""NO"", ""lc"": ""2"", ""negative"": ""V"", ""generic2"": ""True"", ""sb"": ""NO""}",27.446601457952056,6.387851625040639,15,ExitStatus.FEASIBLE,False,False,6.387851625040639
2025-06-08T10:50:41.676513,Sonet-s2ring02_c23.xml,"{""input"": ""tests/xcsp3/cop/UNKNOWN/Sonet-s2ring02_c23.xml"", ""solver"": ""xcsp:ACE@2.4"", ""output_dir"": ""results_comparison"", ""global_time_limit"": 600, ""max_tries"": 50, ""tuning_file"": ""tests/psa/ace.tuning.json"", ""hpo_strategy"": ""hamming"", ""global_time_strategy"": ""PERCENT"", ""percent"": 0.2, ""round_time_strategy"": ""STATIC"", ""time_evolution"": ""STATIC"", ""stop_strategy"": ""TIMEOUT""}",61,"{""varh"": ""Wdeg"", ""valh"": ""RunRobin"", ""saf"": ""True"", ""pc1"": ""True"", ""bdc"": ""1"", ""toh"": ""False"", ""ng"": ""NO"", ""lc"": ""2"", ""negative"": ""V"", ""generic2"": ""True"", ""sb"": ""NO""}",27.446601457952056,6.3694567500497214,14,ExitStatus.FEASIBLE,False,False,6.3694567500497214
2025-06-08T10:50:48.125583,Sonet-s2ring02_c23.xml,"{""input"": ""tests/xcsp3/cop/UNKNOWN/Sonet-s2ring02_c23.xml"", ""solver"": ""xcsp:ACE@2.4"", ""output_dir"": ""results_comparison"", ""global_time_limit"": 600, ""max_tries"": 50, ""tuning_file"": ""tests/psa/ace.tuning.json"", ""hpo_strategy"": ""hamming"", ""global_time_strategy"": ""PERCENT"", ""percent"": 0.2, ""round_time_strategy"": ""STATIC"", ""time_evolution"": ""STATIC"", ""stop_strategy"": ""TIMEOUT""}",62,"{""varh"": ""Activity"", ""valh"": ""Median"", ""saf"": ""False"", ""pc1"": ""True"", ""bdc"": ""1"", ""toh"": ""False"", ""ng"": ""NO"", ""lc"": ""2"", ""negative"": ""V"", ""generic2"": ""True"", ""sb"": ""NO""}",27.446601457952056,6.376340667018667,26,ExitStatus.FEASIBLE,False,False,6.376340667018667
2025-06-08T10:50:54.571165,Sonet-s2ring02_c23.xml,"{""input"": ""tests/xcsp3/cop/UNKNOWN/Sonet-s2ring02_c23.xml"", ""solver"": ""xcsp:ACE@2.4"", ""output_dir"": ""results_comparison"", ""global_time_limit"": 600, ""max_tries"": 50, ""tuning_file"": ""tests/psa/ace.tuning.json"", ""hpo_strategy"": ""hamming"", ""global_time_strategy"": ""PERCENT"", ""percent"": 0.2, ""round_time_strategy"": ""STATIC"", ""time_evolution"": ""STATIC"", ""stop_strategy"": ""TIMEOUT""}",63,"{""varh"": ""PickOnDom"", ""valh"": ""First"", ""saf"": ""False"", ""pc1"": ""True"", ""bdc"": ""1"", ""toh"": ""False"", ""ng"": ""NO"", ""lc"": ""2"", ""negative"": ""CT"", ""generic2"": ""True"", ""sb"": ""NO""}",27.446601457952056,6.374544000020251,14,ExitStatus.FEASIBLE,False,False,6.374544000020251
2025-06-08T10:51:01.017567,Sonet-s2ring02_c23.xml,"{""input"": ""tests/xcsp3/cop/UNKNOWN/Sonet-s2ring02_c23.xml"", ""solver"": ""xcsp:ACE@2.4"", ""output_dir"": ""results_comparison"", ""global_time_limit"": 600, ""max_tries"": 50, ""tuning_file"": ""tests/psa/ace.tuning.json"", ""hpo_strategy"": ""hamming"", ""global_time_strategy"": ""PERCENT"", ""percent"": 0.2, ""round_time_strategy"": ""STATIC"", ""time_evolution"": ""STATIC"", ""stop_strategy"": ""TIMEOUT""}",64,"{""varh"": ""Wdeg"", ""valh"": ""Median"", ""saf"": ""False"", ""pc1"": ""True"", ""bdc"": ""1"", ""toh"": ""True"", ""ng"": ""NO"", ""lc"": ""2"", ""negative"": ""V"", ""generic2"": ""True"", ""sb"": ""NO""}",27.446601457952056,6.375148832972627,14,ExitStatus.FEASIBLE,False,False,6.375148832972627
2025-06-08T10:51:07.476016,Sonet-s2ring02_c23.xml,"{""input"": ""tests/xcsp3/cop/UNKNOWN/Sonet-s2ring02_c23.xml"", ""solver"": ""xcsp:ACE@2.4"", ""output_dir"": ""results_comparison"", ""global_time_limit"": 600, ""max_tries"": 50, ""tuning_file"": ""tests/psa/ace.tuning.json"", ""hpo_strategy"": ""hamming"", ""global_time_strategy"": ""PERCENT"", ""percent"": 0.2, ""round_time_strategy"": ""STATIC"", ""time_evolution"": ""STATIC"", ""stop_strategy"": ""TIMEOUT""}",65,"{""varh"": ""Rand"", ""valh"": ""OccsR"", ""saf"": ""False"", ""pc1"": ""True"", ""bdc"": ""1"", ""toh"": ""False"", ""ng"": ""NO"", ""lc"": ""2"", ""negative"": ""V"", ""generic2"": ""True"", ""sb"": ""NO""}",27.446601457952056,6.385670875024516,14,ExitStatus.FEASIBLE,False,False,6.385670875024516
2025-06-08T10:51:13.933741,Sonet-s2ring02_c23.xml,"{""input"": ""tests/xcsp3/cop/UNKNOWN/Sonet-s2ring02_c23.xml"", ""solver"": ""xcsp:ACE@2.4"", ""output_dir"": ""results_comparison"", ""global_time_limit"": 600, ""max_tries"": 50, ""tuning_file"": ""tests/psa/ace.tuning.json"", ""hpo_strategy"": ""hamming"", ""global_time_strategy"": ""PERCENT"", ""percent"": 0.2, ""round_time_strategy"": ""STATIC"", ""time_evolution"": ""STATIC"", ""stop_strategy"": ""TIMEOUT""}",66,"{""varh"": ""Memory"", ""valh"": ""RunRobin"", ""saf"": ""False"", ""pc1"": ""True"", ""bdc"": ""1"", ""toh"": ""False"", ""ng"": ""NO"", ""lc"": ""2"", ""negative"": ""V"", ""generic2"": ""True"", ""sb"": ""NO""}",27.446601457952056,6.383048625022639,14,ExitStatus.FEASIBLE,False,False,6.383048625022639
2025-06-08T10:51:20.387004,Sonet-s2ring02_c23.xml,"{""input"": ""tests/xcsp3/cop/UNKNOWN/Sonet-s2ring02_c23.xml"", ""solver"": ""xcsp:ACE@2.4"", ""output_dir"": ""results_comparison"", ""global_time_limit"": 600, ""max_tries"": 50, ""tuning_file"": ""tests/psa/ace.tuning.json"", ""hpo_strategy"": ""hamming"", ""global_time_strategy"": ""PERCENT"", ""percent"": 0.2, ""round_time_strategy"": ""STATIC"", ""time_evolution"": ""STATIC"", ""stop_strategy"": ""TIMEOUT""}",67,"{""varh"": ""PickOnDom"", ""valh"": ""First"", ""saf"": ""False"", ""pc1"": ""True"", ""bdc"": ""1"", ""toh"": ""False"", ""ng"": ""NO"", ""lc"": ""2"", ""negative"": ""STR2"", ""generic2"": ""True"", ""sb"": ""NO""}",27.446601457952056,6.3808412500075065,14,ExitStatus.FEASIBLE,False,False,6.3808412500075065
2025-06-08T10:51:26.849304,Sonet-s2ring02_c23.xml,"{""input"": ""tests/xcsp3/cop/UNKNOWN/Sonet-s2ring02_c23.xml"", ""solver"": ""xcsp:ACE@2.4"", ""output_dir"": ""results_comparison"", ""global_time_limit"": 600, ""max_tries"": 50, ""tuning_file"": ""tests/psa/ace.tuning.json"", ""hpo_strategy"": ""hamming"", ""global_time_strategy"": ""PERCENT"", ""percent"": 0.2, ""round_time_strategy"": ""STATIC"", ""time_evolution"": ""STATIC"", ""stop_strategy"": ""TIMEOUT""}",68,"{""varh"": ""Wdeg"", ""valh"": ""Last"", ""saf"": ""False"", ""pc1"": ""True"", ""bdc"": ""1"", ""toh"": ""False"", ""ng"": ""NO"", ""lc"": ""2"", ""negative"": ""STR1"", ""generic2"": ""True"", ""sb"": ""NO""}",27.446601457952056,6.388420666975435,14,ExitStatus.FEASIBLE,False,False,6.388420666975435
2025-06-08T10:51:33.308111,Sonet-s2ring02_c23.xml,"{""input"": ""tests/xcsp3/cop/UNKNOWN/Sonet-s2ring02_c23.xml"", ""solver"": ""xcsp:ACE@2.4"", ""output_dir"": ""results_comparison"", ""global_time_limit"": 600, ""max_tries"": 50, ""tuning_file"": ""tests/psa/ace.tuning.json"", ""hpo_strategy"": ""hamming"", ""global_time_strategy"": ""PERCENT"", ""percent"": 0.2, ""round_time_strategy"": ""STATIC"", ""time_evolution"": ""STATIC"", ""stop_strategy"": ""TIMEOUT""}",69,"{""varh"": ""Wdeg"", ""valh"": ""First"", ""saf"": ""False"", ""pc1"": ""True"", ""bdc"": ""1"", ""toh"": ""False"", ""ng"": ""NO"", ""lc"": ""0"", ""negative"": ""STR1"", ""generic2"": ""True"", ""sb"": ""NO""}",27.446601457952056,6.385464749997482,14,ExitStatus.FEASIBLE,False,False,6.385464749997482
2025-06-08T10:51:39.764349,Sonet-s2ring02_c23.xml,"{""input"": ""tests/xcsp3/cop/UNKNOWN/Sonet-s2ring02_c23.xml"", ""solver"": ""xcsp:ACE@2.4"", ""output_dir"": ""results_comparison"", ""global_time_limit"": 600, ""max_tries"": 50, ""tuning_file"": ""tests/psa/ace.tuning.json"", ""hpo_strategy"": ""hamming"", ""global_time_strategy"": ""PERCENT"", ""percent"": 0.2, ""round_time_strategy"": ""STATIC"", ""time_evolution"": ""STATIC"", ""stop_strategy"": ""TIMEOUT""}",70,"{""varh"": ""Wdeg"", ""valh"": ""RunRobin"", ""saf"": ""False"", ""pc1"": ""True"", ""bdc"": ""1"", ""toh"": ""False"", ""ng"": ""NO"", ""lc"": ""2"", ""negative"": ""VA"", ""generic2"": ""True"", ""sb"": ""NO""}",27.446601457952056,6.38020241697086,15,ExitStatus.FEASIBLE,False,False,6.38020241697086
2025-06-08T10:51:46.231600,Sonet-s2ring02_c23.xml,"{""input"": ""tests/xcsp3/cop/UNKNOWN/Sonet-s2ring02_c23.xml"", ""solver"": ""xcsp:ACE@2.4"", ""output_dir"": ""results_comparison"", ""global_time_limit"": 600, ""max_tries"": 50, ""tuning_file"": ""tests/psa/ace.tuning.json"", ""hpo_strategy"": ""hamming"", ""global_time_strategy"": ""PERCENT"", ""percent"": 0.2, ""round_time_strategy"": ""STATIC"", ""time_evolution"": ""STATIC"", ""stop_strategy"": ""TIMEOUT""}",71,"{""varh"": ""Wdeg"", ""valh"": ""Bivs3"", ""saf"": ""False"", ""pc1"": ""True"", ""bdc"": ""1"", ""toh"": ""False"", ""ng"": ""NO"", ""lc"": ""2"", ""negative"": ""STR2N"", ""generic2"": ""True"", ""sb"": ""NO""}",27.446601457952056,6.3920220420113765,15,ExitStatus.FEASIBLE,False,False,6.3920220420113765
2025-06-08T10:51:52.676209,Sonet-s2ring02_c23.xml,"{""input"": ""tests/xcsp3/cop/UNKNOWN/Sonet-s2ring02_c23.xml"", ""solver"": ""xcsp:ACE@2.4"", ""output_dir"": ""results_comparison"", ""global_time_limit"": 600, ""max_tries"": 50, ""tuning_file"": ""tests/psa/ace.tuning.json"", ""hpo_strategy"": ""hamming"", ""global_time_strategy"": ""PERCENT"", ""percent"": 0.2, ""round_time_strategy"": ""STATIC"", ""time_evolution"": ""STATIC"", ""stop_strategy"": ""TIMEOUT""}",72,"{""varh"": ""Lexico"", ""valh"": ""First"", ""saf"": ""False"", ""pc1"": ""True"", ""bdc"": ""1"", ""toh"": ""False"", ""ng"": ""NO"", ""lc"": ""2"", ""negative"": ""V"", ""generic2"": ""False"", ""sb"": ""NO""}",27.446601457952056,6.374416832986753,14,ExitStatus.FEASIBLE,False,False,6.374416832986753
2025-06-08T10:51:59.129585,Sonet-s2ring02_c23.xml,"{""input"": ""tests/xcsp3/cop/UNKNOWN/Sonet-s2ring02_c23.xml"", ""solver"": ""xcsp:ACE@2.4"", ""output_dir"": ""results_comparison"", ""global_time_limit"": 600, ""max_tries"": 50, ""tuning_file"": ""tests/psa/ace.tuning.json"", ""hpo_strategy"": ""hamming"", ""global_time_strategy"": ""PERCENT"", ""percent"": 0.2, ""round_time_strategy"": ""STATIC"", ""time_evolution"": ""STATIC"", ""stop_strategy"": ""TIMEOUT""}",73,"{""varh"": ""Wdeg"", ""valh"": ""OccsR"", ""saf"": ""False"", ""pc1"": ""True"", ""bdc"": ""1"", ""toh"": ""False"", ""ng"": ""NO"", ""lc"": ""2"", ""negative"": ""STR2N"", ""generic2"": ""True"", ""sb"": ""NO""}",27.446601457952056,6.385472083988134,14,ExitStatus.FEASIBLE,False,False,6.385472083988134
2025-06-08T10:52:05.583262,Sonet-s2ring02_c23.xml,"{""input"": ""tests/xcsp3/cop/UNKNOWN/Sonet-s2ring02_c23.xml"", ""solver"": ""xcsp:ACE@2.4"", ""output_dir"": ""results_comparison"", ""global_time_limit"": 600, ""max_tries"": 50, ""tuning_file"": ""tests/psa/ace.tuning.json"", ""hpo_strategy"": ""hamming"", ""global_time_strategy"": ""PERCENT"", ""percent"": 0.2, ""round_time_strategy"": ""STATIC"", ""time_evolution"": ""STATIC"", ""stop_strategy"": ""TIMEOUT""}",74,"{""varh"": ""Wdeg"", ""valh"": ""First"", ""saf"": ""True"", ""pc1"": ""False"", ""bdc"": ""1"", ""toh"": ""False"", ""ng"": ""NO"", ""lc"": ""2"", ""negative"": ""V"", ""generic2"": ""True"", ""sb"": ""NO""}",27.446601457952056,6.382641792006325,15,ExitStatus.FEASIBLE,False,False,6.382641792006325
2025-06-08T10:52:12.041234,Sonet-s2ring02_c23.xml,"{""input"": ""tests/xcsp3/cop/UNKNOWN/Sonet-s2ring02_c23.xml"", ""solver"": ""xcsp:ACE@2.4"", ""output_dir"": ""results_comparison"", ""global_time_limit"": 600, ""max_tries"": 50, ""tuning_file"": ""tests/psa/ace.tuning.json"", ""hpo_strategy"": ""hamming"", ""global_time_strategy"": ""PERCENT"", ""percent"": 0.2, ""round_time_strategy"": ""STATIC"", ""time_evolution"": ""STATIC"", ""stop_strategy"": ""TIMEOUT""}",75,"{""varh"": ""RunRobin"", ""valh"": ""First"", ""saf"": ""False"", ""pc1"": ""True"", ""bdc"": ""1"", ""toh"": ""False"", ""ng"": ""NO"", ""lc"": ""2"", ""negative"": ""CT"", ""generic2"": ""True"", ""sb"": ""NO""}",27.446601457952056,6.389603750023525,14,ExitStatus.FEASIBLE,False,False,6.389603750023525
2025-06-08T10:52:18.491094,Sonet-s2ring02_c23.xml,"{""input"": ""tests/xcsp3/cop/UNKNOWN/Sonet-s2ring02_c23.xml"", ""solver"": ""xcsp:ACE@2.4"", ""output_dir"": ""results_comparison"", ""global_time_limit"": 600, ""max_tries"": 50, ""tuning_file"": ""tests/psa/ace.tuning.json"", ""hpo_strategy"": ""hamming"", ""global_time_strategy"": ""PERCENT"", ""percent"": 0.2, ""round_time_strategy"": ""STATIC"", ""time_evolution"": ""STATIC"", ""stop_strategy"": ""TIMEOUT""}",76,"{""varh"": ""PickOnDom"", ""valh"": ""First"", ""saf"": ""False"", ""pc1"": ""True"", ""bdc"": ""1"", ""toh"": ""True"", ""ng"": ""NO"", ""lc"": ""2"", ""negative"": ""V"", ""generic2"": ""True"", ""sb"": ""NO""}",27.446601457952056,6.3787597920163535,14,ExitStatus.FEASIBLE,False,False,6.3787597920163535
2025-06-08T10:52:19.070488,Sonet-s2ring02_c23.xml,"{""input"": ""tests/xcsp3/cop/UNKNOWN/Sonet-s2ring02_c23.xml"", ""solver"": ""xcsp:ACE@2.4"", ""output_dir"": ""results_comparison"", ""global_time_limit"": 600, ""max_tries"": 50, ""tuning_file"": ""tests/psa/ace.tuning.json"", ""hpo_strategy"": ""hamming"", ""global_time_strategy"": ""PERCENT"", ""percent"": 0.2, ""round_time_strategy"": ""STATIC"", ""time_evolution"": ""STATIC"", ""stop_strategy"": ""TIMEOUT""}",77,"{""varh"": ""Wdeg"", ""valh"": ""First"", ""saf"": ""False"", ""pc1"": ""True"", ""bdc"": ""100"", ""toh"": ""False"", ""ng"": ""NO"", ""lc"": ""2"", ""negative"": ""STR1"", ""generic2"": ""True"", ""sb"": ""NO""}",27.446601457952056,0.5159390830085613,,ExitStatus.UNKNOWN,False,False,0.5159390830085613
2025-06-08T10:52:25.501421,Sonet-s2ring02_c23.xml,"{""input"": ""tests/xcsp3/cop/UNKNOWN/Sonet-s2ring02_c23.xml"", ""solver"": ""xcsp:ACE@2.4"", ""output_dir"": ""results_comparison"", ""global_time_limit"": 600, ""max_tries"": 50, ""tuning_file"": ""tests/psa/ace.tuning.json"", ""hpo_strategy"": ""hamming"", ""global_time_strategy"": ""PERCENT"", ""percent"": 0.2, ""round_time_strategy"": ""STATIC"", ""time_evolution"": ""STATIC"", ""stop_strategy"": ""TIMEOUT""}",78,"{""varh"": ""Rand"", ""valh"": ""First"", ""saf"": ""False"", ""pc1"": ""True"", ""bdc"": ""1"", ""toh"": ""False"", ""ng"": ""NO"", ""lc"": ""0"", ""negative"": ""V"", ""generic2"": ""True"", ""sb"": ""NO""}",27.446601457952056,6.3674467919627205,15,ExitStatus.FEASIBLE,False,False,6.3674467919627205
2025-06-08T10:52:26.077622,Sonet-s2ring02_c23.xml,"{""input"": ""tests/xcsp3/cop/UNKNOWN/Sonet-s2ring02_c23.xml"", ""solver"": ""xcsp:ACE@2.4"", ""output_dir"": ""results_comparison"", ""global_time_limit"": 600, ""max_tries"": 50, ""tuning_file"": ""tests/psa/ace.tuning.json"", ""hpo_strategy"": ""hamming"", ""global_time_strategy"": ""PERCENT"", ""percent"": 0.2, ""round_time_strategy"": ""STATIC"", ""time_evolution"": ""STATIC"", ""stop_strategy"": ""TIMEOUT""}",79,"{""varh"": ""Wdeg"", ""valh"": ""First"", ""saf"": ""False"", ""pc1"": ""False"", ""bdc"": ""100"", ""toh"": ""False"", ""ng"": ""NO"", ""lc"": ""2"", ""negative"": ""V"", ""generic2"": ""True"", ""sb"": ""NO""}",27.446601457952056,0.5138331670314074,,ExitStatus.UNKNOWN,False,False,0.5138331670314074
2025-06-08T10:52:26.927672,Sonet-s2ring02_c23.xml,"{""input"": ""tests/xcsp3/cop/UNKNOWN/Sonet-s2ring02_c23.xml"", ""solver"": ""xcsp:ACE@2.4"", ""output_dir"": ""results_comparison"", ""global_time_limit"": 600, ""max_tries"": 50, ""tuning_file"": ""tests/psa/ace.tuning.json"", ""hpo_strategy"": ""hamming"", ""global_time_strategy"": ""PERCENT"", ""percent"": 0.2, ""round_time_strategy"": ""STATIC"", ""time_evolution"": ""STATIC"", ""stop_strategy"": ""TIMEOUT""}",80,"{""varh"": ""Wdeg"", ""valh"": ""First"", ""saf"": ""False"", ""pc1"": ""True"", ""bdc"": ""10"", ""toh"": ""False"", ""ng"": ""NO"", ""lc"": ""2"", ""negative"": ""V"", ""generic2"": ""False"", ""sb"": ""NO""}",27.446601457952056,0.7871394170215353,19,ExitStatus.OPTIMAL,False,False,0.7871394170215353
2025-06-08T10:52:33.371710,Sonet-s2ring02_c23.xml,"{""input"": ""tests/xcsp3/cop/UNKNOWN/Sonet-s2ring02_c23.xml"", ""solver"": ""xcsp:ACE@2.4"", ""output_dir"": ""results_comparison"", ""global_time_limit"": 600, ""max_tries"": 50, ""tuning_file"": ""tests/psa/ace.tuning.json"", ""hpo_strategy"": ""hamming"", ""global_time_strategy"": ""PERCENT"", ""percent"": 0.2, ""round_time_strategy"": ""STATIC"", ""time_evolution"": ""STATIC"", ""stop_strategy"": ""TIMEOUT""}",81,"{""varh"": ""Wdeg"", ""valh"": ""FlrsE"", ""saf"": ""False"", ""pc1"": ""True"", ""bdc"": ""1"", ""toh"": ""False"", ""ng"": ""NO"", ""lc"": ""2"", ""negative"": ""CT"", ""generic2"": ""True"", ""sb"": ""NO""}",27.446601457952056,6.381241582974326,14,ExitStatus.FEASIBLE,False,False,6.381241582974326
2025-06-08T10:52:39.815852,Sonet-s2ring02_c23.xml,"{""input"": ""tests/xcsp3/cop/UNKNOWN/Sonet-s2ring02_c23.xml"", ""solver"": ""xcsp:ACE@2.4"", ""output_dir"": ""results_comparison"", ""global_time_limit"": 600, ""max_tries"": 50, ""tuning_file"": ""tests/psa/ace.tuning.json"", ""hpo_strategy"": ""hamming"", ""global_time_strategy"": ""PERCENT"", ""percent"": 0.2, ""round_time_strategy"": ""STATIC"", ""time_evolution"": ""STATIC"", ""stop_strategy"": ""TIMEOUT""}",82,"{""varh"": ""Wdeg"", ""valh"": ""Bivs3"", ""saf"": ""False"", ""pc1"": ""True"", ""bdc"": ""1"", ""toh"": ""False"", ""ng"": ""NO"", ""lc"": ""2"", ""negative"": ""STR3"", ""generic2"": ""True"", ""sb"": ""NO""}",27.446601457952056,6.378563791979104,15,ExitStatus.FEASIBLE,False,False,6.378563791979104
2025-06-08T10:52:46.246558,Sonet-s2ring02_c23.xml,"{""input"": ""tests/xcsp3/cop/UNKNOWN/Sonet-s2ring02_c23.xml"", ""solver"": ""xcsp:ACE@2.4"", ""output_dir"": ""results_comparison"", ""global_time_limit"": 600, ""max_tries"": 50, ""tuning_file"": ""tests/psa/ace.tuning.json"", ""hpo_strategy"": ""hamming"", ""global_time_strategy"": ""PERCENT"", ""percent"": 0.2, ""round_time_strategy"": ""STATIC"", ""time_evolution"": ""STATIC"", ""stop_strategy"": ""TIMEOUT""}",83,"{""varh"": ""Lexico"", ""valh"": ""First"", ""saf"": ""False"", ""pc1"": ""True"", ""bdc"": ""1"", ""toh"": ""False"", ""ng"": ""NO"", ""lc"": ""0"", ""negative"": ""V"", ""generic2"": ""True"", ""sb"": ""NO""}",27.446601457952056,6.366119041049387,14,ExitStatus.FEASIBLE,False,False,6.366119041049387
2025-06-08T10:52:57.312905,Sonet-s2ring02_c23.xml,"{""input"": ""tests/xcsp3/cop/UNKNOWN/Sonet-s2ring02_c23.xml"", ""solver"": ""xcsp:ACE@2.4"", ""output_dir"": ""results_comparison"", ""global_time_limit"": 600, ""max_tries"": 50, ""tuning_file"": ""tests/psa/ace.tuning.json"", ""hpo_strategy"": ""hamming"", ""global_time_strategy"": ""PERCENT"", ""percent"": 0.2, ""round_time_strategy"": ""STATIC"", ""time_evolution"": ""STATIC"", ""stop_strategy"": ""TIMEOUT""}",84,"{""varh"": ""WdegOnDom"", ""valh"": ""Conflicts"", ""saf"": ""False"", ""pc1"": ""True"", ""bdc"": ""1"", ""toh"": ""False"", ""ng"": ""NO"", ""lc"": ""2"", ""negative"": ""V"", ""generic2"": ""True"", ""sb"": ""NO""}",27.446601457952056,6,,ExitStatus.UNKNOWN,False,False,6
2025-06-08T12:31:22.708442,Sonet-s2ring02_c23.xml,"{""input"": ""tests/xcsp3/cop/UNKNOWN/Sonet-s2ring02_c23.xml"", ""solver"": ""xcsp:ACE@2.4"", ""output_dir"": ""results_comparison"", ""global_time_limit"": 600, ""max_tries"": 50, ""tuning_file"": ""tests/psa/ace.tuning.json"", ""hpo_strategy"": ""hamming"", ""global_time_strategy"": ""PERCENT"", ""percent"": 0.2, ""round_time_strategy"": ""STATIC"", ""time_evolution"": ""STATIC"", ""stop_strategy"": ""TIMEOUT""}",0,"{""varh"": ""Wdeg"", ""valh"": ""First"", ""saf"": ""False"", ""pc1"": ""True"", ""bdc"": ""1"", ""toh"": ""False"", ""ng"": ""NO"", ""lc"": ""2"", ""negative"": ""V"", ""generic2"": ""True"", ""sb"": ""NO""}",17.095661041035783,17.095661041035783,14,ExitStatus.OPTIMAL,True,True,17.095661041035783
2025-06-08T12:31:40.028778,Sonet-s2ring02_c23.xml,"{""input"": ""tests/xcsp3/cop/UNKNOWN/Sonet-s2ring02_c23.xml"", ""solver"": ""xcsp:ACE@2.4"", ""output_dir"": ""results_comparison"", ""global_time_limit"": 600, ""max_tries"": 50, ""tuning_file"": ""tests/psa/ace.tuning.json"", ""hpo_strategy"": ""hamming"", ""global_time_strategy"": ""PERCENT"", ""percent"": 0.2, ""round_time_strategy"": ""STATIC"", ""time_evolution"": ""STATIC"", ""stop_strategy"": ""TIMEOUT""}",1,"{""varh"": ""Wdeg"", ""valh"": ""First"", ""saf"": ""True"", ""pc1"": ""True"", ""bdc"": ""1"", ""toh"": ""False"", ""ng"": ""NO"", ""lc"": ""2"", ""negative"": ""V"", ""generic2"": ""True"", ""sb"": ""NO""}",17.095661041035783,17.22999050002545,14,ExitStatus.OPTIMAL,False,False,17.22999050002545
2025-06-08T12:31:57.468425,Sonet-s2ring02_c23.xml,"{""input"": ""tests/xcsp3/cop/UNKNOWN/Sonet-s2ring02_c23.xml"", ""solver"": ""xcsp:ACE@2.4"", ""output_dir"": ""results_comparison"", ""global_time_limit"": 600, ""max_tries"": 50, ""tuning_file"": ""tests/psa/ace.tuning.json"", ""hpo_strategy"": ""hamming"", ""global_time_strategy"": ""PERCENT"", ""percent"": 0.2, ""round_time_strategy"": ""STATIC"", ""time_evolution"": ""STATIC"", ""stop_strategy"": ""TIMEOUT""}",2,"{""varh"": ""Wdeg"", ""valh"": ""RunRobin"", ""saf"": ""False"", ""pc1"": ""True"", ""bdc"": ""1"", ""toh"": ""False"", ""ng"": ""NO"", ""lc"": ""2"", ""negative"": ""V"", ""generic2"": ""True"", ""sb"": ""NO""}",17.095661041035783,17.364351917000022,14,ExitStatus.FEASIBLE,False,False,17.364351917000022
2025-06-08T12:32:14.904415,Sonet-s2ring02_c23.xml,"{""input"": ""tests/xcsp3/cop/UNKNOWN/Sonet-s2ring02_c23.xml"", ""solver"": ""xcsp:ACE@2.4"", ""output_dir"": ""results_comparison"", ""global_time_limit"": 600, ""max_tries"": 50, ""tuning_file"": ""tests/psa/ace.tuning.json"", ""hpo_strategy"": ""hamming"", ""global_time_strategy"": ""PERCENT"", ""percent"": 0.2, ""round_time_strategy"": ""STATIC"", ""time_evolution"": ""STATIC"", ""stop_strategy"": ""TIMEOUT""}",3,"{""varh"": ""Wdeg"", ""valh"": ""Vals"", ""saf"": ""False"", ""pc1"": ""True"", ""bdc"": ""1"", ""toh"": ""False"", ""ng"": ""NO"", ""lc"": ""2"", ""negative"": ""V"", ""generic2"": ""True"", ""sb"": ""NO""}",17.095661041035783,17.360780415998306,14,ExitStatus.FEASIBLE,False,False,17.360780415998306
2025-06-08T12:32:27.748107,Sonet-s2ring02_c23.xml,"{""input"": ""tests/xcsp3/cop/UNKNOWN/Sonet-s2ring02_c23.xml"", ""solver"": ""xcsp:ACE@2.4"", ""output_dir"": ""results_comparison"", ""global_time_limit"": 600, ""max_tries"": 50, ""tuning_file"": ""tests/psa/ace.tuning.json"", ""hpo_strategy"": ""hamming"", ""global_time_strategy"": ""PERCENT"", ""percent"": 0.2, ""round_time_strategy"": ""STATIC"", ""time_evolution"": ""STATIC"", ""stop_strategy"": ""TIMEOUT""}",4,"{""varh"": ""Wdeg"", ""valh"": ""Last"", ""saf"": ""False"", ""pc1"": ""True"", ""bdc"": ""1"", ""toh"": ""False"", ""ng"": ""NO"", ""lc"": ""2"", ""negative"": ""V"", ""generic2"": ""True"", ""sb"": ""NO""}",12.765200541995,12.765200541995,14,ExitStatus.OPTIMAL,True,True,12.765200541995
2025-06-08T12:32:29.044738,Sonet-s2ring02_c23.xml,"{""input"": ""tests/xcsp3/cop/UNKNOWN/Sonet-s2ring02_c23.xml"", ""solver"": ""xcsp:ACE@2.4"", ""output_dir"": ""results_comparison"", ""global_time_limit"": 600, ""max_tries"": 50, ""tuning_file"": ""tests/psa/ace.tuning.json"", ""hpo_strategy"": ""hamming"", ""global_time_strategy"": ""PERCENT"", ""percent"": 0.2, ""round_time_strategy"": ""STATIC"", ""time_evolution"": ""STATIC"", ""stop_strategy"": ""TIMEOUT""}",5,"{""varh"": ""Wdeg"", ""valh"": ""Last"", ""saf"": ""False"", ""pc1"": ""True"", ""bdc"": ""10"", ""toh"": ""False"", ""ng"": ""NO"", ""lc"": ""2"", ""negative"": ""V"", ""generic2"": ""True"", ""sb"": ""NO""}",12.765200541995,1.220926915993914,20,ExitStatus.OPTIMAL,False,False,1.220926915993914
2025-06-08T12:32:38.020277,Sonet-s2ring02_c23.xml,"{""input"": ""tests/xcsp3/cop/UNKNOWN/Sonet-s2ring02_c23.xml"", ""solver"": ""xcsp:ACE@2.4"", ""output_dir"": ""results_comparison"", ""global_time_limit"": 600, ""max_tries"": 50, ""tuning_file"": ""tests/psa/ace.tuning.json"", ""hpo_strategy"": ""hamming"", ""global_time_strategy"": ""PERCENT"", ""percent"": 0.2, ""round_time_strategy"": ""STATIC"", ""time_evolution"": ""STATIC"", ""stop_strategy"": ""TIMEOUT""}",6,"{""varh"": ""FrbaOnDom"", ""valh"": ""Last"", ""saf"": ""False"", ""pc1"": ""True"", ""bdc"": ""1"", ""toh"": ""False"", ""ng"": ""NO"", ""lc"": ""2"", ""negative"": ""V"", ""generic2"": ""True"", ""sb"": ""NO""}",8.899693667015526,8.899693667015526,14,ExitStatus.OPTIMAL,True,True,8.899693667015526
2025-06-08T12:32:38.991944,Sonet-s2ring02_c23.xml,"{""input"": ""tests/xcsp3/cop/UNKNOWN/Sonet-s2ring02_c23.xml"", ""solver"": ""xcsp:ACE@2.4"", ""output_dir"": ""results_comparison"", ""global_time_limit"": 600, ""max_tries"": 50, ""tuning_file"": ""tests/psa/ace.tuning.json"", ""hpo_strategy"": ""hamming"", ""global_time_strategy"": ""PERCENT"", ""percent"": 0.2, ""round_time_strategy"": ""STATIC"", ""time_evolution"": ""STATIC"", ""stop_strategy"": ""TIMEOUT""}",7,"{""varh"": ""FrbaOnDom"", ""valh"": ""Last"", ""saf"": ""False"", ""pc1"": ""True"", ""bdc"": ""10"", ""toh"": ""False"", ""ng"": ""NO"", ""lc"": ""2"", ""negative"": ""V"", ""generic2"": ""True"", ""sb"": ""NO""}",8.899693667015526,0.8962034159922041,20,ExitStatus.OPTIMAL,False,False,0.8962034159922041
2025-06-08T12:32:39.541374,Sonet-s2ring02_c23.xml,"{""input"": ""tests/xcsp3/cop/UNKNOWN/Sonet-s2ring02_c23.xml"", ""solver"": ""xcsp:ACE@2.4"", ""output_dir"": ""results_comparison"", ""global_time_limit"": 600, ""max_tries"": 50, ""tuning_file"": ""tests/psa/ace.tuning.json"", ""hpo_strategy"": ""hamming"", ""global_time_strategy"": ""PERCENT"", ""percent"": 0.2, ""round_time_strategy"": ""STATIC"", ""time_evolution"": ""STATIC"", ""stop_strategy"": ""TIMEOUT""}",8,"{""varh"": ""FrbaOnDom"", ""valh"": ""Last"", ""saf"": ""False"", ""pc1"": ""True"", ""bdc"": ""1000"", ""toh"": ""False"", ""ng"": ""NO"", ""lc"": ""2"", ""negative"": ""V"", ""generic2"": ""True"", ""sb"": ""NO""}",8.899693667015526,0.4749989580013789,,ExitStatus.UNKNOWN,False,False,0.4749989580013789
2025-06-08T12:32:47.979513,Sonet-s2ring02_c23.xml,"{""input"": ""tests/xcsp3/cop/UNKNOWN/Sonet-s2ring02_c23.xml"", ""solver"": ""xcsp:ACE@2.4"", ""output_dir"": ""results_comparison"", ""global_time_limit"": 600, ""max_tries"": 50, ""tuning_file"": ""tests/psa/ace.tuning.json"", ""hpo_strategy"": ""hamming"", ""global_time_strategy"": ""PERCENT"", ""percent"": 0.2, ""round_time_strategy"": ""STATIC"", ""time_evolution"": ""STATIC"", ""stop_strategy"": ""TIMEOUT""}",9,"{""varh"": ""FrbaOnDom"", ""valh"": ""Last"", ""saf"": ""False"", ""pc1"": ""True"", ""bdc"": ""1"", ""toh"": ""False"", ""ng"": ""NO"", ""lc"": ""2"", ""negative"": ""V"", ""generic2"": ""False"", ""sb"": ""NO""}",8.899693667015526,8.362269250035752,14,ExitStatus.FEASIBLE,False,False,8.362269250035752
2025-06-08T12:32:53.707388,Sonet-s2ring02_c23.xml,"{""input"": ""tests/xcsp3/cop/UNKNOWN/Sonet-s2ring02_c23.xml"", ""solver"": ""xcsp:ACE@2.4"", ""output_dir"": ""results_comparison"", ""global_time_limit"": 600, ""max_tries"": 50, ""tuning_file"": ""tests/psa/ace.tuning.json"", ""hpo_strategy"": ""hamming"", ""global_time_strategy"": ""PERCENT"", ""percent"": 0.2, ""round_time_strategy"": ""STATIC"", ""time_evolution"": ""STATIC"", ""stop_strategy"": ""TIMEOUT""}",10,"{""varh"": ""FrbaOnDom"", ""valh"": ""OccsR"", ""saf"": ""False"", ""pc1"": ""True"", ""bdc"": ""1"", ""toh"": ""False"", ""ng"": ""NO"", ""lc"": ""2"", ""negative"": ""V"", ""generic2"": ""True"", ""sb"": ""NO""}",5.650582749978639,5.650582749978639,14,ExitStatus.OPTIMAL,True,True,5.650582749978639
2025-06-08T12:32:59.151116,Sonet-s2ring02_c23.xml,"{""input"": ""tests/xcsp3/cop/UNKNOWN/Sonet-s2ring02_c23.xml"", ""solver"": ""xcsp:ACE@2.4"", ""output_dir"": ""results_comparison"", ""global_time_limit"": 600, ""max_tries"": 50, ""tuning_file"": ""tests/psa/ace.tuning.json"", ""hpo_strategy"": ""hamming"", ""global_time_strategy"": ""PERCENT"", ""percent"": 0.2, ""round_time_strategy"": ""STATIC"", ""time_evolution"": ""STATIC"", ""stop_strategy"": ""TIMEOUT""}",11,"{""varh"": ""FrbaOnDom"", ""valh"": ""OccsR"", ""saf"": ""False"", ""pc1"": ""False"", ""bdc"": ""1"", ""toh"": ""False"", ""ng"": ""NO"", ""lc"": ""2"", ""negative"": ""V"", ""generic2"": ""True"", ""sb"": ""NO""}",5.650582749978639,5.36652124999091,14,ExitStatus.FEASIBLE,False,False,5.36652124999091
2025-06-08T12:33:04.591843,Sonet-s2ring02_c23.xml,"{""input"": ""tests/xcsp3/cop/UNKNOWN/Sonet-s2ring02_c23.xml"", ""solver"": ""xcsp:ACE@2.4"", ""output_dir"": ""results_comparison"", ""global_time_limit"": 600, ""max_tries"": 50, ""tuning_file"": ""tests/psa/ace.tuning.json"", ""hpo_strategy"": ""hamming"", ""global_time_strategy"": ""PERCENT"", ""percent"": 0.2, ""round_time_strategy"": ""STATIC"", ""time_evolution"": ""STATIC"", ""stop_strategy"": ""TIMEOUT""}",12,"{""varh"": ""FrbaOnDom"", ""valh"": ""OccsR"", ""saf"": ""False"", ""pc1"": ""True"", ""bdc"": ""1"", ""toh"": ""False"", ""ng"": ""NO"", ""lc"": ""2"", ""negative"": ""STR2"", ""generic2"": ""True"", ""sb"": ""NO""}",5.650582749978639,5.364240291994065,14,ExitStatus.FEASIBLE,False,False,5.364240291994065
2025-06-08T12:33:10.031870,Sonet-s2ring02_c23.xml,"{""input"": ""tests/xcsp3/cop/UNKNOWN/Sonet-s2ring02_c23.xml"", ""solver"": ""xcsp:ACE@2.4"", ""output_dir"": ""results_comparison"", ""global_time_limit"": 600, ""max_tries"": 50, ""tuning_file"": ""tests/psa/ace.tuning.json"", ""hpo_strategy"": ""hamming"", ""global_time_strategy"": ""PERCENT"", ""percent"": 0.2, ""round_time_strategy"": ""STATIC"", ""time_evolution"": ""STATIC"", ""stop_strategy"": ""TIMEOUT""}",13,"{""varh"": ""FrbaOnDom"", ""valh"": ""OccsR"", ""saf"": ""False"", ""pc1"": ""True"", ""bdc"": ""1"", ""toh"": ""False"", ""ng"": ""NO"", ""lc"": ""2"", ""negative"": ""STR1N"", ""generic2"": ""True"", ""sb"": ""NO""}",5.650582749978639,5.36396591697121,14,ExitStatus.FEASIBLE,False,False,5.36396591697121
2025-06-08T12:33:15.470052,Sonet-s2ring02_c23.xml,"{""input"": ""tests/xcsp3/cop/UNKNOWN/Sonet-s2ring02_c23.xml"", ""solver"": ""xcsp:ACE@2.4"", ""output_dir"": ""results_comparison"", ""global_time_limit"": 600, ""max_tries"": 50, ""tuning_file"": ""tests/psa/ace.tuning.json"", ""hpo_strategy"": ""hamming"", ""global_time_strategy"": ""PERCENT"", ""percent"": 0.2, ""round_time_strategy"": ""STATIC"", ""time_evolution"": ""STATIC"", ""stop_strategy"": ""TIMEOUT""}",14,"{""varh"": ""Activity"", ""valh"": ""OccsR"", ""saf"": ""False"", ""pc1"": ""True"", ""bdc"": ""1"", ""toh"": ""False"", ""ng"": ""NO"", ""lc"": ""2"", ""negative"": ""V"", ""generic2"": ""True"", ""sb"": ""NO""}",5.650582749978639,5.361994292004965,23,ExitStatus.FEASIBLE,False,False,5.361994292004965
2025-06-08T12:33:20.908949,Sonet-s2ring02_c23.xml,"{""input"": ""tests/xcsp3/cop/UNKNOWN/Sonet-s2ring02_c23.xml"", ""solver"": ""xcsp:ACE@2.4"", ""output_dir"": ""results_comparison"", ""global_time_limit"": 600, ""max_tries"": 50, ""tuning_file"": ""tests/psa/ace.tuning.json"", ""hpo_strategy"": ""hamming"", ""global_time_strategy"": ""PERCENT"", ""percent"": 0.2, ""round_time_strategy"": ""STATIC"", ""time_evolution"": ""STATIC"", ""stop_strategy"": ""TIMEOUT""}",15,"{""varh"": ""FrbaOnDom"", ""valh"": ""OccsR"", ""saf"": ""False"", ""pc1"": ""True"", ""bdc"": ""1"", ""toh"": ""False"", ""ng"": ""NO"", ""lc"": ""1"", ""negative"": ""V"", ""generic2"": ""True"", ""sb"": ""NO""}",5.650582749978639,5.362130917026661,15,ExitStatus.FEASIBLE,False,False,5.362130917026661
2025-06-08T12:33:30.985870,Sonet-s2ring02_c23.xml,"{""input"": ""tests/xcsp3/cop/UNKNOWN/Sonet-s2ring02_c23.xml"", ""solver"": ""xcsp:ACE@2.4"", ""output_dir"": ""results_comparison"", ""global_time_limit"": 600, ""max_tries"": 50, ""tuning_file"": ""tests/psa/ace.tuning.json"", ""hpo_strategy"": ""hamming"", ""global_time_strategy"": ""PERCENT"", ""percent"": 0.2, ""round_time_strategy"": ""STATIC"", ""time_evolution"": ""STATIC"", ""stop_strategy"": ""TIMEOUT""}",16,"{""varh"": ""FrbaOnDom"", ""valh"": ""Conflicts"", ""saf"": ""False"", ""pc1"": ""True"", ""bdc"": ""1"", ""toh"": ""False"", ""ng"": ""NO"", ""lc"": ""2"", ""negative"": ""V"", ""generic2"": ""True"", ""sb"": ""NO""}",5.650582749978639,5,,ExitStatus.UNKNOWN,False,False,5
2025-06-08T12:33:36.431009,Sonet-s2ring02_c23.xml,"{""input"": ""tests/xcsp3/cop/UNKNOWN/Sonet-s2ring02_c23.xml"", ""solver"": ""xcsp:ACE@2.4"", ""output_dir"": ""results_comparison"", ""global_time_limit"": 600, ""max_tries"": 50, ""tuning_file"": ""tests/psa/ace.tuning.json"", ""hpo_strategy"": ""hamming"", ""global_time_strategy"": ""PERCENT"", ""percent"": 0.2, ""round_time_strategy"": ""STATIC"", ""time_evolution"": ""STATIC"", ""stop_strategy"": ""TIMEOUT""}",17,"{""varh"": ""FrbaOnDom"", ""valh"": ""Median"", ""saf"": ""False"", ""pc1"": ""True"", ""bdc"": ""1"", ""toh"": ""False"", ""ng"": ""NO"", ""lc"": ""2"", ""negative"": ""V"", ""generic2"": ""True"", ""sb"": ""NO""}",5.650582749978639,5.371579792001285,14,ExitStatus.FEASIBLE,False,False,5.371579792001285
2025-06-08T12:33:41.878861,Sonet-s2ring02_c23.xml,"{""input"": ""tests/xcsp3/cop/UNKNOWN/Sonet-s2ring02_c23.xml"", ""solver"": ""xcsp:ACE@2.4"", ""output_dir"": ""results_comparison"", ""global_time_limit"": 600, ""max_tries"": 50, ""tuning_file"": ""tests/psa/ace.tuning.json"", ""hpo_strategy"": ""hamming"", ""global_time_strategy"": ""PERCENT"", ""percent"": 0.2, ""round_time_strategy"": ""STATIC"", ""time_evolution"": ""STATIC"", ""stop_strategy"": ""TIMEOUT""}",18,"{""varh"": ""FrbaOnDom"", ""valh"": ""OccsR"", ""saf"": ""False"", ""pc1"": ""True"", ""bdc"": ""1"", ""toh"": ""False"", ""ng"": ""NO"", ""lc"": ""2"", ""negative"": ""STR2N"", ""generic2"": ""True"", ""sb"": ""NO""}",5.650582749978639,5.371396416972857,14,ExitStatus.FEASIBLE,False,False,5.371396416972857
2025-06-08T12:33:47.326765,Sonet-s2ring02_c23.xml,"{""input"": ""tests/xcsp3/cop/UNKNOWN/Sonet-s2ring02_c23.xml"", ""solver"": ""xcsp:ACE@2.4"", ""output_dir"": ""results_comparison"", ""global_time_limit"": 600, ""max_tries"": 50, ""tuning_file"": ""tests/psa/ace.tuning.json"", ""hpo_strategy"": ""hamming"", ""global_time_strategy"": ""PERCENT"", ""percent"": 0.2, ""round_time_strategy"": ""STATIC"", ""time_evolution"": ""STATIC"", ""stop_strategy"": ""TIMEOUT""}",19,"{""varh"": ""FrbaOnDom"", ""valh"": ""OccsR"", ""saf"": ""False"", ""pc1"": ""True"", ""bdc"": ""1"", ""toh"": ""True"", ""ng"": ""NO"", ""lc"": ""2"", ""negative"": ""V"", ""generic2"": ""True"", ""sb"": ""NO""}",5.650582749978639,5.371336042007897,14,ExitStatus.FEASIBLE,False,False,5.371336042007897
2025-06-08T12:33:52.770898,Sonet-s2ring02_c23.xml,"{""input"": ""tests/xcsp3/cop/UNKNOWN/Sonet-s2ring02_c23.xml"", ""solver"": ""xcsp:ACE@2.4"", ""output_dir"": ""results_comparison"", ""global_time_limit"": 600, ""max_tries"": 50, ""tuning_file"": ""tests/psa/ace.tuning.json"", ""hpo_strategy"": ""hamming"", ""global_time_strategy"": ""PERCENT"", ""percent"": 0.2, ""round_time_strategy"": ""STATIC"", ""time_evolution"": ""STATIC"", ""stop_strategy"": ""TIMEOUT""}",20,"{""varh"": ""FrbaOnDom"", ""valh"": ""OccsR"", ""saf"": ""False"", ""pc1"": ""True"", ""bdc"": ""1"", ""toh"": ""False"", ""ng"": ""NO"", ""lc"": ""5"", ""negative"": ""V"", ""generic2"": ""True"", ""sb"": ""NO""}",5.650582749978639,5.367571917013265,14,ExitStatus.FEASIBLE,False,False,5.367571917013265
2025-06-08T12:33:58.211850,Sonet-s2ring02_c23.xml,"{""input"": ""tests/xcsp3/cop/UNKNOWN/Sonet-s2ring02_c23.xml"", ""solver"": ""xcsp:ACE@2.4"", ""output_dir"": ""results_comparison"", ""global_time_limit"": 600, ""max_tries"": 50, ""tuning_file"": ""tests/psa/ace.tuning.json"", ""hpo_strategy"": ""hamming"", ""global_time_strategy"": ""PERCENT"", ""percent"": 0.2, ""round_time_strategy"": ""STATIC"", ""time_evolution"": ""STATIC"", ""stop_strategy"": ""TIMEOUT""}",21,"{""varh"": ""Rand"", ""valh"": ""OccsR"", ""saf"": ""False"", ""pc1"": ""True"", ""bdc"": ""1"", ""toh"": ""False"", ""ng"": ""NO"", ""lc"": ""2"", ""negative"": ""V"", ""generic2"": ""True"", ""sb"": ""NO""}",5.650582749978639,5.364044249989092,14,ExitStatus.FEASIBLE,False,False,5.364044249989092
2025-06-08T12:33:58.770011,Sonet-s2ring02_c23.xml,"{""input"": ""tests/xcsp3/cop/UNKNOWN/Sonet-s2ring02_c23.xml"", ""solver"": ""xcsp:ACE@2.4"", ""output_dir"": ""results_comparison"", ""global_time_limit"": 600, ""max_tries"": 50, ""tuning_file"": ""tests/psa/ace.tuning.json"", ""hpo_strategy"": ""hamming"", ""global_time_strategy"": ""PERCENT"", ""percent"": 0.2, ""round_time_strategy"": ""STATIC"", ""time_evolution"": ""STATIC"", ""stop_strategy"": ""TIMEOUT""}",22,"{""varh"": ""FrbaOnDom"", ""valh"": ""OccsR"", ""saf"": ""False"", ""pc1"": ""True"", ""bdc"": ""100"", ""toh"": ""False"", ""ng"": ""NO"", ""lc"": ""2"", ""negative"": ""V"", ""generic2"": ""True"", ""sb"": ""NO""}",5.650582749978639,0.482124499976635,,ExitStatus.UNKNOWN,False,False,0.482124499976635
2025-06-08T12:34:04.214203,Sonet-s2ring02_c23.xml,"{""input"": ""tests/xcsp3/cop/UNKNOWN/Sonet-s2ring02_c23.xml"", ""solver"": ""xcsp:ACE@2.4"", ""output_dir"": ""results_comparison"", ""global_time_limit"": 600, ""max_tries"": 50, ""tuning_file"": ""tests/psa/ace.tuning.json"", ""hpo_strategy"": ""hamming"", ""global_time_strategy"": ""PERCENT"", ""percent"": 0.2, ""round_time_strategy"": ""STATIC"", ""time_evolution"": ""STATIC"", ""stop_strategy"": ""TIMEOUT""}",23,"{""varh"": ""FrbaOnDom"", ""valh"": ""OccsR"", ""saf"": ""False"", ""pc1"": ""True"", ""bdc"": ""1"", ""toh"": ""False"", ""ng"": ""NO"", ""lc"": ""2"", ""negative"": ""STR0"", ""generic2"": ""True"", ""sb"": ""NO""}",5.650582749978639,5.367424500000197,14,ExitStatus.FEASIBLE,False,False,5.367424500000197
2025-06-08T12:34:09.657855,Sonet-s2ring02_c23.xml,"{""input"": ""tests/xcsp3/cop/UNKNOWN/Sonet-s2ring02_c23.xml"", ""solver"": ""xcsp:ACE@2.4"", ""output_dir"": ""results_comparison"", ""global_time_limit"": 600, ""max_tries"": 50, ""tuning_file"": ""tests/psa/ace.tuning.json"", ""hpo_strategy"": ""hamming"", ""global_time_strategy"": ""PERCENT"", ""percent"": 0.2, ""round_time_strategy"": ""STATIC"", ""time_evolution"": ""STATIC"", ""stop_strategy"": ""TIMEOUT""}",24,"{""varh"": ""FrbaOnDom"", ""valh"": ""Vals"", ""saf"": ""False"", ""pc1"": ""True"", ""bdc"": ""1"", ""toh"": ""False"", ""ng"": ""NO"", ""lc"": ""2"", ""negative"": ""V"", ""generic2"": ""True"", ""sb"": ""NO""}",5.650582749978639,5.366820833995007,14,ExitStatus.FEASIBLE,False,False,5.366820833995007
2025-06-08T12:34:15.099315,Sonet-s2ring02_c23.xml,"{""input"": ""tests/xcsp3/cop/UNKNOWN/Sonet-s2ring02_c23.xml"", ""solver"": ""xcsp:ACE@2.4"", ""output_dir"": ""results_comparison"", ""global_time_limit"": 600, ""max_tries"": 50, ""tuning_file"": ""tests/psa/ace.tuning.json"", ""hpo_strategy"": ""hamming"", ""global_time_strategy"": ""PERCENT"", ""percent"": 0.2, ""round_time_strategy"": ""STATIC"", ""time_evolution"": ""STATIC"", ""stop_strategy"": ""TIMEOUT""}",25,"{""varh"": ""PickOnDom"", ""valh"": ""OccsR"", ""saf"": ""False"", ""pc1"": ""True"", ""bdc"": ""1"", ""toh"": ""False"", ""ng"": ""NO"", ""lc"": ""2"", ""negative"": ""V"", ""generic2"": ""True"", ""sb"": ""NO""}",5.650582749978639,5.364844832976814,14,ExitStatus.FEASIBLE,False,False,5.364844832976814
2025-06-08T12:34:20.546163,Sonet-s2ring02_c23.xml,"{""input"": ""tests/xcsp3/cop/UNKNOWN/Sonet-s2ring02_c23.xml"", ""solver"": ""xcsp:ACE@2.4"", ""output_dir"": ""results_comparison"", ""global_time_limit"": 600, ""max_tries"": 50, ""tuning_file"": ""tests/psa/ace.tuning.json"", ""hpo_strategy"": ""hamming"", ""global_time_strategy"": ""PERCENT"", ""percent"": 0.2, ""round_time_strategy"": ""STATIC"", ""time_evolution"": ""STATIC"", ""stop_strategy"": ""TIMEOUT""}",26,"{""varh"": ""FrbaOnDom"", ""valh"": ""First"", ""saf"": ""False"", ""pc1"": ""True"", ""bdc"": ""1"", ""toh"": ""False"", ""ng"": ""NO"", ""lc"": ""2"", ""negative"": ""V"", ""generic2"": ""True"", ""sb"": ""NO""}",5.650582749978639,5.3718043330009095,14,ExitStatus.FEASIBLE,False,False,5.3718043330009095
2025-06-08T12:34:22.021684,Sonet-s2ring02_c23.xml,"{""input"": ""tests/xcsp3/cop/UNKNOWN/Sonet-s2ring02_c23.xml"", ""solver"": ""xcsp:ACE@2.4"", ""output_dir"": ""results_comparison"", ""global_time_limit"": 600, ""max_tries"": 50, ""tuning_file"": ""tests/psa/ace.tuning.json"", ""hpo_strategy"": ""hamming"", ""global_time_strategy"": ""PERCENT"", ""percent"": 0.2, ""round_time_strategy"": ""STATIC"", ""time_evolution"": ""STATIC"", ""stop_strategy"": ""TIMEOUT""}",27,"{""varh"": ""FrbaOnDom"", ""valh"": ""OccsR"", ""saf"": ""False"", ""pc1"": ""True"", ""bdc"": ""10"", ""toh"": ""False"", ""ng"": ""NO"", ""lc"": ""2"", ""negative"": ""V"", ""generic2"": ""True"", ""sb"": ""NO""}",5.650582749978639,1.3973542919848114,20,ExitStatus.OPTIMAL,False,False,1.3973542919848114
2025-06-08T12:34:27.465952,Sonet-s2ring02_c23.xml,"{""input"": ""tests/xcsp3/cop/UNKNOWN/Sonet-s2ring02_c23.xml"", ""solver"": ""xcsp:ACE@2.4"", ""output_dir"": ""results_comparison"", ""global_time_limit"": 600, ""max_tries"": 50, ""tuning_file"": ""tests/psa/ace.tuning.json"", ""hpo_strategy"": ""hamming"", ""global_time_strategy"": ""PERCENT"", ""percent"": 0.2, ""round_time_strategy"": ""STATIC"", ""time_evolution"": ""STATIC"", ""stop_strategy"": ""TIMEOUT""}",28,"{""varh"": ""Lexico"", ""valh"": ""OccsR"", ""saf"": ""False"", ""pc1"": ""True"", ""bdc"": ""1"", ""toh"": ""False"", ""ng"": ""NO"", ""lc"": ""2"", ""negative"": ""V"", ""generic2"": ""True"", ""sb"": ""NO""}",5.650582749978639,5.36702783301007,22,ExitStatus.FEASIBLE,False,False,5.36702783301007
2025-06-08T12:34:32.913073,Sonet-s2ring02_c23.xml,"{""input"": ""tests/xcsp3/cop/UNKNOWN/Sonet-s2ring02_c23.xml"", ""solver"": ""xcsp:ACE@2.4"", ""output_dir"": ""results_comparison"", ""global_time_limit"": 600, ""max_tries"": 50, ""tuning_file"": ""tests/psa/ace.tuning.json"", ""hpo_strategy"": ""hamming"", ""global_time_strategy"": ""PERCENT"", ""percent"": 0.2, ""round_time_strategy"": ""STATIC"", ""time_evolution"": ""STATIC"", ""stop_strategy"": ""TIMEOUT""}",29,"{""varh"": ""FrbaOnDom"", ""valh"": ""FlrsE"", ""saf"": ""False"", ""pc1"": ""True"", ""bdc"": ""1"", ""toh"": ""False"", ""ng"": ""NO"", ""lc"": ""2"", ""negative"": ""V"", ""generic2"": ""True"", ""sb"": ""NO""}",5.650582749978639,5.370060166984331,14,ExitStatus.FEASIBLE,False,False,5.370060166984331
2025-06-08T12:34:38.363001,Sonet-s2ring02_c23.xml,"{""input"": ""tests/xcsp3/cop/UNKNOWN/Sonet-s2ring02_c23.xml"", ""solver"": ""xcsp:ACE@2.4"", ""output_dir"": ""results_comparison"", ""global_time_limit"": 600, ""max_tries"": 50, ""tuning_file"": ""tests/psa/ace.tuning.json"", ""hpo_strategy"": ""hamming"", ""global_time_strategy"": ""PERCENT"", ""percent"": 0.2, ""round_time_strategy"": ""STATIC"", ""time_evolution"": ""STATIC"", ""stop_strategy"": ""TIMEOUT""}",30,"{""varh"": ""FrbaOnDom"", ""valh"": ""RunRobin"", ""saf"": ""False"", ""pc1"": ""True"", ""bdc"": ""1"", ""toh"": ""False"", ""ng"": ""NO"", ""lc"": ""2"", ""negative"": ""V"", ""generic2"": ""True"", ""sb"": ""NO""}",5.650582749978639,5.372973040968645,14,ExitStatus.FEASIBLE,False,False,5.372973040968645
2025-06-08T12:34:43.808636,Sonet-s2ring02_c23.xml,"{""input"": ""tests/xcsp3/cop/UNKNOWN/Sonet-s2ring02_c23.xml"", ""solver"": ""xcsp:ACE@2.4"", ""output_dir"": ""results_comparison"", ""global_time_limit"": 600, ""max_tries"": 50, ""tuning_file"": ""tests/psa/ace.tuning.json"", ""hpo_strategy"": ""hamming"", ""global_time_strategy"": ""PERCENT"", ""percent"": 0.2, ""round_time_strategy"": ""STATIC"", ""time_evolution"": ""STATIC"", ""stop_strategy"": ""TIMEOUT""}",31,"{""varh"": ""FrbaOnDom"", ""valh"": ""OccsR"", ""saf"": ""False"", ""pc1"": ""True"", ""bdc"": ""1"", ""toh"": ""False"", ""ng"": ""NO"", ""lc"": ""2"", ""negative"": ""CT"", ""generic2"": ""True"", ""sb"": ""NO""}",5.650582749978639,5.369887417007703,14,ExitStatus.FEASIBLE,False,False,5.369887417007703
2025-06-08T12:34:49.243034,Sonet-s2ring02_c23.xml,"{""input"": ""tests/xcsp3/cop/UNKNOWN/Sonet-s2ring02_c23.xml"", ""solver"": ""xcsp:ACE@2.4"", ""output_dir"": ""results_comparison"", ""global_time_limit"": 600, ""max_tries"": 50, ""tuning_file"": ""tests/psa/ace.tuning.json"", ""hpo_strategy"": ""hamming"", ""global_time_strategy"": ""PERCENT"", ""percent"": 0.2, ""round_time_strategy"": ""STATIC"", ""time_evolution"": ""STATIC"", ""stop_strategy"": ""TIMEOUT""}",32,"{""varh"": ""FrbaOnDom"", ""valh"": ""OccsR"", ""saf"": ""False"", ""pc1"": ""True"", ""bdc"": ""1"", ""toh"": ""False"", ""ng"": ""NO"", ""lc"": ""0"", ""negative"": ""V"", ""generic2"": ""True"", ""sb"": ""NO""}",5.650582749978639,5.358333667041734,14,ExitStatus.FEASIBLE,False,False,5.358333667041734
2025-06-08T12:34:54.693701,Sonet-s2ring02_c23.xml,"{""input"": ""tests/xcsp3/cop/UNKNOWN/Sonet-s2ring02_c23.xml"", ""solver"": ""xcsp:ACE@2.4"", ""output_dir"": ""results_comparison"", ""global_time_limit"": 600, ""max_tries"": 50, ""tuning_file"": ""tests/psa/ace.tuning.json"", ""hpo_strategy"": ""hamming"", ""global_time_strategy"": ""PERCENT"", ""percent"": 0.2, ""round_time_strategy"": ""STATIC"", ""time_evolution"": ""STATIC"", ""stop_strategy"": ""TIMEOUT""}",33,"{""varh"": ""WdegOnDom"", ""valh"": ""OccsR"", ""saf"": ""False"", ""pc1"": ""True"", ""bdc"": ""1"", ""toh"": ""False"", ""ng"": ""NO"", ""lc"": ""2"", ""negative"": ""V"", ""generic2"": ""True"", ""sb"": ""NO""}",5.650582749978639,5.373589042050298,14,ExitStatus.FEASIBLE,False,False,5.373589042050298
2025-06-08T12:35:00.194703,Sonet-s2ring02_c23.xml,"{""input"": ""tests/xcsp3/cop/UNKNOWN/Sonet-s2ring02_c23.xml"", ""solver"": ""xcsp:ACE@2.4"", ""output_dir"": ""results_comparison"", ""global_time_limit"": 600, ""max_tries"": 50, ""tuning_file"": ""tests/psa/ace.tuning.json"", ""hpo_strategy"": ""hamming"", ""global_time_strategy"": ""PERCENT"", ""percent"": 0.2, ""round_time_strategy"": ""STATIC"", ""time_evolution"": ""STATIC"", ""stop_strategy"": ""TIMEOUT""}",34,"{""varh"": ""FrbaOnDom"", ""valh"": ""OccsR"", ""saf"": ""True"", ""pc1"": ""True"", ""bdc"": ""1"", ""toh"": ""False"", ""ng"": ""NO"", ""lc"": ""2"", ""negative"": ""V"", ""generic2"": ""True"", ""sb"": ""NO""}",5.650582749978639,5.410283083037939,14,ExitStatus.FEASIBLE,False,False,5.410283083037939
2025-06-08T12:35:05.644800,Sonet-s2ring02_c23.xml,"{""input"": ""tests/xcsp3/cop/UNKNOWN/Sonet-s2ring02_c23.xml"", ""solver"": ""xcsp:ACE@2.4"", ""output_dir"": ""results_comparison"", ""global_time_limit"": 600, ""max_tries"": 50, ""tuning_file"": ""tests/psa/ace.tuning.json"", ""hpo_strategy"": ""hamming"", ""global_time_strategy"": ""PERCENT"", ""percent"": 0.2, ""round_time_strategy"": ""STATIC"", ""time_evolution"": ""STATIC"", ""stop_strategy"": ""TIMEOUT""}",35,"{""varh"": ""FrbaOnDom"", ""valh"": ""OccsR"", ""saf"": ""False"", ""pc1"": ""True"", ""bdc"": ""1"", ""toh"": ""False"", ""ng"": ""NO"", ""lc"": ""2"", ""negative"": ""STR1"", ""generic2"": ""True"", ""sb"": ""NO""}",5.650582749978639,5.372111208038405,14,ExitStatus.FEASIBLE,False,False,5.372111208038405
2025-06-08T12:35:11.092314,Sonet-s2ring02_c23.xml,"{""input"": ""tests/xcsp3/cop/UNKNOWN/Sonet-s2ring02_c23.xml"", ""solver"": ""xcsp:ACE@2.4"", ""output_dir"": ""results_comparison"", ""global_time_limit"": 600, ""max_tries"": 50, ""tuning_file"": ""tests/psa/ace.tuning.json"", ""hpo_strategy"": ""hamming"", ""global_time_strategy"": ""PERCENT"", ""percent"": 0.2, ""round_time_strategy"": ""STATIC"", ""time_evolution"": ""STATIC"", ""stop_strategy"": ""TIMEOUT""}",36,"{""varh"": ""RunRobin"", ""valh"": ""OccsR"", ""saf"": ""False"", ""pc1"": ""True"", ""bdc"": ""1"", ""toh"": ""False"", ""ng"": ""NO"", ""lc"": ""2"", ""negative"": ""V"", ""generic2"": ""True"", ""sb"": ""NO""}",5.650582749978639,5.370886666991282,14,ExitStatus.FEASIBLE,False,False,5.370886666991282
2025-06-08T12:35:16.539304,Sonet-s2ring02_c23.xml,"{""input"": ""tests/xcsp3/cop/UNKNOWN/Sonet-s2ring02_c23.xml"", ""solver"": ""xcsp:ACE@2.4"", ""output_dir"": ""results_comparison"", ""global_time_limit"": 600, ""max_tries"": 50, ""tuning_file"": ""tests/psa/ace.tuning.json"", ""hpo_strategy"": ""hamming"", ""global_time_strategy"": ""PERCENT"", ""percent"": 0.2, ""round_time_strategy"": ""STATIC"", ""time_evolution"": ""STATIC"", ""stop_strategy"": ""TIMEOUT""}",37,"{""varh"": ""FrbaOnDom"", ""valh"": ""OccsR"", ""saf"": ""False"", ""pc1"": ""True"", ""bdc"": ""1"", ""toh"": ""False"", ""ng"": ""NO"", ""lc"": ""10"", ""negative"": ""V"", ""generic2"": ""True"", ""sb"": ""NO""}",5.650582749978639,5.370203208993189,14,ExitStatus.FEASIBLE,False,False,5.370203208993189
2025-06-08T12:35:21.983711,Sonet-s2ring02_c23.xml,"{""input"": ""tests/xcsp3/cop/UNKNOWN/Sonet-s2ring02_c23.xml"", ""solver"": ""xcsp:ACE@2.4"", ""output_dir"": ""results_comparison"", ""global_time_limit"": 600, ""max_tries"": 50, ""tuning_file"": ""tests/psa/ace.tuning.json"", ""hpo_strategy"": ""hamming"", ""global_time_strategy"": ""PERCENT"", ""percent"": 0.2, ""round_time_strategy"": ""STATIC"", ""time_evolution"": ""STATIC"", ""stop_strategy"": ""TIMEOUT""}",38,"{""varh"": ""FrbaOnDom"", ""valh"": ""OccsR"", ""saf"": ""False"", ""pc1"": ""True"", ""bdc"": ""1"", ""toh"": ""False"", ""ng"": ""NO"", ""lc"": ""2"", ""negative"": ""STR3"", ""generic2"": ""True"", ""sb"": ""NO""}",5.650582749978639,5.368697708006948,14,ExitStatus.FEASIBLE,False,False,5.368697708006948
2025-06-08T12:35:22.543521,Sonet-s2ring02_c23.xml,"{""input"": ""tests/xcsp3/cop/UNKNOWN/Sonet-s2ring02_c23.xml"", ""solver"": ""xcsp:ACE@2.4"", ""output_dir"": ""results_comparison"", ""global_time_limit"": 600, ""max_tries"": 50, ""tuning_file"": ""tests/psa/ace.tuning.json"", ""hpo_strategy"": ""hamming"", ""global_time_strategy"": ""PERCENT"", ""percent"": 0.2, ""round_time_strategy"": ""STATIC"", ""time_evolution"": ""STATIC"", ""stop_strategy"": ""TIMEOUT""}",39,"{""varh"": ""FrbaOnDom"", ""valh"": ""OccsR"", ""saf"": ""False"", ""pc1"": ""True"", ""bdc"": ""1000"", ""toh"": ""False"", ""ng"": ""NO"", ""lc"": ""2"", ""negative"": ""V"", ""generic2"": ""True"", ""sb"": ""NO""}",5.650582749978639,0.4832526249811053,,ExitStatus.UNKNOWN,False,False,0.4832526249811053
2025-06-08T12:35:27.987206,Sonet-s2ring02_c23.xml,"{""input"": ""tests/xcsp3/cop/UNKNOWN/Sonet-s2ring02_c23.xml"", ""solver"": ""xcsp:ACE@2.4"", ""output_dir"": ""results_comparison"", ""global_time_limit"": 600, ""max_tries"": 50, ""tuning_file"": ""tests/psa/ace.tuning.json"", ""hpo_strategy"": ""hamming"", ""global_time_strategy"": ""PERCENT"", ""percent"": 0.2, ""round_time_strategy"": ""STATIC"", ""time_evolution"": ""STATIC"", ""stop_strategy"": ""TIMEOUT""}",40,"{""varh"": ""Impact"", ""valh"": ""OccsR"", ""saf"": ""False"", ""pc1"": ""True"", ""bdc"": ""1"", ""toh"": ""False"", ""ng"": ""NO"", ""lc"": ""2"", ""negative"": ""V"", ""generic2"": ""True"", ""sb"": ""NO""}",5.650582749978639,5.367710750026163,23,ExitStatus.FEASIBLE,False,False,5.367710750026163
2025-06-08T12:35:33.432655,Sonet-s2ring02_c23.xml,"{""input"": ""tests/xcsp3/cop/UNKNOWN/Sonet-s2ring02_c23.xml"", ""solver"": ""xcsp:ACE@2.4"", ""output_dir"": ""results_comparison"", ""global_time_limit"": 600, ""max_tries"": 50, ""tuning_file"": ""tests/psa/ace.tuning.json"", ""hpo_strategy"": ""hamming"", ""global_time_strategy"": ""PERCENT"", ""percent"": 0.2, ""round_time_strategy"": ""STATIC"", ""time_evolution"": ""STATIC"", ""stop_strategy"": ""TIMEOUT""}",41,"{""varh"": ""FrbaOnDom"", ""valh"": ""OccsR"", ""saf"": ""False"", ""pc1"": ""True"", ""bdc"": ""1"", ""toh"": ""False"", ""ng"": ""NO"", ""lc"": ""2"", ""negative"": ""V"", ""generic2"": ""False"", ""sb"": ""NO""}",5.650582749978639,5.369827541988343,14,ExitStatus.FEASIBLE,False,False,5.369827541988343
2025-06-08T12:35:38.882211,Sonet-s2ring02_c23.xml,"{""input"": ""tests/xcsp3/cop/UNKNOWN/Sonet-s2ring02_c23.xml"", ""solver"": ""xcsp:ACE@2.4"", ""output_dir"": ""results_comparison"", ""global_time_limit"": 600, ""max_tries"": 50, ""tuning_file"": ""tests/psa/ace.tuning.json"", ""hpo_strategy"": ""hamming"", ""global_time_strategy"": ""PERCENT"", ""percent"": 0.2, ""round_time_strategy"": ""STATIC"", ""time_evolution"": ""STATIC"", ""stop_strategy"": ""TIMEOUT""}",42,"{""varh"": ""FrbaOnDom"", ""valh"": ""Rand"", ""saf"": ""False"", ""pc1"": ""True"", ""bdc"": ""1"", ""toh"": ""False"", ""ng"": ""NO"", ""lc"": ""2"", ""negative"": ""V"", ""generic2"": ""True"", ""sb"": ""NO""}",5.650582749978639,5.3696275419788435,16,ExitStatus.FEASIBLE,False,False,5.3696275419788435
2025-06-08T12:35:44.328299,Sonet-s2ring02_c23.xml,"{""input"": ""tests/xcsp3/cop/UNKNOWN/Sonet-s2ring02_c23.xml"", ""solver"": ""xcsp:ACE@2.4"", ""output_dir"": ""results_comparison"", ""global_time_limit"": 600, ""max_tries"": 50, ""tuning_file"": ""tests/psa/ace.tuning.json"", ""hpo_strategy"": ""hamming"", ""global_time_strategy"": ""PERCENT"", ""percent"": 0.2, ""round_time_strategy"": ""STATIC"", ""time_evolution"": ""STATIC"", ""stop_strategy"": ""TIMEOUT""}",43,"{""varh"": ""Memory"", ""valh"": ""OccsR"", ""saf"": ""False"", ""pc1"": ""True"", ""bdc"": ""1"", ""toh"": ""False"", ""ng"": ""NO"", ""lc"": ""2"", ""negative"": ""V"", ""generic2"": ""True"", ""sb"": ""NO""}",5.650582749978639,5.369325584033504,14,ExitStatus.FEASIBLE,False,False,5.369325584033504
2025-06-08T12:35:49.773781,Sonet-s2ring02_c23.xml,"{""input"": ""tests/xcsp3/cop/UNKNOWN/Sonet-s2ring02_c23.xml"", ""solver"": ""xcsp:ACE@2.4"", ""output_dir"": ""results_comparison"", ""global_time_limit"": 600, ""max_tries"": 50, ""tuning_file"": ""tests/psa/ace.tuning.json"", ""hpo_strategy"": ""hamming"", ""global_time_strategy"": ""PERCENT"", ""percent"": 0.2, ""round_time_strategy"": ""STATIC"", ""time_evolution"": ""STATIC"", ""stop_strategy"": ""TIMEOUT""}",44,"{""varh"": ""Wdeg"", ""valh"": ""OccsR"", ""saf"": ""False"", ""pc1"": ""True"", ""bdc"": ""1"", ""toh"": ""False"", ""ng"": ""NO"", ""lc"": ""2"", ""negative"": ""V"", ""generic2"": ""True"", ""sb"": ""NO""}",5.650582749978639,5.369744625000749,14,ExitStatus.FEASIBLE,False,False,5.369744625000749
2025-06-08T12:35:55.218984,Sonet-s2ring02_c23.xml,"{""input"": ""tests/xcsp3/cop/UNKNOWN/Sonet-s2ring02_c23.xml"", ""solver"": ""xcsp:ACE@2.4"", ""output_dir"": ""results_comparison"", ""global_time_limit"": 600, ""max_tries"": 50, ""tuning_file"": ""tests/psa/ace.tuning.json"", ""hpo_strategy"": ""hamming"", ""global_time_strategy"": ""PERCENT"", ""percent"": 0.2, ""round_time_strategy"": ""STATIC"", ""time_evolution"": ""STATIC"", ""stop_strategy"": ""TIMEOUT""}",45,"{""varh"": ""FrbaOnDom"", ""valh"": ""Bivs3"", ""saf"": ""False"", ""pc1"": ""True"", ""bdc"": ""1"", ""toh"": ""False"", ""ng"": ""NO"", ""lc"": ""2"", ""negative"": ""V"", ""generic2"": ""True"", ""sb"": ""NO""}",5.650582749978639,5.369953291956335,15,ExitStatus.FEASIBLE,False,False,5.369953291956335
2025-06-08T12:36:00.665715,Sonet-s2ring02_c23.xml,"{""input"": ""tests/xcsp3/cop/UNKNOWN/Sonet-s2ring02_c23.xml"", ""solver"": ""xcsp:ACE@2.4"", ""output_dir"": ""results_comparison"", ""global_time_limit"": 600, ""max_tries"": 50, ""tuning_file"": ""tests/psa/ace.tuning.json"", ""hpo_strategy"": ""hamming"", ""global_time_strategy"": ""PERCENT"", ""percent"": 0.2, ""round_time_strategy"": ""STATIC"", ""time_evolution"": ""STATIC"", ""stop_strategy"": ""TIMEOUT""}",46,"{""varh"": ""FrbaOnDom"", ""valh"": ""OccsR"", ""saf"": ""False"", ""pc1"": ""True"", ""bdc"": ""1"", ""toh"": ""False"", ""ng"": ""NO"", ""lc"": ""2"", ""negative"": ""VA"", ""generic2"": ""True"", ""sb"": ""NO""}",5.650582749978639,5.3715942919952795,14,ExitStatus.FEASIBLE,False,False,5.3715942919952795
2025-06-08T12:36:06.115443,Sonet-s2ring02_c23.xml,"{""input"": ""tests/xcsp3/cop/UNKNOWN/Sonet-s2ring02_c23.xml"", ""solver"": ""xcsp:ACE@2.4"", ""output_dir"": ""results_comparison"", ""global_time_limit"": 600, ""max_tries"": 50, ""tuning_file"": ""tests/psa/ace.tuning.json"", ""hpo_strategy"": ""hamming"", ""global_time_strategy"": ""PERCENT"", ""percent"": 0.2, ""round_time_strategy"": ""STATIC"", ""time_evolution"": ""STATIC"", ""stop_strategy"": ""TIMEOUT""}",47,"{""varh"": ""FrbaOnDom"", ""valh"": ""First"", ""saf"": ""False"", ""pc1"": ""True"", ""bdc"": ""1"", ""toh"": ""False"", ""ng"": ""NO"", ""lc"": ""2"", ""negative"": ""CT"", ""generic2"": ""True"", ""sb"": ""NO""}",5.650582749978639,5.372435499972198,14,ExitStatus.FEASIBLE,False,False,5.372435499972198
2025-06-08T12:36:11.561199,Sonet-s2ring02_c23.xml,"{""input"": ""tests/xcsp3/cop/UNKNOWN/Sonet-s2ring02_c23.xml"", ""solver"": ""xcsp:ACE@2.4"", ""output_dir"": ""results_comparison"", ""global_time_limit"": 600, ""max_tries"": 50, ""tuning_file"": ""tests/psa/ace.tuning.json"", ""hpo_strategy"": ""hamming"", ""global_time_strategy"": ""PERCENT"", ""percent"": 0.2, ""round_time_strategy"": ""STATIC"", ""time_evolution"": ""STATIC"", ""stop_strategy"": ""TIMEOUT""}",48,"{""varh"": ""FrbaOnDom"", ""valh"": ""Median"", ""saf"": ""False"", ""pc1"": ""True"", ""bdc"": ""1"", ""toh"": ""False"", ""ng"": ""NO"", ""lc"": ""1"", ""negative"": ""V"", ""generic2"": ""True"", ""sb"": ""NO""}",5.650582749978639,5.369339500030037,14,ExitStatus.FEASIBLE,False,False,5.369339500030037
2025-06-08T12:36:17.006457,Sonet-s2ring02_c23.xml,"{""input"": ""tests/xcsp3/cop/UNKNOWN/Sonet-s2ring02_c23.xml"", ""solver"": ""xcsp:ACE@2.4"", ""output_dir"": ""results_comparison"", ""global_time_limit"": 600, ""max_tries"": 50, ""tuning_file"": ""tests/psa/ace.tuning.json"", ""hpo_strategy"": ""hamming"", ""global_time_strategy"": ""PERCENT"", ""percent"": 0.2, ""round_time_strategy"": ""STATIC"", ""time_evolution"": ""STATIC"", ""stop_strategy"": ""TIMEOUT""}",49,"{""varh"": ""FrbaOnDom"", ""valh"": ""OccsR"", ""saf"": ""True"", ""pc1"": ""True"", ""bdc"": ""1"", ""toh"": ""False"", ""ng"": ""NO"", ""lc"": ""2"", ""negative"": ""STR1"", ""generic2"": ""True"", ""sb"": ""NO""}",5.650582749978639,5.369095583970193,14,ExitStatus.FEASIBLE,False,False,5.369095583970193
2025-06-08T12:36:22.454024,Sonet-s2ring02_c23.xml,"{""input"": ""tests/xcsp3/cop/UNKNOWN/Sonet-s2ring02_c23.xml"", ""solver"": ""xcsp:ACE@2.4"", ""output_dir"": ""results_comparison"", ""global_time_limit"": 600, ""max_tries"": 50, ""tuning_file"": ""tests/psa/ace.tuning.json"", ""hpo_strategy"": ""hamming"", ""global_time_strategy"": ""PERCENT"", ""percent"": 0.2, ""round_time_strategy"": ""STATIC"", ""time_evolution"": ""STATIC"", ""stop_strategy"": ""TIMEOUT""}",50,"{""varh"": ""RunRobin"", ""valh"": ""OccsR"", ""saf"": ""False"", ""pc1"": ""True"", ""bdc"": ""1"", ""toh"": ""False"", ""ng"": ""NO"", ""lc"": ""2"", ""negative"": ""STR1N"", ""generic2"": ""True"", ""sb"": ""NO""}",5.650582749978639,5.368406917026732,14,ExitStatus.FEASIBLE,False,False,5.368406917026732
2025-06-08T12:36:27.898663,Sonet-s2ring02_c23.xml,"{""input"": ""tests/xcsp3/cop/UNKNOWN/Sonet-s2ring02_c23.xml"", ""solver"": ""xcsp:ACE@2.4"", ""output_dir"": ""results_comparison"", ""global_time_limit"": 600, ""max_tries"": 50, ""tuning_file"": ""tests/psa/ace.tuning.json"", ""hpo_strategy"": ""hamming"", ""global_time_strategy"": ""PERCENT"", ""percent"": 0.2, ""round_time_strategy"": ""STATIC"", ""time_evolution"": ""STATIC"", ""stop_strategy"": ""TIMEOUT""}",51,"{""varh"": ""Wdeg"", ""valh"": ""OccsR"", ""saf"": ""False"", ""pc1"": ""True"", ""bdc"": ""1"", ""toh"": ""False"", ""ng"": ""NO"", ""lc"": ""2"", ""negative"": ""VA"", ""generic2"": ""True"", ""sb"": ""NO""}",5.650582749978639,5.367433457984589,14,ExitStatus.FEASIBLE,False,False,5.367433457984589
2025-06-08T12:36:28.471950,Sonet-s2ring02_c23.xml,"{""input"": ""tests/xcsp3/cop/UNKNOWN/Sonet-s2ring02_c23.xml"", ""solver"": ""xcsp:ACE@2.4"", ""output_dir"": ""results_comparison"", ""global_time_limit"": 600, ""max_tries"": 50, ""tuning_file"": ""tests/psa/ace.tuning.json"", ""hpo_strategy"": ""hamming"", ""global_time_strategy"": ""PERCENT"", ""percent"": 0.2, ""round_time_strategy"": ""STATIC"", ""time_evolution"": ""STATIC"", ""stop_strategy"": ""TIMEOUT""}",52,"{""varh"": ""FrbaOnDom"", ""valh"": ""FlrsE"", ""saf"": ""False"", ""pc1"": ""True"", ""bdc"": ""10"", ""toh"": ""False"", ""ng"": ""NO"", ""lc"": ""2"", ""negative"": ""V"", ""generic2"": ""True"", ""sb"": ""NO""}",5.650582749978639,0.49625358398770913,15,ExitStatus.OPTIMAL,False,False,0.49625358398770913
2025-06-08T12:36:29.969937,Sonet-s2ring02_c23.xml,"{""input"": ""tests/xcsp3/cop/UNKNOWN/Sonet-s2ring02_c23.xml"", ""solver"": ""xcsp:ACE@2.4"", ""output_dir"": ""results_comparison"", ""global_time_limit"": 600, ""max_tries"": 50, ""tuning_file"": ""tests/psa/ace.tuning.json"", ""hpo_strategy"": ""hamming"", ""global_time_strategy"": ""PERCENT"", ""percent"": 0.2, ""round_time_strategy"": ""STATIC"", ""time_evolution"": ""STATIC"", ""stop_strategy"": ""TIMEOUT""}",53,"{""varh"": ""FrbaOnDom"", ""valh"": ""OccsR"", ""saf"": ""False"", ""pc1"": ""True"", ""bdc"": ""10"", ""toh"": ""False"", ""ng"": ""NO"", ""lc"": ""2"", ""negative"": ""STR1N"", ""generic2"": ""True"", ""sb"": ""NO""}",5.650582749978639,1.4215503330342472,20,ExitStatus.OPTIMAL,False,False,1.4215503330342472
2025-06-08T12:36:31.493688,Sonet-s2ring02_c23.xml,"{""input"": ""tests/xcsp3/cop/UNKNOWN/Sonet-s2ring02_c23.xml"", ""solver"": ""xcsp:ACE@2.4"", ""output_dir"": ""results_comparison"", ""global_time_limit"": 600, ""max_tries"": 50, ""tuning_file"": ""tests/psa/ace.tuning.json"", ""hpo_strategy"": ""hamming"", ""global_time_strategy"": ""PERCENT"", ""percent"": 0.2, ""round_time_strategy"": ""STATIC"", ""time_evolution"": ""STATIC"", ""stop_strategy"": ""TIMEOUT""}",54,"{""varh"": ""FrbaOnDom"", ""valh"": ""OccsR"", ""saf"": ""False"", ""pc1"": ""True"", ""bdc"": ""10"", ""toh"": ""False"", ""ng"": ""NO"", ""lc"": ""2"", ""negative"": ""STR2N"", ""generic2"": ""True"", ""sb"": ""NO""}",5.650582749978639,1.4472618339932524,20,ExitStatus.OPTIMAL,False,False,1.4472618339932524
2025-06-08T12:36:36.938687,Sonet-s2ring02_c23.xml,"{""input"": ""tests/xcsp3/cop/UNKNOWN/Sonet-s2ring02_c23.xml"", ""solver"": ""xcsp:ACE@2.4"", ""output_dir"": ""results_comparison"", ""global_time_limit"": 600, ""max_tries"": 50, ""tuning_file"": ""tests/psa/ace.tuning.json"", ""hpo_strategy"": ""hamming"", ""global_time_strategy"": ""PERCENT"", ""percent"": 0.2, ""round_time_strategy"": ""STATIC"", ""time_evolution"": ""STATIC"", ""stop_strategy"": ""TIMEOUT""}",55,"{""varh"": ""Memory"", ""valh"": ""RunRobin"", ""saf"": ""False"", ""pc1"": ""True"", ""bdc"": ""1"", ""toh"": ""False"", ""ng"": ""NO"", ""lc"": ""2"", ""negative"": ""V"", ""generic2"": ""True"", ""sb"": ""NO""}",5.650582749978639,5.367764124996029,14,ExitStatus.FEASIBLE,False,False,5.367764124996029
2025-06-08T12:36:38.436916,Sonet-s2ring02_c23.xml,"{""input"": ""tests/xcsp3/cop/UNKNOWN/Sonet-s2ring02_c23.xml"", ""solver"": ""xcsp:ACE@2.4"", ""output_dir"": ""results_comparison"", ""global_time_limit"": 600, ""max_tries"": 50, ""tuning_file"": ""tests/psa/ace.tuning.json"", ""hpo_strategy"": ""hamming"", ""global_time_strategy"": ""PERCENT"", ""percent"": 0.2, ""round_time_strategy"": ""STATIC"", ""time_evolution"": ""STATIC"", ""stop_strategy"": ""TIMEOUT""}",56,"{""varh"": ""FrbaOnDom"", ""valh"": ""OccsR"", ""saf"": ""False"", ""pc1"": ""True"", ""bdc"": ""10"", ""toh"": ""False"", ""ng"": ""NO"", ""lc"": ""2"", ""negative"": ""V"", ""generic2"": ""False"", ""sb"": ""NO""}",5.650582749978639,1.4221577499993145,20,ExitStatus.OPTIMAL,False,False,1.4221577499993145
2025-06-08T12:36:43.885294,Sonet-s2ring02_c23.xml,"{""input"": ""tests/xcsp3/cop/UNKNOWN/Sonet-s2ring02_c23.xml"", ""solver"": ""xcsp:ACE@2.4"", ""output_dir"": ""results_comparison"", ""global_time_limit"": 600, ""max_tries"": 50, ""tuning_file"": ""tests/psa/ace.tuning.json"", ""hpo_strategy"": ""hamming"", ""global_time_strategy"": ""PERCENT"", ""percent"": 0.2, ""round_time_strategy"": ""STATIC"", ""time_evolution"": ""STATIC"", ""stop_strategy"": ""TIMEOUT""}",57,"{""varh"": ""FrbaOnDom"", ""valh"": ""FlrsE"", ""saf"": ""False"", ""pc1"": ""True"", ""bdc"": ""1"", ""toh"": ""False"", ""ng"": ""NO"", ""lc"": ""5"", ""negative"": ""V"", ""generic2"": ""True"", ""sb"": ""NO""}",5.650582749978639,5.372615166998003,14,ExitStatus.FEASIBLE,False,False,5.372615166998003
2025-06-08T12:36:49.331081,Sonet-s2ring02_c23.xml,"{""input"": ""tests/xcsp3/cop/UNKNOWN/Sonet-s2ring02_c23.xml"", ""solver"": ""xcsp:ACE@2.4"", ""output_dir"": ""results_comparison"", ""global_time_limit"": 600, ""max_tries"": 50, ""tuning_file"": ""tests/psa/ace.tuning.json"", ""hpo_strategy"": ""hamming"", ""global_time_strategy"": ""PERCENT"", ""percent"": 0.2, ""round_time_strategy"": ""STATIC"", ""time_evolution"": ""STATIC"", ""stop_strategy"": ""TIMEOUT""}",58,"{""varh"": ""PickOnDom"", ""valh"": ""FlrsE"", ""saf"": ""False"", ""pc1"": ""True"", ""bdc"": ""1"", ""toh"": ""False"", ""ng"": ""NO"", ""lc"": ""2"", ""negative"": ""V"", ""generic2"": ""True"", ""sb"": ""NO""}",5.650582749978639,5.369318249984644,14,ExitStatus.FEASIBLE,False,False,5.369318249984644
2025-06-08T12:36:54.775255,Sonet-s2ring02_c23.xml,"{""input"": ""tests/xcsp3/cop/UNKNOWN/Sonet-s2ring02_c23.xml"", ""solver"": ""xcsp:ACE@2.4"", ""output_dir"": ""results_comparison"", ""global_time_limit"": 600, ""max_tries"": 50, ""tuning_file"": ""tests/psa/ace.tuning.json"", ""hpo_strategy"": ""hamming"", ""global_time_strategy"": ""PERCENT"", ""percent"": 0.2, ""round_time_strategy"": ""STATIC"", ""time_evolution"": ""STATIC"", ""stop_strategy"": ""TIMEOUT""}",59,"{""varh"": ""FrbaOnDom"", ""valh"": ""OccsR"", ""saf"": ""False"", ""pc1"": ""True"", ""bdc"": ""1"", ""toh"": ""False"", ""ng"": ""NO"", ""lc"": ""10"", ""negative"": ""STR2"", ""generic2"": ""True"", ""sb"": ""NO""}",5.650582749978639,5.367363666999154,14,ExitStatus.FEASIBLE,False,False,5.367363666999154
2025-06-08T12:37:00.220034,Sonet-s2ring02_c23.xml,"{""input"": ""tests/xcsp3/cop/UNKNOWN/Sonet-s2ring02_c23.xml"", ""solver"": ""xcsp:ACE@2.4"", ""output_dir"": ""results_comparison"", ""global_time_limit"": 600, ""max_tries"": 50, ""tuning_file"": ""tests/psa/ace.tuning.json"", ""hpo_strategy"": ""hamming"", ""global_time_strategy"": ""PERCENT"", ""percent"": 0.2, ""round_time_strategy"": ""STATIC"", ""time_evolution"": ""STATIC"", ""stop_strategy"": ""TIMEOUT""}",60,"{""varh"": ""Impact"", ""valh"": ""OccsR"", ""saf"": ""False"", ""pc1"": ""False"", ""bdc"": ""1"", ""toh"": ""False"", ""ng"": ""NO"", ""lc"": ""2"", ""negative"": ""V"", ""generic2"": ""True"", ""sb"": ""NO""}",5.650582749978639,5.368744749983307,23,ExitStatus.FEASIBLE,False,False,5.368744749983307
2025-06-08T12:37:05.667965,Sonet-s2ring02_c23.xml,"{""input"": ""tests/xcsp3/cop/UNKNOWN/Sonet-s2ring02_c23.xml"", ""solver"": ""xcsp:ACE@2.4"", ""output_dir"": ""results_comparison"", ""global_time_limit"": 600, ""max_tries"": 50, ""tuning_file"": ""tests/psa/ace.tuning.json"", ""hpo_strategy"": ""hamming"", ""global_time_strategy"": ""PERCENT"", ""percent"": 0.2, ""round_time_strategy"": ""STATIC"", ""time_evolution"": ""STATIC"", ""stop_strategy"": ""TIMEOUT""}",61,"{""varh"": ""FrbaOnDom"", ""valh"": ""OccsR"", ""saf"": ""False"", ""pc1"": ""False"", ""bdc"": ""1"", ""toh"": ""False"", ""ng"": ""NO"", ""lc"": ""2"", ""negative"": ""STR3"", ""generic2"": ""True"", ""sb"": ""NO""}",5.650582749978639,5.372793750022538,14,ExitStatus.FEASIBLE,False,False,5.372793750022538
2025-06-08T12:37:06.221907,Sonet-s2ring02_c23.xml,"{""input"": ""tests/xcsp3/cop/UNKNOWN/Sonet-s2ring02_c23.xml"", ""solver"": ""xcsp:ACE@2.4"", ""output_dir"": ""results_comparison"", ""global_time_limit"": 600, ""max_tries"": 50, ""tuning_file"": ""tests/psa/ace.tuning.json"", ""hpo_strategy"": ""hamming"", ""global_time_strategy"": ""PERCENT"", ""percent"": 0.2, ""round_time_strategy"": ""STATIC"", ""time_evolution"": ""STATIC"", ""stop_strategy"": ""TIMEOUT""}",62,"{""varh"": ""FrbaOnDom"", ""valh"": ""OccsR"", ""saf"": ""False"", ""pc1"": ""True"", ""bdc"": ""1000"", ""toh"": ""False"", ""ng"": ""NO"", ""lc"": ""2"", ""negative"": ""STR2"", ""generic2"": ""True"", ""sb"": ""NO""}",5.650582749978639,0.47728766599902883,,ExitStatus.UNKNOWN,False,False,0.47728766599902883
2025-06-08T12:37:06.779147,Sonet-s2ring02_c23.xml,"{""input"": ""tests/xcsp3/cop/UNKNOWN/Sonet-s2ring02_c23.xml"", ""solver"": ""xcsp:ACE@2.4"", ""output_dir"": ""results_comparison"", ""global_time_limit"": 600, ""max_tries"": 50, ""tuning_file"": ""tests/psa/ace.tuning.json"", ""hpo_strategy"": ""hamming"", ""global_time_strategy"": ""PERCENT"", ""percent"": 0.2, ""round_time_strategy"": ""STATIC"", ""time_evolution"": ""STATIC"", ""stop_strategy"": ""TIMEOUT""}",63,"{""varh"": ""FrbaOnDom"", ""valh"": ""OccsR"", ""saf"": ""False"", ""pc1"": ""True"", ""bdc"": ""1000"", ""toh"": ""False"", ""ng"": ""NO"", ""lc"": ""2"", ""negative"": ""STR1"", ""generic2"": ""True"", ""sb"": ""NO""}",5.650582749978639,0.4807993749855086,,ExitStatus.UNKNOWN,False,False,0.4807993749855086
2025-06-08T12:37:12.224932,Sonet-s2ring02_c23.xml,"{""input"": ""tests/xcsp3/cop/UNKNOWN/Sonet-s2ring02_c23.xml"", ""solver"": ""xcsp:ACE@2.4"", ""output_dir"": ""results_comparison"", ""global_time_limit"": 600, ""max_tries"": 50, ""tuning_file"": ""tests/psa/ace.tuning.json"", ""hpo_strategy"": ""hamming"", ""global_time_strategy"": ""PERCENT"", ""percent"": 0.2, ""round_time_strategy"": ""STATIC"", ""time_evolution"": ""STATIC"", ""stop_strategy"": ""TIMEOUT""}",64,"{""varh"": ""FrbaOnDom"", ""valh"": ""OccsR"", ""saf"": ""False"", ""pc1"": ""True"", ""bdc"": ""1"", ""toh"": ""False"", ""ng"": ""NO"", ""lc"": ""10"", ""negative"": ""STR0"", ""generic2"": ""True"", ""sb"": ""NO""}",5.650582749978639,5.370197959011421,14,ExitStatus.FEASIBLE,False,False,5.370197959011421
2025-06-08T12:37:17.675650,Sonet-s2ring02_c23.xml,"{""input"": ""tests/xcsp3/cop/UNKNOWN/Sonet-s2ring02_c23.xml"", ""solver"": ""xcsp:ACE@2.4"", ""output_dir"": ""results_comparison"", ""global_time_limit"": 600, ""max_tries"": 50, ""tuning_file"": ""tests/psa/ace.tuning.json"", ""hpo_strategy"": ""hamming"", ""global_time_strategy"": ""PERCENT"", ""percent"": 0.2, ""round_time_strategy"": ""STATIC"", ""time_evolution"": ""STATIC"", ""stop_strategy"": ""TIMEOUT""}",65,"{""varh"": ""WdegOnDom"", ""valh"": ""Bivs3"", ""saf"": ""False"", ""pc1"": ""True"", ""bdc"": ""1"", ""toh"": ""False"", ""ng"": ""NO"", ""lc"": ""2"", ""negative"": ""V"", ""generic2"": ""True"", ""sb"": ""NO""}",5.650582749978639,5.375049750029575,15,ExitStatus.FEASIBLE,False,False,5.375049750029575
2025-06-08T12:37:23.125870,Sonet-s2ring02_c23.xml,"{""input"": ""tests/xcsp3/cop/UNKNOWN/Sonet-s2ring02_c23.xml"", ""solver"": ""xcsp:ACE@2.4"", ""output_dir"": ""results_comparison"", ""global_time_limit"": 600, ""max_tries"": 50, ""tuning_file"": ""tests/psa/ace.tuning.json"", ""hpo_strategy"": ""hamming"", ""global_time_strategy"": ""PERCENT"", ""percent"": 0.2, ""round_time_strategy"": ""STATIC"", ""time_evolution"": ""STATIC"", ""stop_strategy"": ""TIMEOUT""}",66,"{""varh"": ""PickOnDom"", ""valh"": ""OccsR"", ""saf"": ""False"", ""pc1"": ""True"", ""bdc"": ""1"", ""toh"": ""False"", ""ng"": ""NO"", ""lc"": ""2"", ""negative"": ""CT"", ""generic2"": ""True"", ""sb"": ""NO""}",5.650582749978639,5.373942334030289,14,ExitStatus.FEASIBLE,False,False,5.373942334030289
2025-06-08T12:37:28.569183,Sonet-s2ring02_c23.xml,"{""input"": ""tests/xcsp3/cop/UNKNOWN/Sonet-s2ring02_c23.xml"", ""solver"": ""xcsp:ACE@2.4"", ""output_dir"": ""results_comparison"", ""global_time_limit"": 600, ""max_tries"": 50, ""tuning_file"": ""tests/psa/ace.tuning.json"", ""hpo_strategy"": ""hamming"", ""global_time_strategy"": ""PERCENT"", ""percent"": 0.2, ""round_time_strategy"": ""STATIC"", ""time_evolution"": ""STATIC"", ""stop_strategy"": ""TIMEOUT""}",67,"{""varh"": ""FrbaOnDom"", ""valh"": ""Bivs3"", ""saf"": ""False"", ""pc1"": ""True"", ""bdc"": ""1"", ""toh"": ""False"", ""ng"": ""NO"", ""lc"": ""2"", ""negative"": ""VA"", ""generic2"": ""True"", ""sb"": ""NO""}",5.650582749978639,5.369264749984723,15,ExitStatus.FEASIBLE,False,False,5.369264749984723
2025-06-08T12:37:34.007617,Sonet-s2ring02_c23.xml,"{""input"": ""tests/xcsp3/cop/UNKNOWN/Sonet-s2ring02_c23.xml"", ""solver"": ""xcsp:ACE@2.4"", ""output_dir"": ""results_comparison"", ""global_time_limit"": 600, ""max_tries"": 50, ""tuning_file"": ""tests/psa/ace.tuning.json"", ""hpo_strategy"": ""hamming"", ""global_time_strategy"": ""PERCENT"", ""percent"": 0.2, ""round_time_strategy"": ""STATIC"", ""time_evolution"": ""STATIC"", ""stop_strategy"": ""TIMEOUT""}",68,"{""varh"": ""FrbaOnDom"", ""valh"": ""Bivs3"", ""saf"": ""False"", ""pc1"": ""True"", ""bdc"": ""1"", ""toh"": ""False"", ""ng"": ""NO"", ""lc"": ""2"", ""negative"": ""STR3"", ""generic2"": ""True"", ""sb"": ""NO""}",5.650582749978639,5.362040417036042,15,ExitStatus.FEASIBLE,False,False,5.362040417036042
2025-06-08T12:37:39.455152,Sonet-s2ring02_c23.xml,"{""input"": ""tests/xcsp3/cop/UNKNOWN/Sonet-s2ring02_c23.xml"", ""solver"": ""xcsp:ACE@2.4"", ""output_dir"": ""results_comparison"", ""global_time_limit"": 600, ""max_tries"": 50, ""tuning_file"": ""tests/psa/ace.tuning.json"", ""hpo_strategy"": ""hamming"", ""global_time_strategy"": ""PERCENT"", ""percent"": 0.2, ""round_time_strategy"": ""STATIC"", ""time_evolution"": ""STATIC"", ""stop_strategy"": ""TIMEOUT""}",69,"{""varh"": ""Rand"", ""valh"": ""OccsR"", ""saf"": ""False"", ""pc1"": ""True"", ""bdc"": ""1"", ""toh"": ""False"", ""ng"": ""NO"", ""lc"": ""10"", ""negative"": ""V"", ""generic2"": ""True"", ""sb"": ""NO""}",5.650582749978639,5.370665874972474,14,ExitStatus.FEASIBLE,False,False,5.370665874972474
2025-06-08T12:37:40.016580,Sonet-s2ring02_c23.xml,"{""input"": ""tests/xcsp3/cop/UNKNOWN/Sonet-s2ring02_c23.xml"", ""solver"": ""xcsp:ACE@2.4"", ""output_dir"": ""results_comparison"", ""global_time_limit"": 600, ""max_tries"": 50, ""tuning_file"": ""tests/psa/ace.tuning.json"", ""hpo_strategy"": ""hamming"", ""global_time_strategy"": ""PERCENT"", ""percent"": 0.2, ""round_time_strategy"": ""STATIC"", ""time_evolution"": ""STATIC"", ""stop_strategy"": ""TIMEOUT""}",70,"{""varh"": ""FrbaOnDom"", ""valh"": ""OccsR"", ""saf"": ""False"", ""pc1"": ""True"", ""bdc"": ""100"", ""toh"": ""False"", ""ng"": ""NO"", ""lc"": ""2"", ""negative"": ""STR2"", ""generic2"": ""True"", ""sb"": ""NO""}",5.650582749978639,0.48415829200530425,,ExitStatus.UNKNOWN,False,False,0.48415829200530425
2025-06-08T12:37:50.106252,Sonet-s2ring02_c23.xml,"{""input"": ""tests/xcsp3/cop/UNKNOWN/Sonet-s2ring02_c23.xml"", ""solver"": ""xcsp:ACE@2.4"", ""output_dir"": ""results_comparison"", ""global_time_limit"": 600, ""max_tries"": 50, ""tuning_file"": ""tests/psa/ace.tuning.json"", ""hpo_strategy"": ""hamming"", ""global_time_strategy"": ""PERCENT"", ""percent"": 0.2, ""round_time_strategy"": ""STATIC"", ""time_evolution"": ""STATIC"", ""stop_strategy"": ""TIMEOUT""}",71,"{""varh"": ""FrbaOnDom"", ""valh"": ""Conflicts"", ""saf"": ""False"", ""pc1"": ""True"", ""bdc"": ""1"", ""toh"": ""False"", ""ng"": ""NO"", ""lc"": ""2"", ""negative"": ""STR3"", ""generic2"": ""True"", ""sb"": ""NO""}",5.650582749978639,5,,ExitStatus.UNKNOWN,False,False,5
2025-06-08T12:37:50.710136,Sonet-s2ring02_c23.xml,"{""input"": ""tests/xcsp3/cop/UNKNOWN/Sonet-s2ring02_c23.xml"", ""solver"": ""xcsp:ACE@2.4"", ""output_dir"": ""results_comparison"", ""global_time_limit"": 600, ""max_tries"": 50, ""tuning_file"": ""tests/psa/ace.tuning.json"", ""hpo_strategy"": ""hamming"", ""global_time_strategy"": ""PERCENT"", ""percent"": 0.2, ""round_time_strategy"": ""STATIC"", ""time_evolution"": ""STATIC"", ""stop_strategy"": ""TIMEOUT""}",72,"{""varh"": ""FrbaOnDom"", ""valh"": ""OccsR"", ""saf"": ""True"", ""pc1"": ""True"", ""bdc"": ""1000"", ""toh"": ""False"", ""ng"": ""NO"", ""lc"": ""2"", ""negative"": ""V"", ""generic2"": ""True"", ""sb"": ""NO""}",5.650582749978639,0.5228887909906916,,ExitStatus.UNKNOWN,False,False,0.5228887909906916
2025-06-08T12:37:56.179387,Sonet-s2ring02_c23.xml,"{""input"": ""tests/xcsp3/cop/UNKNOWN/Sonet-s2ring02_c23.xml"", ""solver"": ""xcsp:ACE@2.4"", ""output_dir"": ""results_comparison"", ""global_time_limit"": 600, ""max_tries"": 50, ""tuning_file"": ""tests/psa/ace.tuning.json"", ""hpo_strategy"": ""hamming"", ""global_time_strategy"": ""PERCENT"", ""percent"": 0.2, ""round_time_strategy"": ""STATIC"", ""time_evolution"": ""STATIC"", ""stop_strategy"": ""TIMEOUT""}",73,"{""varh"": ""FrbaOnDom"", ""valh"": ""OccsR"", ""saf"": ""False"", ""pc1"": ""True"", ""bdc"": ""1"", ""toh"": ""False"", ""ng"": ""NO"", ""lc"": ""1"", ""negative"": ""VA"", ""generic2"": ""True"", ""sb"": ""NO""}",5.650582749978639,5.388829167000949,15,ExitStatus.FEASIBLE,False,False,5.388829167000949
2025-06-08T12:38:01.629343,Sonet-s2ring02_c23.xml,"{""input"": ""tests/xcsp3/cop/UNKNOWN/Sonet-s2ring02_c23.xml"", ""solver"": ""xcsp:ACE@2.4"", ""output_dir"": ""results_comparison"", ""global_time_limit"": 600, ""max_tries"": 50, ""tuning_file"": ""tests/psa/ace.tuning.json"", ""hpo_strategy"": ""hamming"", ""global_time_strategy"": ""PERCENT"", ""percent"": 0.2, ""round_time_strategy"": ""STATIC"", ""time_evolution"": ""STATIC"", ""stop_strategy"": ""TIMEOUT""}",74,"{""varh"": ""FrbaOnDom"", ""valh"": ""OccsR"", ""saf"": ""False"", ""pc1"": ""False"", ""bdc"": ""1"", ""toh"": ""False"", ""ng"": ""NO"", ""lc"": ""2"", ""negative"": ""STR2"", ""generic2"": ""True"", ""sb"": ""NO""}",5.650582749978639,5.37011783401249,14,ExitStatus.FEASIBLE,False,False,5.37011783401249
2025-06-08T12:38:07.096994,Sonet-s2ring02_c23.xml,"{""input"": ""tests/xcsp3/cop/UNKNOWN/Sonet-s2ring02_c23.xml"", ""solver"": ""xcsp:ACE@2.4"", ""output_dir"": ""results_comparison"", ""global_time_limit"": 600, ""max_tries"": 50, ""tuning_file"": ""tests/psa/ace.tuning.json"", ""hpo_strategy"": ""hamming"", ""global_time_strategy"": ""PERCENT"", ""percent"": 0.2, ""round_time_strategy"": ""STATIC"", ""time_evolution"": ""STATIC"", ""stop_strategy"": ""TIMEOUT""}",75,"{""varh"": ""Activity"", ""valh"": ""RunRobin"", ""saf"": ""False"", ""pc1"": ""True"", ""bdc"": ""1"", ""toh"": ""False"", ""ng"": ""NO"", ""lc"": ""2"", ""negative"": ""V"", ""generic2"": ""True"", ""sb"": ""NO""}",5.650582749978639,5.388168208999559,16,ExitStatus.FEASIBLE,False,False,5.388168208999559
2025-06-08T12:38:12.563729,Sonet-s2ring02_c23.xml,"{""input"": ""tests/xcsp3/cop/UNKNOWN/Sonet-s2ring02_c23.xml"", ""solver"": ""xcsp:ACE@2.4"", ""output_dir"": ""results_comparison"", ""global_time_limit"": 600, ""max_tries"": 50, ""tuning_file"": ""tests/psa/ace.tuning.json"", ""hpo_strategy"": ""hamming"", ""global_time_strategy"": ""PERCENT"", ""percent"": 0.2, ""round_time_strategy"": ""STATIC"", ""time_evolution"": ""STATIC"", ""stop_strategy"": ""TIMEOUT""}",76,"{""varh"": ""FrbaOnDom"", ""valh"": ""OccsR"", ""saf"": ""True"", ""pc1"": ""True"", ""bdc"": ""1"", ""toh"": ""False"", ""ng"": ""NO"", ""lc"": ""2"", ""negative"": ""STR2N"", ""generic2"": ""True"", ""sb"": ""NO""}",5.650582749978639,5.387299250054639,14,ExitStatus.FEASIBLE,False,False,5.387299250054639
2025-06-08T12:38:14.261377,Sonet-s2ring02_c23.xml,"{""input"": ""tests/xcsp3/cop/UNKNOWN/Sonet-s2ring02_c23.xml"", ""solver"": ""xcsp:ACE@2.4"", ""output_dir"": ""results_comparison"", ""global_time_limit"": 600, ""max_tries"": 50, ""tuning_file"": ""tests/psa/ace.tuning.json"", ""hpo_strategy"": ""hamming"", ""global_time_strategy"": ""PERCENT"", ""percent"": 0.2, ""round_time_strategy"": ""STATIC"", ""time_evolution"": ""STATIC"", ""stop_strategy"": ""TIMEOUT""}",77,"{""varh"": ""FrbaOnDom"", ""valh"": ""RunRobin"", ""saf"": ""False"", ""pc1"": ""True"", ""bdc"": ""10"", ""toh"": ""False"", ""ng"": ""NO"", ""lc"": ""2"", ""negative"": ""V"", ""generic2"": ""True"", ""sb"": ""NO""}",5.650582749978639,1.6181652079685591,20,ExitStatus.OPTIMAL,False,False,1.6181652079685591
2025-06-08T12:38:19.728697,Sonet-s2ring02_c23.xml,"{""input"": ""tests/xcsp3/cop/UNKNOWN/Sonet-s2ring02_c23.xml"", ""solver"": ""xcsp:ACE@2.4"", ""output_dir"": ""results_comparison"", ""global_time_limit"": 600, ""max_tries"": 50, ""tuning_file"": ""tests/psa/ace.tuning.json"", ""hpo_strategy"": ""hamming"", ""global_time_strategy"": ""PERCENT"", ""percent"": 0.2, ""round_time_strategy"": ""STATIC"", ""time_evolution"": ""STATIC"", ""stop_strategy"": ""TIMEOUT""}",78,"{""varh"": ""FrbaOnDom"", ""valh"": ""OccsR"", ""saf"": ""True"", ""pc1"": ""True"", ""bdc"": ""1"", ""toh"": ""False"", ""ng"": ""NO"", ""lc"": ""2"", ""negative"": ""VA"", ""generic2"": ""True"", ""sb"": ""NO""}",5.650582749978639,5.387336959014647,14,ExitStatus.FEASIBLE,False,False,5.387336959014647
2025-06-08T12:38:25.188937,Sonet-s2ring02_c23.xml,"{""input"": ""tests/xcsp3/cop/UNKNOWN/Sonet-s2ring02_c23.xml"", ""solver"": ""xcsp:ACE@2.4"", ""output_dir"": ""results_comparison"", ""global_time_limit"": 600, ""max_tries"": 50, ""tuning_file"": ""tests/psa/ace.tuning.json"", ""hpo_strategy"": ""hamming"", ""global_time_strategy"": ""PERCENT"", ""percent"": 0.2, ""round_time_strategy"": ""STATIC"", ""time_evolution"": ""STATIC"", ""stop_strategy"": ""TIMEOUT""}",79,"{""varh"": ""Memory"", ""valh"": ""OccsR"", ""saf"": ""False"", ""pc1"": ""False"", ""bdc"": ""1"", ""toh"": ""False"", ""ng"": ""NO"", ""lc"": ""2"", ""negative"": ""V"", ""generic2"": ""True"", ""sb"": ""NO""}",5.650582749978639,5.380645333032589,14,ExitStatus.FEASIBLE,False,False,5.380645333032589
2025-06-08T12:38:26.742866,Sonet-s2ring02_c23.xml,"{""input"": ""tests/xcsp3/cop/UNKNOWN/Sonet-s2ring02_c23.xml"", ""solver"": ""xcsp:ACE@2.4"", ""output_dir"": ""results_comparison"", ""global_time_limit"": 600, ""max_tries"": 50, ""tuning_file"": ""tests/psa/ace.tuning.json"", ""hpo_strategy"": ""hamming"", ""global_time_strategy"": ""PERCENT"", ""percent"": 0.2, ""round_time_strategy"": ""STATIC"", ""time_evolution"": ""STATIC"", ""stop_strategy"": ""TIMEOUT""}",80,"{""varh"": ""FrbaOnDom"", ""valh"": ""OccsR"", ""saf"": ""False"", ""pc1"": ""True"", ""bdc"": ""10"", ""toh"": ""False"", ""ng"": ""NO"", ""lc"": ""10"", ""negative"": ""V"", ""generic2"": ""True"", ""sb"": ""NO""}",5.650582749978639,1.4749049170059152,20,ExitStatus.OPTIMAL,False,False,1.4749049170059152
2025-06-08T12:38:28.306147,Sonet-s2ring02_c23.xml,"{""input"": ""tests/xcsp3/cop/UNKNOWN/Sonet-s2ring02_c23.xml"", ""solver"": ""xcsp:ACE@2.4"", ""output_dir"": ""results_comparison"", ""global_time_limit"": 600, ""max_tries"": 50, ""tuning_file"": ""tests/psa/ace.tuning.json"", ""hpo_strategy"": ""hamming"", ""global_time_strategy"": ""PERCENT"", ""percent"": 0.2, ""round_time_strategy"": ""STATIC"", ""time_evolution"": ""STATIC"", ""stop_strategy"": ""TIMEOUT""}",81,"{""varh"": ""FrbaOnDom"", ""valh"": ""OccsR"", ""saf"": ""False"", ""pc1"": ""True"", ""bdc"": ""10"", ""toh"": ""True"", ""ng"": ""NO"", ""lc"": ""2"", ""negative"": ""V"", ""generic2"": ""True"", ""sb"": ""NO""}",5.650582749978639,1.484957167005632,20,ExitStatus.OPTIMAL,False,False,1.484957167005632
2025-06-08T12:38:28.892913,Sonet-s2ring02_c23.xml,"{""input"": ""tests/xcsp3/cop/UNKNOWN/Sonet-s2ring02_c23.xml"", ""solver"": ""xcsp:ACE@2.4"", ""output_dir"": ""results_comparison"", ""global_time_limit"": 600, ""max_tries"": 50, ""tuning_file"": ""tests/psa/ace.tuning.json"", ""hpo_strategy"": ""hamming"", ""global_time_strategy"": ""PERCENT"", ""percent"": 0.2, ""round_time_strategy"": ""STATIC"", ""time_evolution"": ""STATIC"", ""stop_strategy"": ""TIMEOUT""}",82,"{""varh"": ""FrbaOnDom"", ""valh"": ""OccsR"", ""saf"": ""False"", ""pc1"": ""True"", ""bdc"": ""100"", ""toh"": ""False"", ""ng"": ""NO"", ""lc"": ""2"", ""negative"": ""VA"", ""generic2"": ""True"", ""sb"": ""NO""}",5.650582749978639,0.5083384169847704,,ExitStatus.UNKNOWN,False,False,0.5083384169847704
2025-06-08T12:38:34.358374,Sonet-s2ring02_c23.xml,"{""input"": ""tests/xcsp3/cop/UNKNOWN/Sonet-s2ring02_c23.xml"", ""solver"": ""xcsp:ACE@2.4"", ""output_dir"": ""results_comparison"", ""global_time_limit"": 600, ""max_tries"": 50, ""tuning_file"": ""tests/psa/ace.tuning.json"", ""hpo_strategy"": ""hamming"", ""global_time_strategy"": ""PERCENT"", ""percent"": 0.2, ""round_time_strategy"": ""STATIC"", ""time_evolution"": ""STATIC"", ""stop_strategy"": ""TIMEOUT""}",83,"{""varh"": ""RunRobin"", ""valh"": ""First"", ""saf"": ""False"", ""pc1"": ""True"", ""bdc"": ""1"", ""toh"": ""False"", ""ng"": ""NO"", ""lc"": ""2"", ""negative"": ""V"", ""generic2"": ""True"", ""sb"": ""NO""}",5.650582749978639,5.386624625010882,14,ExitStatus.FEASIBLE,False,False,5.386624625010882
2025-06-08T12:38:39.824739,Sonet-s2ring02_c23.xml,"{""input"": ""tests/xcsp3/cop/UNKNOWN/Sonet-s2ring02_c23.xml"", ""solver"": ""xcsp:ACE@2.4"", ""output_dir"": ""results_comparison"", ""global_time_limit"": 600, ""max_tries"": 50, ""tuning_file"": ""tests/psa/ace.tuning.json"", ""hpo_strategy"": ""hamming"", ""global_time_strategy"": ""PERCENT"", ""percent"": 0.2, ""round_time_strategy"": ""STATIC"", ""time_evolution"": ""STATIC"", ""stop_strategy"": ""TIMEOUT""}",84,"{""varh"": ""Rand"", ""valh"": ""OccsR"", ""saf"": ""False"", ""pc1"": ""True"", ""bdc"": ""1"", ""toh"": ""False"", ""ng"": ""NO"", ""lc"": ""2"", ""negative"": ""STR1N"", ""generic2"": ""True"", ""sb"": ""NO""}",5.650582749978639,5.386194374994375,14,ExitStatus.FEASIBLE,False,False,5.386194374994375
2025-06-08T12:38:49.914558,Sonet-s2ring02_c23.xml,"{""input"": ""tests/xcsp3/cop/UNKNOWN/Sonet-s2ring02_c23.xml"", ""solver"": ""xcsp:ACE@2.4"", ""output_dir"": ""results_comparison"", ""global_time_limit"": 600, ""max_tries"": 50, ""tuning_file"": ""tests/psa/ace.tuning.json"", ""hpo_strategy"": ""hamming"", ""global_time_strategy"": ""PERCENT"", ""percent"": 0.2, ""round_time_strategy"": ""STATIC"", ""time_evolution"": ""STATIC"", ""stop_strategy"": ""TIMEOUT""}",85,"{""varh"": ""FrbaOnDom"", ""valh"": ""Conflicts"", ""saf"": ""False"", ""pc1"": ""False"", ""bdc"": ""1"", ""toh"": ""False"", ""ng"": ""NO"", ""lc"": ""2"", ""negative"": ""V"", ""generic2"": ""True"", ""sb"": ""NO""}",5.650582749978639,5,,ExitStatus.UNKNOWN,False,False,5
2025-06-08T12:38:55.438656,Sonet-s2ring02_c23.xml,"{""input"": ""tests/xcsp3/cop/UNKNOWN/Sonet-s2ring02_c23.xml"", ""solver"": ""xcsp:ACE@2.4"", ""output_dir"": ""results_comparison"", ""global_time_limit"": 600, ""max_tries"": 50, ""tuning_file"": ""tests/psa/ace.tuning.json"", ""hpo_strategy"": ""hamming"", ""global_time_strategy"": ""PERCENT"", ""percent"": 0.2, ""round_time_strategy"": ""STATIC"", ""time_evolution"": ""STATIC"", ""stop_strategy"": ""TIMEOUT""}",86,"{""varh"": ""FrbaOnDom"", ""valh"": ""Rand"", ""saf"": ""False"", ""pc1"": ""True"", ""bdc"": ""1"", ""toh"": ""False"", ""ng"": ""NO"", ""lc"": ""2"", ""negative"": ""STR3"", ""generic2"": ""True"", ""sb"": ""NO""}",5.650582749978639,5.444954541977495,16,ExitStatus.FEASIBLE,False,False,5.444954541977495
2025-06-08T12:39:00.959248,Sonet-s2ring02_c23.xml,"{""input"": ""tests/xcsp3/cop/UNKNOWN/Sonet-s2ring02_c23.xml"", ""solver"": ""xcsp:ACE@2.4"", ""output_dir"": ""results_comparison"", ""global_time_limit"": 600, ""max_tries"": 50, ""tuning_file"": ""tests/psa/ace.tuning.json"", ""hpo_strategy"": ""hamming"", ""global_time_strategy"": ""PERCENT"", ""percent"": 0.2, ""round_time_strategy"": ""STATIC"", ""time_evolution"": ""STATIC"", ""stop_strategy"": ""TIMEOUT""}",87,"{""varh"": ""FrbaOnDom"", ""valh"": ""FlrsE"", ""saf"": ""False"", ""pc1"": ""True"", ""bdc"": ""1"", ""toh"": ""False"", ""ng"": ""NO"", ""lc"": ""1"", ""negative"": ""V"", ""generic2"": ""True"", ""sb"": ""NO""}",5.650582749978639,5.43935075000627,14,ExitStatus.FEASIBLE,False,False,5.43935075000627
2025-06-08T12:39:01.640876,Sonet-s2ring02_c23.xml,"{""input"": ""tests/xcsp3/cop/UNKNOWN/Sonet-s2ring02_c23.xml"", ""solver"": ""xcsp:ACE@2.4"", ""output_dir"": ""results_comparison"", ""global_time_limit"": 600, ""max_tries"": 50, ""tuning_file"": ""tests/psa/ace.tuning.json"", ""hpo_strategy"": ""hamming"", ""global_time_strategy"": ""PERCENT"", ""percent"": 0.2, ""round_time_strategy"": ""STATIC"", ""time_evolution"": ""STATIC"", ""stop_strategy"": ""TIMEOUT""}",88,"{""varh"": ""FrbaOnDom"", ""valh"": ""OccsR"", ""saf"": ""False"", ""pc1"": ""True"", ""bdc"": ""1000"", ""toh"": ""False"", ""ng"": ""NO"", ""lc"": ""2"", ""negative"": ""CT"", ""generic2"": ""True"", ""sb"": ""NO""}",5.650582749978639,0.5976732079870999,,ExitStatus.UNKNOWN,False,False,0.5976732079870999
2025-06-08T12:39:07.158118,Sonet-s2ring02_c23.xml,"{""input"": ""tests/xcsp3/cop/UNKNOWN/Sonet-s2ring02_c23.xml"", ""solver"": ""xcsp:ACE@2.4"", ""output_dir"": ""results_comparison"", ""global_time_limit"": 600, ""max_tries"": 50, ""tuning_file"": ""tests/psa/ace.tuning.json"", ""hpo_strategy"": ""hamming"", ""global_time_strategy"": ""PERCENT"", ""percent"": 0.2, ""round_time_strategy"": ""STATIC"", ""time_evolution"": ""STATIC"", ""stop_strategy"": ""TIMEOUT""}",89,"{""varh"": ""FrbaOnDom"", ""valh"": ""OccsR"", ""saf"": ""True"", ""pc1"": ""True"", ""bdc"": ""1"", ""toh"": ""False"", ""ng"": ""NO"", ""lc"": ""2"", ""negative"": ""STR2"", ""generic2"": ""True"", ""sb"": ""NO""}",5.650582749978639,5.437880417041015,14,ExitStatus.FEASIBLE,False,False,5.437880417041015
2025-06-08T12:39:12.679123,Sonet-s2ring02_c23.xml,"{""input"": ""tests/xcsp3/cop/UNKNOWN/Sonet-s2ring02_c23.xml"", ""solver"": ""xcsp:ACE@2.4"", ""output_dir"": ""results_comparison"", ""global_time_limit"": 600, ""max_tries"": 50, ""tuning_file"": ""tests/psa/ace.tuning.json"", ""hpo_strategy"": ""hamming"", ""global_time_strategy"": ""PERCENT"", ""percent"": 0.2, ""round_time_strategy"": ""STATIC"", ""time_evolution"": ""STATIC"", ""stop_strategy"": ""TIMEOUT""}",90,"{""varh"": ""FrbaOnDom"", ""valh"": ""Vals"", ""saf"": ""False"", ""pc1"": ""True"", ""bdc"": ""1"", ""toh"": ""False"", ""ng"": ""NO"", ""lc"": ""2"", ""negative"": ""STR2"", ""generic2"": ""True"", ""sb"": ""NO""}",5.650582749978639,5.437629959022161,14,ExitStatus.FEASIBLE,False,False,5.437629959022161
2025-06-08T12:39:18.191742,Sonet-s2ring02_c23.xml,"{""input"": ""tests/xcsp3/cop/UNKNOWN/Sonet-s2ring02_c23.xml"", ""solver"": ""xcsp:ACE@2.4"", ""output_dir"": ""results_comparison"", ""global_time_limit"": 600, ""max_tries"": 50, ""tuning_file"": ""tests/psa/ace.tuning.json"", ""hpo_strategy"": ""hamming"", ""global_time_strategy"": ""PERCENT"", ""percent"": 0.2, ""round_time_strategy"": ""STATIC"", ""time_evolution"": ""STATIC"", ""stop_strategy"": ""TIMEOUT""}",91,"{""varh"": ""FrbaOnDom"", ""valh"": ""Median"", ""saf"": ""False"", ""pc1"": ""True"", ""bdc"": ""1"", ""toh"": ""False"", ""ng"": ""NO"", ""lc"": ""2"", ""negative"": ""STR1N"", ""generic2"": ""True"", ""sb"": ""NO""}",5.650582749978639,5.430323583015706,14,ExitStatus.FEASIBLE,False,False,5.430323583015706
2025-06-08T12:39:23.702983,Sonet-s2ring02_c23.xml,"{""input"": ""tests/xcsp3/cop/UNKNOWN/Sonet-s2ring02_c23.xml"", ""solver"": ""xcsp:ACE@2.4"", ""output_dir"": ""results_comparison"", ""global_time_limit"": 600, ""max_tries"": 50, ""tuning_file"": ""tests/psa/ace.tuning.json"", ""hpo_strategy"": ""hamming"", ""global_time_strategy"": ""PERCENT"", ""percent"": 0.2, ""round_time_strategy"": ""STATIC"", ""time_evolution"": ""STATIC"", ""stop_strategy"": ""TIMEOUT""}",92,"{""varh"": ""FrbaOnDom"", ""valh"": ""Bivs3"", ""saf"": ""True"", ""pc1"": ""True"", ""bdc"": ""1"", ""toh"": ""False"", ""ng"": ""NO"", ""lc"": ""2"", ""negative"": ""V"", ""generic2"": ""True"", ""sb"": ""NO""}",5.650582749978639,5.429364999989048,15,ExitStatus.FEASIBLE,False,False,5.429364999989048
2025-06-08T12:39:29.238089,Sonet-s2ring02_c23.xml,"{""input"": ""tests/xcsp3/cop/UNKNOWN/Sonet-s2ring02_c23.xml"", ""solver"": ""xcsp:ACE@2.4"", ""output_dir"": ""results_comparison"", ""global_time_limit"": 600, ""max_tries"": 50, ""tuning_file"": ""tests/psa/ace.tuning.json"", ""hpo_strategy"": ""hamming"", ""global_time_strategy"": ""PERCENT"", ""percent"": 0.2, ""round_time_strategy"": ""STATIC"", ""time_evolution"": ""STATIC"", ""stop_strategy"": ""TIMEOUT""}",93,"{""varh"": ""Rand"", ""valh"": ""OccsR"", ""saf"": ""False"", ""pc1"": ""True"", ""bdc"": ""1"", ""toh"": ""False"", ""ng"": ""NO"", ""lc"": ""0"", ""negative"": ""V"", ""generic2"": ""True"", ""sb"": ""NO""}",5.650582749978639,5.450360917020589,14,ExitStatus.FEASIBLE,False,False,5.450360917020589
2025-06-08T12:39:35.385133,Sonet-s2ring02_c23.xml,"{""input"": ""tests/xcsp3/cop/UNKNOWN/Sonet-s2ring02_c23.xml"", ""solver"": ""xcsp:ACE@2.4"", ""output_dir"": ""results_comparison"", ""global_time_limit"": 600, ""max_tries"": 50, ""tuning_file"": ""tests/psa/ace.tuning.json"", ""hpo_strategy"": ""hamming"", ""global_time_strategy"": ""PERCENT"", ""percent"": 0.2, ""round_time_strategy"": ""STATIC"", ""time_evolution"": ""STATIC"", ""stop_strategy"": ""TIMEOUT""}",94,"{""varh"": ""PickOnDom"", ""valh"": ""OccsR"", ""saf"": ""False"", ""pc1"": ""True"", ""bdc"": ""1"", ""toh"": ""False"", ""ng"": ""NO"", ""lc"": ""10"", ""negative"": ""V"", ""generic2"": ""True"", ""sb"": ""NO""}",5.650582749978639,5.988182958040852,14,ExitStatus.FEASIBLE,False,False,5.988182958040852
2025-06-08T12:39:41.389603,Sonet-s2ring02_c23.xml,"{""input"": ""tests/xcsp3/cop/UNKNOWN/Sonet-s2ring02_c23.xml"", ""solver"": ""xcsp:ACE@2.4"", ""output_dir"": ""results_comparison"", ""global_time_limit"": 600, ""max_tries"": 50, ""tuning_file"": ""tests/psa/ace.tuning.json"", ""hpo_strategy"": ""hamming"", ""global_time_strategy"": ""PERCENT"", ""percent"": 0.2, ""round_time_strategy"": ""STATIC"", ""time_evolution"": ""STATIC"", ""stop_strategy"": ""TIMEOUT""}",95,"{""varh"": ""FrbaOnDom"", ""valh"": ""OccsR"", ""saf"": ""False"", ""pc1"": ""True"", ""bdc"": ""1"", ""toh"": ""False"", ""ng"": ""NO"", ""lc"": ""1"", ""negative"": ""STR1N"", ""generic2"": ""True"", ""sb"": ""NO""}",5.650582749978639,5.846229583956301,17,ExitStatus.FEASIBLE,False,False,5.846229583956301
2025-06-08T12:39:42.675166,Sonet-s2ring02_c23.xml,"{""input"": ""tests/xcsp3/cop/UNKNOWN/Sonet-s2ring02_c23.xml"", ""solver"": ""xcsp:ACE@2.4"", ""output_dir"": ""results_comparison"", ""global_time_limit"": 600, ""max_tries"": 50, ""tuning_file"": ""tests/psa/ace.tuning.json"", ""hpo_strategy"": ""hamming"", ""global_time_strategy"": ""PERCENT"", ""percent"": 0.2, ""round_time_strategy"": ""STATIC"", ""time_evolution"": ""STATIC"", ""stop_strategy"": ""TIMEOUT""}",96,"{""varh"": ""Lexico"", ""valh"": ""OccsR"", ""saf"": ""False"", ""pc1"": ""True"", ""bdc"": ""1000"", ""toh"": ""False"", ""ng"": ""NO"", ""lc"": ""2"", ""negative"": ""V"", ""generic2"": ""True"", ""sb"": ""NO""}",5.650582749978639,1.1288383330102079,,ExitStatus.UNKNOWN,False,False,1.1288383330102079
2025-06-08T12:39:52.872450,Sonet-s2ring02_c23.xml,"{""input"": ""tests/xcsp3/cop/UNKNOWN/Sonet-s2ring02_c23.xml"", ""solver"": ""xcsp:ACE@2.4"", ""output_dir"": ""results_comparison"", ""global_time_limit"": 600, ""max_tries"": 50, ""tuning_file"": ""tests/psa/ace.tuning.json"", ""hpo_strategy"": ""hamming"", ""global_time_strategy"": ""PERCENT"", ""percent"": 0.2, ""round_time_strategy"": ""STATIC"", ""time_evolution"": ""STATIC"", ""stop_strategy"": ""TIMEOUT""}",97,"{""varh"": ""Rand"", ""valh"": ""Conflicts"", ""saf"": ""False"", ""pc1"": ""True"", ""bdc"": ""1"", ""toh"": ""False"", ""ng"": ""NO"", ""lc"": ""2"", ""negative"": ""V"", ""generic2"": ""True"", ""sb"": ""NO""}",5.650582749978639,5,,ExitStatus.UNKNOWN,False,False,5
2025-06-08T12:39:58.917941,Sonet-s2ring02_c23.xml,"{""input"": ""tests/xcsp3/cop/UNKNOWN/Sonet-s2ring02_c23.xml"", ""solver"": ""xcsp:ACE@2.4"", ""output_dir"": ""results_comparison"", ""global_time_limit"": 600, ""max_tries"": 50, ""tuning_file"": ""tests/psa/ace.tuning.json"", ""hpo_strategy"": ""hamming"", ""global_time_strategy"": ""PERCENT"", ""percent"": 0.2, ""round_time_strategy"": ""STATIC"", ""time_evolution"": ""STATIC"", ""stop_strategy"": ""TIMEOUT""}",98,"{""varh"": ""WdegOnDom"", ""valh"": ""OccsR"", ""saf"": ""False"", ""pc1"": ""True"", ""bdc"": ""1"", ""toh"": ""False"", ""ng"": ""NO"", ""lc"": ""2"", ""negative"": ""STR1N"", ""generic2"": ""True"", ""sb"": ""NO""}",5.650582749978639,5.888100750045851,14,ExitStatus.FEASIBLE,False,False,5.888100750045851
2025-06-08T12:40:04.965107,Sonet-s2ring02_c23.xml,"{""input"": ""tests/xcsp3/cop/UNKNOWN/Sonet-s2ring02_c23.xml"", ""solver"": ""xcsp:ACE@2.4"", ""output_dir"": ""results_comparison"", ""global_time_limit"": 600, ""max_tries"": 50, ""tuning_file"": ""tests/psa/ace.tuning.json"", ""hpo_strategy"": ""hamming"", ""global_time_strategy"": ""PERCENT"", ""percent"": 0.2, ""round_time_strategy"": ""STATIC"", ""time_evolution"": ""STATIC"", ""stop_strategy"": ""TIMEOUT""}",99,"{""varh"": ""Activity"", ""valh"": ""OccsR"", ""saf"": ""False"", ""pc1"": ""True"", ""bdc"": ""1"", ""toh"": ""False"", ""ng"": ""NO"", ""lc"": ""10"", ""negative"": ""V"", ""generic2"": ""True"", ""sb"": ""NO""}",5.650582749978639,5.88432799995644,23,ExitStatus.FEASIBLE,False,False,5.88432799995644
2025-06-08T12:40:11.013354,Sonet-s2ring02_c23.xml,"{""input"": ""tests/xcsp3/cop/UNKNOWN/Sonet-s2ring02_c23.xml"", ""solver"": ""xcsp:ACE@2.4"", ""output_dir"": ""results_comparison"", ""global_time_limit"": 600, ""max_tries"": 50, ""tuning_file"": ""tests/psa/ace.tuning.json"", ""hpo_strategy"": ""hamming"", ""global_time_strategy"": ""PERCENT"", ""percent"": 0.2, ""round_time_strategy"": ""STATIC"", ""time_evolution"": ""STATIC"", ""stop_strategy"": ""TIMEOUT""}",100,"{""varh"": ""Memory"", ""valh"": ""OccsR"", ""saf"": ""False"", ""pc1"": ""True"", ""bdc"": ""1"", ""toh"": ""False"", ""ng"": ""NO"", ""lc"": ""2"", ""negative"": ""STR2N"", ""generic2"": ""True"", ""sb"": ""NO""}",5.650582749978639,5.872271542029921,14,ExitStatus.FEASIBLE,False,False,5.872271542029921
2025-06-08T12:40:17.041226,Sonet-s2ring02_c23.xml,"{""input"": ""tests/xcsp3/cop/UNKNOWN/Sonet-s2ring02_c23.xml"", ""solver"": ""xcsp:ACE@2.4"", ""output_dir"": ""results_comparison"", ""global_time_limit"": 600, ""max_tries"": 50, ""tuning_file"": ""tests/psa/ace.tuning.json"", ""hpo_strategy"": ""hamming"", ""global_time_strategy"": ""PERCENT"", ""percent"": 0.2, ""round_time_strategy"": ""STATIC"", ""time_evolution"": ""STATIC"", ""stop_strategy"": ""TIMEOUT""}",101,"{""varh"": ""Wdeg"", ""valh"": ""OccsR"", ""saf"": ""False"", ""pc1"": ""True"", ""bdc"": ""1"", ""toh"": ""False"", ""ng"": ""NO"", ""lc"": ""2"", ""negative"": ""CT"", ""generic2"": ""True"", ""sb"": ""NO""}",5.650582749978639,5.854857666010503,14,ExitStatus.FEASIBLE,False,False,5.854857666010503
2025-06-08T12:40:27.215605,Sonet-s2ring02_c23.xml,"{""input"": ""tests/xcsp3/cop/UNKNOWN/Sonet-s2ring02_c23.xml"", ""solver"": ""xcsp:ACE@2.4"", ""output_dir"": ""results_comparison"", ""global_time_limit"": 600, ""max_tries"": 50, ""tuning_file"": ""tests/psa/ace.tuning.json"", ""hpo_strategy"": ""hamming"", ""global_time_strategy"": ""PERCENT"", ""percent"": 0.2, ""round_time_strategy"": ""STATIC"", ""time_evolution"": ""STATIC"", ""stop_strategy"": ""TIMEOUT""}",102,"{""varh"": ""FrbaOnDom"", ""valh"": ""Conflicts"", ""saf"": ""False"", ""pc1"": ""True"", ""bdc"": ""1"", ""toh"": ""False"", ""ng"": ""NO"", ""lc"": ""2"", ""negative"": ""STR2"", ""generic2"": ""True"", ""sb"": ""NO""}",5.650582749978639,5,,ExitStatus.UNKNOWN,False,False,5
2025-06-08T12:40:33.263269,Sonet-s2ring02_c23.xml,"{""input"": ""tests/xcsp3/cop/UNKNOWN/Sonet-s2ring02_c23.xml"", ""solver"": ""xcsp:ACE@2.4"", ""output_dir"": ""results_comparison"", ""global_time_limit"": 600, ""max_tries"": 50, ""tuning_file"": ""tests/psa/ace.tuning.json"", ""hpo_strategy"": ""hamming"", ""global_time_strategy"": ""PERCENT"", ""percent"": 0.2, ""round_time_strategy"": ""STATIC"", ""time_evolution"": ""STATIC"", ""stop_strategy"": ""TIMEOUT""}",103,"{""varh"": ""PickOnDom"", ""valh"": ""OccsR"", ""saf"": ""False"", ""pc1"": ""True"", ""bdc"": ""1"", ""toh"": ""False"", ""ng"": ""NO"", ""lc"": ""2"", ""negative"": ""V"", ""generic2"": ""False"", ""sb"": ""NO""}",5.650582749978639,5.884980624949094,14,ExitStatus.FEASIBLE,False,False,5.884980624949094
2025-06-08T12:40:39.326013,Sonet-s2ring02_c23.xml,"{""input"": ""tests/xcsp3/cop/UNKNOWN/Sonet-s2ring02_c23.xml"", ""solver"": ""xcsp:ACE@2.4"", ""output_dir"": ""results_comparison"", ""global_time_limit"": 600, ""max_tries"": 50, ""tuning_file"": ""tests/psa/ace.tuning.json"", ""hpo_strategy"": ""hamming"", ""global_time_strategy"": ""PERCENT"", ""percent"": 0.2, ""round_time_strategy"": ""STATIC"", ""time_evolution"": ""STATIC"", ""stop_strategy"": ""TIMEOUT""}",104,"{""varh"": ""Wdeg"", ""valh"": ""OccsR"", ""saf"": ""False"", ""pc1"": ""True"", ""bdc"": ""1"", ""toh"": ""False"", ""ng"": ""NO"", ""lc"": ""2"", ""negative"": ""V"", ""generic2"": ""False"", ""sb"": ""NO""}",5.650582749978639,5.890092667017598,14,ExitStatus.FEASIBLE,False,False,5.890092667017598
2025-06-08T12:40:45.395180,Sonet-s2ring02_c23.xml,"{""input"": ""tests/xcsp3/cop/UNKNOWN/Sonet-s2ring02_c23.xml"", ""solver"": ""xcsp:ACE@2.4"", ""output_dir"": ""results_comparison"", ""global_time_limit"": 600, ""max_tries"": 50, ""tuning_file"": ""tests/psa/ace.tuning.json"", ""hpo_strategy"": ""hamming"", ""global_time_strategy"": ""PERCENT"", ""percent"": 0.2, ""round_time_strategy"": ""STATIC"", ""time_evolution"": ""STATIC"", ""stop_strategy"": ""TIMEOUT""}",105,"{""varh"": ""FrbaOnDom"", ""valh"": ""Median"", ""saf"": ""False"", ""pc1"": ""True"", ""bdc"": ""1"", ""toh"": ""True"", ""ng"": ""NO"", ""lc"": ""2"", ""negative"": ""V"", ""generic2"": ""True"", ""sb"": ""NO""}",5.650582749978639,5.892918792029377,14,ExitStatus.FEASIBLE,False,False,5.892918792029377
2025-06-08T12:40:51.464911,Sonet-s2ring02_c23.xml,"{""input"": ""tests/xcsp3/cop/UNKNOWN/Sonet-s2ring02_c23.xml"", ""solver"": ""xcsp:ACE@2.4"", ""output_dir"": ""results_comparison"", ""global_time_limit"": 600, ""max_tries"": 50, ""tuning_file"": ""tests/psa/ace.tuning.json"", ""hpo_strategy"": ""hamming"", ""global_time_strategy"": ""PERCENT"", ""percent"": 0.2, ""round_time_strategy"": ""STATIC"", ""time_evolution"": ""STATIC"", ""stop_strategy"": ""TIMEOUT""}",106,"{""varh"": ""FrbaOnDom"", ""valh"": ""OccsR"", ""saf"": ""False"", ""pc1"": ""True"", ""bdc"": ""1"", ""toh"": ""False"", ""ng"": ""NO"", ""lc"": ""0"", ""negative"": ""STR2N"", ""generic2"": ""True"", ""sb"": ""NO""}",5.650582749978639,5.8919275830267,17,ExitStatus.FEASIBLE,False,False,5.8919275830267
2025-06-08T12:40:57.511185,Sonet-s2ring02_c23.xml,"{""input"": ""tests/xcsp3/cop/UNKNOWN/Sonet-s2ring02_c23.xml"", ""solver"": ""xcsp:ACE@2.4"", ""output_dir"": ""results_comparison"", ""global_time_limit"": 600, ""max_tries"": 50, ""tuning_file"": ""tests/psa/ace.tuning.json"", ""hpo_strategy"": ""hamming"", ""global_time_strategy"": ""PERCENT"", ""percent"": 0.2, ""round_time_strategy"": ""STATIC"", ""time_evolution"": ""STATIC"", ""stop_strategy"": ""TIMEOUT""}",107,"{""varh"": ""Wdeg"", ""valh"": ""OccsR"", ""saf"": ""False"", ""pc1"": ""True"", ""bdc"": ""1"", ""toh"": ""True"", ""ng"": ""NO"", ""lc"": ""2"", ""negative"": ""V"", ""generic2"": ""True"", ""sb"": ""NO""}",5.650582749978639,5.870328375021927,14,ExitStatus.FEASIBLE,False,False,5.870328375021927
2025-06-08T12:41:03.591225,Sonet-s2ring02_c23.xml,"{""input"": ""tests/xcsp3/cop/UNKNOWN/Sonet-s2ring02_c23.xml"", ""solver"": ""xcsp:ACE@2.4"", ""output_dir"": ""results_comparison"", ""global_time_limit"": 600, ""max_tries"": 50, ""tuning_file"": ""tests/psa/ace.tuning.json"", ""hpo_strategy"": ""hamming"", ""global_time_strategy"": ""PERCENT"", ""percent"": 0.2, ""round_time_strategy"": ""STATIC"", ""time_evolution"": ""STATIC"", ""stop_strategy"": ""TIMEOUT""}",108,"{""varh"": ""FrbaOnDom"", ""valh"": ""OccsR"", ""saf"": ""True"", ""pc1"": ""True"", ""bdc"": ""1"", ""toh"": ""False"", ""ng"": ""NO"", ""lc"": ""2"", ""negative"": ""STR3"", ""generic2"": ""True"", ""sb"": ""NO""}",5.650582749978639,5.894636042008642,14,ExitStatus.FEASIBLE,False,False,5.894636042008642
