timestamp,instance_name,cli_args,probe_round,hyperparameters,timeout_used,runtime_returned,objective_returned,status_returned,is_best_so_far_runtime,is_best_so_far_objective,bo_objective_reported
2025-06-07T22:19:47.305842,SREFLP-Cl07_c23.xml,"{""input"": ""tests/xcsp3/cop/UNKNOWN/SREFLP-Cl07_c23.xml"", ""solver"": ""xcsp:ACE@2.4"", ""output_dir"": ""results_comparison"", ""global_time_limit"": 600, ""max_tries"": 50, ""tuning_file"": ""tests/psa/ace.tuning.json"", ""hpo_strategy"": ""hamming"", ""global_time_strategy"": ""PERCENT"", ""percent"": 0.2, ""round_time_strategy"": ""STATIC"", ""time_evolution"": ""STATIC"", ""stop_strategy"": ""TIMEOUT""}",0,"{""varh"": ""Wdeg"", ""valh"": ""First"", ""saf"": ""False"", ""pc1"": ""True"", ""bdc"": ""1"", ""toh"": ""False"", ""ng"": ""NO"", ""lc"": ""2"", ""negative"": ""V"", ""generic2"": ""True"", ""sb"": ""NO""}",2.432422541984124,2.2559865840012208,1590,ExitStatus.OPTIMAL,True,False,2.2559865840012208
2025-06-07T22:19:49.685349,SREFLP-Cl07_c23.xml,"{""input"": ""tests/xcsp3/cop/UNKNOWN/SREFLP-Cl07_c23.xml"", ""solver"": ""xcsp:ACE@2.4"", ""output_dir"": ""results_comparison"", ""global_time_limit"": 600, ""max_tries"": 50, ""tuning_file"": ""tests/psa/ace.tuning.json"", ""hpo_strategy"": ""hamming"", ""global_time_strategy"": ""PERCENT"", ""percent"": 0.2, ""round_time_strategy"": ""STATIC"", ""time_evolution"": ""STATIC"", ""stop_strategy"": ""TIMEOUT""}",1,"{""varh"": ""Wdeg"", ""valh"": ""First"", ""saf"": ""False"", ""pc1"": ""True"", ""bdc"": ""1"", ""toh"": ""False"", ""ng"": ""NO"", ""lc"": ""2"", ""negative"": ""VA"", ""generic2"": ""True"", ""sb"": ""NO""}",2.432422541984124,2.2666701250127517,1590,ExitStatus.OPTIMAL,False,False,2.2666701250127517
2025-06-07T22:19:51.981943,SREFLP-Cl07_c23.xml,"{""input"": ""tests/xcsp3/cop/UNKNOWN/SREFLP-Cl07_c23.xml"", ""solver"": ""xcsp:ACE@2.4"", ""output_dir"": ""results_comparison"", ""global_time_limit"": 600, ""max_tries"": 50, ""tuning_file"": ""tests/psa/ace.tuning.json"", ""hpo_strategy"": ""hamming"", ""global_time_strategy"": ""PERCENT"", ""percent"": 0.2, ""round_time_strategy"": ""STATIC"", ""time_evolution"": ""STATIC"", ""stop_strategy"": ""TIMEOUT""}",2,"{""varh"": ""Wdeg"", ""valh"": ""First"", ""saf"": ""False"", ""pc1"": ""True"", ""bdc"": ""1"", ""toh"": ""False"", ""ng"": ""NO"", ""lc"": ""10"", ""negative"": ""V"", ""generic2"": ""True"", ""sb"": ""NO""}",2.432422541984124,2.1833122090029065,1590,ExitStatus.OPTIMAL,True,False,2.1833122090029065
2025-06-07T22:19:54.367974,SREFLP-Cl07_c23.xml,"{""input"": ""tests/xcsp3/cop/UNKNOWN/SREFLP-Cl07_c23.xml"", ""solver"": ""xcsp:ACE@2.4"", ""output_dir"": ""results_comparison"", ""global_time_limit"": 600, ""max_tries"": 50, ""tuning_file"": ""tests/psa/ace.tuning.json"", ""hpo_strategy"": ""hamming"", ""global_time_strategy"": ""PERCENT"", ""percent"": 0.2, ""round_time_strategy"": ""STATIC"", ""time_evolution"": ""STATIC"", ""stop_strategy"": ""TIMEOUT""}",3,"{""varh"": ""Wdeg"", ""valh"": ""First"", ""saf"": ""False"", ""pc1"": ""False"", ""bdc"": ""1"", ""toh"": ""False"", ""ng"": ""NO"", ""lc"": ""2"", ""negative"": ""V"", ""generic2"": ""True"", ""sb"": ""NO""}",2.432422541984124,2.27349900000263,1590,ExitStatus.OPTIMAL,False,False,2.27349900000263
2025-06-07T22:19:56.338912,SREFLP-Cl07_c23.xml,"{""input"": ""tests/xcsp3/cop/UNKNOWN/SREFLP-Cl07_c23.xml"", ""solver"": ""xcsp:ACE@2.4"", ""output_dir"": ""results_comparison"", ""global_time_limit"": 600, ""max_tries"": 50, ""tuning_file"": ""tests/psa/ace.tuning.json"", ""hpo_strategy"": ""hamming"", ""global_time_strategy"": ""PERCENT"", ""percent"": 0.2, ""round_time_strategy"": ""STATIC"", ""time_evolution"": ""STATIC"", ""stop_strategy"": ""TIMEOUT""}",4,"{""varh"": ""Impact"", ""valh"": ""First"", ""saf"": ""False"", ""pc1"": ""True"", ""bdc"": ""1"", ""toh"": ""False"", ""ng"": ""NO"", ""lc"": ""2"", ""negative"": ""V"", ""generic2"": ""True"", ""sb"": ""NO""}",2.432422541984124,1.8586148330068681,1590,ExitStatus.OPTIMAL,True,False,1.8586148330068681
2025-06-07T22:19:58.005437,SREFLP-Cl07_c23.xml,"{""input"": ""tests/xcsp3/cop/UNKNOWN/SREFLP-Cl07_c23.xml"", ""solver"": ""xcsp:ACE@2.4"", ""output_dir"": ""results_comparison"", ""global_time_limit"": 600, ""max_tries"": 50, ""tuning_file"": ""tests/psa/ace.tuning.json"", ""hpo_strategy"": ""hamming"", ""global_time_strategy"": ""PERCENT"", ""percent"": 0.2, ""round_time_strategy"": ""STATIC"", ""time_evolution"": ""STATIC"", ""stop_strategy"": ""TIMEOUT""}",5,"{""varh"": ""Wdeg"", ""valh"": ""RunRobin"", ""saf"": ""False"", ""pc1"": ""True"", ""bdc"": ""1"", ""toh"": ""False"", ""ng"": ""NO"", ""lc"": ""2"", ""negative"": ""V"", ""generic2"": ""True"", ""sb"": ""NO""}",2.432422541984124,1.553930041991407,1590,ExitStatus.FEASIBLE,True,False,1.553930041991407
2025-06-07T22:19:59.668575,SREFLP-Cl07_c23.xml,"{""input"": ""tests/xcsp3/cop/UNKNOWN/SREFLP-Cl07_c23.xml"", ""solver"": ""xcsp:ACE@2.4"", ""output_dir"": ""results_comparison"", ""global_time_limit"": 600, ""max_tries"": 50, ""tuning_file"": ""tests/psa/ace.tuning.json"", ""hpo_strategy"": ""hamming"", ""global_time_strategy"": ""PERCENT"", ""percent"": 0.2, ""round_time_strategy"": ""STATIC"", ""time_evolution"": ""STATIC"", ""stop_strategy"": ""TIMEOUT""}",6,"{""varh"": ""RunRobin"", ""valh"": ""First"", ""saf"": ""False"", ""pc1"": ""True"", ""bdc"": ""1"", ""toh"": ""False"", ""ng"": ""NO"", ""lc"": ""2"", ""negative"": ""V"", ""generic2"": ""True"", ""sb"": ""NO""}",2.432422541984124,1.5502578339946922,1590,ExitStatus.FEASIBLE,True,False,1.5502578339946922
2025-06-07T22:20:01.333297,SREFLP-Cl07_c23.xml,"{""input"": ""tests/xcsp3/cop/UNKNOWN/SREFLP-Cl07_c23.xml"", ""solver"": ""xcsp:ACE@2.4"", ""output_dir"": ""results_comparison"", ""global_time_limit"": 600, ""max_tries"": 50, ""tuning_file"": ""tests/psa/ace.tuning.json"", ""hpo_strategy"": ""hamming"", ""global_time_strategy"": ""PERCENT"", ""percent"": 0.2, ""round_time_strategy"": ""STATIC"", ""time_evolution"": ""STATIC"", ""stop_strategy"": ""TIMEOUT""}",7,"{""varh"": ""Wdeg"", ""valh"": ""First"", ""saf"": ""False"", ""pc1"": ""True"", ""bdc"": ""10"", ""toh"": ""False"", ""ng"": ""NO"", ""lc"": ""2"", ""negative"": ""V"", ""generic2"": ""True"", ""sb"": ""NO""}",2.432422541984124,1.553084792016307,1590,ExitStatus.FEASIBLE,False,False,1.553084792016307
2025-06-07T22:20:03.006693,SREFLP-Cl07_c23.xml,"{""input"": ""tests/xcsp3/cop/UNKNOWN/SREFLP-Cl07_c23.xml"", ""solver"": ""xcsp:ACE@2.4"", ""output_dir"": ""results_comparison"", ""global_time_limit"": 600, ""max_tries"": 50, ""tuning_file"": ""tests/psa/ace.tuning.json"", ""hpo_strategy"": ""hamming"", ""global_time_strategy"": ""PERCENT"", ""percent"": 0.2, ""round_time_strategy"": ""STATIC"", ""time_evolution"": ""STATIC"", ""stop_strategy"": ""TIMEOUT""}",8,"{""varh"": ""Wdeg"", ""valh"": ""First"", ""saf"": ""False"", ""pc1"": ""True"", ""bdc"": ""1"", ""toh"": ""False"", ""ng"": ""NO"", ""lc"": ""2"", ""negative"": ""STR2N"", ""generic2"": ""True"", ""sb"": ""NO""}",2.432422541984124,1.560902333992999,1590,ExitStatus.FEASIBLE,False,False,1.560902333992999
2025-06-07T22:20:04.694177,SREFLP-Cl07_c23.xml,"{""input"": ""tests/xcsp3/cop/UNKNOWN/SREFLP-Cl07_c23.xml"", ""solver"": ""xcsp:ACE@2.4"", ""output_dir"": ""results_comparison"", ""global_time_limit"": 600, ""max_tries"": 50, ""tuning_file"": ""tests/psa/ace.tuning.json"", ""hpo_strategy"": ""hamming"", ""global_time_strategy"": ""PERCENT"", ""percent"": 0.2, ""round_time_strategy"": ""STATIC"", ""time_evolution"": ""STATIC"", ""stop_strategy"": ""TIMEOUT""}",9,"{""varh"": ""FrbaOnDom"", ""valh"": ""First"", ""saf"": ""False"", ""pc1"": ""True"", ""bdc"": ""1"", ""toh"": ""False"", ""ng"": ""NO"", ""lc"": ""2"", ""negative"": ""V"", ""generic2"": ""True"", ""sb"": ""NO""}",2.432422541984124,1.5592419169843197,1590,ExitStatus.FEASIBLE,False,False,1.5592419169843197
2025-06-07T22:20:10.808905,SREFLP-Cl07_c23.xml,"{""input"": ""tests/xcsp3/cop/UNKNOWN/SREFLP-Cl07_c23.xml"", ""solver"": ""xcsp:ACE@2.4"", ""output_dir"": ""results_comparison"", ""global_time_limit"": 600, ""max_tries"": 50, ""tuning_file"": ""tests/psa/ace.tuning.json"", ""hpo_strategy"": ""hamming"", ""global_time_strategy"": ""PERCENT"", ""percent"": 0.2, ""round_time_strategy"": ""STATIC"", ""time_evolution"": ""STATIC"", ""stop_strategy"": ""TIMEOUT""}",10,"{""varh"": ""Wdeg"", ""valh"": ""Conflicts"", ""saf"": ""False"", ""pc1"": ""True"", ""bdc"": ""1"", ""toh"": ""False"", ""ng"": ""NO"", ""lc"": ""2"", ""negative"": ""V"", ""generic2"": ""True"", ""sb"": ""NO""}",2.432422541984124,1,,ExitStatus.UNKNOWN,False,False,1
2025-06-07T22:20:12.519136,SREFLP-Cl07_c23.xml,"{""input"": ""tests/xcsp3/cop/UNKNOWN/SREFLP-Cl07_c23.xml"", ""solver"": ""xcsp:ACE@2.4"", ""output_dir"": ""results_comparison"", ""global_time_limit"": 600, ""max_tries"": 50, ""tuning_file"": ""tests/psa/ace.tuning.json"", ""hpo_strategy"": ""hamming"", ""global_time_strategy"": ""PERCENT"", ""percent"": 0.2, ""round_time_strategy"": ""STATIC"", ""time_evolution"": ""STATIC"", ""stop_strategy"": ""TIMEOUT""}",11,"{""varh"": ""Wdeg"", ""valh"": ""Vals"", ""saf"": ""False"", ""pc1"": ""True"", ""bdc"": ""1"", ""toh"": ""False"", ""ng"": ""NO"", ""lc"": ""2"", ""negative"": ""V"", ""generic2"": ""True"", ""sb"": ""NO""}",2.432422541984124,1.5985344579967204,1590,ExitStatus.FEASIBLE,False,False,1.5985344579967204
2025-06-07T22:20:14.235594,SREFLP-Cl07_c23.xml,"{""input"": ""tests/xcsp3/cop/UNKNOWN/SREFLP-Cl07_c23.xml"", ""solver"": ""xcsp:ACE@2.4"", ""output_dir"": ""results_comparison"", ""global_time_limit"": 600, ""max_tries"": 50, ""tuning_file"": ""tests/psa/ace.tuning.json"", ""hpo_strategy"": ""hamming"", ""global_time_strategy"": ""PERCENT"", ""percent"": 0.2, ""round_time_strategy"": ""STATIC"", ""time_evolution"": ""STATIC"", ""stop_strategy"": ""TIMEOUT""}",12,"{""varh"": ""WdegOnDom"", ""valh"": ""First"", ""saf"": ""False"", ""pc1"": ""True"", ""bdc"": ""1"", ""toh"": ""False"", ""ng"": ""NO"", ""lc"": ""2"", ""negative"": ""V"", ""generic2"": ""True"", ""sb"": ""NO""}",2.432422541984124,1.5896544579882175,1590,ExitStatus.FEASIBLE,False,False,1.5896544579882175
2025-06-07T22:20:15.730014,SREFLP-Cl07_c23.xml,"{""input"": ""tests/xcsp3/cop/UNKNOWN/SREFLP-Cl07_c23.xml"", ""solver"": ""xcsp:ACE@2.4"", ""output_dir"": ""results_comparison"", ""global_time_limit"": 600, ""max_tries"": 50, ""tuning_file"": ""tests/psa/ace.tuning.json"", ""hpo_strategy"": ""hamming"", ""global_time_strategy"": ""PERCENT"", ""percent"": 0.2, ""round_time_strategy"": ""STATIC"", ""time_evolution"": ""STATIC"", ""stop_strategy"": ""TIMEOUT""}",13,"{""varh"": ""Wdeg"", ""valh"": ""First"", ""saf"": ""False"", ""pc1"": ""True"", ""bdc"": ""1000"", ""toh"": ""False"", ""ng"": ""NO"", ""lc"": ""2"", ""negative"": ""V"", ""generic2"": ""True"", ""sb"": ""NO""}",2.432422541984124,1.3680496659944765,1710,ExitStatus.OPTIMAL,False,False,1.3680496659944765
2025-06-07T22:20:17.439354,SREFLP-Cl07_c23.xml,"{""input"": ""tests/xcsp3/cop/UNKNOWN/SREFLP-Cl07_c23.xml"", ""solver"": ""xcsp:ACE@2.4"", ""output_dir"": ""results_comparison"", ""global_time_limit"": 600, ""max_tries"": 50, ""tuning_file"": ""tests/psa/ace.tuning.json"", ""hpo_strategy"": ""hamming"", ""global_time_strategy"": ""PERCENT"", ""percent"": 0.2, ""round_time_strategy"": ""STATIC"", ""time_evolution"": ""STATIC"", ""stop_strategy"": ""TIMEOUT""}",14,"{""varh"": ""Wdeg"", ""valh"": ""First"", ""saf"": ""False"", ""pc1"": ""True"", ""bdc"": ""1"", ""toh"": ""False"", ""ng"": ""NO"", ""lc"": ""2"", ""negative"": ""STR3"", ""generic2"": ""True"", ""sb"": ""NO""}",2.432422541984124,1.5836792080081068,1590,ExitStatus.FEASIBLE,False,False,1.5836792080081068
2025-06-07T22:20:19.154697,SREFLP-Cl07_c23.xml,"{""input"": ""tests/xcsp3/cop/UNKNOWN/SREFLP-Cl07_c23.xml"", ""solver"": ""xcsp:ACE@2.4"", ""output_dir"": ""results_comparison"", ""global_time_limit"": 600, ""max_tries"": 50, ""tuning_file"": ""tests/psa/ace.tuning.json"", ""hpo_strategy"": ""hamming"", ""global_time_strategy"": ""PERCENT"", ""percent"": 0.2, ""round_time_strategy"": ""STATIC"", ""time_evolution"": ""STATIC"", ""stop_strategy"": ""TIMEOUT""}",15,"{""varh"": ""Wdeg"", ""valh"": ""First"", ""saf"": ""False"", ""pc1"": ""True"", ""bdc"": ""1"", ""toh"": ""False"", ""ng"": ""NO"", ""lc"": ""2"", ""negative"": ""STR2"", ""generic2"": ""True"", ""sb"": ""NO""}",2.432422541984124,1.5885230410203803,1590,ExitStatus.FEASIBLE,False,False,1.5885230410203803
2025-06-07T22:20:20.875308,SREFLP-Cl07_c23.xml,"{""input"": ""tests/xcsp3/cop/UNKNOWN/SREFLP-Cl07_c23.xml"", ""solver"": ""xcsp:ACE@2.4"", ""output_dir"": ""results_comparison"", ""global_time_limit"": 600, ""max_tries"": 50, ""tuning_file"": ""tests/psa/ace.tuning.json"", ""hpo_strategy"": ""hamming"", ""global_time_strategy"": ""PERCENT"", ""percent"": 0.2, ""round_time_strategy"": ""STATIC"", ""time_evolution"": ""STATIC"", ""stop_strategy"": ""TIMEOUT""}",16,"{""varh"": ""Wdeg"", ""valh"": ""Rand"", ""saf"": ""False"", ""pc1"": ""True"", ""bdc"": ""1"", ""toh"": ""False"", ""ng"": ""NO"", ""lc"": ""2"", ""negative"": ""V"", ""generic2"": ""True"", ""sb"": ""NO""}",2.432422541984124,1.5938097080215812,1590,ExitStatus.FEASIBLE,False,False,1.5938097080215812
2025-06-07T22:20:22.577320,SREFLP-Cl07_c23.xml,"{""input"": ""tests/xcsp3/cop/UNKNOWN/SREFLP-Cl07_c23.xml"", ""solver"": ""xcsp:ACE@2.4"", ""output_dir"": ""results_comparison"", ""global_time_limit"": 600, ""max_tries"": 50, ""tuning_file"": ""tests/psa/ace.tuning.json"", ""hpo_strategy"": ""hamming"", ""global_time_strategy"": ""PERCENT"", ""percent"": 0.2, ""round_time_strategy"": ""STATIC"", ""time_evolution"": ""STATIC"", ""stop_strategy"": ""TIMEOUT""}",17,"{""varh"": ""Wdeg"", ""valh"": ""FlrsE"", ""saf"": ""False"", ""pc1"": ""True"", ""bdc"": ""1"", ""toh"": ""False"", ""ng"": ""NO"", ""lc"": ""2"", ""negative"": ""V"", ""generic2"": ""True"", ""sb"": ""NO""}",2.432422541984124,1.5760063750203699,1590,ExitStatus.FEASIBLE,False,False,1.5760063750203699
2025-06-07T22:20:24.302566,SREFLP-Cl07_c23.xml,"{""input"": ""tests/xcsp3/cop/UNKNOWN/SREFLP-Cl07_c23.xml"", ""solver"": ""xcsp:ACE@2.4"", ""output_dir"": ""results_comparison"", ""global_time_limit"": 600, ""max_tries"": 50, ""tuning_file"": ""tests/psa/ace.tuning.json"", ""hpo_strategy"": ""hamming"", ""global_time_strategy"": ""PERCENT"", ""percent"": 0.2, ""round_time_strategy"": ""STATIC"", ""time_evolution"": ""STATIC"", ""stop_strategy"": ""TIMEOUT""}",18,"{""varh"": ""Wdeg"", ""valh"": ""Last"", ""saf"": ""False"", ""pc1"": ""True"", ""bdc"": ""1"", ""toh"": ""False"", ""ng"": ""NO"", ""lc"": ""2"", ""negative"": ""V"", ""generic2"": ""True"", ""sb"": ""NO""}",2.432422541984124,1.5977558750018943,1590,ExitStatus.FEASIBLE,False,False,1.5977558750018943
2025-06-07T22:20:26.012171,SREFLP-Cl07_c23.xml,"{""input"": ""tests/xcsp3/cop/UNKNOWN/SREFLP-Cl07_c23.xml"", ""solver"": ""xcsp:ACE@2.4"", ""output_dir"": ""results_comparison"", ""global_time_limit"": 600, ""max_tries"": 50, ""tuning_file"": ""tests/psa/ace.tuning.json"", ""hpo_strategy"": ""hamming"", ""global_time_strategy"": ""PERCENT"", ""percent"": 0.2, ""round_time_strategy"": ""STATIC"", ""time_evolution"": ""STATIC"", ""stop_strategy"": ""TIMEOUT""}",19,"{""varh"": ""Lexico"", ""valh"": ""First"", ""saf"": ""False"", ""pc1"": ""True"", ""bdc"": ""1"", ""toh"": ""False"", ""ng"": ""NO"", ""lc"": ""2"", ""negative"": ""V"", ""generic2"": ""True"", ""sb"": ""NO""}",2.432422541984124,1.5851299579953775,1590,ExitStatus.FEASIBLE,False,False,1.5851299579953775
2025-06-07T22:20:27.716313,SREFLP-Cl07_c23.xml,"{""input"": ""tests/xcsp3/cop/UNKNOWN/SREFLP-Cl07_c23.xml"", ""solver"": ""xcsp:ACE@2.4"", ""output_dir"": ""results_comparison"", ""global_time_limit"": 600, ""max_tries"": 50, ""tuning_file"": ""tests/psa/ace.tuning.json"", ""hpo_strategy"": ""hamming"", ""global_time_strategy"": ""PERCENT"", ""percent"": 0.2, ""round_time_strategy"": ""STATIC"", ""time_evolution"": ""STATIC"", ""stop_strategy"": ""TIMEOUT""}",20,"{""varh"": ""Wdeg"", ""valh"": ""First"", ""saf"": ""False"", ""pc1"": ""True"", ""bdc"": ""1"", ""toh"": ""False"", ""ng"": ""NO"", ""lc"": ""0"", ""negative"": ""V"", ""generic2"": ""True"", ""sb"": ""NO""}",2.432422541984124,1.578208375023678,1590,ExitStatus.FEASIBLE,False,False,1.578208375023678
2025-06-07T22:20:29.430514,SREFLP-Cl07_c23.xml,"{""input"": ""tests/xcsp3/cop/UNKNOWN/SREFLP-Cl07_c23.xml"", ""solver"": ""xcsp:ACE@2.4"", ""output_dir"": ""results_comparison"", ""global_time_limit"": 600, ""max_tries"": 50, ""tuning_file"": ""tests/psa/ace.tuning.json"", ""hpo_strategy"": ""hamming"", ""global_time_strategy"": ""PERCENT"", ""percent"": 0.2, ""round_time_strategy"": ""STATIC"", ""time_evolution"": ""STATIC"", ""stop_strategy"": ""TIMEOUT""}",21,"{""varh"": ""Wdeg"", ""valh"": ""First"", ""saf"": ""False"", ""pc1"": ""True"", ""bdc"": ""100"", ""toh"": ""False"", ""ng"": ""NO"", ""lc"": ""2"", ""negative"": ""V"", ""generic2"": ""True"", ""sb"": ""NO""}",2.432422541984124,1.5887018339999486,1590,ExitStatus.FEASIBLE,False,False,1.5887018339999486
2025-06-07T22:20:31.153215,SREFLP-Cl07_c23.xml,"{""input"": ""tests/xcsp3/cop/UNKNOWN/SREFLP-Cl07_c23.xml"", ""solver"": ""xcsp:ACE@2.4"", ""output_dir"": ""results_comparison"", ""global_time_limit"": 600, ""max_tries"": 50, ""tuning_file"": ""tests/psa/ace.tuning.json"", ""hpo_strategy"": ""hamming"", ""global_time_strategy"": ""PERCENT"", ""percent"": 0.2, ""round_time_strategy"": ""STATIC"", ""time_evolution"": ""STATIC"", ""stop_strategy"": ""TIMEOUT""}",22,"{""varh"": ""Memory"", ""valh"": ""First"", ""saf"": ""False"", ""pc1"": ""True"", ""bdc"": ""1"", ""toh"": ""False"", ""ng"": ""NO"", ""lc"": ""2"", ""negative"": ""V"", ""generic2"": ""True"", ""sb"": ""NO""}",2.432422541984124,1.5968594590085559,1590,ExitStatus.FEASIBLE,False,False,1.5968594590085559
2025-06-07T22:20:32.872294,SREFLP-Cl07_c23.xml,"{""input"": ""tests/xcsp3/cop/UNKNOWN/SREFLP-Cl07_c23.xml"", ""solver"": ""xcsp:ACE@2.4"", ""output_dir"": ""results_comparison"", ""global_time_limit"": 600, ""max_tries"": 50, ""tuning_file"": ""tests/psa/ace.tuning.json"", ""hpo_strategy"": ""hamming"", ""global_time_strategy"": ""PERCENT"", ""percent"": 0.2, ""round_time_strategy"": ""STATIC"", ""time_evolution"": ""STATIC"", ""stop_strategy"": ""TIMEOUT""}",23,"{""varh"": ""Wdeg"", ""valh"": ""First"", ""saf"": ""False"", ""pc1"": ""True"", ""bdc"": ""1"", ""toh"": ""False"", ""ng"": ""NO"", ""lc"": ""2"", ""negative"": ""CT"", ""generic2"": ""True"", ""sb"": ""NO""}",2.432422541984124,1.5933222080057021,1590,ExitStatus.FEASIBLE,False,False,1.5933222080057021
2025-06-07T22:20:34.593069,SREFLP-Cl07_c23.xml,"{""input"": ""tests/xcsp3/cop/UNKNOWN/SREFLP-Cl07_c23.xml"", ""solver"": ""xcsp:ACE@2.4"", ""output_dir"": ""results_comparison"", ""global_time_limit"": 600, ""max_tries"": 50, ""tuning_file"": ""tests/psa/ace.tuning.json"", ""hpo_strategy"": ""hamming"", ""global_time_strategy"": ""PERCENT"", ""percent"": 0.2, ""round_time_strategy"": ""STATIC"", ""time_evolution"": ""STATIC"", ""stop_strategy"": ""TIMEOUT""}",24,"{""varh"": ""Wdeg"", ""valh"": ""First"", ""saf"": ""False"", ""pc1"": ""True"", ""bdc"": ""1"", ""toh"": ""False"", ""ng"": ""NO"", ""lc"": ""2"", ""negative"": ""V"", ""generic2"": ""False"", ""sb"": ""NO""}",2.432422541984124,1.594988957978785,1590,ExitStatus.FEASIBLE,False,False,1.594988957978785
2025-06-07T22:20:36.304388,SREFLP-Cl07_c23.xml,"{""input"": ""tests/xcsp3/cop/UNKNOWN/SREFLP-Cl07_c23.xml"", ""solver"": ""xcsp:ACE@2.4"", ""output_dir"": ""results_comparison"", ""global_time_limit"": 600, ""max_tries"": 50, ""tuning_file"": ""tests/psa/ace.tuning.json"", ""hpo_strategy"": ""hamming"", ""global_time_strategy"": ""PERCENT"", ""percent"": 0.2, ""round_time_strategy"": ""STATIC"", ""time_evolution"": ""STATIC"", ""stop_strategy"": ""TIMEOUT""}",25,"{""varh"": ""Wdeg"", ""valh"": ""First"", ""saf"": ""False"", ""pc1"": ""True"", ""bdc"": ""1"", ""toh"": ""False"", ""ng"": ""NO"", ""lc"": ""2"", ""negative"": ""STR1N"", ""generic2"": ""True"", ""sb"": ""NO""}",2.432422541984124,1.5848885830200743,1590,ExitStatus.FEASIBLE,False,False,1.5848885830200743
2025-06-07T22:20:38.244434,SREFLP-Cl07_c23.xml,"{""input"": ""tests/xcsp3/cop/UNKNOWN/SREFLP-Cl07_c23.xml"", ""solver"": ""xcsp:ACE@2.4"", ""output_dir"": ""results_comparison"", ""global_time_limit"": 600, ""max_tries"": 50, ""tuning_file"": ""tests/psa/ace.tuning.json"", ""hpo_strategy"": ""hamming"", ""global_time_strategy"": ""PERCENT"", ""percent"": 0.2, ""round_time_strategy"": ""STATIC"", ""time_evolution"": ""STATIC"", ""stop_strategy"": ""TIMEOUT""}",26,"{""varh"": ""Wdeg"", ""valh"": ""Bivs3"", ""saf"": ""False"", ""pc1"": ""True"", ""bdc"": ""1"", ""toh"": ""False"", ""ng"": ""NO"", ""lc"": ""2"", ""negative"": ""V"", ""generic2"": ""True"", ""sb"": ""NO""}",2.432422541984124,1.7991258330002893,1590,ExitStatus.FEASIBLE,False,False,1.7991258330002893
2025-06-07T22:20:39.957790,SREFLP-Cl07_c23.xml,"{""input"": ""tests/xcsp3/cop/UNKNOWN/SREFLP-Cl07_c23.xml"", ""solver"": ""xcsp:ACE@2.4"", ""output_dir"": ""results_comparison"", ""global_time_limit"": 600, ""max_tries"": 50, ""tuning_file"": ""tests/psa/ace.tuning.json"", ""hpo_strategy"": ""hamming"", ""global_time_strategy"": ""PERCENT"", ""percent"": 0.2, ""round_time_strategy"": ""STATIC"", ""time_evolution"": ""STATIC"", ""stop_strategy"": ""TIMEOUT""}",27,"{""varh"": ""Activity"", ""valh"": ""First"", ""saf"": ""False"", ""pc1"": ""True"", ""bdc"": ""1"", ""toh"": ""False"", ""ng"": ""NO"", ""lc"": ""2"", ""negative"": ""V"", ""generic2"": ""True"", ""sb"": ""NO""}",2.432422541984124,1.5853265000041574,,ExitStatus.UNKNOWN,False,False,1.5853265000041574
2025-06-07T22:20:41.695623,SREFLP-Cl07_c23.xml,"{""input"": ""tests/xcsp3/cop/UNKNOWN/SREFLP-Cl07_c23.xml"", ""solver"": ""xcsp:ACE@2.4"", ""output_dir"": ""results_comparison"", ""global_time_limit"": 600, ""max_tries"": 50, ""tuning_file"": ""tests/psa/ace.tuning.json"", ""hpo_strategy"": ""hamming"", ""global_time_strategy"": ""PERCENT"", ""percent"": 0.2, ""round_time_strategy"": ""STATIC"", ""time_evolution"": ""STATIC"", ""stop_strategy"": ""TIMEOUT""}",28,"{""varh"": ""Wdeg"", ""valh"": ""First"", ""saf"": ""False"", ""pc1"": ""True"", ""bdc"": ""1"", ""toh"": ""True"", ""ng"": ""NO"", ""lc"": ""2"", ""negative"": ""V"", ""generic2"": ""True"", ""sb"": ""NO""}",2.432422541984124,1.6020075830165297,1590,ExitStatus.FEASIBLE,False,False,1.6020075830165297
2025-06-07T22:20:43.419823,SREFLP-Cl07_c23.xml,"{""input"": ""tests/xcsp3/cop/UNKNOWN/SREFLP-Cl07_c23.xml"", ""solver"": ""xcsp:ACE@2.4"", ""output_dir"": ""results_comparison"", ""global_time_limit"": 600, ""max_tries"": 50, ""tuning_file"": ""tests/psa/ace.tuning.json"", ""hpo_strategy"": ""hamming"", ""global_time_strategy"": ""PERCENT"", ""percent"": 0.2, ""round_time_strategy"": ""STATIC"", ""time_evolution"": ""STATIC"", ""stop_strategy"": ""TIMEOUT""}",29,"{""varh"": ""PickOnDom"", ""valh"": ""First"", ""saf"": ""False"", ""pc1"": ""True"", ""bdc"": ""1"", ""toh"": ""False"", ""ng"": ""NO"", ""lc"": ""2"", ""negative"": ""V"", ""generic2"": ""True"", ""sb"": ""NO""}",2.432422541984124,1.5974095839774236,1590,ExitStatus.FEASIBLE,False,False,1.5974095839774236
2025-06-07T22:20:45.135963,SREFLP-Cl07_c23.xml,"{""input"": ""tests/xcsp3/cop/UNKNOWN/SREFLP-Cl07_c23.xml"", ""solver"": ""xcsp:ACE@2.4"", ""output_dir"": ""results_comparison"", ""global_time_limit"": 600, ""max_tries"": 50, ""tuning_file"": ""tests/psa/ace.tuning.json"", ""hpo_strategy"": ""hamming"", ""global_time_strategy"": ""PERCENT"", ""percent"": 0.2, ""round_time_strategy"": ""STATIC"", ""time_evolution"": ""STATIC"", ""stop_strategy"": ""TIMEOUT""}",30,"{""varh"": ""Wdeg"", ""valh"": ""OccsR"", ""saf"": ""False"", ""pc1"": ""True"", ""bdc"": ""1"", ""toh"": ""False"", ""ng"": ""NO"", ""lc"": ""2"", ""negative"": ""V"", ""generic2"": ""True"", ""sb"": ""NO""}",2.432422541984124,1.590916583983926,1590,ExitStatus.FEASIBLE,False,False,1.590916583983926
2025-06-07T22:20:46.847093,SREFLP-Cl07_c23.xml,"{""input"": ""tests/xcsp3/cop/UNKNOWN/SREFLP-Cl07_c23.xml"", ""solver"": ""xcsp:ACE@2.4"", ""output_dir"": ""results_comparison"", ""global_time_limit"": 600, ""max_tries"": 50, ""tuning_file"": ""tests/psa/ace.tuning.json"", ""hpo_strategy"": ""hamming"", ""global_time_strategy"": ""PERCENT"", ""percent"": 0.2, ""round_time_strategy"": ""STATIC"", ""time_evolution"": ""STATIC"", ""stop_strategy"": ""TIMEOUT""}",31,"{""varh"": ""Wdeg"", ""valh"": ""First"", ""saf"": ""True"", ""pc1"": ""True"", ""bdc"": ""1"", ""toh"": ""False"", ""ng"": ""NO"", ""lc"": ""2"", ""negative"": ""V"", ""generic2"": ""True"", ""sb"": ""NO""}",2.432422541984124,1.5861034170084167,1590,ExitStatus.FEASIBLE,False,False,1.5861034170084167
2025-06-07T22:20:48.576435,SREFLP-Cl07_c23.xml,"{""input"": ""tests/xcsp3/cop/UNKNOWN/SREFLP-Cl07_c23.xml"", ""solver"": ""xcsp:ACE@2.4"", ""output_dir"": ""results_comparison"", ""global_time_limit"": 600, ""max_tries"": 50, ""tuning_file"": ""tests/psa/ace.tuning.json"", ""hpo_strategy"": ""hamming"", ""global_time_strategy"": ""PERCENT"", ""percent"": 0.2, ""round_time_strategy"": ""STATIC"", ""time_evolution"": ""STATIC"", ""stop_strategy"": ""TIMEOUT""}",32,"{""varh"": ""Wdeg"", ""valh"": ""First"", ""saf"": ""False"", ""pc1"": ""True"", ""bdc"": ""1"", ""toh"": ""False"", ""ng"": ""NO"", ""lc"": ""2"", ""negative"": ""STR1"", ""generic2"": ""True"", ""sb"": ""NO""}",2.432422541984124,1.60467412500293,1590,ExitStatus.FEASIBLE,False,False,1.60467412500293
2025-06-07T22:20:50.299590,SREFLP-Cl07_c23.xml,"{""input"": ""tests/xcsp3/cop/UNKNOWN/SREFLP-Cl07_c23.xml"", ""solver"": ""xcsp:ACE@2.4"", ""output_dir"": ""results_comparison"", ""global_time_limit"": 600, ""max_tries"": 50, ""tuning_file"": ""tests/psa/ace.tuning.json"", ""hpo_strategy"": ""hamming"", ""global_time_strategy"": ""PERCENT"", ""percent"": 0.2, ""round_time_strategy"": ""STATIC"", ""time_evolution"": ""STATIC"", ""stop_strategy"": ""TIMEOUT""}",33,"{""varh"": ""Wdeg"", ""valh"": ""First"", ""saf"": ""False"", ""pc1"": ""True"", ""bdc"": ""1"", ""toh"": ""False"", ""ng"": ""NO"", ""lc"": ""1"", ""negative"": ""V"", ""generic2"": ""True"", ""sb"": ""NO""}",2.432422541984124,1.5963739580183756,1590,ExitStatus.FEASIBLE,False,False,1.5963739580183756
2025-06-07T22:20:52.083717,SREFLP-Cl07_c23.xml,"{""input"": ""tests/xcsp3/cop/UNKNOWN/SREFLP-Cl07_c23.xml"", ""solver"": ""xcsp:ACE@2.4"", ""output_dir"": ""results_comparison"", ""global_time_limit"": 600, ""max_tries"": 50, ""tuning_file"": ""tests/psa/ace.tuning.json"", ""hpo_strategy"": ""hamming"", ""global_time_strategy"": ""PERCENT"", ""percent"": 0.2, ""round_time_strategy"": ""STATIC"", ""time_evolution"": ""STATIC"", ""stop_strategy"": ""TIMEOUT""}",34,"{""varh"": ""Wdeg"", ""valh"": ""First"", ""saf"": ""False"", ""pc1"": ""True"", ""bdc"": ""1"", ""toh"": ""False"", ""ng"": ""NO"", ""lc"": ""5"", ""negative"": ""V"", ""generic2"": ""True"", ""sb"": ""NO""}",2.432422541984124,1.6020117499865592,1590,ExitStatus.FEASIBLE,False,False,1.6020117499865592
2025-06-07T22:20:53.805736,SREFLP-Cl07_c23.xml,"{""input"": ""tests/xcsp3/cop/UNKNOWN/SREFLP-Cl07_c23.xml"", ""solver"": ""xcsp:ACE@2.4"", ""output_dir"": ""results_comparison"", ""global_time_limit"": 600, ""max_tries"": 50, ""tuning_file"": ""tests/psa/ace.tuning.json"", ""hpo_strategy"": ""hamming"", ""global_time_strategy"": ""PERCENT"", ""percent"": 0.2, ""round_time_strategy"": ""STATIC"", ""time_evolution"": ""STATIC"", ""stop_strategy"": ""TIMEOUT""}",35,"{""varh"": ""Wdeg"", ""valh"": ""Median"", ""saf"": ""False"", ""pc1"": ""True"", ""bdc"": ""1"", ""toh"": ""False"", ""ng"": ""NO"", ""lc"": ""2"", ""negative"": ""V"", ""generic2"": ""True"", ""sb"": ""NO""}",2.432422541984124,1.5971738749940414,1590,ExitStatus.FEASIBLE,False,False,1.5971738749940414
2025-06-07T22:20:55.510744,SREFLP-Cl07_c23.xml,"{""input"": ""tests/xcsp3/cop/UNKNOWN/SREFLP-Cl07_c23.xml"", ""solver"": ""xcsp:ACE@2.4"", ""output_dir"": ""results_comparison"", ""global_time_limit"": 600, ""max_tries"": 50, ""tuning_file"": ""tests/psa/ace.tuning.json"", ""hpo_strategy"": ""hamming"", ""global_time_strategy"": ""PERCENT"", ""percent"": 0.2, ""round_time_strategy"": ""STATIC"", ""time_evolution"": ""STATIC"", ""stop_strategy"": ""TIMEOUT""}",36,"{""varh"": ""Wdeg"", ""valh"": ""First"", ""saf"": ""False"", ""pc1"": ""True"", ""bdc"": ""1"", ""toh"": ""False"", ""ng"": ""NO"", ""lc"": ""2"", ""negative"": ""STR0"", ""generic2"": ""True"", ""sb"": ""NO""}",2.432422541984124,1.5789513750059996,1590,ExitStatus.FEASIBLE,False,False,1.5789513750059996
2025-06-07T22:20:57.220451,SREFLP-Cl07_c23.xml,"{""input"": ""tests/xcsp3/cop/UNKNOWN/SREFLP-Cl07_c23.xml"", ""solver"": ""xcsp:ACE@2.4"", ""output_dir"": ""results_comparison"", ""global_time_limit"": 600, ""max_tries"": 50, ""tuning_file"": ""tests/psa/ace.tuning.json"", ""hpo_strategy"": ""hamming"", ""global_time_strategy"": ""PERCENT"", ""percent"": 0.2, ""round_time_strategy"": ""STATIC"", ""time_evolution"": ""STATIC"", ""stop_strategy"": ""TIMEOUT""}",37,"{""varh"": ""Rand"", ""valh"": ""First"", ""saf"": ""False"", ""pc1"": ""True"", ""bdc"": ""1"", ""toh"": ""False"", ""ng"": ""NO"", ""lc"": ""2"", ""negative"": ""V"", ""generic2"": ""True"", ""sb"": ""NO""}",2.432422541984124,1.5836534170084633,1720,ExitStatus.FEASIBLE,False,False,1.5836534170084633
2025-06-07T22:20:58.612242,SREFLP-Cl07_c23.xml,"{""input"": ""tests/xcsp3/cop/UNKNOWN/SREFLP-Cl07_c23.xml"", ""solver"": ""xcsp:ACE@2.4"", ""output_dir"": ""results_comparison"", ""global_time_limit"": 600, ""max_tries"": 50, ""tuning_file"": ""tests/psa/ace.tuning.json"", ""hpo_strategy"": ""hamming"", ""global_time_strategy"": ""PERCENT"", ""percent"": 0.2, ""round_time_strategy"": ""STATIC"", ""time_evolution"": ""STATIC"", ""stop_strategy"": ""TIMEOUT""}",38,"{""varh"": ""Wdeg"", ""valh"": ""First"", ""saf"": ""False"", ""pc1"": ""True"", ""bdc"": ""1000"", ""toh"": ""False"", ""ng"": ""NO"", ""lc"": ""1"", ""negative"": ""V"", ""generic2"": ""True"", ""sb"": ""NO""}",2.432422541984124,1.2609421660017688,1710,ExitStatus.OPTIMAL,False,False,1.2609421660017688
2025-06-07T22:21:00.324388,SREFLP-Cl07_c23.xml,"{""input"": ""tests/xcsp3/cop/UNKNOWN/SREFLP-Cl07_c23.xml"", ""solver"": ""xcsp:ACE@2.4"", ""output_dir"": ""results_comparison"", ""global_time_limit"": 600, ""max_tries"": 50, ""tuning_file"": ""tests/psa/ace.tuning.json"", ""hpo_strategy"": ""hamming"", ""global_time_strategy"": ""PERCENT"", ""percent"": 0.2, ""round_time_strategy"": ""STATIC"", ""time_evolution"": ""STATIC"", ""stop_strategy"": ""TIMEOUT""}",39,"{""varh"": ""Impact"", ""valh"": ""First"", ""saf"": ""False"", ""pc1"": ""True"", ""bdc"": ""1"", ""toh"": ""False"", ""ng"": ""NO"", ""lc"": ""2"", ""negative"": ""STR0"", ""generic2"": ""True"", ""sb"": ""NO""}",2.432422541984124,1.5853175420197658,1590,ExitStatus.FEASIBLE,False,False,1.5853175420197658
2025-06-07T22:21:02.039597,SREFLP-Cl07_c23.xml,"{""input"": ""tests/xcsp3/cop/UNKNOWN/SREFLP-Cl07_c23.xml"", ""solver"": ""xcsp:ACE@2.4"", ""output_dir"": ""results_comparison"", ""global_time_limit"": 600, ""max_tries"": 50, ""tuning_file"": ""tests/psa/ace.tuning.json"", ""hpo_strategy"": ""hamming"", ""global_time_strategy"": ""PERCENT"", ""percent"": 0.2, ""round_time_strategy"": ""STATIC"", ""time_evolution"": ""STATIC"", ""stop_strategy"": ""TIMEOUT""}",40,"{""varh"": ""Wdeg"", ""valh"": ""First"", ""saf"": ""False"", ""pc1"": ""True"", ""bdc"": ""1"", ""toh"": ""False"", ""ng"": ""NO"", ""lc"": ""1"", ""negative"": ""V"", ""generic2"": ""False"", ""sb"": ""NO""}",2.432422541984124,1.5898213750042487,1590,ExitStatus.FEASIBLE,False,False,1.5898213750042487
2025-06-07T22:21:03.793438,SREFLP-Cl07_c23.xml,"{""input"": ""tests/xcsp3/cop/UNKNOWN/SREFLP-Cl07_c23.xml"", ""solver"": ""xcsp:ACE@2.4"", ""output_dir"": ""results_comparison"", ""global_time_limit"": 600, ""max_tries"": 50, ""tuning_file"": ""tests/psa/ace.tuning.json"", ""hpo_strategy"": ""hamming"", ""global_time_strategy"": ""PERCENT"", ""percent"": 0.2, ""round_time_strategy"": ""STATIC"", ""time_evolution"": ""STATIC"", ""stop_strategy"": ""TIMEOUT""}",41,"{""varh"": ""Impact"", ""valh"": ""First"", ""saf"": ""False"", ""pc1"": ""True"", ""bdc"": ""1"", ""toh"": ""False"", ""ng"": ""NO"", ""lc"": ""2"", ""negative"": ""STR2N"", ""generic2"": ""True"", ""sb"": ""NO""}",2.432422541984124,1.6259382909920532,1590,ExitStatus.FEASIBLE,False,False,1.6259382909920532
2025-06-07T22:21:05.505207,SREFLP-Cl07_c23.xml,"{""input"": ""tests/xcsp3/cop/UNKNOWN/SREFLP-Cl07_c23.xml"", ""solver"": ""xcsp:ACE@2.4"", ""output_dir"": ""results_comparison"", ""global_time_limit"": 600, ""max_tries"": 50, ""tuning_file"": ""tests/psa/ace.tuning.json"", ""hpo_strategy"": ""hamming"", ""global_time_strategy"": ""PERCENT"", ""percent"": 0.2, ""round_time_strategy"": ""STATIC"", ""time_evolution"": ""STATIC"", ""stop_strategy"": ""TIMEOUT""}",42,"{""varh"": ""Wdeg"", ""valh"": ""Vals"", ""saf"": ""False"", ""pc1"": ""True"", ""bdc"": ""1"", ""toh"": ""False"", ""ng"": ""NO"", ""lc"": ""5"", ""negative"": ""V"", ""generic2"": ""True"", ""sb"": ""NO""}",2.432422541984124,1.5855623749957886,1590,ExitStatus.FEASIBLE,False,False,1.5855623749957886
2025-06-07T22:21:07.209163,SREFLP-Cl07_c23.xml,"{""input"": ""tests/xcsp3/cop/UNKNOWN/SREFLP-Cl07_c23.xml"", ""solver"": ""xcsp:ACE@2.4"", ""output_dir"": ""results_comparison"", ""global_time_limit"": 600, ""max_tries"": 50, ""tuning_file"": ""tests/psa/ace.tuning.json"", ""hpo_strategy"": ""hamming"", ""global_time_strategy"": ""PERCENT"", ""percent"": 0.2, ""round_time_strategy"": ""STATIC"", ""time_evolution"": ""STATIC"", ""stop_strategy"": ""TIMEOUT""}",43,"{""varh"": ""Memory"", ""valh"": ""First"", ""saf"": ""False"", ""pc1"": ""True"", ""bdc"": ""1"", ""toh"": ""False"", ""ng"": ""NO"", ""lc"": ""2"", ""negative"": ""V"", ""generic2"": ""False"", ""sb"": ""NO""}",2.432422541984124,1.577322750003077,1590,ExitStatus.FEASIBLE,False,False,1.577322750003077
2025-06-07T22:21:08.932236,SREFLP-Cl07_c23.xml,"{""input"": ""tests/xcsp3/cop/UNKNOWN/SREFLP-Cl07_c23.xml"", ""solver"": ""xcsp:ACE@2.4"", ""output_dir"": ""results_comparison"", ""global_time_limit"": 600, ""max_tries"": 50, ""tuning_file"": ""tests/psa/ace.tuning.json"", ""hpo_strategy"": ""hamming"", ""global_time_strategy"": ""PERCENT"", ""percent"": 0.2, ""round_time_strategy"": ""STATIC"", ""time_evolution"": ""STATIC"", ""stop_strategy"": ""TIMEOUT""}",44,"{""varh"": ""WdegOnDom"", ""valh"": ""First"", ""saf"": ""False"", ""pc1"": ""True"", ""bdc"": ""1"", ""toh"": ""False"", ""ng"": ""NO"", ""lc"": ""5"", ""negative"": ""V"", ""generic2"": ""True"", ""sb"": ""NO""}",2.432422541984124,1.5965110840043053,1590,ExitStatus.FEASIBLE,False,False,1.5965110840043053
2025-06-07T22:21:10.805286,SREFLP-Cl07_c23.xml,"{""input"": ""tests/xcsp3/cop/UNKNOWN/SREFLP-Cl07_c23.xml"", ""solver"": ""xcsp:ACE@2.4"", ""output_dir"": ""results_comparison"", ""global_time_limit"": 600, ""max_tries"": 50, ""tuning_file"": ""tests/psa/ace.tuning.json"", ""hpo_strategy"": ""hamming"", ""global_time_strategy"": ""PERCENT"", ""percent"": 0.2, ""round_time_strategy"": ""STATIC"", ""time_evolution"": ""STATIC"", ""stop_strategy"": ""TIMEOUT""}",45,"{""varh"": ""Rand"", ""valh"": ""First"", ""saf"": ""False"", ""pc1"": ""True"", ""bdc"": ""1"", ""toh"": ""False"", ""ng"": ""NO"", ""lc"": ""2"", ""negative"": ""STR2"", ""generic2"": ""True"", ""sb"": ""NO""}",2.432422541984124,1.7296049169963226,1720,ExitStatus.FEASIBLE,False,False,1.7296049169963226
2025-06-07T22:21:12.663197,SREFLP-Cl07_c23.xml,"{""input"": ""tests/xcsp3/cop/UNKNOWN/SREFLP-Cl07_c23.xml"", ""solver"": ""xcsp:ACE@2.4"", ""output_dir"": ""results_comparison"", ""global_time_limit"": 600, ""max_tries"": 50, ""tuning_file"": ""tests/psa/ace.tuning.json"", ""hpo_strategy"": ""hamming"", ""global_time_strategy"": ""PERCENT"", ""percent"": 0.2, ""round_time_strategy"": ""STATIC"", ""time_evolution"": ""STATIC"", ""stop_strategy"": ""TIMEOUT""}",46,"{""varh"": ""Memory"", ""valh"": ""First"", ""saf"": ""False"", ""pc1"": ""True"", ""bdc"": ""1"", ""toh"": ""False"", ""ng"": ""NO"", ""lc"": ""2"", ""negative"": ""STR2N"", ""generic2"": ""True"", ""sb"": ""NO""}",2.432422541984124,1.7095033329969738,1590,ExitStatus.FEASIBLE,False,False,1.7095033329969738
2025-06-07T22:21:14.383203,SREFLP-Cl07_c23.xml,"{""input"": ""tests/xcsp3/cop/UNKNOWN/SREFLP-Cl07_c23.xml"", ""solver"": ""xcsp:ACE@2.4"", ""output_dir"": ""results_comparison"", ""global_time_limit"": 600, ""max_tries"": 50, ""tuning_file"": ""tests/psa/ace.tuning.json"", ""hpo_strategy"": ""hamming"", ""global_time_strategy"": ""PERCENT"", ""percent"": 0.2, ""round_time_strategy"": ""STATIC"", ""time_evolution"": ""STATIC"", ""stop_strategy"": ""TIMEOUT""}",47,"{""varh"": ""Activity"", ""valh"": ""First"", ""saf"": ""False"", ""pc1"": ""False"", ""bdc"": ""1"", ""toh"": ""False"", ""ng"": ""NO"", ""lc"": ""2"", ""negative"": ""V"", ""generic2"": ""True"", ""sb"": ""NO""}",2.432422541984124,1.5909647080115974,,ExitStatus.UNKNOWN,False,False,1.5909647080115974
2025-06-07T22:21:20.520166,SREFLP-Cl07_c23.xml,"{""input"": ""tests/xcsp3/cop/UNKNOWN/SREFLP-Cl07_c23.xml"", ""solver"": ""xcsp:ACE@2.4"", ""output_dir"": ""results_comparison"", ""global_time_limit"": 600, ""max_tries"": 50, ""tuning_file"": ""tests/psa/ace.tuning.json"", ""hpo_strategy"": ""hamming"", ""global_time_strategy"": ""PERCENT"", ""percent"": 0.2, ""round_time_strategy"": ""STATIC"", ""time_evolution"": ""STATIC"", ""stop_strategy"": ""TIMEOUT""}",48,"{""varh"": ""Memory"", ""valh"": ""Conflicts"", ""saf"": ""False"", ""pc1"": ""True"", ""bdc"": ""1"", ""toh"": ""False"", ""ng"": ""NO"", ""lc"": ""2"", ""negative"": ""V"", ""generic2"": ""True"", ""sb"": ""NO""}",2.432422541984124,1,,ExitStatus.UNKNOWN,False,False,1
2025-06-07T22:21:22.385168,SREFLP-Cl07_c23.xml,"{""input"": ""tests/xcsp3/cop/UNKNOWN/SREFLP-Cl07_c23.xml"", ""solver"": ""xcsp:ACE@2.4"", ""output_dir"": ""results_comparison"", ""global_time_limit"": 600, ""max_tries"": 50, ""tuning_file"": ""tests/psa/ace.tuning.json"", ""hpo_strategy"": ""hamming"", ""global_time_strategy"": ""PERCENT"", ""percent"": 0.2, ""round_time_strategy"": ""STATIC"", ""time_evolution"": ""STATIC"", ""stop_strategy"": ""TIMEOUT""}",49,"{""varh"": ""Memory"", ""valh"": ""First"", ""saf"": ""False"", ""pc1"": ""True"", ""bdc"": ""1"", ""toh"": ""False"", ""ng"": ""NO"", ""lc"": ""5"", ""negative"": ""V"", ""generic2"": ""True"", ""sb"": ""NO""}",2.432422541984124,1.7474259580194484,1590,ExitStatus.FEASIBLE,False,False,1.7474259580194484
2025-06-07T22:21:24.316496,SREFLP-Cl07_c23.xml,"{""input"": ""tests/xcsp3/cop/UNKNOWN/SREFLP-Cl07_c23.xml"", ""solver"": ""xcsp:ACE@2.4"", ""output_dir"": ""results_comparison"", ""global_time_limit"": 600, ""max_tries"": 50, ""tuning_file"": ""tests/psa/ace.tuning.json"", ""hpo_strategy"": ""hamming"", ""global_time_strategy"": ""PERCENT"", ""percent"": 0.2, ""round_time_strategy"": ""STATIC"", ""time_evolution"": ""STATIC"", ""stop_strategy"": ""TIMEOUT""}",50,"{""varh"": ""Memory"", ""valh"": ""First"", ""saf"": ""False"", ""pc1"": ""True"", ""bdc"": ""1"", ""toh"": ""False"", ""ng"": ""NO"", ""lc"": ""2"", ""negative"": ""STR2"", ""generic2"": ""True"", ""sb"": ""NO""}",2.432422541984124,1.7474590000056196,1590,ExitStatus.FEASIBLE,False,False,1.7474590000056196
2025-06-07T22:21:26.215630,SREFLP-Cl07_c23.xml,"{""input"": ""tests/xcsp3/cop/UNKNOWN/SREFLP-Cl07_c23.xml"", ""solver"": ""xcsp:ACE@2.4"", ""output_dir"": ""results_comparison"", ""global_time_limit"": 600, ""max_tries"": 50, ""tuning_file"": ""tests/psa/ace.tuning.json"", ""hpo_strategy"": ""hamming"", ""global_time_strategy"": ""PERCENT"", ""percent"": 0.2, ""round_time_strategy"": ""STATIC"", ""time_evolution"": ""STATIC"", ""stop_strategy"": ""TIMEOUT""}",51,"{""varh"": ""Lexico"", ""valh"": ""First"", ""saf"": ""False"", ""pc1"": ""True"", ""bdc"": ""1"", ""toh"": ""False"", ""ng"": ""NO"", ""lc"": ""2"", ""negative"": ""CT"", ""generic2"": ""True"", ""sb"": ""NO""}",2.432422541984124,1.7423439580015838,1590,ExitStatus.FEASIBLE,False,False,1.7423439580015838
2025-06-07T22:21:28.117407,SREFLP-Cl07_c23.xml,"{""input"": ""tests/xcsp3/cop/UNKNOWN/SREFLP-Cl07_c23.xml"", ""solver"": ""xcsp:ACE@2.4"", ""output_dir"": ""results_comparison"", ""global_time_limit"": 600, ""max_tries"": 50, ""tuning_file"": ""tests/psa/ace.tuning.json"", ""hpo_strategy"": ""hamming"", ""global_time_strategy"": ""PERCENT"", ""percent"": 0.2, ""round_time_strategy"": ""STATIC"", ""time_evolution"": ""STATIC"", ""stop_strategy"": ""TIMEOUT""}",52,"{""varh"": ""Wdeg"", ""valh"": ""FlrsE"", ""saf"": ""False"", ""pc1"": ""True"", ""bdc"": ""1"", ""toh"": ""False"", ""ng"": ""NO"", ""lc"": ""2"", ""negative"": ""CT"", ""generic2"": ""True"", ""sb"": ""NO""}",2.432422541984124,1.7475898750126362,1590,ExitStatus.FEASIBLE,False,False,1.7475898750126362
2025-06-07T22:21:30.013061,SREFLP-Cl07_c23.xml,"{""input"": ""tests/xcsp3/cop/UNKNOWN/SREFLP-Cl07_c23.xml"", ""solver"": ""xcsp:ACE@2.4"", ""output_dir"": ""results_comparison"", ""global_time_limit"": 600, ""max_tries"": 50, ""tuning_file"": ""tests/psa/ace.tuning.json"", ""hpo_strategy"": ""hamming"", ""global_time_strategy"": ""PERCENT"", ""percent"": 0.2, ""round_time_strategy"": ""STATIC"", ""time_evolution"": ""STATIC"", ""stop_strategy"": ""TIMEOUT""}",53,"{""varh"": ""Memory"", ""valh"": ""First"", ""saf"": ""False"", ""pc1"": ""True"", ""bdc"": ""10"", ""toh"": ""False"", ""ng"": ""NO"", ""lc"": ""2"", ""negative"": ""V"", ""generic2"": ""True"", ""sb"": ""NO""}",2.432422541984124,1.7405235829937737,1590,ExitStatus.FEASIBLE,False,False,1.7405235829937737
2025-06-07T22:21:31.927075,SREFLP-Cl07_c23.xml,"{""input"": ""tests/xcsp3/cop/UNKNOWN/SREFLP-Cl07_c23.xml"", ""solver"": ""xcsp:ACE@2.4"", ""output_dir"": ""results_comparison"", ""global_time_limit"": 600, ""max_tries"": 50, ""tuning_file"": ""tests/psa/ace.tuning.json"", ""hpo_strategy"": ""hamming"", ""global_time_strategy"": ""PERCENT"", ""percent"": 0.2, ""round_time_strategy"": ""STATIC"", ""time_evolution"": ""STATIC"", ""stop_strategy"": ""TIMEOUT""}",54,"{""varh"": ""Wdeg"", ""valh"": ""First"", ""saf"": ""False"", ""pc1"": ""False"", ""bdc"": ""1"", ""toh"": ""True"", ""ng"": ""NO"", ""lc"": ""2"", ""negative"": ""V"", ""generic2"": ""True"", ""sb"": ""NO""}",2.432422541984124,1.759676457993919,1590,ExitStatus.FEASIBLE,False,False,1.759676457993919
2025-06-07T22:21:33.831034,SREFLP-Cl07_c23.xml,"{""input"": ""tests/xcsp3/cop/UNKNOWN/SREFLP-Cl07_c23.xml"", ""solver"": ""xcsp:ACE@2.4"", ""output_dir"": ""results_comparison"", ""global_time_limit"": 600, ""max_tries"": 50, ""tuning_file"": ""tests/psa/ace.tuning.json"", ""hpo_strategy"": ""hamming"", ""global_time_strategy"": ""PERCENT"", ""percent"": 0.2, ""round_time_strategy"": ""STATIC"", ""time_evolution"": ""STATIC"", ""stop_strategy"": ""TIMEOUT""}",55,"{""varh"": ""Impact"", ""valh"": ""First"", ""saf"": ""False"", ""pc1"": ""True"", ""bdc"": ""1"", ""toh"": ""False"", ""ng"": ""NO"", ""lc"": ""2"", ""negative"": ""V"", ""generic2"": ""False"", ""sb"": ""NO""}",2.432422541984124,1.7552997500170022,1590,ExitStatus.FEASIBLE,False,False,1.7552997500170022
2025-06-07T22:21:35.676609,SREFLP-Cl07_c23.xml,"{""input"": ""tests/xcsp3/cop/UNKNOWN/SREFLP-Cl07_c23.xml"", ""solver"": ""xcsp:ACE@2.4"", ""output_dir"": ""results_comparison"", ""global_time_limit"": 600, ""max_tries"": 50, ""tuning_file"": ""tests/psa/ace.tuning.json"", ""hpo_strategy"": ""hamming"", ""global_time_strategy"": ""PERCENT"", ""percent"": 0.2, ""round_time_strategy"": ""STATIC"", ""time_evolution"": ""STATIC"", ""stop_strategy"": ""TIMEOUT""}",56,"{""varh"": ""Wdeg"", ""valh"": ""First"", ""saf"": ""False"", ""pc1"": ""True"", ""bdc"": ""1000"", ""toh"": ""False"", ""ng"": ""NO"", ""lc"": ""2"", ""negative"": ""VA"", ""generic2"": ""True"", ""sb"": ""NO""}",2.432422541984124,1.6921517080045305,1710,ExitStatus.OPTIMAL,False,False,1.6921517080045305
2025-06-07T22:21:37.531054,SREFLP-Cl07_c23.xml,"{""input"": ""tests/xcsp3/cop/UNKNOWN/SREFLP-Cl07_c23.xml"", ""solver"": ""xcsp:ACE@2.4"", ""output_dir"": ""results_comparison"", ""global_time_limit"": 600, ""max_tries"": 50, ""tuning_file"": ""tests/psa/ace.tuning.json"", ""hpo_strategy"": ""hamming"", ""global_time_strategy"": ""PERCENT"", ""percent"": 0.2, ""round_time_strategy"": ""STATIC"", ""time_evolution"": ""STATIC"", ""stop_strategy"": ""TIMEOUT""}",57,"{""varh"": ""Wdeg"", ""valh"": ""First"", ""saf"": ""True"", ""pc1"": ""True"", ""bdc"": ""1000"", ""toh"": ""False"", ""ng"": ""NO"", ""lc"": ""2"", ""negative"": ""V"", ""generic2"": ""True"", ""sb"": ""NO""}",2.432422541984124,1.7048362079949584,1710,ExitStatus.OPTIMAL,False,False,1.7048362079949584
2025-06-07T22:21:39.439041,SREFLP-Cl07_c23.xml,"{""input"": ""tests/xcsp3/cop/UNKNOWN/SREFLP-Cl07_c23.xml"", ""solver"": ""xcsp:ACE@2.4"", ""output_dir"": ""results_comparison"", ""global_time_limit"": 600, ""max_tries"": 50, ""tuning_file"": ""tests/psa/ace.tuning.json"", ""hpo_strategy"": ""hamming"", ""global_time_strategy"": ""PERCENT"", ""percent"": 0.2, ""round_time_strategy"": ""STATIC"", ""time_evolution"": ""STATIC"", ""stop_strategy"": ""TIMEOUT""}",58,"{""varh"": ""Wdeg"", ""valh"": ""RunRobin"", ""saf"": ""False"", ""pc1"": ""True"", ""bdc"": ""1"", ""toh"": ""False"", ""ng"": ""NO"", ""lc"": ""2"", ""negative"": ""CT"", ""generic2"": ""True"", ""sb"": ""NO""}",2.432422541984124,1.7578494590125047,1590,ExitStatus.FEASIBLE,False,False,1.7578494590125047
2025-06-07T22:21:41.351344,SREFLP-Cl07_c23.xml,"{""input"": ""tests/xcsp3/cop/UNKNOWN/SREFLP-Cl07_c23.xml"", ""solver"": ""xcsp:ACE@2.4"", ""output_dir"": ""results_comparison"", ""global_time_limit"": 600, ""max_tries"": 50, ""tuning_file"": ""tests/psa/ace.tuning.json"", ""hpo_strategy"": ""hamming"", ""global_time_strategy"": ""PERCENT"", ""percent"": 0.2, ""round_time_strategy"": ""STATIC"", ""time_evolution"": ""STATIC"", ""stop_strategy"": ""TIMEOUT""}",59,"{""varh"": ""Wdeg"", ""valh"": ""Vals"", ""saf"": ""False"", ""pc1"": ""True"", ""bdc"": ""1"", ""toh"": ""False"", ""ng"": ""NO"", ""lc"": ""10"", ""negative"": ""V"", ""generic2"": ""True"", ""sb"": ""NO""}",2.432422541984124,1.7607711250020657,1590,ExitStatus.FEASIBLE,False,False,1.7607711250020657
2025-06-07T22:21:43.272344,SREFLP-Cl07_c23.xml,"{""input"": ""tests/xcsp3/cop/UNKNOWN/SREFLP-Cl07_c23.xml"", ""solver"": ""xcsp:ACE@2.4"", ""output_dir"": ""results_comparison"", ""global_time_limit"": 600, ""max_tries"": 50, ""tuning_file"": ""tests/psa/ace.tuning.json"", ""hpo_strategy"": ""hamming"", ""global_time_strategy"": ""PERCENT"", ""percent"": 0.2, ""round_time_strategy"": ""STATIC"", ""time_evolution"": ""STATIC"", ""stop_strategy"": ""TIMEOUT""}",60,"{""varh"": ""Wdeg"", ""valh"": ""First"", ""saf"": ""False"", ""pc1"": ""True"", ""bdc"": ""1"", ""toh"": ""True"", ""ng"": ""NO"", ""lc"": ""10"", ""negative"": ""V"", ""generic2"": ""True"", ""sb"": ""NO""}",2.432422541984124,1.7695847499999218,1590,ExitStatus.FEASIBLE,False,False,1.7695847499999218
2025-06-07T22:21:45.186052,SREFLP-Cl07_c23.xml,"{""input"": ""tests/xcsp3/cop/UNKNOWN/SREFLP-Cl07_c23.xml"", ""solver"": ""xcsp:ACE@2.4"", ""output_dir"": ""results_comparison"", ""global_time_limit"": 600, ""max_tries"": 50, ""tuning_file"": ""tests/psa/ace.tuning.json"", ""hpo_strategy"": ""hamming"", ""global_time_strategy"": ""PERCENT"", ""percent"": 0.2, ""round_time_strategy"": ""STATIC"", ""time_evolution"": ""STATIC"", ""stop_strategy"": ""TIMEOUT""}",61,"{""varh"": ""RunRobin"", ""valh"": ""First"", ""saf"": ""False"", ""pc1"": ""True"", ""bdc"": ""1"", ""toh"": ""False"", ""ng"": ""NO"", ""lc"": ""5"", ""negative"": ""V"", ""generic2"": ""True"", ""sb"": ""NO""}",2.432422541984124,1.7632227500143927,1590,ExitStatus.FEASIBLE,False,False,1.7632227500143927
2025-06-07T22:21:47.095772,SREFLP-Cl07_c23.xml,"{""input"": ""tests/xcsp3/cop/UNKNOWN/SREFLP-Cl07_c23.xml"", ""solver"": ""xcsp:ACE@2.4"", ""output_dir"": ""results_comparison"", ""global_time_limit"": 600, ""max_tries"": 50, ""tuning_file"": ""tests/psa/ace.tuning.json"", ""hpo_strategy"": ""hamming"", ""global_time_strategy"": ""PERCENT"", ""percent"": 0.2, ""round_time_strategy"": ""STATIC"", ""time_evolution"": ""STATIC"", ""stop_strategy"": ""TIMEOUT""}",62,"{""varh"": ""Wdeg"", ""valh"": ""First"", ""saf"": ""False"", ""pc1"": ""True"", ""bdc"": ""100"", ""toh"": ""True"", ""ng"": ""NO"", ""lc"": ""2"", ""negative"": ""V"", ""generic2"": ""True"", ""sb"": ""NO""}",2.432422541984124,1.755480958003318,1590,ExitStatus.FEASIBLE,False,False,1.755480958003318
2025-06-07T22:21:49.026466,SREFLP-Cl07_c23.xml,"{""input"": ""tests/xcsp3/cop/UNKNOWN/SREFLP-Cl07_c23.xml"", ""solver"": ""xcsp:ACE@2.4"", ""output_dir"": ""results_comparison"", ""global_time_limit"": 600, ""max_tries"": 50, ""tuning_file"": ""tests/psa/ace.tuning.json"", ""hpo_strategy"": ""hamming"", ""global_time_strategy"": ""PERCENT"", ""percent"": 0.2, ""round_time_strategy"": ""STATIC"", ""time_evolution"": ""STATIC"", ""stop_strategy"": ""TIMEOUT""}",63,"{""varh"": ""Wdeg"", ""valh"": ""First"", ""saf"": ""False"", ""pc1"": ""True"", ""bdc"": ""1"", ""toh"": ""False"", ""ng"": ""NO"", ""lc"": ""5"", ""negative"": ""STR1"", ""generic2"": ""True"", ""sb"": ""NO""}",2.432422541984124,1.7624438329949044,1590,ExitStatus.FEASIBLE,False,False,1.7624438329949044
2025-06-07T22:21:50.785047,SREFLP-Cl07_c23.xml,"{""input"": ""tests/xcsp3/cop/UNKNOWN/SREFLP-Cl07_c23.xml"", ""solver"": ""xcsp:ACE@2.4"", ""output_dir"": ""results_comparison"", ""global_time_limit"": 600, ""max_tries"": 50, ""tuning_file"": ""tests/psa/ace.tuning.json"", ""hpo_strategy"": ""hamming"", ""global_time_strategy"": ""PERCENT"", ""percent"": 0.2, ""round_time_strategy"": ""STATIC"", ""time_evolution"": ""STATIC"", ""stop_strategy"": ""TIMEOUT""}",64,"{""varh"": ""Wdeg"", ""valh"": ""First"", ""saf"": ""False"", ""pc1"": ""True"", ""bdc"": ""1000"", ""toh"": ""False"", ""ng"": ""NO"", ""lc"": ""10"", ""negative"": ""V"", ""generic2"": ""True"", ""sb"": ""NO""}",2.432422541984124,1.6136227499810047,1710,ExitStatus.OPTIMAL,False,False,1.6136227499810047
2025-06-07T22:21:56.938703,SREFLP-Cl07_c23.xml,"{""input"": ""tests/xcsp3/cop/UNKNOWN/SREFLP-Cl07_c23.xml"", ""solver"": ""xcsp:ACE@2.4"", ""output_dir"": ""results_comparison"", ""global_time_limit"": 600, ""max_tries"": 50, ""tuning_file"": ""tests/psa/ace.tuning.json"", ""hpo_strategy"": ""hamming"", ""global_time_strategy"": ""PERCENT"", ""percent"": 0.2, ""round_time_strategy"": ""STATIC"", ""time_evolution"": ""STATIC"", ""stop_strategy"": ""TIMEOUT""}",65,"{""varh"": ""Wdeg"", ""valh"": ""Conflicts"", ""saf"": ""False"", ""pc1"": ""True"", ""bdc"": ""10"", ""toh"": ""False"", ""ng"": ""NO"", ""lc"": ""2"", ""negative"": ""V"", ""generic2"": ""True"", ""sb"": ""NO""}",2.432422541984124,1,,ExitStatus.UNKNOWN,False,False,1
2025-06-07T22:22:03.110755,SREFLP-Cl07_c23.xml,"{""input"": ""tests/xcsp3/cop/UNKNOWN/SREFLP-Cl07_c23.xml"", ""solver"": ""xcsp:ACE@2.4"", ""output_dir"": ""results_comparison"", ""global_time_limit"": 600, ""max_tries"": 50, ""tuning_file"": ""tests/psa/ace.tuning.json"", ""hpo_strategy"": ""hamming"", ""global_time_strategy"": ""PERCENT"", ""percent"": 0.2, ""round_time_strategy"": ""STATIC"", ""time_evolution"": ""STATIC"", ""stop_strategy"": ""TIMEOUT""}",66,"{""varh"": ""Activity"", ""valh"": ""Conflicts"", ""saf"": ""False"", ""pc1"": ""True"", ""bdc"": ""1"", ""toh"": ""False"", ""ng"": ""NO"", ""lc"": ""2"", ""negative"": ""V"", ""generic2"": ""True"", ""sb"": ""NO""}",2.432422541984124,1,,ExitStatus.UNKNOWN,False,False,1
2025-06-07T22:22:05.236648,SREFLP-Cl07_c23.xml,"{""input"": ""tests/xcsp3/cop/UNKNOWN/SREFLP-Cl07_c23.xml"", ""solver"": ""xcsp:ACE@2.4"", ""output_dir"": ""results_comparison"", ""global_time_limit"": 600, ""max_tries"": 50, ""tuning_file"": ""tests/psa/ace.tuning.json"", ""hpo_strategy"": ""hamming"", ""global_time_strategy"": ""PERCENT"", ""percent"": 0.2, ""round_time_strategy"": ""STATIC"", ""time_evolution"": ""STATIC"", ""stop_strategy"": ""TIMEOUT""}",67,"{""varh"": ""Wdeg"", ""valh"": ""RunRobin"", ""saf"": ""False"", ""pc1"": ""True"", ""bdc"": ""1"", ""toh"": ""False"", ""ng"": ""NO"", ""lc"": ""10"", ""negative"": ""V"", ""generic2"": ""True"", ""sb"": ""NO""}",2.432422541984124,1.9389417500060517,1590,ExitStatus.FEASIBLE,False,False,1.9389417500060517
2025-06-07T22:22:07.363732,SREFLP-Cl07_c23.xml,"{""input"": ""tests/xcsp3/cop/UNKNOWN/SREFLP-Cl07_c23.xml"", ""solver"": ""xcsp:ACE@2.4"", ""output_dir"": ""results_comparison"", ""global_time_limit"": 600, ""max_tries"": 50, ""tuning_file"": ""tests/psa/ace.tuning.json"", ""hpo_strategy"": ""hamming"", ""global_time_strategy"": ""PERCENT"", ""percent"": 0.2, ""round_time_strategy"": ""STATIC"", ""time_evolution"": ""STATIC"", ""stop_strategy"": ""TIMEOUT""}",68,"{""varh"": ""Wdeg"", ""valh"": ""Last"", ""saf"": ""False"", ""pc1"": ""True"", ""bdc"": ""1"", ""toh"": ""False"", ""ng"": ""NO"", ""lc"": ""5"", ""negative"": ""V"", ""generic2"": ""True"", ""sb"": ""NO""}",2.432422541984124,1.9371383750112727,1590,ExitStatus.FEASIBLE,False,False,1.9371383750112727
2025-06-07T22:22:09.474061,SREFLP-Cl07_c23.xml,"{""input"": ""tests/xcsp3/cop/UNKNOWN/SREFLP-Cl07_c23.xml"", ""solver"": ""xcsp:ACE@2.4"", ""output_dir"": ""results_comparison"", ""global_time_limit"": 600, ""max_tries"": 50, ""tuning_file"": ""tests/psa/ace.tuning.json"", ""hpo_strategy"": ""hamming"", ""global_time_strategy"": ""PERCENT"", ""percent"": 0.2, ""round_time_strategy"": ""STATIC"", ""time_evolution"": ""STATIC"", ""stop_strategy"": ""TIMEOUT""}",69,"{""varh"": ""Wdeg"", ""valh"": ""First"", ""saf"": ""False"", ""pc1"": ""True"", ""bdc"": ""1"", ""toh"": ""True"", ""ng"": ""NO"", ""lc"": ""2"", ""negative"": ""STR3"", ""generic2"": ""True"", ""sb"": ""NO""}",2.432422541984124,1.9185937499860302,1590,ExitStatus.FEASIBLE,False,False,1.9185937499860302
2025-06-07T22:22:11.575502,SREFLP-Cl07_c23.xml,"{""input"": ""tests/xcsp3/cop/UNKNOWN/SREFLP-Cl07_c23.xml"", ""solver"": ""xcsp:ACE@2.4"", ""output_dir"": ""results_comparison"", ""global_time_limit"": 600, ""max_tries"": 50, ""tuning_file"": ""tests/psa/ace.tuning.json"", ""hpo_strategy"": ""hamming"", ""global_time_strategy"": ""PERCENT"", ""percent"": 0.2, ""round_time_strategy"": ""STATIC"", ""time_evolution"": ""STATIC"", ""stop_strategy"": ""TIMEOUT""}",70,"{""varh"": ""Memory"", ""valh"": ""First"", ""saf"": ""False"", ""pc1"": ""True"", ""bdc"": ""1"", ""toh"": ""False"", ""ng"": ""NO"", ""lc"": ""1"", ""negative"": ""V"", ""generic2"": ""True"", ""sb"": ""NO""}",2.432422541984124,1.9116070829913951,1590,ExitStatus.FEASIBLE,False,False,1.9116070829913951
2025-06-07T22:22:13.675114,SREFLP-Cl07_c23.xml,"{""input"": ""tests/xcsp3/cop/UNKNOWN/SREFLP-Cl07_c23.xml"", ""solver"": ""xcsp:ACE@2.4"", ""output_dir"": ""results_comparison"", ""global_time_limit"": 600, ""max_tries"": 50, ""tuning_file"": ""tests/psa/ace.tuning.json"", ""hpo_strategy"": ""hamming"", ""global_time_strategy"": ""PERCENT"", ""percent"": 0.2, ""round_time_strategy"": ""STATIC"", ""time_evolution"": ""STATIC"", ""stop_strategy"": ""TIMEOUT""}",71,"{""varh"": ""FrbaOnDom"", ""valh"": ""First"", ""saf"": ""False"", ""pc1"": ""True"", ""bdc"": ""1"", ""toh"": ""False"", ""ng"": ""NO"", ""lc"": ""2"", ""negative"": ""STR2N"", ""generic2"": ""True"", ""sb"": ""NO""}",2.432422541984124,1.9052396659972146,1590,ExitStatus.FEASIBLE,False,False,1.9052396659972146
2025-06-07T22:22:15.774596,SREFLP-Cl07_c23.xml,"{""input"": ""tests/xcsp3/cop/UNKNOWN/SREFLP-Cl07_c23.xml"", ""solver"": ""xcsp:ACE@2.4"", ""output_dir"": ""results_comparison"", ""global_time_limit"": 600, ""max_tries"": 50, ""tuning_file"": ""tests/psa/ace.tuning.json"", ""hpo_strategy"": ""hamming"", ""global_time_strategy"": ""PERCENT"", ""percent"": 0.2, ""round_time_strategy"": ""STATIC"", ""time_evolution"": ""STATIC"", ""stop_strategy"": ""TIMEOUT""}",72,"{""varh"": ""FrbaOnDom"", ""valh"": ""First"", ""saf"": ""False"", ""pc1"": ""False"", ""bdc"": ""1"", ""toh"": ""False"", ""ng"": ""NO"", ""lc"": ""2"", ""negative"": ""V"", ""generic2"": ""True"", ""sb"": ""NO""}",2.432422541984124,1.9015747079974972,1590,ExitStatus.FEASIBLE,False,False,1.9015747079974972
2025-06-07T22:22:17.907128,SREFLP-Cl07_c23.xml,"{""input"": ""tests/xcsp3/cop/UNKNOWN/SREFLP-Cl07_c23.xml"", ""solver"": ""xcsp:ACE@2.4"", ""output_dir"": ""results_comparison"", ""global_time_limit"": 600, ""max_tries"": 50, ""tuning_file"": ""tests/psa/ace.tuning.json"", ""hpo_strategy"": ""hamming"", ""global_time_strategy"": ""PERCENT"", ""percent"": 0.2, ""round_time_strategy"": ""STATIC"", ""time_evolution"": ""STATIC"", ""stop_strategy"": ""TIMEOUT""}",73,"{""varh"": ""Wdeg"", ""valh"": ""First"", ""saf"": ""False"", ""pc1"": ""False"", ""bdc"": ""1"", ""toh"": ""False"", ""ng"": ""NO"", ""lc"": ""2"", ""negative"": ""V"", ""generic2"": ""False"", ""sb"": ""NO""}",2.432422541984124,1.9392156249959953,1590,ExitStatus.FEASIBLE,False,False,1.9392156249959953
2025-06-07T22:22:24.106703,SREFLP-Cl07_c23.xml,"{""input"": ""tests/xcsp3/cop/UNKNOWN/SREFLP-Cl07_c23.xml"", ""solver"": ""xcsp:ACE@2.4"", ""output_dir"": ""results_comparison"", ""global_time_limit"": 600, ""max_tries"": 50, ""tuning_file"": ""tests/psa/ace.tuning.json"", ""hpo_strategy"": ""hamming"", ""global_time_strategy"": ""PERCENT"", ""percent"": 0.2, ""round_time_strategy"": ""STATIC"", ""time_evolution"": ""STATIC"", ""stop_strategy"": ""TIMEOUT""}",74,"{""varh"": ""Wdeg"", ""valh"": ""Conflicts"", ""saf"": ""False"", ""pc1"": ""True"", ""bdc"": ""1"", ""toh"": ""False"", ""ng"": ""NO"", ""lc"": ""5"", ""negative"": ""V"", ""generic2"": ""True"", ""sb"": ""NO""}",2.432422541984124,1,,ExitStatus.UNKNOWN,False,False,1
2025-06-07T22:22:26.257733,SREFLP-Cl07_c23.xml,"{""input"": ""tests/xcsp3/cop/UNKNOWN/SREFLP-Cl07_c23.xml"", ""solver"": ""xcsp:ACE@2.4"", ""output_dir"": ""results_comparison"", ""global_time_limit"": 600, ""max_tries"": 50, ""tuning_file"": ""tests/psa/ace.tuning.json"", ""hpo_strategy"": ""hamming"", ""global_time_strategy"": ""PERCENT"", ""percent"": 0.2, ""round_time_strategy"": ""STATIC"", ""time_evolution"": ""STATIC"", ""stop_strategy"": ""TIMEOUT""}",75,"{""varh"": ""PickOnDom"", ""valh"": ""First"", ""saf"": ""True"", ""pc1"": ""True"", ""bdc"": ""1"", ""toh"": ""False"", ""ng"": ""NO"", ""lc"": ""2"", ""negative"": ""V"", ""generic2"": ""True"", ""sb"": ""NO""}",2.432422541984124,1.9662927910103463,1590,ExitStatus.FEASIBLE,False,False,1.9662927910103463
2025-06-07T22:22:28.385693,SREFLP-Cl07_c23.xml,"{""input"": ""tests/xcsp3/cop/UNKNOWN/SREFLP-Cl07_c23.xml"", ""solver"": ""xcsp:ACE@2.4"", ""output_dir"": ""results_comparison"", ""global_time_limit"": 600, ""max_tries"": 50, ""tuning_file"": ""tests/psa/ace.tuning.json"", ""hpo_strategy"": ""hamming"", ""global_time_strategy"": ""PERCENT"", ""percent"": 0.2, ""round_time_strategy"": ""STATIC"", ""time_evolution"": ""STATIC"", ""stop_strategy"": ""TIMEOUT""}",76,"{""varh"": ""Wdeg"", ""valh"": ""Bivs3"", ""saf"": ""False"", ""pc1"": ""True"", ""bdc"": ""1"", ""toh"": ""True"", ""ng"": ""NO"", ""lc"": ""2"", ""negative"": ""V"", ""generic2"": ""True"", ""sb"": ""NO""}",2.432422541984124,1.931314499990549,1590,ExitStatus.FEASIBLE,False,False,1.931314499990549
2025-06-07T22:22:30.898545,SREFLP-Cl07_c23.xml,"{""input"": ""tests/xcsp3/cop/UNKNOWN/SREFLP-Cl07_c23.xml"", ""solver"": ""xcsp:ACE@2.4"", ""output_dir"": ""results_comparison"", ""global_time_limit"": 600, ""max_tries"": 50, ""tuning_file"": ""tests/psa/ace.tuning.json"", ""hpo_strategy"": ""hamming"", ""global_time_strategy"": ""PERCENT"", ""percent"": 0.2, ""round_time_strategy"": ""STATIC"", ""time_evolution"": ""STATIC"", ""stop_strategy"": ""TIMEOUT""}",77,"{""varh"": ""Wdeg"", ""valh"": ""Rand"", ""saf"": ""False"", ""pc1"": ""True"", ""bdc"": ""1"", ""toh"": ""False"", ""ng"": ""NO"", ""lc"": ""2"", ""negative"": ""STR2N"", ""generic2"": ""True"", ""sb"": ""NO""}",2.432422541984124,2.308433750004042,1590,ExitStatus.FEASIBLE,False,False,2.308433750004042
2025-06-07T22:22:32.983754,SREFLP-Cl07_c23.xml,"{""input"": ""tests/xcsp3/cop/UNKNOWN/SREFLP-Cl07_c23.xml"", ""solver"": ""xcsp:ACE@2.4"", ""output_dir"": ""results_comparison"", ""global_time_limit"": 600, ""max_tries"": 50, ""tuning_file"": ""tests/psa/ace.tuning.json"", ""hpo_strategy"": ""hamming"", ""global_time_strategy"": ""PERCENT"", ""percent"": 0.2, ""round_time_strategy"": ""STATIC"", ""time_evolution"": ""STATIC"", ""stop_strategy"": ""TIMEOUT""}",78,"{""varh"": ""RunRobin"", ""valh"": ""First"", ""saf"": ""False"", ""pc1"": ""True"", ""bdc"": ""1000"", ""toh"": ""False"", ""ng"": ""NO"", ""lc"": ""2"", ""negative"": ""V"", ""generic2"": ""True"", ""sb"": ""NO""}",2.432422541984124,1.8714291670185048,1710,ExitStatus.OPTIMAL,False,False,1.8714291670185048
2025-06-07T22:22:35.135689,SREFLP-Cl07_c23.xml,"{""input"": ""tests/xcsp3/cop/UNKNOWN/SREFLP-Cl07_c23.xml"", ""solver"": ""xcsp:ACE@2.4"", ""output_dir"": ""results_comparison"", ""global_time_limit"": 600, ""max_tries"": 50, ""tuning_file"": ""tests/psa/ace.tuning.json"", ""hpo_strategy"": ""hamming"", ""global_time_strategy"": ""PERCENT"", ""percent"": 0.2, ""round_time_strategy"": ""STATIC"", ""time_evolution"": ""STATIC"", ""stop_strategy"": ""TIMEOUT""}",79,"{""varh"": ""Impact"", ""valh"": ""Bivs3"", ""saf"": ""False"", ""pc1"": ""True"", ""bdc"": ""1"", ""toh"": ""False"", ""ng"": ""NO"", ""lc"": ""2"", ""negative"": ""V"", ""generic2"": ""True"", ""sb"": ""NO""}",2.432422541984124,1.9591312499833293,1590,ExitStatus.FEASIBLE,False,False,1.9591312499833293
2025-06-07T22:22:37.236436,SREFLP-Cl07_c23.xml,"{""input"": ""tests/xcsp3/cop/UNKNOWN/SREFLP-Cl07_c23.xml"", ""solver"": ""xcsp:ACE@2.4"", ""output_dir"": ""results_comparison"", ""global_time_limit"": 600, ""max_tries"": 50, ""tuning_file"": ""tests/psa/ace.tuning.json"", ""hpo_strategy"": ""hamming"", ""global_time_strategy"": ""PERCENT"", ""percent"": 0.2, ""round_time_strategy"": ""STATIC"", ""time_evolution"": ""STATIC"", ""stop_strategy"": ""TIMEOUT""}",80,"{""varh"": ""Wdeg"", ""valh"": ""Rand"", ""saf"": ""False"", ""pc1"": ""False"", ""bdc"": ""1"", ""toh"": ""False"", ""ng"": ""NO"", ""lc"": ""2"", ""negative"": ""V"", ""generic2"": ""True"", ""sb"": ""NO""}",2.432422541984124,1.9196285830112174,1590,ExitStatus.FEASIBLE,False,False,1.9196285830112174
2025-06-07T22:22:39.369816,SREFLP-Cl07_c23.xml,"{""input"": ""tests/xcsp3/cop/UNKNOWN/SREFLP-Cl07_c23.xml"", ""solver"": ""xcsp:ACE@2.4"", ""output_dir"": ""results_comparison"", ""global_time_limit"": 600, ""max_tries"": 50, ""tuning_file"": ""tests/psa/ace.tuning.json"", ""hpo_strategy"": ""hamming"", ""global_time_strategy"": ""PERCENT"", ""percent"": 0.2, ""round_time_strategy"": ""STATIC"", ""time_evolution"": ""STATIC"", ""stop_strategy"": ""TIMEOUT""}",81,"{""varh"": ""Impact"", ""valh"": ""Conflicts"", ""saf"": ""False"", ""pc1"": ""True"", ""bdc"": ""1"", ""toh"": ""False"", ""ng"": ""NO"", ""lc"": ""2"", ""negative"": ""V"", ""generic2"": ""True"", ""sb"": ""NO""}",2.432422541984124,1.9460083750018384,1590,ExitStatus.FEASIBLE,False,False,1.9460083750018384
2025-06-07T22:22:41.536878,SREFLP-Cl07_c23.xml,"{""input"": ""tests/xcsp3/cop/UNKNOWN/SREFLP-Cl07_c23.xml"", ""solver"": ""xcsp:ACE@2.4"", ""output_dir"": ""results_comparison"", ""global_time_limit"": 600, ""max_tries"": 50, ""tuning_file"": ""tests/psa/ace.tuning.json"", ""hpo_strategy"": ""hamming"", ""global_time_strategy"": ""PERCENT"", ""percent"": 0.2, ""round_time_strategy"": ""STATIC"", ""time_evolution"": ""STATIC"", ""stop_strategy"": ""TIMEOUT""}",82,"{""varh"": ""Wdeg"", ""valh"": ""First"", ""saf"": ""False"", ""pc1"": ""True"", ""bdc"": ""1000"", ""toh"": ""False"", ""ng"": ""NO"", ""lc"": ""2"", ""negative"": ""STR2"", ""generic2"": ""True"", ""sb"": ""NO""}",2.432422541984124,1.9732216670236085,1710,ExitStatus.FEASIBLE,False,False,1.9732216670236085
2025-06-07T22:22:43.685046,SREFLP-Cl07_c23.xml,"{""input"": ""tests/xcsp3/cop/UNKNOWN/SREFLP-Cl07_c23.xml"", ""solver"": ""xcsp:ACE@2.4"", ""output_dir"": ""results_comparison"", ""global_time_limit"": 600, ""max_tries"": 50, ""tuning_file"": ""tests/psa/ace.tuning.json"", ""hpo_strategy"": ""hamming"", ""global_time_strategy"": ""PERCENT"", ""percent"": 0.2, ""round_time_strategy"": ""STATIC"", ""time_evolution"": ""STATIC"", ""stop_strategy"": ""TIMEOUT""}",83,"{""varh"": ""Wdeg"", ""valh"": ""First"", ""saf"": ""True"", ""pc1"": ""True"", ""bdc"": ""1"", ""toh"": ""False"", ""ng"": ""NO"", ""lc"": ""2"", ""negative"": ""STR1"", ""generic2"": ""True"", ""sb"": ""NO""}",2.432422541984124,1.9502790409896988,1590,ExitStatus.FEASIBLE,False,False,1.9502790409896988
2025-06-07T22:22:49.889440,SREFLP-Cl07_c23.xml,"{""input"": ""tests/xcsp3/cop/UNKNOWN/SREFLP-Cl07_c23.xml"", ""solver"": ""xcsp:ACE@2.4"", ""output_dir"": ""results_comparison"", ""global_time_limit"": 600, ""max_tries"": 50, ""tuning_file"": ""tests/psa/ace.tuning.json"", ""hpo_strategy"": ""hamming"", ""global_time_strategy"": ""PERCENT"", ""percent"": 0.2, ""round_time_strategy"": ""STATIC"", ""time_evolution"": ""STATIC"", ""stop_strategy"": ""TIMEOUT""}",84,"{""varh"": ""Wdeg"", ""valh"": ""Conflicts"", ""saf"": ""False"", ""pc1"": ""True"", ""bdc"": ""1"", ""toh"": ""False"", ""ng"": ""NO"", ""lc"": ""2"", ""negative"": ""STR2N"", ""generic2"": ""True"", ""sb"": ""NO""}",2.432422541984124,1,,ExitStatus.UNKNOWN,False,False,1
2025-06-07T22:22:52.316238,SREFLP-Cl07_c23.xml,"{""input"": ""tests/xcsp3/cop/UNKNOWN/SREFLP-Cl07_c23.xml"", ""solver"": ""xcsp:ACE@2.4"", ""output_dir"": ""results_comparison"", ""global_time_limit"": 600, ""max_tries"": 50, ""tuning_file"": ""tests/psa/ace.tuning.json"", ""hpo_strategy"": ""hamming"", ""global_time_strategy"": ""PERCENT"", ""percent"": 0.2, ""round_time_strategy"": ""STATIC"", ""time_evolution"": ""STATIC"", ""stop_strategy"": ""TIMEOUT""}",85,"{""varh"": ""Wdeg"", ""valh"": ""First"", ""saf"": ""False"", ""pc1"": ""True"", ""bdc"": ""1000"", ""toh"": ""False"", ""ng"": ""NO"", ""lc"": ""2"", ""negative"": ""CT"", ""generic2"": ""True"", ""sb"": ""NO""}",2.432422541984124,2.196222291997401,1710,ExitStatus.FEASIBLE,False,False,2.196222291997401
2025-06-07T22:22:54.679662,SREFLP-Cl07_c23.xml,"{""input"": ""tests/xcsp3/cop/UNKNOWN/SREFLP-Cl07_c23.xml"", ""solver"": ""xcsp:ACE@2.4"", ""output_dir"": ""results_comparison"", ""global_time_limit"": 600, ""max_tries"": 50, ""tuning_file"": ""tests/psa/ace.tuning.json"", ""hpo_strategy"": ""hamming"", ""global_time_strategy"": ""PERCENT"", ""percent"": 0.2, ""round_time_strategy"": ""STATIC"", ""time_evolution"": ""STATIC"", ""stop_strategy"": ""TIMEOUT""}",86,"{""varh"": ""FrbaOnDom"", ""valh"": ""RunRobin"", ""saf"": ""False"", ""pc1"": ""True"", ""bdc"": ""1"", ""toh"": ""False"", ""ng"": ""NO"", ""lc"": ""2"", ""negative"": ""V"", ""generic2"": ""True"", ""sb"": ""NO""}",2.432422541984124,2.134078833012609,1650,ExitStatus.FEASIBLE,False,False,2.134078833012609
2025-06-07T22:22:56.975530,SREFLP-Cl07_c23.xml,"{""input"": ""tests/xcsp3/cop/UNKNOWN/SREFLP-Cl07_c23.xml"", ""solver"": ""xcsp:ACE@2.4"", ""output_dir"": ""results_comparison"", ""global_time_limit"": 600, ""max_tries"": 50, ""tuning_file"": ""tests/psa/ace.tuning.json"", ""hpo_strategy"": ""hamming"", ""global_time_strategy"": ""PERCENT"", ""percent"": 0.2, ""round_time_strategy"": ""STATIC"", ""time_evolution"": ""STATIC"", ""stop_strategy"": ""TIMEOUT""}",87,"{""varh"": ""RunRobin"", ""valh"": ""FlrsE"", ""saf"": ""False"", ""pc1"": ""True"", ""bdc"": ""1"", ""toh"": ""False"", ""ng"": ""NO"", ""lc"": ""2"", ""negative"": ""V"", ""generic2"": ""True"", ""sb"": ""NO""}",2.432422541984124,2.061786167003447,1590,ExitStatus.FEASIBLE,False,False,2.061786167003447
2025-06-07T22:22:59.329884,SREFLP-Cl07_c23.xml,"{""input"": ""tests/xcsp3/cop/UNKNOWN/SREFLP-Cl07_c23.xml"", ""solver"": ""xcsp:ACE@2.4"", ""output_dir"": ""results_comparison"", ""global_time_limit"": 600, ""max_tries"": 50, ""tuning_file"": ""tests/psa/ace.tuning.json"", ""hpo_strategy"": ""hamming"", ""global_time_strategy"": ""PERCENT"", ""percent"": 0.2, ""round_time_strategy"": ""STATIC"", ""time_evolution"": ""STATIC"", ""stop_strategy"": ""TIMEOUT""}",88,"{""varh"": ""Wdeg"", ""valh"": ""First"", ""saf"": ""False"", ""pc1"": ""True"", ""bdc"": ""1"", ""toh"": ""True"", ""ng"": ""NO"", ""lc"": ""2"", ""negative"": ""CT"", ""generic2"": ""True"", ""sb"": ""NO""}",2.432422541984124,2.122025749995373,1590,ExitStatus.FEASIBLE,False,False,2.122025749995373
2025-06-07T22:23:01.648504,SREFLP-Cl07_c23.xml,"{""input"": ""tests/xcsp3/cop/UNKNOWN/SREFLP-Cl07_c23.xml"", ""solver"": ""xcsp:ACE@2.4"", ""output_dir"": ""results_comparison"", ""global_time_limit"": 600, ""max_tries"": 50, ""tuning_file"": ""tests/psa/ace.tuning.json"", ""hpo_strategy"": ""hamming"", ""global_time_strategy"": ""PERCENT"", ""percent"": 0.2, ""round_time_strategy"": ""STATIC"", ""time_evolution"": ""STATIC"", ""stop_strategy"": ""TIMEOUT""}",89,"{""varh"": ""Wdeg"", ""valh"": ""First"", ""saf"": ""True"", ""pc1"": ""True"", ""bdc"": ""1"", ""toh"": ""False"", ""ng"": ""NO"", ""lc"": ""2"", ""negative"": ""VA"", ""generic2"": ""True"", ""sb"": ""NO""}",2.432422541984124,2.0975541670050006,1590,ExitStatus.FEASIBLE,False,False,2.0975541670050006
2025-06-07T22:23:04.030031,SREFLP-Cl07_c23.xml,"{""input"": ""tests/xcsp3/cop/UNKNOWN/SREFLP-Cl07_c23.xml"", ""solver"": ""xcsp:ACE@2.4"", ""output_dir"": ""results_comparison"", ""global_time_limit"": 600, ""max_tries"": 50, ""tuning_file"": ""tests/psa/ace.tuning.json"", ""hpo_strategy"": ""hamming"", ""global_time_strategy"": ""PERCENT"", ""percent"": 0.2, ""round_time_strategy"": ""STATIC"", ""time_evolution"": ""STATIC"", ""stop_strategy"": ""TIMEOUT""}",90,"{""varh"": ""Rand"", ""valh"": ""First"", ""saf"": ""False"", ""pc1"": ""True"", ""bdc"": ""1"", ""toh"": ""False"", ""ng"": ""NO"", ""lc"": ""5"", ""negative"": ""V"", ""generic2"": ""True"", ""sb"": ""NO""}",2.432422541984124,2.1590889999934006,1720,ExitStatus.FEASIBLE,False,False,2.1590889999934006
2025-06-07T22:23:06.300618,SREFLP-Cl07_c23.xml,"{""input"": ""tests/xcsp3/cop/UNKNOWN/SREFLP-Cl07_c23.xml"", ""solver"": ""xcsp:ACE@2.4"", ""output_dir"": ""results_comparison"", ""global_time_limit"": 600, ""max_tries"": 50, ""tuning_file"": ""tests/psa/ace.tuning.json"", ""hpo_strategy"": ""hamming"", ""global_time_strategy"": ""PERCENT"", ""percent"": 0.2, ""round_time_strategy"": ""STATIC"", ""time_evolution"": ""STATIC"", ""stop_strategy"": ""TIMEOUT""}",91,"{""varh"": ""Wdeg"", ""valh"": ""RunRobin"", ""saf"": ""False"", ""pc1"": ""True"", ""bdc"": ""1"", ""toh"": ""False"", ""ng"": ""NO"", ""lc"": ""2"", ""negative"": ""STR2N"", ""generic2"": ""True"", ""sb"": ""NO""}",2.432422541984124,2.064245999994455,1590,ExitStatus.FEASIBLE,False,False,2.064245999994455
2025-06-07T22:23:08.483679,SREFLP-Cl07_c23.xml,"{""input"": ""tests/xcsp3/cop/UNKNOWN/SREFLP-Cl07_c23.xml"", ""solver"": ""xcsp:ACE@2.4"", ""output_dir"": ""results_comparison"", ""global_time_limit"": 600, ""max_tries"": 50, ""tuning_file"": ""tests/psa/ace.tuning.json"", ""hpo_strategy"": ""hamming"", ""global_time_strategy"": ""PERCENT"", ""percent"": 0.2, ""round_time_strategy"": ""STATIC"", ""time_evolution"": ""STATIC"", ""stop_strategy"": ""TIMEOUT""}",92,"{""varh"": ""Wdeg"", ""valh"": ""OccsR"", ""saf"": ""False"", ""pc1"": ""True"", ""bdc"": ""1"", ""toh"": ""False"", ""ng"": ""NO"", ""lc"": ""2"", ""negative"": ""CT"", ""generic2"": ""True"", ""sb"": ""NO""}",2.432422541984124,1.973314582981402,1590,ExitStatus.FEASIBLE,False,False,1.973314582981402
2025-06-07T22:23:10.658437,SREFLP-Cl07_c23.xml,"{""input"": ""tests/xcsp3/cop/UNKNOWN/SREFLP-Cl07_c23.xml"", ""solver"": ""xcsp:ACE@2.4"", ""output_dir"": ""results_comparison"", ""global_time_limit"": 600, ""max_tries"": 50, ""tuning_file"": ""tests/psa/ace.tuning.json"", ""hpo_strategy"": ""hamming"", ""global_time_strategy"": ""PERCENT"", ""percent"": 0.2, ""round_time_strategy"": ""STATIC"", ""time_evolution"": ""STATIC"", ""stop_strategy"": ""TIMEOUT""}",93,"{""varh"": ""Wdeg"", ""valh"": ""Bivs3"", ""saf"": ""True"", ""pc1"": ""True"", ""bdc"": ""1"", ""toh"": ""False"", ""ng"": ""NO"", ""lc"": ""2"", ""negative"": ""V"", ""generic2"": ""True"", ""sb"": ""NO""}",2.432422541984124,1.9786230839963537,1590,ExitStatus.FEASIBLE,False,False,1.9786230839963537
2025-06-07T22:23:12.848486,SREFLP-Cl07_c23.xml,"{""input"": ""tests/xcsp3/cop/UNKNOWN/SREFLP-Cl07_c23.xml"", ""solver"": ""xcsp:ACE@2.4"", ""output_dir"": ""results_comparison"", ""global_time_limit"": 600, ""max_tries"": 50, ""tuning_file"": ""tests/psa/ace.tuning.json"", ""hpo_strategy"": ""hamming"", ""global_time_strategy"": ""PERCENT"", ""percent"": 0.2, ""round_time_strategy"": ""STATIC"", ""time_evolution"": ""STATIC"", ""stop_strategy"": ""TIMEOUT""}",94,"{""varh"": ""WdegOnDom"", ""valh"": ""First"", ""saf"": ""False"", ""pc1"": ""True"", ""bdc"": ""100"", ""toh"": ""False"", ""ng"": ""NO"", ""lc"": ""2"", ""negative"": ""V"", ""generic2"": ""True"", ""sb"": ""NO""}",2.432422541984124,1.979638499993598,1710,ExitStatus.FEASIBLE,False,False,1.979638499993598
2025-06-07T22:23:15.054313,SREFLP-Cl07_c23.xml,"{""input"": ""tests/xcsp3/cop/UNKNOWN/SREFLP-Cl07_c23.xml"", ""solver"": ""xcsp:ACE@2.4"", ""output_dir"": ""results_comparison"", ""global_time_limit"": 600, ""max_tries"": 50, ""tuning_file"": ""tests/psa/ace.tuning.json"", ""hpo_strategy"": ""hamming"", ""global_time_strategy"": ""PERCENT"", ""percent"": 0.2, ""round_time_strategy"": ""STATIC"", ""time_evolution"": ""STATIC"", ""stop_strategy"": ""TIMEOUT""}",95,"{""varh"": ""PickOnDom"", ""valh"": ""First"", ""saf"": ""False"", ""pc1"": ""True"", ""bdc"": ""1"", ""toh"": ""False"", ""ng"": ""NO"", ""lc"": ""2"", ""negative"": ""STR1"", ""generic2"": ""True"", ""sb"": ""NO""}",2.432422541984124,2.008948541013524,1590,ExitStatus.FEASIBLE,False,False,2.008948541013524
2025-06-07T22:23:17.242074,SREFLP-Cl07_c23.xml,"{""input"": ""tests/xcsp3/cop/UNKNOWN/SREFLP-Cl07_c23.xml"", ""solver"": ""xcsp:ACE@2.4"", ""output_dir"": ""results_comparison"", ""global_time_limit"": 600, ""max_tries"": 50, ""tuning_file"": ""tests/psa/ace.tuning.json"", ""hpo_strategy"": ""hamming"", ""global_time_strategy"": ""PERCENT"", ""percent"": 0.2, ""round_time_strategy"": ""STATIC"", ""time_evolution"": ""STATIC"", ""stop_strategy"": ""TIMEOUT""}",96,"{""varh"": ""Wdeg"", ""valh"": ""First"", ""saf"": ""False"", ""pc1"": ""True"", ""bdc"": ""1"", ""toh"": ""False"", ""ng"": ""NO"", ""lc"": ""2"", ""negative"": ""STR1"", ""generic2"": ""False"", ""sb"": ""NO""}",2.432422541984124,1.9748355830088258,1590,ExitStatus.FEASIBLE,False,False,1.9748355830088258
2025-06-07T22:23:19.503153,SREFLP-Cl07_c23.xml,"{""input"": ""tests/xcsp3/cop/UNKNOWN/SREFLP-Cl07_c23.xml"", ""solver"": ""xcsp:ACE@2.4"", ""output_dir"": ""results_comparison"", ""global_time_limit"": 600, ""max_tries"": 50, ""tuning_file"": ""tests/psa/ace.tuning.json"", ""hpo_strategy"": ""hamming"", ""global_time_strategy"": ""PERCENT"", ""percent"": 0.2, ""round_time_strategy"": ""STATIC"", ""time_evolution"": ""STATIC"", ""stop_strategy"": ""TIMEOUT""}",97,"{""varh"": ""WdegOnDom"", ""valh"": ""First"", ""saf"": ""False"", ""pc1"": ""True"", ""bdc"": ""1"", ""toh"": ""False"", ""ng"": ""NO"", ""lc"": ""2"", ""negative"": ""STR0"", ""generic2"": ""True"", ""sb"": ""NO""}",2.432422541984124,2.0380807499750517,1590,ExitStatus.FEASIBLE,False,False,2.0380807499750517
2025-06-07T22:23:21.698830,SREFLP-Cl07_c23.xml,"{""input"": ""tests/xcsp3/cop/UNKNOWN/SREFLP-Cl07_c23.xml"", ""solver"": ""xcsp:ACE@2.4"", ""output_dir"": ""results_comparison"", ""global_time_limit"": 600, ""max_tries"": 50, ""tuning_file"": ""tests/psa/ace.tuning.json"", ""hpo_strategy"": ""hamming"", ""global_time_strategy"": ""PERCENT"", ""percent"": 0.2, ""round_time_strategy"": ""STATIC"", ""time_evolution"": ""STATIC"", ""stop_strategy"": ""TIMEOUT""}",98,"{""varh"": ""FrbaOnDom"", ""valh"": ""Rand"", ""saf"": ""False"", ""pc1"": ""True"", ""bdc"": ""1"", ""toh"": ""False"", ""ng"": ""NO"", ""lc"": ""2"", ""negative"": ""V"", ""generic2"": ""True"", ""sb"": ""NO""}",2.432422541984124,1.9852071249915753,1590,ExitStatus.FEASIBLE,False,False,1.9852071249915753
2025-06-07T22:23:23.891470,SREFLP-Cl07_c23.xml,"{""input"": ""tests/xcsp3/cop/UNKNOWN/SREFLP-Cl07_c23.xml"", ""solver"": ""xcsp:ACE@2.4"", ""output_dir"": ""results_comparison"", ""global_time_limit"": 600, ""max_tries"": 50, ""tuning_file"": ""tests/psa/ace.tuning.json"", ""hpo_strategy"": ""hamming"", ""global_time_strategy"": ""PERCENT"", ""percent"": 0.2, ""round_time_strategy"": ""STATIC"", ""time_evolution"": ""STATIC"", ""stop_strategy"": ""TIMEOUT""}",99,"{""varh"": ""PickOnDom"", ""valh"": ""FlrsE"", ""saf"": ""False"", ""pc1"": ""True"", ""bdc"": ""1"", ""toh"": ""False"", ""ng"": ""NO"", ""lc"": ""2"", ""negative"": ""V"", ""generic2"": ""True"", ""sb"": ""NO""}",2.432422541984124,1.9750622079882305,1590,ExitStatus.FEASIBLE,False,False,1.9750622079882305
2025-06-07T22:23:26.090821,SREFLP-Cl07_c23.xml,"{""input"": ""tests/xcsp3/cop/UNKNOWN/SREFLP-Cl07_c23.xml"", ""solver"": ""xcsp:ACE@2.4"", ""output_dir"": ""results_comparison"", ""global_time_limit"": 600, ""max_tries"": 50, ""tuning_file"": ""tests/psa/ace.tuning.json"", ""hpo_strategy"": ""hamming"", ""global_time_strategy"": ""PERCENT"", ""percent"": 0.2, ""round_time_strategy"": ""STATIC"", ""time_evolution"": ""STATIC"", ""stop_strategy"": ""TIMEOUT""}",100,"{""varh"": ""FrbaOnDom"", ""valh"": ""First"", ""saf"": ""False"", ""pc1"": ""True"", ""bdc"": ""1"", ""toh"": ""False"", ""ng"": ""NO"", ""lc"": ""2"", ""negative"": ""V"", ""generic2"": ""False"", ""sb"": ""NO""}",2.432422541984124,1.987098874989897,1590,ExitStatus.FEASIBLE,False,False,1.987098874989897
2025-06-07T22:23:28.200628,SREFLP-Cl07_c23.xml,"{""input"": ""tests/xcsp3/cop/UNKNOWN/SREFLP-Cl07_c23.xml"", ""solver"": ""xcsp:ACE@2.4"", ""output_dir"": ""results_comparison"", ""global_time_limit"": 600, ""max_tries"": 50, ""tuning_file"": ""tests/psa/ace.tuning.json"", ""hpo_strategy"": ""hamming"", ""global_time_strategy"": ""PERCENT"", ""percent"": 0.2, ""round_time_strategy"": ""STATIC"", ""time_evolution"": ""STATIC"", ""stop_strategy"": ""TIMEOUT""}",101,"{""varh"": ""Lexico"", ""valh"": ""First"", ""saf"": ""False"", ""pc1"": ""True"", ""bdc"": ""1000"", ""toh"": ""False"", ""ng"": ""NO"", ""lc"": ""2"", ""negative"": ""V"", ""generic2"": ""True"", ""sb"": ""NO""}",2.432422541984124,1.9018311249965336,1710,ExitStatus.OPTIMAL,False,False,1.9018311249965336
2025-06-07T22:23:30.390585,SREFLP-Cl07_c23.xml,"{""input"": ""tests/xcsp3/cop/UNKNOWN/SREFLP-Cl07_c23.xml"", ""solver"": ""xcsp:ACE@2.4"", ""output_dir"": ""results_comparison"", ""global_time_limit"": 600, ""max_tries"": 50, ""tuning_file"": ""tests/psa/ace.tuning.json"", ""hpo_strategy"": ""hamming"", ""global_time_strategy"": ""PERCENT"", ""percent"": 0.2, ""round_time_strategy"": ""STATIC"", ""time_evolution"": ""STATIC"", ""stop_strategy"": ""TIMEOUT""}",102,"{""varh"": ""WdegOnDom"", ""valh"": ""Rand"", ""saf"": ""False"", ""pc1"": ""True"", ""bdc"": ""1"", ""toh"": ""False"", ""ng"": ""NO"", ""lc"": ""2"", ""negative"": ""V"", ""generic2"": ""True"", ""sb"": ""NO""}",2.432422541984124,1.9819027910125442,1650,ExitStatus.FEASIBLE,False,False,1.9819027910125442
2025-06-07T22:23:32.626764,SREFLP-Cl07_c23.xml,"{""input"": ""tests/xcsp3/cop/UNKNOWN/SREFLP-Cl07_c23.xml"", ""solver"": ""xcsp:ACE@2.4"", ""output_dir"": ""results_comparison"", ""global_time_limit"": 600, ""max_tries"": 50, ""tuning_file"": ""tests/psa/ace.tuning.json"", ""hpo_strategy"": ""hamming"", ""global_time_strategy"": ""PERCENT"", ""percent"": 0.2, ""round_time_strategy"": ""STATIC"", ""time_evolution"": ""STATIC"", ""stop_strategy"": ""TIMEOUT""}",103,"{""varh"": ""Wdeg"", ""valh"": ""Bivs3"", ""saf"": ""False"", ""pc1"": ""True"", ""bdc"": ""1000"", ""toh"": ""False"", ""ng"": ""NO"", ""lc"": ""2"", ""negative"": ""V"", ""generic2"": ""True"", ""sb"": ""NO""}",2.432422541984124,2.019675207993714,1710,ExitStatus.FEASIBLE,False,False,2.019675207993714
2025-06-07T22:23:34.844486,SREFLP-Cl07_c23.xml,"{""input"": ""tests/xcsp3/cop/UNKNOWN/SREFLP-Cl07_c23.xml"", ""solver"": ""xcsp:ACE@2.4"", ""output_dir"": ""results_comparison"", ""global_time_limit"": 600, ""max_tries"": 50, ""tuning_file"": ""tests/psa/ace.tuning.json"", ""hpo_strategy"": ""hamming"", ""global_time_strategy"": ""PERCENT"", ""percent"": 0.2, ""round_time_strategy"": ""STATIC"", ""time_evolution"": ""STATIC"", ""stop_strategy"": ""TIMEOUT""}",104,"{""varh"": ""Wdeg"", ""valh"": ""First"", ""saf"": ""False"", ""pc1"": ""True"", ""bdc"": ""1"", ""toh"": ""False"", ""ng"": ""NO"", ""lc"": ""2"", ""negative"": ""STR0"", ""generic2"": ""False"", ""sb"": ""NO""}",2.432422541984124,2.0057864589907695,1590,ExitStatus.FEASIBLE,False,False,2.0057864589907695
2025-06-07T22:23:37.099776,SREFLP-Cl07_c23.xml,"{""input"": ""tests/xcsp3/cop/UNKNOWN/SREFLP-Cl07_c23.xml"", ""solver"": ""xcsp:ACE@2.4"", ""output_dir"": ""results_comparison"", ""global_time_limit"": 600, ""max_tries"": 50, ""tuning_file"": ""tests/psa/ace.tuning.json"", ""hpo_strategy"": ""hamming"", ""global_time_strategy"": ""PERCENT"", ""percent"": 0.2, ""round_time_strategy"": ""STATIC"", ""time_evolution"": ""STATIC"", ""stop_strategy"": ""TIMEOUT""}",105,"{""varh"": ""RunRobin"", ""valh"": ""First"", ""saf"": ""False"", ""pc1"": ""True"", ""bdc"": ""100"", ""toh"": ""False"", ""ng"": ""NO"", ""lc"": ""2"", ""negative"": ""V"", ""generic2"": ""True"", ""sb"": ""NO""}",2.432422541984124,2.0456005839805584,1590,ExitStatus.FEASIBLE,False,False,2.0456005839805584
2025-06-07T22:23:39.357660,SREFLP-Cl07_c23.xml,"{""input"": ""tests/xcsp3/cop/UNKNOWN/SREFLP-Cl07_c23.xml"", ""solver"": ""xcsp:ACE@2.4"", ""output_dir"": ""results_comparison"", ""global_time_limit"": 600, ""max_tries"": 50, ""tuning_file"": ""tests/psa/ace.tuning.json"", ""hpo_strategy"": ""hamming"", ""global_time_strategy"": ""PERCENT"", ""percent"": 0.2, ""round_time_strategy"": ""STATIC"", ""time_evolution"": ""STATIC"", ""stop_strategy"": ""TIMEOUT""}",106,"{""varh"": ""Activity"", ""valh"": ""Last"", ""saf"": ""False"", ""pc1"": ""True"", ""bdc"": ""1"", ""toh"": ""False"", ""ng"": ""NO"", ""lc"": ""2"", ""negative"": ""V"", ""generic2"": ""True"", ""sb"": ""NO""}",2.432422541984124,2.047012791997986,1930,ExitStatus.FEASIBLE,False,False,2.047012791997986
2025-06-07T22:23:41.626041,SREFLP-Cl07_c23.xml,"{""input"": ""tests/xcsp3/cop/UNKNOWN/SREFLP-Cl07_c23.xml"", ""solver"": ""xcsp:ACE@2.4"", ""output_dir"": ""results_comparison"", ""global_time_limit"": 600, ""max_tries"": 50, ""tuning_file"": ""tests/psa/ace.tuning.json"", ""hpo_strategy"": ""hamming"", ""global_time_strategy"": ""PERCENT"", ""percent"": 0.2, ""round_time_strategy"": ""STATIC"", ""time_evolution"": ""STATIC"", ""stop_strategy"": ""TIMEOUT""}",107,"{""varh"": ""Rand"", ""valh"": ""OccsR"", ""saf"": ""False"", ""pc1"": ""True"", ""bdc"": ""1"", ""toh"": ""False"", ""ng"": ""NO"", ""lc"": ""2"", ""negative"": ""V"", ""generic2"": ""True"", ""sb"": ""NO""}",2.432422541984124,2.0434349159768317,1650,ExitStatus.FEASIBLE,False,False,2.0434349159768317
2025-06-07T22:23:43.897932,SREFLP-Cl07_c23.xml,"{""input"": ""tests/xcsp3/cop/UNKNOWN/SREFLP-Cl07_c23.xml"", ""solver"": ""xcsp:ACE@2.4"", ""output_dir"": ""results_comparison"", ""global_time_limit"": 600, ""max_tries"": 50, ""tuning_file"": ""tests/psa/ace.tuning.json"", ""hpo_strategy"": ""hamming"", ""global_time_strategy"": ""PERCENT"", ""percent"": 0.2, ""round_time_strategy"": ""STATIC"", ""time_evolution"": ""STATIC"", ""stop_strategy"": ""TIMEOUT""}",108,"{""varh"": ""Wdeg"", ""valh"": ""Last"", ""saf"": ""True"", ""pc1"": ""True"", ""bdc"": ""1"", ""toh"": ""False"", ""ng"": ""NO"", ""lc"": ""2"", ""negative"": ""V"", ""generic2"": ""True"", ""sb"": ""NO""}",2.432422541984124,2.0505939169961493,1590,ExitStatus.FEASIBLE,False,False,2.0505939169961493
2025-06-07T22:23:46.087387,SREFLP-Cl07_c23.xml,"{""input"": ""tests/xcsp3/cop/UNKNOWN/SREFLP-Cl07_c23.xml"", ""solver"": ""xcsp:ACE@2.4"", ""output_dir"": ""results_comparison"", ""global_time_limit"": 600, ""max_tries"": 50, ""tuning_file"": ""tests/psa/ace.tuning.json"", ""hpo_strategy"": ""hamming"", ""global_time_strategy"": ""PERCENT"", ""percent"": 0.2, ""round_time_strategy"": ""STATIC"", ""time_evolution"": ""STATIC"", ""stop_strategy"": ""TIMEOUT""}",109,"{""varh"": ""Wdeg"", ""valh"": ""First"", ""saf"": ""True"", ""pc1"": ""True"", ""bdc"": ""1"", ""toh"": ""True"", ""ng"": ""NO"", ""lc"": ""2"", ""negative"": ""V"", ""generic2"": ""True"", ""sb"": ""NO""}",2.432422541984124,1.9880691669823136,1590,ExitStatus.FEASIBLE,False,False,1.9880691669823136
2025-06-07T22:23:48.277894,SREFLP-Cl07_c23.xml,"{""input"": ""tests/xcsp3/cop/UNKNOWN/SREFLP-Cl07_c23.xml"", ""solver"": ""xcsp:ACE@2.4"", ""output_dir"": ""results_comparison"", ""global_time_limit"": 600, ""max_tries"": 50, ""tuning_file"": ""tests/psa/ace.tuning.json"", ""hpo_strategy"": ""hamming"", ""global_time_strategy"": ""PERCENT"", ""percent"": 0.2, ""round_time_strategy"": ""STATIC"", ""time_evolution"": ""STATIC"", ""stop_strategy"": ""TIMEOUT""}",110,"{""varh"": ""Memory"", ""valh"": ""OccsR"", ""saf"": ""False"", ""pc1"": ""True"", ""bdc"": ""1"", ""toh"": ""False"", ""ng"": ""NO"", ""lc"": ""2"", ""negative"": ""V"", ""generic2"": ""True"", ""sb"": ""NO""}",2.432422541984124,1.982742624997627,1590,ExitStatus.FEASIBLE,False,False,1.982742624997627
2025-06-07T22:23:50.532862,SREFLP-Cl07_c23.xml,"{""input"": ""tests/xcsp3/cop/UNKNOWN/SREFLP-Cl07_c23.xml"", ""solver"": ""xcsp:ACE@2.4"", ""output_dir"": ""results_comparison"", ""global_time_limit"": 600, ""max_tries"": 50, ""tuning_file"": ""tests/psa/ace.tuning.json"", ""hpo_strategy"": ""hamming"", ""global_time_strategy"": ""PERCENT"", ""percent"": 0.2, ""round_time_strategy"": ""STATIC"", ""time_evolution"": ""STATIC"", ""stop_strategy"": ""TIMEOUT""}",111,"{""varh"": ""Wdeg"", ""valh"": ""Median"", ""saf"": ""False"", ""pc1"": ""True"", ""bdc"": ""1"", ""toh"": ""False"", ""ng"": ""NO"", ""lc"": ""2"", ""negative"": ""STR3"", ""generic2"": ""True"", ""sb"": ""NO""}",2.432422541984124,2.0508868329925463,1590,ExitStatus.FEASIBLE,False,False,2.0508868329925463
2025-06-07T22:23:56.764689,SREFLP-Cl07_c23.xml,"{""input"": ""tests/xcsp3/cop/UNKNOWN/SREFLP-Cl07_c23.xml"", ""solver"": ""xcsp:ACE@2.4"", ""output_dir"": ""results_comparison"", ""global_time_limit"": 600, ""max_tries"": 50, ""tuning_file"": ""tests/psa/ace.tuning.json"", ""hpo_strategy"": ""hamming"", ""global_time_strategy"": ""PERCENT"", ""percent"": 0.2, ""round_time_strategy"": ""STATIC"", ""time_evolution"": ""STATIC"", ""stop_strategy"": ""TIMEOUT""}",112,"{""varh"": ""Wdeg"", ""valh"": ""Conflicts"", ""saf"": ""False"", ""pc1"": ""True"", ""bdc"": ""1"", ""toh"": ""False"", ""ng"": ""NO"", ""lc"": ""2"", ""negative"": ""STR3"", ""generic2"": ""True"", ""sb"": ""NO""}",2.432422541984124,1,,ExitStatus.UNKNOWN,False,False,1
2025-06-07T22:23:59.031038,SREFLP-Cl07_c23.xml,"{""input"": ""tests/xcsp3/cop/UNKNOWN/SREFLP-Cl07_c23.xml"", ""solver"": ""xcsp:ACE@2.4"", ""output_dir"": ""results_comparison"", ""global_time_limit"": 600, ""max_tries"": 50, ""tuning_file"": ""tests/psa/ace.tuning.json"", ""hpo_strategy"": ""hamming"", ""global_time_strategy"": ""PERCENT"", ""percent"": 0.2, ""round_time_strategy"": ""STATIC"", ""time_evolution"": ""STATIC"", ""stop_strategy"": ""TIMEOUT""}",113,"{""varh"": ""PickOnDom"", ""valh"": ""First"", ""saf"": ""False"", ""pc1"": ""True"", ""bdc"": ""1"", ""toh"": ""False"", ""ng"": ""NO"", ""lc"": ""2"", ""negative"": ""STR2N"", ""generic2"": ""True"", ""sb"": ""NO""}",2.432422541984124,2.052252249995945,1590,ExitStatus.FEASIBLE,False,False,2.052252249995945
2025-06-07T22:24:01.276605,SREFLP-Cl07_c23.xml,"{""input"": ""tests/xcsp3/cop/UNKNOWN/SREFLP-Cl07_c23.xml"", ""solver"": ""xcsp:ACE@2.4"", ""output_dir"": ""results_comparison"", ""global_time_limit"": 600, ""max_tries"": 50, ""tuning_file"": ""tests/psa/ace.tuning.json"", ""hpo_strategy"": ""hamming"", ""global_time_strategy"": ""PERCENT"", ""percent"": 0.2, ""round_time_strategy"": ""STATIC"", ""time_evolution"": ""STATIC"", ""stop_strategy"": ""TIMEOUT""}",114,"{""varh"": ""RunRobin"", ""valh"": ""First"", ""saf"": ""False"", ""pc1"": ""True"", ""bdc"": ""1"", ""toh"": ""False"", ""ng"": ""NO"", ""lc"": ""2"", ""negative"": ""STR0"", ""generic2"": ""True"", ""sb"": ""NO""}",2.432422541984124,2.0284957090043463,1590,ExitStatus.FEASIBLE,False,False,2.0284957090043463
2025-06-07T22:24:03.529501,SREFLP-Cl07_c23.xml,"{""input"": ""tests/xcsp3/cop/UNKNOWN/SREFLP-Cl07_c23.xml"", ""solver"": ""xcsp:ACE@2.4"", ""output_dir"": ""results_comparison"", ""global_time_limit"": 600, ""max_tries"": 50, ""tuning_file"": ""tests/psa/ace.tuning.json"", ""hpo_strategy"": ""hamming"", ""global_time_strategy"": ""PERCENT"", ""percent"": 0.2, ""round_time_strategy"": ""STATIC"", ""time_evolution"": ""STATIC"", ""stop_strategy"": ""TIMEOUT""}",115,"{""varh"": ""Wdeg"", ""valh"": ""Vals"", ""saf"": ""False"", ""pc1"": ""True"", ""bdc"": ""10"", ""toh"": ""False"", ""ng"": ""NO"", ""lc"": ""2"", ""negative"": ""V"", ""generic2"": ""True"", ""sb"": ""NO""}",2.432422541984124,2.0378710830118507,1590,ExitStatus.FEASIBLE,False,False,2.0378710830118507
2025-06-07T22:24:05.794298,SREFLP-Cl07_c23.xml,"{""input"": ""tests/xcsp3/cop/UNKNOWN/SREFLP-Cl07_c23.xml"", ""solver"": ""xcsp:ACE@2.4"", ""output_dir"": ""results_comparison"", ""global_time_limit"": 600, ""max_tries"": 50, ""tuning_file"": ""tests/psa/ace.tuning.json"", ""hpo_strategy"": ""hamming"", ""global_time_strategy"": ""PERCENT"", ""percent"": 0.2, ""round_time_strategy"": ""STATIC"", ""time_evolution"": ""STATIC"", ""stop_strategy"": ""TIMEOUT""}",116,"{""varh"": ""Wdeg"", ""valh"": ""First"", ""saf"": ""False"", ""pc1"": ""True"", ""bdc"": ""1"", ""toh"": ""False"", ""ng"": ""NO"", ""lc"": ""5"", ""negative"": ""V"", ""generic2"": ""False"", ""sb"": ""NO""}",2.432422541984124,2.039187332993606,1590,ExitStatus.FEASIBLE,False,False,2.039187332993606
2025-06-07T22:24:08.062977,SREFLP-Cl07_c23.xml,"{""input"": ""tests/xcsp3/cop/UNKNOWN/SREFLP-Cl07_c23.xml"", ""solver"": ""xcsp:ACE@2.4"", ""output_dir"": ""results_comparison"", ""global_time_limit"": 600, ""max_tries"": 50, ""tuning_file"": ""tests/psa/ace.tuning.json"", ""hpo_strategy"": ""hamming"", ""global_time_strategy"": ""PERCENT"", ""percent"": 0.2, ""round_time_strategy"": ""STATIC"", ""time_evolution"": ""STATIC"", ""stop_strategy"": ""TIMEOUT""}",117,"{""varh"": ""RunRobin"", ""valh"": ""First"", ""saf"": ""False"", ""pc1"": ""True"", ""bdc"": ""1"", ""toh"": ""False"", ""ng"": ""NO"", ""lc"": ""2"", ""negative"": ""VA"", ""generic2"": ""True"", ""sb"": ""NO""}",2.432422541984124,2.0343689160072245,1590,ExitStatus.FEASIBLE,False,False,2.0343689160072245
2025-06-07T22:24:10.306491,SREFLP-Cl07_c23.xml,"{""input"": ""tests/xcsp3/cop/UNKNOWN/SREFLP-Cl07_c23.xml"", ""solver"": ""xcsp:ACE@2.4"", ""output_dir"": ""results_comparison"", ""global_time_limit"": 600, ""max_tries"": 50, ""tuning_file"": ""tests/psa/ace.tuning.json"", ""hpo_strategy"": ""hamming"", ""global_time_strategy"": ""PERCENT"", ""percent"": 0.2, ""round_time_strategy"": ""STATIC"", ""time_evolution"": ""STATIC"", ""stop_strategy"": ""TIMEOUT""}",118,"{""varh"": ""Wdeg"", ""valh"": ""First"", ""saf"": ""False"", ""pc1"": ""False"", ""bdc"": ""1"", ""toh"": ""False"", ""ng"": ""NO"", ""lc"": ""1"", ""negative"": ""V"", ""generic2"": ""True"", ""sb"": ""NO""}",2.432422541984124,2.0375276249833405,1590,ExitStatus.FEASIBLE,False,False,2.0375276249833405
2025-06-07T22:24:12.580330,SREFLP-Cl07_c23.xml,"{""input"": ""tests/xcsp3/cop/UNKNOWN/SREFLP-Cl07_c23.xml"", ""solver"": ""xcsp:ACE@2.4"", ""output_dir"": ""results_comparison"", ""global_time_limit"": 600, ""max_tries"": 50, ""tuning_file"": ""tests/psa/ace.tuning.json"", ""hpo_strategy"": ""hamming"", ""global_time_strategy"": ""PERCENT"", ""percent"": 0.2, ""round_time_strategy"": ""STATIC"", ""time_evolution"": ""STATIC"", ""stop_strategy"": ""TIMEOUT""}",119,"{""varh"": ""Lexico"", ""valh"": ""Bivs3"", ""saf"": ""False"", ""pc1"": ""True"", ""bdc"": ""1"", ""toh"": ""False"", ""ng"": ""NO"", ""lc"": ""2"", ""negative"": ""V"", ""generic2"": ""True"", ""sb"": ""NO""}",2.432422541984124,2.0445669580076355,1590,ExitStatus.FEASIBLE,False,False,2.0445669580076355
2025-06-07T22:24:14.840729,SREFLP-Cl07_c23.xml,"{""input"": ""tests/xcsp3/cop/UNKNOWN/SREFLP-Cl07_c23.xml"", ""solver"": ""xcsp:ACE@2.4"", ""output_dir"": ""results_comparison"", ""global_time_limit"": 600, ""max_tries"": 50, ""tuning_file"": ""tests/psa/ace.tuning.json"", ""hpo_strategy"": ""hamming"", ""global_time_strategy"": ""PERCENT"", ""percent"": 0.2, ""round_time_strategy"": ""STATIC"", ""time_evolution"": ""STATIC"", ""stop_strategy"": ""TIMEOUT""}",120,"{""varh"": ""WdegOnDom"", ""valh"": ""First"", ""saf"": ""False"", ""pc1"": ""True"", ""bdc"": ""1"", ""toh"": ""False"", ""ng"": ""NO"", ""lc"": ""2"", ""negative"": ""VA"", ""generic2"": ""True"", ""sb"": ""NO""}",2.432422541984124,2.049000833008904,1590,ExitStatus.FEASIBLE,False,False,2.049000833008904
2025-06-07T22:24:17.144129,SREFLP-Cl07_c23.xml,"{""input"": ""tests/xcsp3/cop/UNKNOWN/SREFLP-Cl07_c23.xml"", ""solver"": ""xcsp:ACE@2.4"", ""output_dir"": ""results_comparison"", ""global_time_limit"": 600, ""max_tries"": 50, ""tuning_file"": ""tests/psa/ace.tuning.json"", ""hpo_strategy"": ""hamming"", ""global_time_strategy"": ""PERCENT"", ""percent"": 0.2, ""round_time_strategy"": ""STATIC"", ""time_evolution"": ""STATIC"", ""stop_strategy"": ""TIMEOUT""}",121,"{""varh"": ""Wdeg"", ""valh"": ""Median"", ""saf"": ""False"", ""pc1"": ""True"", ""bdc"": ""1"", ""toh"": ""False"", ""ng"": ""NO"", ""lc"": ""5"", ""negative"": ""V"", ""generic2"": ""True"", ""sb"": ""NO""}",2.432422541984124,2.0810595840157475,1750,ExitStatus.FEASIBLE,False,False,2.0810595840157475
2025-06-07T22:24:20.005696,SREFLP-Cl07_c23.xml,"{""input"": ""tests/xcsp3/cop/UNKNOWN/SREFLP-Cl07_c23.xml"", ""solver"": ""xcsp:ACE@2.4"", ""output_dir"": ""results_comparison"", ""global_time_limit"": 600, ""max_tries"": 50, ""tuning_file"": ""tests/psa/ace.tuning.json"", ""hpo_strategy"": ""hamming"", ""global_time_strategy"": ""PERCENT"", ""percent"": 0.2, ""round_time_strategy"": ""STATIC"", ""time_evolution"": ""STATIC"", ""stop_strategy"": ""TIMEOUT""}",122,"{""varh"": ""Wdeg"", ""valh"": ""First"", ""saf"": ""False"", ""pc1"": ""True"", ""bdc"": ""1"", ""toh"": ""False"", ""ng"": ""NO"", ""lc"": ""5"", ""negative"": ""STR2"", ""generic2"": ""True"", ""sb"": ""NO""}",2.432422541984124,2.574572707992047,1590,ExitStatus.FEASIBLE,False,False,2.574572707992047
2025-06-07T22:24:22.577509,SREFLP-Cl07_c23.xml,"{""input"": ""tests/xcsp3/cop/UNKNOWN/SREFLP-Cl07_c23.xml"", ""solver"": ""xcsp:ACE@2.4"", ""output_dir"": ""results_comparison"", ""global_time_limit"": 600, ""max_tries"": 50, ""tuning_file"": ""tests/psa/ace.tuning.json"", ""hpo_strategy"": ""hamming"", ""global_time_strategy"": ""PERCENT"", ""percent"": 0.2, ""round_time_strategy"": ""STATIC"", ""time_evolution"": ""STATIC"", ""stop_strategy"": ""TIMEOUT""}",123,"{""varh"": ""FrbaOnDom"", ""valh"": ""First"", ""saf"": ""False"", ""pc1"": ""True"", ""bdc"": ""1"", ""toh"": ""False"", ""ng"": ""NO"", ""lc"": ""2"", ""negative"": ""STR1"", ""generic2"": ""True"", ""sb"": ""NO""}",2.432422541984124,2.324262791982619,1710,ExitStatus.FEASIBLE,False,False,2.324262791982619
2025-06-07T22:24:25.049372,SREFLP-Cl07_c23.xml,"{""input"": ""tests/xcsp3/cop/UNKNOWN/SREFLP-Cl07_c23.xml"", ""solver"": ""xcsp:ACE@2.4"", ""output_dir"": ""results_comparison"", ""global_time_limit"": 600, ""max_tries"": 50, ""tuning_file"": ""tests/psa/ace.tuning.json"", ""hpo_strategy"": ""hamming"", ""global_time_strategy"": ""PERCENT"", ""percent"": 0.2, ""round_time_strategy"": ""STATIC"", ""time_evolution"": ""STATIC"", ""stop_strategy"": ""TIMEOUT""}",124,"{""varh"": ""Wdeg"", ""valh"": ""Vals"", ""saf"": ""False"", ""pc1"": ""True"", ""bdc"": ""1"", ""toh"": ""False"", ""ng"": ""NO"", ""lc"": ""2"", ""negative"": ""STR1N"", ""generic2"": ""True"", ""sb"": ""NO""}",2.432422541984124,2.2445816249819472,1590,ExitStatus.FEASIBLE,False,False,2.2445816249819472
2025-06-07T22:24:27.352828,SREFLP-Cl07_c23.xml,"{""input"": ""tests/xcsp3/cop/UNKNOWN/SREFLP-Cl07_c23.xml"", ""solver"": ""xcsp:ACE@2.4"", ""output_dir"": ""results_comparison"", ""global_time_limit"": 600, ""max_tries"": 50, ""tuning_file"": ""tests/psa/ace.tuning.json"", ""hpo_strategy"": ""hamming"", ""global_time_strategy"": ""PERCENT"", ""percent"": 0.2, ""round_time_strategy"": ""STATIC"", ""time_evolution"": ""STATIC"", ""stop_strategy"": ""TIMEOUT""}",125,"{""varh"": ""PickOnDom"", ""valh"": ""First"", ""saf"": ""False"", ""pc1"": ""True"", ""bdc"": ""100"", ""toh"": ""False"", ""ng"": ""NO"", ""lc"": ""2"", ""negative"": ""V"", ""generic2"": ""True"", ""sb"": ""NO""}",2.432422541984124,2.073307541984832,1590,ExitStatus.FEASIBLE,False,False,2.073307541984832
2025-06-07T22:24:29.630872,SREFLP-Cl07_c23.xml,"{""input"": ""tests/xcsp3/cop/UNKNOWN/SREFLP-Cl07_c23.xml"", ""solver"": ""xcsp:ACE@2.4"", ""output_dir"": ""results_comparison"", ""global_time_limit"": 600, ""max_tries"": 50, ""tuning_file"": ""tests/psa/ace.tuning.json"", ""hpo_strategy"": ""hamming"", ""global_time_strategy"": ""PERCENT"", ""percent"": 0.2, ""round_time_strategy"": ""STATIC"", ""time_evolution"": ""STATIC"", ""stop_strategy"": ""TIMEOUT""}",126,"{""varh"": ""Wdeg"", ""valh"": ""First"", ""saf"": ""True"", ""pc1"": ""True"", ""bdc"": ""10"", ""toh"": ""False"", ""ng"": ""NO"", ""lc"": ""2"", ""negative"": ""V"", ""generic2"": ""True"", ""sb"": ""NO""}",2.432422541984124,2.0607384589966387,1590,ExitStatus.FEASIBLE,False,False,2.0607384589966387
2025-06-07T22:24:31.993326,SREFLP-Cl07_c23.xml,"{""input"": ""tests/xcsp3/cop/UNKNOWN/SREFLP-Cl07_c23.xml"", ""solver"": ""xcsp:ACE@2.4"", ""output_dir"": ""results_comparison"", ""global_time_limit"": 600, ""max_tries"": 50, ""tuning_file"": ""tests/psa/ace.tuning.json"", ""hpo_strategy"": ""hamming"", ""global_time_strategy"": ""PERCENT"", ""percent"": 0.2, ""round_time_strategy"": ""STATIC"", ""time_evolution"": ""STATIC"", ""stop_strategy"": ""TIMEOUT""}",127,"{""varh"": ""Wdeg"", ""valh"": ""Vals"", ""saf"": ""True"", ""pc1"": ""True"", ""bdc"": ""1"", ""toh"": ""False"", ""ng"": ""NO"", ""lc"": ""2"", ""negative"": ""V"", ""generic2"": ""True"", ""sb"": ""NO""}",2.432422541984124,2.150289791985415,1590,ExitStatus.FEASIBLE,False,False,2.150289791985415
2025-06-07T22:24:38.249042,SREFLP-Cl07_c23.xml,"{""input"": ""tests/xcsp3/cop/UNKNOWN/SREFLP-Cl07_c23.xml"", ""solver"": ""xcsp:ACE@2.4"", ""output_dir"": ""results_comparison"", ""global_time_limit"": 600, ""max_tries"": 50, ""tuning_file"": ""tests/psa/ace.tuning.json"", ""hpo_strategy"": ""hamming"", ""global_time_strategy"": ""PERCENT"", ""percent"": 0.2, ""round_time_strategy"": ""STATIC"", ""time_evolution"": ""STATIC"", ""stop_strategy"": ""TIMEOUT""}",128,"{""varh"": ""Wdeg"", ""valh"": ""Conflicts"", ""saf"": ""False"", ""pc1"": ""True"", ""bdc"": ""1"", ""toh"": ""False"", ""ng"": ""NO"", ""lc"": ""10"", ""negative"": ""V"", ""generic2"": ""True"", ""sb"": ""NO""}",2.432422541984124,1,,ExitStatus.UNKNOWN,False,False,1
2025-06-07T22:24:40.636334,SREFLP-Cl07_c23.xml,"{""input"": ""tests/xcsp3/cop/UNKNOWN/SREFLP-Cl07_c23.xml"", ""solver"": ""xcsp:ACE@2.4"", ""output_dir"": ""results_comparison"", ""global_time_limit"": 600, ""max_tries"": 50, ""tuning_file"": ""tests/psa/ace.tuning.json"", ""hpo_strategy"": ""hamming"", ""global_time_strategy"": ""PERCENT"", ""percent"": 0.2, ""round_time_strategy"": ""STATIC"", ""time_evolution"": ""STATIC"", ""stop_strategy"": ""TIMEOUT""}",129,"{""varh"": ""Wdeg"", ""valh"": ""OccsR"", ""saf"": ""False"", ""pc1"": ""True"", ""bdc"": ""1"", ""toh"": ""False"", ""ng"": ""NO"", ""lc"": ""2"", ""negative"": ""VA"", ""generic2"": ""True"", ""sb"": ""NO""}",2.432422541984124,2.1575268339947797,1590,ExitStatus.FEASIBLE,False,False,2.1575268339947797
2025-06-07T22:24:43.111285,SREFLP-Cl07_c23.xml,"{""input"": ""tests/xcsp3/cop/UNKNOWN/SREFLP-Cl07_c23.xml"", ""solver"": ""xcsp:ACE@2.4"", ""output_dir"": ""results_comparison"", ""global_time_limit"": 600, ""max_tries"": 50, ""tuning_file"": ""tests/psa/ace.tuning.json"", ""hpo_strategy"": ""hamming"", ""global_time_strategy"": ""PERCENT"", ""percent"": 0.2, ""round_time_strategy"": ""STATIC"", ""time_evolution"": ""STATIC"", ""stop_strategy"": ""TIMEOUT""}",130,"{""varh"": ""Wdeg"", ""valh"": ""Vals"", ""saf"": ""False"", ""pc1"": ""True"", ""bdc"": ""1"", ""toh"": ""False"", ""ng"": ""NO"", ""lc"": ""0"", ""negative"": ""V"", ""generic2"": ""True"", ""sb"": ""NO""}",2.432422541984124,2.2145062920171767,1590,ExitStatus.FEASIBLE,False,False,2.2145062920171767
2025-06-07T22:24:45.976874,SREFLP-Cl07_c23.xml,"{""input"": ""tests/xcsp3/cop/UNKNOWN/SREFLP-Cl07_c23.xml"", ""solver"": ""xcsp:ACE@2.4"", ""output_dir"": ""results_comparison"", ""global_time_limit"": 600, ""max_tries"": 50, ""tuning_file"": ""tests/psa/ace.tuning.json"", ""hpo_strategy"": ""hamming"", ""global_time_strategy"": ""PERCENT"", ""percent"": 0.2, ""round_time_strategy"": ""STATIC"", ""time_evolution"": ""STATIC"", ""stop_strategy"": ""TIMEOUT""}",131,"{""varh"": ""RunRobin"", ""valh"": ""First"", ""saf"": ""False"", ""pc1"": ""True"", ""bdc"": ""1"", ""toh"": ""False"", ""ng"": ""NO"", ""lc"": ""0"", ""negative"": ""V"", ""generic2"": ""True"", ""sb"": ""NO""}",2.432422541984124,2.634200458007399,1590,ExitStatus.FEASIBLE,False,False,2.634200458007399
2025-06-07T22:24:48.835337,SREFLP-Cl07_c23.xml,"{""input"": ""tests/xcsp3/cop/UNKNOWN/SREFLP-Cl07_c23.xml"", ""solver"": ""xcsp:ACE@2.4"", ""output_dir"": ""results_comparison"", ""global_time_limit"": 600, ""max_tries"": 50, ""tuning_file"": ""tests/psa/ace.tuning.json"", ""hpo_strategy"": ""hamming"", ""global_time_strategy"": ""PERCENT"", ""percent"": 0.2, ""round_time_strategy"": ""STATIC"", ""time_evolution"": ""STATIC"", ""stop_strategy"": ""TIMEOUT""}",132,"{""varh"": ""Wdeg"", ""valh"": ""First"", ""saf"": ""False"", ""pc1"": ""True"", ""bdc"": ""1000"", ""toh"": ""False"", ""ng"": ""NO"", ""lc"": ""2"", ""negative"": ""STR0"", ""generic2"": ""True"", ""sb"": ""NO""}",2.432422541984124,2.6161396249954123,1710,ExitStatus.FEASIBLE,False,False,2.6161396249954123
2025-06-07T22:24:51.755006,SREFLP-Cl07_c23.xml,"{""input"": ""tests/xcsp3/cop/UNKNOWN/SREFLP-Cl07_c23.xml"", ""solver"": ""xcsp:ACE@2.4"", ""output_dir"": ""results_comparison"", ""global_time_limit"": 600, ""max_tries"": 50, ""tuning_file"": ""tests/psa/ace.tuning.json"", ""hpo_strategy"": ""hamming"", ""global_time_strategy"": ""PERCENT"", ""percent"": 0.2, ""round_time_strategy"": ""STATIC"", ""time_evolution"": ""STATIC"", ""stop_strategy"": ""TIMEOUT""}",133,"{""varh"": ""Wdeg"", ""valh"": ""First"", ""saf"": ""False"", ""pc1"": ""True"", ""bdc"": ""1"", ""toh"": ""False"", ""ng"": ""NO"", ""lc"": ""10"", ""negative"": ""STR3"", ""generic2"": ""True"", ""sb"": ""NO""}",2.432422541984124,2.6848254579817876,1590,ExitStatus.FEASIBLE,False,False,2.6848254579817876
2025-06-07T22:24:54.168741,SREFLP-Cl07_c23.xml,"{""input"": ""tests/xcsp3/cop/UNKNOWN/SREFLP-Cl07_c23.xml"", ""solver"": ""xcsp:ACE@2.4"", ""output_dir"": ""results_comparison"", ""global_time_limit"": 600, ""max_tries"": 50, ""tuning_file"": ""tests/psa/ace.tuning.json"", ""hpo_strategy"": ""hamming"", ""global_time_strategy"": ""PERCENT"", ""percent"": 0.2, ""round_time_strategy"": ""STATIC"", ""time_evolution"": ""STATIC"", ""stop_strategy"": ""TIMEOUT""}",134,"{""varh"": ""Wdeg"", ""valh"": ""Rand"", ""saf"": ""False"", ""pc1"": ""True"", ""bdc"": ""100"", ""toh"": ""False"", ""ng"": ""NO"", ""lc"": ""2"", ""negative"": ""V"", ""generic2"": ""True"", ""sb"": ""NO""}",2.432422541984124,2.164949083002284,1590,ExitStatus.FEASIBLE,False,False,2.164949083002284
2025-06-07T22:24:56.577333,SREFLP-Cl07_c23.xml,"{""input"": ""tests/xcsp3/cop/UNKNOWN/SREFLP-Cl07_c23.xml"", ""solver"": ""xcsp:ACE@2.4"", ""output_dir"": ""results_comparison"", ""global_time_limit"": 600, ""max_tries"": 50, ""tuning_file"": ""tests/psa/ace.tuning.json"", ""hpo_strategy"": ""hamming"", ""global_time_strategy"": ""PERCENT"", ""percent"": 0.2, ""round_time_strategy"": ""STATIC"", ""time_evolution"": ""STATIC"", ""stop_strategy"": ""TIMEOUT""}",135,"{""varh"": ""Wdeg"", ""valh"": ""First"", ""saf"": ""False"", ""pc1"": ""True"", ""bdc"": ""100"", ""toh"": ""False"", ""ng"": ""NO"", ""lc"": ""0"", ""negative"": ""V"", ""generic2"": ""True"", ""sb"": ""NO""}",2.432422541984124,2.161700541008031,1590,ExitStatus.FEASIBLE,False,False,2.161700541008031
2025-06-07T22:24:59.046778,SREFLP-Cl07_c23.xml,"{""input"": ""tests/xcsp3/cop/UNKNOWN/SREFLP-Cl07_c23.xml"", ""solver"": ""xcsp:ACE@2.4"", ""output_dir"": ""results_comparison"", ""global_time_limit"": 600, ""max_tries"": 50, ""tuning_file"": ""tests/psa/ace.tuning.json"", ""hpo_strategy"": ""hamming"", ""global_time_strategy"": ""PERCENT"", ""percent"": 0.2, ""round_time_strategy"": ""STATIC"", ""time_evolution"": ""STATIC"", ""stop_strategy"": ""TIMEOUT""}",136,"{""varh"": ""Wdeg"", ""valh"": ""Median"", ""saf"": ""False"", ""pc1"": ""True"", ""bdc"": ""1000"", ""toh"": ""False"", ""ng"": ""NO"", ""lc"": ""2"", ""negative"": ""V"", ""generic2"": ""True"", ""sb"": ""NO""}",2.432422541984124,2.2384321250137873,2310,ExitStatus.FEASIBLE,False,False,2.2384321250137873
2025-06-07T22:25:01.610288,SREFLP-Cl07_c23.xml,"{""input"": ""tests/xcsp3/cop/UNKNOWN/SREFLP-Cl07_c23.xml"", ""solver"": ""xcsp:ACE@2.4"", ""output_dir"": ""results_comparison"", ""global_time_limit"": 600, ""max_tries"": 50, ""tuning_file"": ""tests/psa/ace.tuning.json"", ""hpo_strategy"": ""hamming"", ""global_time_strategy"": ""PERCENT"", ""percent"": 0.2, ""round_time_strategy"": ""STATIC"", ""time_evolution"": ""STATIC"", ""stop_strategy"": ""TIMEOUT""}",137,"{""varh"": ""Rand"", ""valh"": ""RunRobin"", ""saf"": ""False"", ""pc1"": ""True"", ""bdc"": ""1"", ""toh"": ""False"", ""ng"": ""NO"", ""lc"": ""2"", ""negative"": ""V"", ""generic2"": ""True"", ""sb"": ""NO""}",2.432422541984124,2.2796843750111293,1590,ExitStatus.FEASIBLE,False,False,2.2796843750111293
2025-06-07T22:25:04.092183,SREFLP-Cl07_c23.xml,"{""input"": ""tests/xcsp3/cop/UNKNOWN/SREFLP-Cl07_c23.xml"", ""solver"": ""xcsp:ACE@2.4"", ""output_dir"": ""results_comparison"", ""global_time_limit"": 600, ""max_tries"": 50, ""tuning_file"": ""tests/psa/ace.tuning.json"", ""hpo_strategy"": ""hamming"", ""global_time_strategy"": ""PERCENT"", ""percent"": 0.2, ""round_time_strategy"": ""STATIC"", ""time_evolution"": ""STATIC"", ""stop_strategy"": ""TIMEOUT""}",138,"{""varh"": ""FrbaOnDom"", ""valh"": ""Median"", ""saf"": ""False"", ""pc1"": ""True"", ""bdc"": ""1"", ""toh"": ""False"", ""ng"": ""NO"", ""lc"": ""2"", ""negative"": ""V"", ""generic2"": ""True"", ""sb"": ""NO""}",2.432422541984124,2.1988797079829965,1990,ExitStatus.FEASIBLE,False,False,2.1988797079829965
2025-06-07T22:25:06.725580,SREFLP-Cl07_c23.xml,"{""input"": ""tests/xcsp3/cop/UNKNOWN/SREFLP-Cl07_c23.xml"", ""solver"": ""xcsp:ACE@2.4"", ""output_dir"": ""results_comparison"", ""global_time_limit"": 600, ""max_tries"": 50, ""tuning_file"": ""tests/psa/ace.tuning.json"", ""hpo_strategy"": ""hamming"", ""global_time_strategy"": ""PERCENT"", ""percent"": 0.2, ""round_time_strategy"": ""STATIC"", ""time_evolution"": ""STATIC"", ""stop_strategy"": ""TIMEOUT""}",139,"{""varh"": ""Wdeg"", ""valh"": ""Last"", ""saf"": ""False"", ""pc1"": ""True"", ""bdc"": ""1000"", ""toh"": ""False"", ""ng"": ""NO"", ""lc"": ""2"", ""negative"": ""V"", ""generic2"": ""True"", ""sb"": ""NO""}",2.432422541984124,2.3742987499863375,1710,ExitStatus.FEASIBLE,False,False,2.3742987499863375
2025-06-07T22:25:09.318001,SREFLP-Cl07_c23.xml,"{""input"": ""tests/xcsp3/cop/UNKNOWN/SREFLP-Cl07_c23.xml"", ""solver"": ""xcsp:ACE@2.4"", ""output_dir"": ""results_comparison"", ""global_time_limit"": 600, ""max_tries"": 50, ""tuning_file"": ""tests/psa/ace.tuning.json"", ""hpo_strategy"": ""hamming"", ""global_time_strategy"": ""PERCENT"", ""percent"": 0.2, ""round_time_strategy"": ""STATIC"", ""time_evolution"": ""STATIC"", ""stop_strategy"": ""TIMEOUT""}",140,"{""varh"": ""Wdeg"", ""valh"": ""First"", ""saf"": ""True"", ""pc1"": ""True"", ""bdc"": ""1"", ""toh"": ""False"", ""ng"": ""NO"", ""lc"": ""2"", ""negative"": ""CT"", ""generic2"": ""True"", ""sb"": ""NO""}",2.432422541984124,2.34601362500689,1590,ExitStatus.FEASIBLE,False,False,2.34601362500689
2025-06-07T22:25:11.842211,SREFLP-Cl07_c23.xml,"{""input"": ""tests/xcsp3/cop/UNKNOWN/SREFLP-Cl07_c23.xml"", ""solver"": ""xcsp:ACE@2.4"", ""output_dir"": ""results_comparison"", ""global_time_limit"": 600, ""max_tries"": 50, ""tuning_file"": ""tests/psa/ace.tuning.json"", ""hpo_strategy"": ""hamming"", ""global_time_strategy"": ""PERCENT"", ""percent"": 0.2, ""round_time_strategy"": ""STATIC"", ""time_evolution"": ""STATIC"", ""stop_strategy"": ""TIMEOUT""}",141,"{""varh"": ""FrbaOnDom"", ""valh"": ""Bivs3"", ""saf"": ""False"", ""pc1"": ""True"", ""bdc"": ""1"", ""toh"": ""False"", ""ng"": ""NO"", ""lc"": ""2"", ""negative"": ""V"", ""generic2"": ""True"", ""sb"": ""NO""}",2.432422541984124,2.269799708010396,2710,ExitStatus.FEASIBLE,False,False,2.269799708010396
2025-06-07T22:25:18.100464,SREFLP-Cl07_c23.xml,"{""input"": ""tests/xcsp3/cop/UNKNOWN/SREFLP-Cl07_c23.xml"", ""solver"": ""xcsp:ACE@2.4"", ""output_dir"": ""results_comparison"", ""global_time_limit"": 600, ""max_tries"": 50, ""tuning_file"": ""tests/psa/ace.tuning.json"", ""hpo_strategy"": ""hamming"", ""global_time_strategy"": ""PERCENT"", ""percent"": 0.2, ""round_time_strategy"": ""STATIC"", ""time_evolution"": ""STATIC"", ""stop_strategy"": ""TIMEOUT""}",142,"{""varh"": ""PickOnDom"", ""valh"": ""Conflicts"", ""saf"": ""False"", ""pc1"": ""True"", ""bdc"": ""1"", ""toh"": ""False"", ""ng"": ""NO"", ""lc"": ""2"", ""negative"": ""V"", ""generic2"": ""True"", ""sb"": ""NO""}",2.432422541984124,1,,ExitStatus.UNKNOWN,False,False,1
2025-06-07T22:25:20.711913,SREFLP-Cl07_c23.xml,"{""input"": ""tests/xcsp3/cop/UNKNOWN/SREFLP-Cl07_c23.xml"", ""solver"": ""xcsp:ACE@2.4"", ""output_dir"": ""results_comparison"", ""global_time_limit"": 600, ""max_tries"": 50, ""tuning_file"": ""tests/psa/ace.tuning.json"", ""hpo_strategy"": ""hamming"", ""global_time_strategy"": ""PERCENT"", ""percent"": 0.2, ""round_time_strategy"": ""STATIC"", ""time_evolution"": ""STATIC"", ""stop_strategy"": ""TIMEOUT""}",143,"{""varh"": ""Wdeg"", ""valh"": ""First"", ""saf"": ""False"", ""pc1"": ""True"", ""bdc"": ""10"", ""toh"": ""False"", ""ng"": ""NO"", ""lc"": ""1"", ""negative"": ""V"", ""generic2"": ""True"", ""sb"": ""NO""}",2.432422541984124,2.3578192080021836,1590,ExitStatus.FEASIBLE,False,False,2.3578192080021836
2025-06-07T22:25:23.470167,SREFLP-Cl07_c23.xml,"{""input"": ""tests/xcsp3/cop/UNKNOWN/SREFLP-Cl07_c23.xml"", ""solver"": ""xcsp:ACE@2.4"", ""output_dir"": ""results_comparison"", ""global_time_limit"": 600, ""max_tries"": 50, ""tuning_file"": ""tests/psa/ace.tuning.json"", ""hpo_strategy"": ""hamming"", ""global_time_strategy"": ""PERCENT"", ""percent"": 0.2, ""round_time_strategy"": ""STATIC"", ""time_evolution"": ""STATIC"", ""stop_strategy"": ""TIMEOUT""}",144,"{""varh"": ""Activity"", ""valh"": ""RunRobin"", ""saf"": ""False"", ""pc1"": ""True"", ""bdc"": ""1"", ""toh"": ""False"", ""ng"": ""NO"", ""lc"": ""2"", ""negative"": ""V"", ""generic2"": ""True"", ""sb"": ""NO""}",2.432422541984124,2.472210833017016,2450,ExitStatus.FEASIBLE,False,False,2.472210833017016
2025-06-07T22:25:26.322229,SREFLP-Cl07_c23.xml,"{""input"": ""tests/xcsp3/cop/UNKNOWN/SREFLP-Cl07_c23.xml"", ""solver"": ""xcsp:ACE@2.4"", ""output_dir"": ""results_comparison"", ""global_time_limit"": 600, ""max_tries"": 50, ""tuning_file"": ""tests/psa/ace.tuning.json"", ""hpo_strategy"": ""hamming"", ""global_time_strategy"": ""PERCENT"", ""percent"": 0.2, ""round_time_strategy"": ""STATIC"", ""time_evolution"": ""STATIC"", ""stop_strategy"": ""TIMEOUT""}",145,"{""varh"": ""Wdeg"", ""valh"": ""Last"", ""saf"": ""False"", ""pc1"": ""True"", ""bdc"": ""10"", ""toh"": ""False"", ""ng"": ""NO"", ""lc"": ""2"", ""negative"": ""V"", ""generic2"": ""True"", ""sb"": ""NO""}",2.432422541984124,2.623231333011063,1710,ExitStatus.FEASIBLE,False,False,2.623231333011063
2025-06-07T22:25:28.980241,SREFLP-Cl07_c23.xml,"{""input"": ""tests/xcsp3/cop/UNKNOWN/SREFLP-Cl07_c23.xml"", ""solver"": ""xcsp:ACE@2.4"", ""output_dir"": ""results_comparison"", ""global_time_limit"": 600, ""max_tries"": 50, ""tuning_file"": ""tests/psa/ace.tuning.json"", ""hpo_strategy"": ""hamming"", ""global_time_strategy"": ""PERCENT"", ""percent"": 0.2, ""round_time_strategy"": ""STATIC"", ""time_evolution"": ""STATIC"", ""stop_strategy"": ""TIMEOUT""}",146,"{""varh"": ""Rand"", ""valh"": ""Rand"", ""saf"": ""False"", ""pc1"": ""True"", ""bdc"": ""1"", ""toh"": ""False"", ""ng"": ""NO"", ""lc"": ""2"", ""negative"": ""V"", ""generic2"": ""True"", ""sb"": ""NO""}",2.432422541984124,2.4040271659905557,2060,ExitStatus.FEASIBLE,False,False,2.4040271659905557
2025-06-07T22:25:32.095284,SREFLP-Cl07_c23.xml,"{""input"": ""tests/xcsp3/cop/UNKNOWN/SREFLP-Cl07_c23.xml"", ""solver"": ""xcsp:ACE@2.4"", ""output_dir"": ""results_comparison"", ""global_time_limit"": 600, ""max_tries"": 50, ""tuning_file"": ""tests/psa/ace.tuning.json"", ""hpo_strategy"": ""hamming"", ""global_time_strategy"": ""PERCENT"", ""percent"": 0.2, ""round_time_strategy"": ""STATIC"", ""time_evolution"": ""STATIC"", ""stop_strategy"": ""TIMEOUT""}",147,"{""varh"": ""FrbaOnDom"", ""valh"": ""First"", ""saf"": ""False"", ""pc1"": ""True"", ""bdc"": ""1"", ""toh"": ""False"", ""ng"": ""NO"", ""lc"": ""2"", ""negative"": ""VA"", ""generic2"": ""True"", ""sb"": ""NO""}",2.432422541984124,2.874306166981114,1710,ExitStatus.FEASIBLE,False,False,2.874306166981114
2025-06-07T22:25:35.145057,SREFLP-Cl07_c23.xml,"{""input"": ""tests/xcsp3/cop/UNKNOWN/SREFLP-Cl07_c23.xml"", ""solver"": ""xcsp:ACE@2.4"", ""output_dir"": ""results_comparison"", ""global_time_limit"": 600, ""max_tries"": 50, ""tuning_file"": ""tests/psa/ace.tuning.json"", ""hpo_strategy"": ""hamming"", ""global_time_strategy"": ""PERCENT"", ""percent"": 0.2, ""round_time_strategy"": ""STATIC"", ""time_evolution"": ""STATIC"", ""stop_strategy"": ""TIMEOUT""}",148,"{""varh"": ""Impact"", ""valh"": ""Rand"", ""saf"": ""False"", ""pc1"": ""True"", ""bdc"": ""1"", ""toh"": ""False"", ""ng"": ""NO"", ""lc"": ""2"", ""negative"": ""V"", ""generic2"": ""True"", ""sb"": ""NO""}",2.432422541984124,2.790044791996479,1720,ExitStatus.FEASIBLE,False,False,2.790044791996479
2025-06-07T22:25:37.950702,SREFLP-Cl07_c23.xml,"{""input"": ""tests/xcsp3/cop/UNKNOWN/SREFLP-Cl07_c23.xml"", ""solver"": ""xcsp:ACE@2.4"", ""output_dir"": ""results_comparison"", ""global_time_limit"": 600, ""max_tries"": 50, ""tuning_file"": ""tests/psa/ace.tuning.json"", ""hpo_strategy"": ""hamming"", ""global_time_strategy"": ""PERCENT"", ""percent"": 0.2, ""round_time_strategy"": ""STATIC"", ""time_evolution"": ""STATIC"", ""stop_strategy"": ""TIMEOUT""}",149,"{""varh"": ""RunRobin"", ""valh"": ""Median"", ""saf"": ""False"", ""pc1"": ""True"", ""bdc"": ""1"", ""toh"": ""False"", ""ng"": ""NO"", ""lc"": ""2"", ""negative"": ""V"", ""generic2"": ""True"", ""sb"": ""NO""}",2.432422541984124,2.5615103330055717,1900,ExitStatus.FEASIBLE,False,False,2.5615103330055717
2025-06-07T22:25:42.649982,SREFLP-Cl07_c23.xml,"{""input"": ""tests/xcsp3/cop/UNKNOWN/SREFLP-Cl07_c23.xml"", ""solver"": ""xcsp:ACE@2.4"", ""output_dir"": ""results_comparison"", ""global_time_limit"": 600, ""max_tries"": 50, ""tuning_file"": ""tests/psa/ace.tuning.json"", ""hpo_strategy"": ""hamming"", ""global_time_strategy"": ""PERCENT"", ""percent"": 0.2, ""round_time_strategy"": ""STATIC"", ""time_evolution"": ""STATIC"", ""stop_strategy"": ""TIMEOUT""}",150,"{""varh"": ""Wdeg"", ""valh"": ""First"", ""saf"": ""False"", ""pc1"": ""True"", ""bdc"": ""1"", ""toh"": ""True"", ""ng"": ""NO"", ""lc"": ""1"", ""negative"": ""V"", ""generic2"": ""True"", ""sb"": ""NO""}",2.432422541984124,4.406615457992302,1590,ExitStatus.FEASIBLE,False,False,4.406615457992302
2025-06-07T22:25:46.480853,SREFLP-Cl07_c23.xml,"{""input"": ""tests/xcsp3/cop/UNKNOWN/SREFLP-Cl07_c23.xml"", ""solver"": ""xcsp:ACE@2.4"", ""output_dir"": ""results_comparison"", ""global_time_limit"": 600, ""max_tries"": 50, ""tuning_file"": ""tests/psa/ace.tuning.json"", ""hpo_strategy"": ""hamming"", ""global_time_strategy"": ""PERCENT"", ""percent"": 0.2, ""round_time_strategy"": ""STATIC"", ""time_evolution"": ""STATIC"", ""stop_strategy"": ""TIMEOUT""}",151,"{""varh"": ""Wdeg"", ""valh"": ""Bivs3"", ""saf"": ""False"", ""pc1"": ""True"", ""bdc"": ""1"", ""toh"": ""False"", ""ng"": ""NO"", ""lc"": ""2"", ""negative"": ""STR1N"", ""generic2"": ""True"", ""sb"": ""NO""}",2.432422541984124,3.5477430000028107,1590,ExitStatus.FEASIBLE,False,False,3.5477430000028107
2025-06-07T22:25:53.756196,SREFLP-Cl07_c23.xml,"{""input"": ""tests/xcsp3/cop/UNKNOWN/SREFLP-Cl07_c23.xml"", ""solver"": ""xcsp:ACE@2.4"", ""output_dir"": ""results_comparison"", ""global_time_limit"": 600, ""max_tries"": 50, ""tuning_file"": ""tests/psa/ace.tuning.json"", ""hpo_strategy"": ""hamming"", ""global_time_strategy"": ""PERCENT"", ""percent"": 0.2, ""round_time_strategy"": ""STATIC"", ""time_evolution"": ""STATIC"", ""stop_strategy"": ""TIMEOUT""}",152,"{""varh"": ""Wdeg"", ""valh"": ""First"", ""saf"": ""False"", ""pc1"": ""True"", ""bdc"": ""1"", ""toh"": ""True"", ""ng"": ""NO"", ""lc"": ""5"", ""negative"": ""V"", ""generic2"": ""True"", ""sb"": ""NO""}",2.432422541984124,1,,ExitStatus.UNKNOWN,False,False,1
2025-06-07T22:26:00.403476,SREFLP-Cl07_c23.xml,"{""input"": ""tests/xcsp3/cop/UNKNOWN/SREFLP-Cl07_c23.xml"", ""solver"": ""xcsp:ACE@2.4"", ""output_dir"": ""results_comparison"", ""global_time_limit"": 600, ""max_tries"": 50, ""tuning_file"": ""tests/psa/ace.tuning.json"", ""hpo_strategy"": ""hamming"", ""global_time_strategy"": ""PERCENT"", ""percent"": 0.2, ""round_time_strategy"": ""STATIC"", ""time_evolution"": ""STATIC"", ""stop_strategy"": ""TIMEOUT""}",153,"{""varh"": ""WdegOnDom"", ""valh"": ""First"", ""saf"": ""False"", ""pc1"": ""True"", ""bdc"": ""1"", ""toh"": ""False"", ""ng"": ""NO"", ""lc"": ""2"", ""negative"": ""STR3"", ""generic2"": ""True"", ""sb"": ""NO""}",2.432422541984124,1,,ExitStatus.UNKNOWN,False,False,1
2025-06-07T22:26:06.852035,SREFLP-Cl07_c23.xml,"{""input"": ""tests/xcsp3/cop/UNKNOWN/SREFLP-Cl07_c23.xml"", ""solver"": ""xcsp:ACE@2.4"", ""output_dir"": ""results_comparison"", ""global_time_limit"": 600, ""max_tries"": 50, ""tuning_file"": ""tests/psa/ace.tuning.json"", ""hpo_strategy"": ""hamming"", ""global_time_strategy"": ""PERCENT"", ""percent"": 0.2, ""round_time_strategy"": ""STATIC"", ""time_evolution"": ""STATIC"", ""stop_strategy"": ""TIMEOUT""}",154,"{""varh"": ""WdegOnDom"", ""valh"": ""First"", ""saf"": ""False"", ""pc1"": ""True"", ""bdc"": ""1"", ""toh"": ""True"", ""ng"": ""NO"", ""lc"": ""2"", ""negative"": ""V"", ""generic2"": ""True"", ""sb"": ""NO""}",2.432422541984124,5.939964832999976,1590,ExitStatus.FEASIBLE,False,False,5.939964832999976
2025-06-07T22:26:12.281249,SREFLP-Cl07_c23.xml,"{""input"": ""tests/xcsp3/cop/UNKNOWN/SREFLP-Cl07_c23.xml"", ""solver"": ""xcsp:ACE@2.4"", ""output_dir"": ""results_comparison"", ""global_time_limit"": 600, ""max_tries"": 50, ""tuning_file"": ""tests/psa/ace.tuning.json"", ""hpo_strategy"": ""hamming"", ""global_time_strategy"": ""PERCENT"", ""percent"": 0.2, ""round_time_strategy"": ""STATIC"", ""time_evolution"": ""STATIC"", ""stop_strategy"": ""TIMEOUT""}",155,"{""varh"": ""Wdeg"", ""valh"": ""OccsR"", ""saf"": ""False"", ""pc1"": ""False"", ""bdc"": ""1"", ""toh"": ""False"", ""ng"": ""NO"", ""lc"": ""2"", ""negative"": ""V"", ""generic2"": ""True"", ""sb"": ""NO""}",2.432422541984124,5.189771208009915,1590,ExitStatus.FEASIBLE,False,False,5.189771208009915
2025-06-07T22:26:17.251749,SREFLP-Cl07_c23.xml,"{""input"": ""tests/xcsp3/cop/UNKNOWN/SREFLP-Cl07_c23.xml"", ""solver"": ""xcsp:ACE@2.4"", ""output_dir"": ""results_comparison"", ""global_time_limit"": 600, ""max_tries"": 50, ""tuning_file"": ""tests/psa/ace.tuning.json"", ""hpo_strategy"": ""hamming"", ""global_time_strategy"": ""PERCENT"", ""percent"": 0.2, ""round_time_strategy"": ""STATIC"", ""time_evolution"": ""STATIC"", ""stop_strategy"": ""TIMEOUT""}",156,"{""varh"": ""FrbaOnDom"", ""valh"": ""OccsR"", ""saf"": ""False"", ""pc1"": ""True"", ""bdc"": ""1"", ""toh"": ""False"", ""ng"": ""NO"", ""lc"": ""2"", ""negative"": ""V"", ""generic2"": ""True"", ""sb"": ""NO""}",2.432422541984124,4.3477945839986205,1820,ExitStatus.FEASIBLE,False,False,4.3477945839986205
2025-06-07T22:26:23.508657,SREFLP-Cl07_c23.xml,"{""input"": ""tests/xcsp3/cop/UNKNOWN/SREFLP-Cl07_c23.xml"", ""solver"": ""xcsp:ACE@2.4"", ""output_dir"": ""results_comparison"", ""global_time_limit"": 600, ""max_tries"": 50, ""tuning_file"": ""tests/psa/ace.tuning.json"", ""hpo_strategy"": ""hamming"", ""global_time_strategy"": ""PERCENT"", ""percent"": 0.2, ""round_time_strategy"": ""STATIC"", ""time_evolution"": ""STATIC"", ""stop_strategy"": ""TIMEOUT""}",157,"{""varh"": ""Rand"", ""valh"": ""Conflicts"", ""saf"": ""False"", ""pc1"": ""True"", ""bdc"": ""1"", ""toh"": ""False"", ""ng"": ""NO"", ""lc"": ""2"", ""negative"": ""V"", ""generic2"": ""True"", ""sb"": ""NO""}",2.432422541984124,1,,ExitStatus.UNKNOWN,False,False,1
2025-06-07T22:26:27.739837,SREFLP-Cl07_c23.xml,"{""input"": ""tests/xcsp3/cop/UNKNOWN/SREFLP-Cl07_c23.xml"", ""solver"": ""xcsp:ACE@2.4"", ""output_dir"": ""results_comparison"", ""global_time_limit"": 600, ""max_tries"": 50, ""tuning_file"": ""tests/psa/ace.tuning.json"", ""hpo_strategy"": ""hamming"", ""global_time_strategy"": ""PERCENT"", ""percent"": 0.2, ""round_time_strategy"": ""STATIC"", ""time_evolution"": ""STATIC"", ""stop_strategy"": ""TIMEOUT""}",158,"{""varh"": ""Wdeg"", ""valh"": ""Median"", ""saf"": ""False"", ""pc1"": ""True"", ""bdc"": ""1"", ""toh"": ""False"", ""ng"": ""NO"", ""lc"": ""2"", ""negative"": ""CT"", ""generic2"": ""True"", ""sb"": ""NO""}",2.432422541984124,3.8116120000195224,1750,ExitStatus.FEASIBLE,False,False,3.8116120000195224
2025-06-07T22:26:33.983975,SREFLP-Cl07_c23.xml,"{""input"": ""tests/xcsp3/cop/UNKNOWN/SREFLP-Cl07_c23.xml"", ""solver"": ""xcsp:ACE@2.4"", ""output_dir"": ""results_comparison"", ""global_time_limit"": 600, ""max_tries"": 50, ""tuning_file"": ""tests/psa/ace.tuning.json"", ""hpo_strategy"": ""hamming"", ""global_time_strategy"": ""PERCENT"", ""percent"": 0.2, ""round_time_strategy"": ""STATIC"", ""time_evolution"": ""STATIC"", ""stop_strategy"": ""TIMEOUT""}",159,"{""varh"": ""Wdeg"", ""valh"": ""Last"", ""saf"": ""False"", ""pc1"": ""True"", ""bdc"": ""1"", ""toh"": ""False"", ""ng"": ""NO"", ""lc"": ""2"", ""negative"": ""VA"", ""generic2"": ""True"", ""sb"": ""NO""}",2.432422541984124,1,,ExitStatus.UNKNOWN,False,False,1
2025-06-07T22:26:38.315048,SREFLP-Cl07_c23.xml,"{""input"": ""tests/xcsp3/cop/UNKNOWN/SREFLP-Cl07_c23.xml"", ""solver"": ""xcsp:ACE@2.4"", ""output_dir"": ""results_comparison"", ""global_time_limit"": 600, ""max_tries"": 50, ""tuning_file"": ""tests/psa/ace.tuning.json"", ""hpo_strategy"": ""hamming"", ""global_time_strategy"": ""PERCENT"", ""percent"": 0.2, ""round_time_strategy"": ""STATIC"", ""time_evolution"": ""STATIC"", ""stop_strategy"": ""TIMEOUT""}",160,"{""varh"": ""Activity"", ""valh"": ""First"", ""saf"": ""False"", ""pc1"": ""True"", ""bdc"": ""1"", ""toh"": ""False"", ""ng"": ""NO"", ""lc"": ""2"", ""negative"": ""VA"", ""generic2"": ""True"", ""sb"": ""NO""}",2.432422541984124,3.959344709001016,,ExitStatus.UNKNOWN,False,False,3.959344709001016
2025-06-07T22:26:42.581626,SREFLP-Cl07_c23.xml,"{""input"": ""tests/xcsp3/cop/UNKNOWN/SREFLP-Cl07_c23.xml"", ""solver"": ""xcsp:ACE@2.4"", ""output_dir"": ""results_comparison"", ""global_time_limit"": 600, ""max_tries"": 50, ""tuning_file"": ""tests/psa/ace.tuning.json"", ""hpo_strategy"": ""hamming"", ""global_time_strategy"": ""PERCENT"", ""percent"": 0.2, ""round_time_strategy"": ""STATIC"", ""time_evolution"": ""STATIC"", ""stop_strategy"": ""TIMEOUT""}",161,"{""varh"": ""PickOnDom"", ""valh"": ""First"", ""saf"": ""False"", ""pc1"": ""True"", ""bdc"": ""1"", ""toh"": ""False"", ""ng"": ""NO"", ""lc"": ""2"", ""negative"": ""VA"", ""generic2"": ""True"", ""sb"": ""NO""}",2.432422541984124,3.9743392909877002,1710,ExitStatus.FEASIBLE,False,False,3.9743392909877002
2025-06-07T22:26:47.270073,SREFLP-Cl07_c23.xml,"{""input"": ""tests/xcsp3/cop/UNKNOWN/SREFLP-Cl07_c23.xml"", ""solver"": ""xcsp:ACE@2.4"", ""output_dir"": ""results_comparison"", ""global_time_limit"": 600, ""max_tries"": 50, ""tuning_file"": ""tests/psa/ace.tuning.json"", ""hpo_strategy"": ""hamming"", ""global_time_strategy"": ""PERCENT"", ""percent"": 0.2, ""round_time_strategy"": ""STATIC"", ""time_evolution"": ""STATIC"", ""stop_strategy"": ""TIMEOUT""}",162,"{""varh"": ""Activity"", ""valh"": ""First"", ""saf"": ""False"", ""pc1"": ""True"", ""bdc"": ""1"", ""toh"": ""False"", ""ng"": ""NO"", ""lc"": ""2"", ""negative"": ""STR2N"", ""generic2"": ""True"", ""sb"": ""NO""}",2.432422541984124,4.328807041980326,,ExitStatus.UNKNOWN,False,False,4.328807041980326
2025-06-07T22:26:51.712178,SREFLP-Cl07_c23.xml,"{""input"": ""tests/xcsp3/cop/UNKNOWN/SREFLP-Cl07_c23.xml"", ""solver"": ""xcsp:ACE@2.4"", ""output_dir"": ""results_comparison"", ""global_time_limit"": 600, ""max_tries"": 50, ""tuning_file"": ""tests/psa/ace.tuning.json"", ""hpo_strategy"": ""hamming"", ""global_time_strategy"": ""PERCENT"", ""percent"": 0.2, ""round_time_strategy"": ""STATIC"", ""time_evolution"": ""STATIC"", ""stop_strategy"": ""TIMEOUT""}",163,"{""varh"": ""Wdeg"", ""valh"": ""RunRobin"", ""saf"": ""False"", ""pc1"": ""True"", ""bdc"": ""1"", ""toh"": ""False"", ""ng"": ""NO"", ""lc"": ""2"", ""negative"": ""STR2"", ""generic2"": ""True"", ""sb"": ""NO""}",2.432422541984124,4.1396937079844065,1590,ExitStatus.FEASIBLE,False,False,4.1396937079844065
2025-06-07T22:26:55.713355,SREFLP-Cl07_c23.xml,"{""input"": ""tests/xcsp3/cop/UNKNOWN/SREFLP-Cl07_c23.xml"", ""solver"": ""xcsp:ACE@2.4"", ""output_dir"": ""results_comparison"", ""global_time_limit"": 600, ""max_tries"": 50, ""tuning_file"": ""tests/psa/ace.tuning.json"", ""hpo_strategy"": ""hamming"", ""global_time_strategy"": ""PERCENT"", ""percent"": 0.2, ""round_time_strategy"": ""STATIC"", ""time_evolution"": ""STATIC"", ""stop_strategy"": ""TIMEOUT""}",164,"{""varh"": ""Lexico"", ""valh"": ""First"", ""saf"": ""False"", ""pc1"": ""True"", ""bdc"": ""1"", ""toh"": ""False"", ""ng"": ""NO"", ""lc"": ""0"", ""negative"": ""V"", ""generic2"": ""True"", ""sb"": ""NO""}",2.432422541984124,3.6384637920127716,1590,ExitStatus.FEASIBLE,False,False,3.6384637920127716
2025-06-07T22:26:59.863184,SREFLP-Cl07_c23.xml,"{""input"": ""tests/xcsp3/cop/UNKNOWN/SREFLP-Cl07_c23.xml"", ""solver"": ""xcsp:ACE@2.4"", ""output_dir"": ""results_comparison"", ""global_time_limit"": 600, ""max_tries"": 50, ""tuning_file"": ""tests/psa/ace.tuning.json"", ""hpo_strategy"": ""hamming"", ""global_time_strategy"": ""PERCENT"", ""percent"": 0.2, ""round_time_strategy"": ""STATIC"", ""time_evolution"": ""STATIC"", ""stop_strategy"": ""TIMEOUT""}",165,"{""varh"": ""Memory"", ""valh"": ""RunRobin"", ""saf"": ""False"", ""pc1"": ""True"", ""bdc"": ""1"", ""toh"": ""False"", ""ng"": ""NO"", ""lc"": ""2"", ""negative"": ""V"", ""generic2"": ""True"", ""sb"": ""NO""}",2.432422541984124,3.9206854170188308,1590,ExitStatus.FEASIBLE,False,False,3.9206854170188308
2025-06-07T22:27:05.112091,SREFLP-Cl07_c23.xml,"{""input"": ""tests/xcsp3/cop/UNKNOWN/SREFLP-Cl07_c23.xml"", ""solver"": ""xcsp:ACE@2.4"", ""output_dir"": ""results_comparison"", ""global_time_limit"": 600, ""max_tries"": 50, ""tuning_file"": ""tests/psa/ace.tuning.json"", ""hpo_strategy"": ""hamming"", ""global_time_strategy"": ""PERCENT"", ""percent"": 0.2, ""round_time_strategy"": ""STATIC"", ""time_evolution"": ""STATIC"", ""stop_strategy"": ""TIMEOUT""}",166,"{""varh"": ""Wdeg"", ""valh"": ""OccsR"", ""saf"": ""False"", ""pc1"": ""True"", ""bdc"": ""1"", ""toh"": ""False"", ""ng"": ""NO"", ""lc"": ""1"", ""negative"": ""V"", ""generic2"": ""True"", ""sb"": ""NO""}",2.432422541984124,4.716270334000001,1590,ExitStatus.FEASIBLE,False,False,4.716270334000001
2025-06-07T22:27:10.711321,SREFLP-Cl07_c23.xml,"{""input"": ""tests/xcsp3/cop/UNKNOWN/SREFLP-Cl07_c23.xml"", ""solver"": ""xcsp:ACE@2.4"", ""output_dir"": ""results_comparison"", ""global_time_limit"": 600, ""max_tries"": 50, ""tuning_file"": ""tests/psa/ace.tuning.json"", ""hpo_strategy"": ""hamming"", ""global_time_strategy"": ""PERCENT"", ""percent"": 0.2, ""round_time_strategy"": ""STATIC"", ""time_evolution"": ""STATIC"", ""stop_strategy"": ""TIMEOUT""}",167,"{""varh"": ""Lexico"", ""valh"": ""Last"", ""saf"": ""False"", ""pc1"": ""True"", ""bdc"": ""1"", ""toh"": ""False"", ""ng"": ""NO"", ""lc"": ""2"", ""negative"": ""V"", ""generic2"": ""True"", ""sb"": ""NO""}",2.432422541984124,4.685751249984605,1710,ExitStatus.FEASIBLE,False,False,4.685751249984605
2025-06-07T22:27:14.934859,SREFLP-Cl07_c23.xml,"{""input"": ""tests/xcsp3/cop/UNKNOWN/SREFLP-Cl07_c23.xml"", ""solver"": ""xcsp:ACE@2.4"", ""output_dir"": ""results_comparison"", ""global_time_limit"": 600, ""max_tries"": 50, ""tuning_file"": ""tests/psa/ace.tuning.json"", ""hpo_strategy"": ""hamming"", ""global_time_strategy"": ""PERCENT"", ""percent"": 0.2, ""round_time_strategy"": ""STATIC"", ""time_evolution"": ""STATIC"", ""stop_strategy"": ""TIMEOUT""}",168,"{""varh"": ""FrbaOnDom"", ""valh"": ""First"", ""saf"": ""True"", ""pc1"": ""True"", ""bdc"": ""1"", ""toh"": ""False"", ""ng"": ""NO"", ""lc"": ""2"", ""negative"": ""V"", ""generic2"": ""True"", ""sb"": ""NO""}",2.432422541984124,3.958132875006413,1710,ExitStatus.FEASIBLE,False,False,3.958132875006413
2025-06-07T22:27:18.739963,SREFLP-Cl07_c23.xml,"{""input"": ""tests/xcsp3/cop/UNKNOWN/SREFLP-Cl07_c23.xml"", ""solver"": ""xcsp:ACE@2.4"", ""output_dir"": ""results_comparison"", ""global_time_limit"": 600, ""max_tries"": 50, ""tuning_file"": ""tests/psa/ace.tuning.json"", ""hpo_strategy"": ""hamming"", ""global_time_strategy"": ""PERCENT"", ""percent"": 0.2, ""round_time_strategy"": ""STATIC"", ""time_evolution"": ""STATIC"", ""stop_strategy"": ""TIMEOUT""}",169,"{""varh"": ""Wdeg"", ""valh"": ""First"", ""saf"": ""False"", ""pc1"": ""False"", ""bdc"": ""1"", ""toh"": ""False"", ""ng"": ""NO"", ""lc"": ""2"", ""negative"": ""VA"", ""generic2"": ""True"", ""sb"": ""NO""}",2.432422541984124,3.4509951249929145,1590,ExitStatus.FEASIBLE,False,False,3.4509951249929145
2025-06-07T22:27:22.552374,SREFLP-Cl07_c23.xml,"{""input"": ""tests/xcsp3/cop/UNKNOWN/SREFLP-Cl07_c23.xml"", ""solver"": ""xcsp:ACE@2.4"", ""output_dir"": ""results_comparison"", ""global_time_limit"": 600, ""max_tries"": 50, ""tuning_file"": ""tests/psa/ace.tuning.json"", ""hpo_strategy"": ""hamming"", ""global_time_strategy"": ""PERCENT"", ""percent"": 0.2, ""round_time_strategy"": ""STATIC"", ""time_evolution"": ""STATIC"", ""stop_strategy"": ""TIMEOUT""}",170,"{""varh"": ""Memory"", ""valh"": ""First"", ""saf"": ""False"", ""pc1"": ""True"", ""bdc"": ""1"", ""toh"": ""False"", ""ng"": ""NO"", ""lc"": ""2"", ""negative"": ""STR3"", ""generic2"": ""True"", ""sb"": ""NO""}",2.432422541984124,3.5626005830126815,1590,ExitStatus.FEASIBLE,False,False,3.5626005830126815
2025-06-07T22:27:26.550097,SREFLP-Cl07_c23.xml,"{""input"": ""tests/xcsp3/cop/UNKNOWN/SREFLP-Cl07_c23.xml"", ""solver"": ""xcsp:ACE@2.4"", ""output_dir"": ""results_comparison"", ""global_time_limit"": 600, ""max_tries"": 50, ""tuning_file"": ""tests/psa/ace.tuning.json"", ""hpo_strategy"": ""hamming"", ""global_time_strategy"": ""PERCENT"", ""percent"": 0.2, ""round_time_strategy"": ""STATIC"", ""time_evolution"": ""STATIC"", ""stop_strategy"": ""TIMEOUT""}",171,"{""varh"": ""Impact"", ""valh"": ""First"", ""saf"": ""False"", ""pc1"": ""True"", ""bdc"": ""1"", ""toh"": ""False"", ""ng"": ""NO"", ""lc"": ""0"", ""negative"": ""V"", ""generic2"": ""True"", ""sb"": ""NO""}",2.432422541984124,3.6149692499893717,1590,ExitStatus.FEASIBLE,False,False,3.6149692499893717
2025-06-07T22:27:30.842815,SREFLP-Cl07_c23.xml,"{""input"": ""tests/xcsp3/cop/UNKNOWN/SREFLP-Cl07_c23.xml"", ""solver"": ""xcsp:ACE@2.4"", ""output_dir"": ""results_comparison"", ""global_time_limit"": 600, ""max_tries"": 50, ""tuning_file"": ""tests/psa/ace.tuning.json"", ""hpo_strategy"": ""hamming"", ""global_time_strategy"": ""PERCENT"", ""percent"": 0.2, ""round_time_strategy"": ""STATIC"", ""time_evolution"": ""STATIC"", ""stop_strategy"": ""TIMEOUT""}",172,"{""varh"": ""Wdeg"", ""valh"": ""Last"", ""saf"": ""False"", ""pc1"": ""True"", ""bdc"": ""1"", ""toh"": ""False"", ""ng"": ""NO"", ""lc"": ""2"", ""negative"": ""STR2"", ""generic2"": ""True"", ""sb"": ""NO""}",2.432422541984124,3.940216541988775,1710,ExitStatus.FEASIBLE,False,False,3.940216541988775
2025-06-07T22:27:35.087745,SREFLP-Cl07_c23.xml,"{""input"": ""tests/xcsp3/cop/UNKNOWN/SREFLP-Cl07_c23.xml"", ""solver"": ""xcsp:ACE@2.4"", ""output_dir"": ""results_comparison"", ""global_time_limit"": 600, ""max_tries"": 50, ""tuning_file"": ""tests/psa/ace.tuning.json"", ""hpo_strategy"": ""hamming"", ""global_time_strategy"": ""PERCENT"", ""percent"": 0.2, ""round_time_strategy"": ""STATIC"", ""time_evolution"": ""STATIC"", ""stop_strategy"": ""TIMEOUT""}",173,"{""varh"": ""Wdeg"", ""valh"": ""Last"", ""saf"": ""False"", ""pc1"": ""True"", ""bdc"": ""1"", ""toh"": ""False"", ""ng"": ""NO"", ""lc"": ""2"", ""negative"": ""V"", ""generic2"": ""False"", ""sb"": ""NO""}",2.432422541984124,3.797305249987403,1710,ExitStatus.FEASIBLE,False,False,3.797305249987403
2025-06-07T22:27:38.693363,SREFLP-Cl07_c23.xml,"{""input"": ""tests/xcsp3/cop/UNKNOWN/SREFLP-Cl07_c23.xml"", ""solver"": ""xcsp:ACE@2.4"", ""output_dir"": ""results_comparison"", ""global_time_limit"": 600, ""max_tries"": 50, ""tuning_file"": ""tests/psa/ace.tuning.json"", ""hpo_strategy"": ""hamming"", ""global_time_strategy"": ""PERCENT"", ""percent"": 0.2, ""round_time_strategy"": ""STATIC"", ""time_evolution"": ""STATIC"", ""stop_strategy"": ""TIMEOUT""}",174,"{""varh"": ""Wdeg"", ""valh"": ""Rand"", ""saf"": ""False"", ""pc1"": ""True"", ""bdc"": ""1000"", ""toh"": ""False"", ""ng"": ""NO"", ""lc"": ""2"", ""negative"": ""V"", ""generic2"": ""True"", ""sb"": ""NO""}",2.432422541984124,3.314428832993144,1720,ExitStatus.FEASIBLE,False,False,3.314428832993144
2025-06-07T22:27:45.238271,SREFLP-Cl07_c23.xml,"{""input"": ""tests/xcsp3/cop/UNKNOWN/SREFLP-Cl07_c23.xml"", ""solver"": ""xcsp:ACE@2.4"", ""output_dir"": ""results_comparison"", ""global_time_limit"": 600, ""max_tries"": 50, ""tuning_file"": ""tests/psa/ace.tuning.json"", ""hpo_strategy"": ""hamming"", ""global_time_strategy"": ""PERCENT"", ""percent"": 0.2, ""round_time_strategy"": ""STATIC"", ""time_evolution"": ""STATIC"", ""stop_strategy"": ""TIMEOUT""}",175,"{""varh"": ""Wdeg"", ""valh"": ""First"", ""saf"": ""False"", ""pc1"": ""True"", ""bdc"": ""1"", ""toh"": ""True"", ""ng"": ""NO"", ""lc"": ""2"", ""negative"": ""STR2N"", ""generic2"": ""True"", ""sb"": ""NO""}",2.432422541984124,1,,ExitStatus.UNKNOWN,False,False,1
2025-06-07T22:27:50.332656,SREFLP-Cl07_c23.xml,"{""input"": ""tests/xcsp3/cop/UNKNOWN/SREFLP-Cl07_c23.xml"", ""solver"": ""xcsp:ACE@2.4"", ""output_dir"": ""results_comparison"", ""global_time_limit"": 600, ""max_tries"": 50, ""tuning_file"": ""tests/psa/ace.tuning.json"", ""hpo_strategy"": ""hamming"", ""global_time_strategy"": ""PERCENT"", ""percent"": 0.2, ""round_time_strategy"": ""STATIC"", ""time_evolution"": ""STATIC"", ""stop_strategy"": ""TIMEOUT""}",176,"{""varh"": ""Activity"", ""valh"": ""First"", ""saf"": ""False"", ""pc1"": ""True"", ""bdc"": ""1"", ""toh"": ""False"", ""ng"": ""NO"", ""lc"": ""0"", ""negative"": ""V"", ""generic2"": ""True"", ""sb"": ""NO""}",2.432422541984124,4.253112624981441,,ExitStatus.UNKNOWN,False,False,4.253112624981441
2025-06-07T22:27:55.513277,SREFLP-Cl07_c23.xml,"{""input"": ""tests/xcsp3/cop/UNKNOWN/SREFLP-Cl07_c23.xml"", ""solver"": ""xcsp:ACE@2.4"", ""output_dir"": ""results_comparison"", ""global_time_limit"": 600, ""max_tries"": 50, ""tuning_file"": ""tests/psa/ace.tuning.json"", ""hpo_strategy"": ""hamming"", ""global_time_strategy"": ""PERCENT"", ""percent"": 0.2, ""round_time_strategy"": ""STATIC"", ""time_evolution"": ""STATIC"", ""stop_strategy"": ""TIMEOUT""}",177,"{""varh"": ""PickOnDom"", ""valh"": ""Rand"", ""saf"": ""False"", ""pc1"": ""True"", ""bdc"": ""1"", ""toh"": ""False"", ""ng"": ""NO"", ""lc"": ""2"", ""negative"": ""V"", ""generic2"": ""True"", ""sb"": ""NO""}",2.432422541984124,4.553482707997318,1900,ExitStatus.FEASIBLE,False,False,4.553482707997318
2025-06-07T22:28:00.276408,SREFLP-Cl07_c23.xml,"{""input"": ""tests/xcsp3/cop/UNKNOWN/SREFLP-Cl07_c23.xml"", ""solver"": ""xcsp:ACE@2.4"", ""output_dir"": ""results_comparison"", ""global_time_limit"": 600, ""max_tries"": 50, ""tuning_file"": ""tests/psa/ace.tuning.json"", ""hpo_strategy"": ""hamming"", ""global_time_strategy"": ""PERCENT"", ""percent"": 0.2, ""round_time_strategy"": ""STATIC"", ""time_evolution"": ""STATIC"", ""stop_strategy"": ""TIMEOUT""}",178,"{""varh"": ""Impact"", ""valh"": ""First"", ""saf"": ""False"", ""pc1"": ""True"", ""bdc"": ""1"", ""toh"": ""False"", ""ng"": ""NO"", ""lc"": ""2"", ""negative"": ""CT"", ""generic2"": ""True"", ""sb"": ""NO""}",2.432422541984124,4.05250654098927,1590,ExitStatus.FEASIBLE,False,False,4.05250654098927
2025-06-07T22:28:05.455969,SREFLP-Cl07_c23.xml,"{""input"": ""tests/xcsp3/cop/UNKNOWN/SREFLP-Cl07_c23.xml"", ""solver"": ""xcsp:ACE@2.4"", ""output_dir"": ""results_comparison"", ""global_time_limit"": 600, ""max_tries"": 50, ""tuning_file"": ""tests/psa/ace.tuning.json"", ""hpo_strategy"": ""hamming"", ""global_time_strategy"": ""PERCENT"", ""percent"": 0.2, ""round_time_strategy"": ""STATIC"", ""time_evolution"": ""STATIC"", ""stop_strategy"": ""TIMEOUT""}",179,"{""varh"": ""Wdeg"", ""valh"": ""RunRobin"", ""saf"": ""False"", ""pc1"": ""True"", ""bdc"": ""1"", ""toh"": ""False"", ""ng"": ""NO"", ""lc"": ""2"", ""negative"": ""STR0"", ""generic2"": ""True"", ""sb"": ""NO""}",2.432422541984124,3.9425327500212006,1590,ExitStatus.FEASIBLE,False,False,3.9425327500212006
2025-06-07T22:28:10.676620,SREFLP-Cl07_c23.xml,"{""input"": ""tests/xcsp3/cop/UNKNOWN/SREFLP-Cl07_c23.xml"", ""solver"": ""xcsp:ACE@2.4"", ""output_dir"": ""results_comparison"", ""global_time_limit"": 600, ""max_tries"": 50, ""tuning_file"": ""tests/psa/ace.tuning.json"", ""hpo_strategy"": ""hamming"", ""global_time_strategy"": ""PERCENT"", ""percent"": 0.2, ""round_time_strategy"": ""STATIC"", ""time_evolution"": ""STATIC"", ""stop_strategy"": ""TIMEOUT""}",180,"{""varh"": ""Wdeg"", ""valh"": ""Vals"", ""saf"": ""False"", ""pc1"": ""True"", ""bdc"": ""1"", ""toh"": ""False"", ""ng"": ""NO"", ""lc"": ""2"", ""negative"": ""STR0"", ""generic2"": ""True"", ""sb"": ""NO""}",2.432422541984124,4.966053792013554,1590,ExitStatus.FEASIBLE,False,False,4.966053792013554
2025-06-07T22:28:16.853207,SREFLP-Cl07_c23.xml,"{""input"": ""tests/xcsp3/cop/UNKNOWN/SREFLP-Cl07_c23.xml"", ""solver"": ""xcsp:ACE@2.4"", ""output_dir"": ""results_comparison"", ""global_time_limit"": 600, ""max_tries"": 50, ""tuning_file"": ""tests/psa/ace.tuning.json"", ""hpo_strategy"": ""hamming"", ""global_time_strategy"": ""PERCENT"", ""percent"": 0.2, ""round_time_strategy"": ""STATIC"", ""time_evolution"": ""STATIC"", ""stop_strategy"": ""TIMEOUT""}",181,"{""varh"": ""Wdeg"", ""valh"": ""First"", ""saf"": ""False"", ""pc1"": ""False"", ""bdc"": ""1000"", ""toh"": ""False"", ""ng"": ""NO"", ""lc"": ""2"", ""negative"": ""V"", ""generic2"": ""True"", ""sb"": ""NO""}",2.432422541984124,5.7217420840170234,1710,ExitStatus.FEASIBLE,False,False,5.7217420840170234
2025-06-07T22:28:21.473030,SREFLP-Cl07_c23.xml,"{""input"": ""tests/xcsp3/cop/UNKNOWN/SREFLP-Cl07_c23.xml"", ""solver"": ""xcsp:ACE@2.4"", ""output_dir"": ""results_comparison"", ""global_time_limit"": 600, ""max_tries"": 50, ""tuning_file"": ""tests/psa/ace.tuning.json"", ""hpo_strategy"": ""hamming"", ""global_time_strategy"": ""PERCENT"", ""percent"": 0.2, ""round_time_strategy"": ""STATIC"", ""time_evolution"": ""STATIC"", ""stop_strategy"": ""TIMEOUT""}",182,"{""varh"": ""Wdeg"", ""valh"": ""OccsR"", ""saf"": ""False"", ""pc1"": ""True"", ""bdc"": ""1"", ""toh"": ""False"", ""ng"": ""NO"", ""lc"": ""2"", ""negative"": ""STR0"", ""generic2"": ""True"", ""sb"": ""NO""}",2.432422541984124,4.154012417013291,1590,ExitStatus.FEASIBLE,False,False,4.154012417013291
2025-06-07T22:28:25.295156,SREFLP-Cl07_c23.xml,"{""input"": ""tests/xcsp3/cop/UNKNOWN/SREFLP-Cl07_c23.xml"", ""solver"": ""xcsp:ACE@2.4"", ""output_dir"": ""results_comparison"", ""global_time_limit"": 600, ""max_tries"": 50, ""tuning_file"": ""tests/psa/ace.tuning.json"", ""hpo_strategy"": ""hamming"", ""global_time_strategy"": ""PERCENT"", ""percent"": 0.2, ""round_time_strategy"": ""STATIC"", ""time_evolution"": ""STATIC"", ""stop_strategy"": ""TIMEOUT""}",183,"{""varh"": ""Wdeg"", ""valh"": ""First"", ""saf"": ""False"", ""pc1"": ""True"", ""bdc"": ""100"", ""toh"": ""False"", ""ng"": ""NO"", ""lc"": ""2"", ""negative"": ""STR1"", ""generic2"": ""True"", ""sb"": ""NO""}",2.432422541984124,3.4775300000037532,1590,ExitStatus.FEASIBLE,False,False,3.4775300000037532
2025-06-07T22:28:29.850602,SREFLP-Cl07_c23.xml,"{""input"": ""tests/xcsp3/cop/UNKNOWN/SREFLP-Cl07_c23.xml"", ""solver"": ""xcsp:ACE@2.4"", ""output_dir"": ""results_comparison"", ""global_time_limit"": 600, ""max_tries"": 50, ""tuning_file"": ""tests/psa/ace.tuning.json"", ""hpo_strategy"": ""hamming"", ""global_time_strategy"": ""PERCENT"", ""percent"": 0.2, ""round_time_strategy"": ""STATIC"", ""time_evolution"": ""STATIC"", ""stop_strategy"": ""TIMEOUT""}",184,"{""varh"": ""FrbaOnDom"", ""valh"": ""First"", ""saf"": ""False"", ""pc1"": ""True"", ""bdc"": ""1"", ""toh"": ""False"", ""ng"": ""NO"", ""lc"": ""1"", ""negative"": ""V"", ""generic2"": ""True"", ""sb"": ""NO""}",2.432422541984124,4.169879041000968,2010,ExitStatus.FEASIBLE,False,False,4.169879041000968
2025-06-07T22:28:34.137047,SREFLP-Cl07_c23.xml,"{""input"": ""tests/xcsp3/cop/UNKNOWN/SREFLP-Cl07_c23.xml"", ""solver"": ""xcsp:ACE@2.4"", ""output_dir"": ""results_comparison"", ""global_time_limit"": 600, ""max_tries"": 50, ""tuning_file"": ""tests/psa/ace.tuning.json"", ""hpo_strategy"": ""hamming"", ""global_time_strategy"": ""PERCENT"", ""percent"": 0.2, ""round_time_strategy"": ""STATIC"", ""time_evolution"": ""STATIC"", ""stop_strategy"": ""TIMEOUT""}",185,"{""varh"": ""FrbaOnDom"", ""valh"": ""First"", ""saf"": ""False"", ""pc1"": ""True"", ""bdc"": ""1"", ""toh"": ""True"", ""ng"": ""NO"", ""lc"": ""2"", ""negative"": ""V"", ""generic2"": ""True"", ""sb"": ""NO""}",2.432422541984124,3.9306471250019968,2000,ExitStatus.FEASIBLE,False,False,3.9306471250019968
2025-06-07T22:28:37.761667,SREFLP-Cl07_c23.xml,"{""input"": ""tests/xcsp3/cop/UNKNOWN/SREFLP-Cl07_c23.xml"", ""solver"": ""xcsp:ACE@2.4"", ""output_dir"": ""results_comparison"", ""global_time_limit"": 600, ""max_tries"": 50, ""tuning_file"": ""tests/psa/ace.tuning.json"", ""hpo_strategy"": ""hamming"", ""global_time_strategy"": ""PERCENT"", ""percent"": 0.2, ""round_time_strategy"": ""STATIC"", ""time_evolution"": ""STATIC"", ""stop_strategy"": ""TIMEOUT""}",186,"{""varh"": ""Rand"", ""valh"": ""First"", ""saf"": ""False"", ""pc1"": ""True"", ""bdc"": ""1"", ""toh"": ""False"", ""ng"": ""NO"", ""lc"": ""2"", ""negative"": ""STR1N"", ""generic2"": ""True"", ""sb"": ""NO""}",2.432422541984124,3.330069416988408,1720,ExitStatus.FEASIBLE,False,False,3.330069416988408
2025-06-07T22:28:41.484364,SREFLP-Cl07_c23.xml,"{""input"": ""tests/xcsp3/cop/UNKNOWN/SREFLP-Cl07_c23.xml"", ""solver"": ""xcsp:ACE@2.4"", ""output_dir"": ""results_comparison"", ""global_time_limit"": 600, ""max_tries"": 50, ""tuning_file"": ""tests/psa/ace.tuning.json"", ""hpo_strategy"": ""hamming"", ""global_time_strategy"": ""PERCENT"", ""percent"": 0.2, ""round_time_strategy"": ""STATIC"", ""time_evolution"": ""STATIC"", ""stop_strategy"": ""TIMEOUT""}",187,"{""varh"": ""Impact"", ""valh"": ""RunRobin"", ""saf"": ""False"", ""pc1"": ""True"", ""bdc"": ""1"", ""toh"": ""False"", ""ng"": ""NO"", ""lc"": ""2"", ""negative"": ""V"", ""generic2"": ""True"", ""sb"": ""NO""}",2.432422541984124,3.425824083009502,1590,ExitStatus.FEASIBLE,False,False,3.425824083009502
2025-06-07T22:28:45.088798,SREFLP-Cl07_c23.xml,"{""input"": ""tests/xcsp3/cop/UNKNOWN/SREFLP-Cl07_c23.xml"", ""solver"": ""xcsp:ACE@2.4"", ""output_dir"": ""results_comparison"", ""global_time_limit"": 600, ""max_tries"": 50, ""tuning_file"": ""tests/psa/ace.tuning.json"", ""hpo_strategy"": ""hamming"", ""global_time_strategy"": ""PERCENT"", ""percent"": 0.2, ""round_time_strategy"": ""STATIC"", ""time_evolution"": ""STATIC"", ""stop_strategy"": ""TIMEOUT""}",188,"{""varh"": ""Wdeg"", ""valh"": ""First"", ""saf"": ""False"", ""pc1"": ""False"", ""bdc"": ""10"", ""toh"": ""False"", ""ng"": ""NO"", ""lc"": ""2"", ""negative"": ""V"", ""generic2"": ""True"", ""sb"": ""NO""}",2.432422541984124,3.3086964579997584,1590,ExitStatus.FEASIBLE,False,False,3.3086964579997584
2025-06-07T22:28:48.735114,SREFLP-Cl07_c23.xml,"{""input"": ""tests/xcsp3/cop/UNKNOWN/SREFLP-Cl07_c23.xml"", ""solver"": ""xcsp:ACE@2.4"", ""output_dir"": ""results_comparison"", ""global_time_limit"": 600, ""max_tries"": 50, ""tuning_file"": ""tests/psa/ace.tuning.json"", ""hpo_strategy"": ""hamming"", ""global_time_strategy"": ""PERCENT"", ""percent"": 0.2, ""round_time_strategy"": ""STATIC"", ""time_evolution"": ""STATIC"", ""stop_strategy"": ""TIMEOUT""}",189,"{""varh"": ""Wdeg"", ""valh"": ""Bivs3"", ""saf"": ""False"", ""pc1"": ""True"", ""bdc"": ""1"", ""toh"": ""False"", ""ng"": ""NO"", ""lc"": ""2"", ""negative"": ""STR2N"", ""generic2"": ""True"", ""sb"": ""NO""}",2.432422541984124,3.2603485829895362,1590,ExitStatus.FEASIBLE,False,False,3.2603485829895362
2025-06-07T22:28:52.495440,SREFLP-Cl07_c23.xml,"{""input"": ""tests/xcsp3/cop/UNKNOWN/SREFLP-Cl07_c23.xml"", ""solver"": ""xcsp:ACE@2.4"", ""output_dir"": ""results_comparison"", ""global_time_limit"": 600, ""max_tries"": 50, ""tuning_file"": ""tests/psa/ace.tuning.json"", ""hpo_strategy"": ""hamming"", ""global_time_strategy"": ""PERCENT"", ""percent"": 0.2, ""round_time_strategy"": ""STATIC"", ""time_evolution"": ""STATIC"", ""stop_strategy"": ""TIMEOUT""}",190,"{""varh"": ""RunRobin"", ""valh"": ""First"", ""saf"": ""False"", ""pc1"": ""True"", ""bdc"": ""10"", ""toh"": ""False"", ""ng"": ""NO"", ""lc"": ""2"", ""negative"": ""V"", ""generic2"": ""True"", ""sb"": ""NO""}",2.432422541984124,3.340395584004,1590,ExitStatus.FEASIBLE,False,False,3.340395584004
2025-06-07T22:28:56.471086,SREFLP-Cl07_c23.xml,"{""input"": ""tests/xcsp3/cop/UNKNOWN/SREFLP-Cl07_c23.xml"", ""solver"": ""xcsp:ACE@2.4"", ""output_dir"": ""results_comparison"", ""global_time_limit"": 600, ""max_tries"": 50, ""tuning_file"": ""tests/psa/ace.tuning.json"", ""hpo_strategy"": ""hamming"", ""global_time_strategy"": ""PERCENT"", ""percent"": 0.2, ""round_time_strategy"": ""STATIC"", ""time_evolution"": ""STATIC"", ""stop_strategy"": ""TIMEOUT""}",191,"{""varh"": ""WdegOnDom"", ""valh"": ""First"", ""saf"": ""False"", ""pc1"": ""True"", ""bdc"": ""1000"", ""toh"": ""False"", ""ng"": ""NO"", ""lc"": ""2"", ""negative"": ""V"", ""generic2"": ""True"", ""sb"": ""NO""}",2.432422541984124,3.5352149159880355,1710,ExitStatus.FEASIBLE,False,False,3.5352149159880355
2025-06-07T22:29:00.525690,SREFLP-Cl07_c23.xml,"{""input"": ""tests/xcsp3/cop/UNKNOWN/SREFLP-Cl07_c23.xml"", ""solver"": ""xcsp:ACE@2.4"", ""output_dir"": ""results_comparison"", ""global_time_limit"": 600, ""max_tries"": 50, ""tuning_file"": ""tests/psa/ace.tuning.json"", ""hpo_strategy"": ""hamming"", ""global_time_strategy"": ""PERCENT"", ""percent"": 0.2, ""round_time_strategy"": ""STATIC"", ""time_evolution"": ""STATIC"", ""stop_strategy"": ""TIMEOUT""}",192,"{""varh"": ""Wdeg"", ""valh"": ""First"", ""saf"": ""False"", ""pc1"": ""True"", ""bdc"": ""1"", ""toh"": ""False"", ""ng"": ""NO"", ""lc"": ""10"", ""negative"": ""STR1N"", ""generic2"": ""True"", ""sb"": ""NO""}",2.432422541984124,3.7140845420071855,1590,ExitStatus.FEASIBLE,False,False,3.7140845420071855
2025-06-07T22:29:06.798636,SREFLP-Cl07_c23.xml,"{""input"": ""tests/xcsp3/cop/UNKNOWN/SREFLP-Cl07_c23.xml"", ""solver"": ""xcsp:ACE@2.4"", ""output_dir"": ""results_comparison"", ""global_time_limit"": 600, ""max_tries"": 50, ""tuning_file"": ""tests/psa/ace.tuning.json"", ""hpo_strategy"": ""hamming"", ""global_time_strategy"": ""PERCENT"", ""percent"": 0.2, ""round_time_strategy"": ""STATIC"", ""time_evolution"": ""STATIC"", ""stop_strategy"": ""TIMEOUT""}",193,"{""varh"": ""Wdeg"", ""valh"": ""Conflicts"", ""saf"": ""False"", ""pc1"": ""True"", ""bdc"": ""1"", ""toh"": ""False"", ""ng"": ""NO"", ""lc"": ""2"", ""negative"": ""STR1"", ""generic2"": ""True"", ""sb"": ""NO""}",2.432422541984124,1,,ExitStatus.UNKNOWN,False,False,1
2025-06-07T22:29:10.582127,SREFLP-Cl07_c23.xml,"{""input"": ""tests/xcsp3/cop/UNKNOWN/SREFLP-Cl07_c23.xml"", ""solver"": ""xcsp:ACE@2.4"", ""output_dir"": ""results_comparison"", ""global_time_limit"": 600, ""max_tries"": 50, ""tuning_file"": ""tests/psa/ace.tuning.json"", ""hpo_strategy"": ""hamming"", ""global_time_strategy"": ""PERCENT"", ""percent"": 0.2, ""round_time_strategy"": ""STATIC"", ""time_evolution"": ""STATIC"", ""stop_strategy"": ""TIMEOUT""}",194,"{""varh"": ""Impact"", ""valh"": ""Median"", ""saf"": ""False"", ""pc1"": ""True"", ""bdc"": ""1"", ""toh"": ""False"", ""ng"": ""NO"", ""lc"": ""2"", ""negative"": ""V"", ""generic2"": ""True"", ""sb"": ""NO""}",2.432422541984124,3.490384125005221,1750,ExitStatus.FEASIBLE,False,False,3.490384125005221
2025-06-07T22:29:14.389503,SREFLP-Cl07_c23.xml,"{""input"": ""tests/xcsp3/cop/UNKNOWN/SREFLP-Cl07_c23.xml"", ""solver"": ""xcsp:ACE@2.4"", ""output_dir"": ""results_comparison"", ""global_time_limit"": 600, ""max_tries"": 50, ""tuning_file"": ""tests/psa/ace.tuning.json"", ""hpo_strategy"": ""hamming"", ""global_time_strategy"": ""PERCENT"", ""percent"": 0.2, ""round_time_strategy"": ""STATIC"", ""time_evolution"": ""STATIC"", ""stop_strategy"": ""TIMEOUT""}",195,"{""varh"": ""RunRobin"", ""valh"": ""Vals"", ""saf"": ""False"", ""pc1"": ""True"", ""bdc"": ""1"", ""toh"": ""False"", ""ng"": ""NO"", ""lc"": ""2"", ""negative"": ""V"", ""generic2"": ""True"", ""sb"": ""NO""}",2.432422541984124,3.5242557500023395,1590,ExitStatus.FEASIBLE,False,False,3.5242557500023395
2025-06-07T22:29:18.171357,SREFLP-Cl07_c23.xml,"{""input"": ""tests/xcsp3/cop/UNKNOWN/SREFLP-Cl07_c23.xml"", ""solver"": ""xcsp:ACE@2.4"", ""output_dir"": ""results_comparison"", ""global_time_limit"": 600, ""max_tries"": 50, ""tuning_file"": ""tests/psa/ace.tuning.json"", ""hpo_strategy"": ""hamming"", ""global_time_strategy"": ""PERCENT"", ""percent"": 0.2, ""round_time_strategy"": ""STATIC"", ""time_evolution"": ""STATIC"", ""stop_strategy"": ""TIMEOUT""}",196,"{""varh"": ""Wdeg"", ""valh"": ""Rand"", ""saf"": ""False"", ""pc1"": ""True"", ""bdc"": ""1"", ""toh"": ""False"", ""ng"": ""NO"", ""lc"": ""0"", ""negative"": ""V"", ""generic2"": ""True"", ""sb"": ""NO""}",2.432422541984124,3.4828897079860326,1720,ExitStatus.FEASIBLE,False,False,3.4828897079860326
2025-06-07T22:29:22.188796,SREFLP-Cl07_c23.xml,"{""input"": ""tests/xcsp3/cop/UNKNOWN/SREFLP-Cl07_c23.xml"", ""solver"": ""xcsp:ACE@2.4"", ""output_dir"": ""results_comparison"", ""global_time_limit"": 600, ""max_tries"": 50, ""tuning_file"": ""tests/psa/ace.tuning.json"", ""hpo_strategy"": ""hamming"", ""global_time_strategy"": ""PERCENT"", ""percent"": 0.2, ""round_time_strategy"": ""STATIC"", ""time_evolution"": ""STATIC"", ""stop_strategy"": ""TIMEOUT""}",197,"{""varh"": ""FrbaOnDom"", ""valh"": ""First"", ""saf"": ""False"", ""pc1"": ""True"", ""bdc"": ""10"", ""toh"": ""False"", ""ng"": ""NO"", ""lc"": ""2"", ""negative"": ""V"", ""generic2"": ""True"", ""sb"": ""NO""}",2.432422541984124,3.6561213330132887,2000,ExitStatus.FEASIBLE,False,False,3.6561213330132887
2025-06-07T22:29:26.801792,SREFLP-Cl07_c23.xml,"{""input"": ""tests/xcsp3/cop/UNKNOWN/SREFLP-Cl07_c23.xml"", ""solver"": ""xcsp:ACE@2.4"", ""output_dir"": ""results_comparison"", ""global_time_limit"": 600, ""max_tries"": 50, ""tuning_file"": ""tests/psa/ace.tuning.json"", ""hpo_strategy"": ""hamming"", ""global_time_strategy"": ""PERCENT"", ""percent"": 0.2, ""round_time_strategy"": ""STATIC"", ""time_evolution"": ""STATIC"", ""stop_strategy"": ""TIMEOUT""}",198,"{""varh"": ""Wdeg"", ""valh"": ""Last"", ""saf"": ""False"", ""pc1"": ""True"", ""bdc"": ""1"", ""toh"": ""False"", ""ng"": ""NO"", ""lc"": ""2"", ""negative"": ""STR1"", ""generic2"": ""True"", ""sb"": ""NO""}",2.432422541984124,4.246079208998708,1710,ExitStatus.FEASIBLE,False,False,4.246079208998708
2025-06-07T22:29:30.862167,SREFLP-Cl07_c23.xml,"{""input"": ""tests/xcsp3/cop/UNKNOWN/SREFLP-Cl07_c23.xml"", ""solver"": ""xcsp:ACE@2.4"", ""output_dir"": ""results_comparison"", ""global_time_limit"": 600, ""max_tries"": 50, ""tuning_file"": ""tests/psa/ace.tuning.json"", ""hpo_strategy"": ""hamming"", ""global_time_strategy"": ""PERCENT"", ""percent"": 0.2, ""round_time_strategy"": ""STATIC"", ""time_evolution"": ""STATIC"", ""stop_strategy"": ""TIMEOUT""}",199,"{""varh"": ""Impact"", ""valh"": ""First"", ""saf"": ""False"", ""pc1"": ""True"", ""bdc"": ""1"", ""toh"": ""False"", ""ng"": ""NO"", ""lc"": ""5"", ""negative"": ""V"", ""generic2"": ""True"", ""sb"": ""NO""}",2.432422541984124,3.676226957992185,1590,ExitStatus.FEASIBLE,False,False,3.676226957992185
2025-06-07T22:29:34.626821,SREFLP-Cl07_c23.xml,"{""input"": ""tests/xcsp3/cop/UNKNOWN/SREFLP-Cl07_c23.xml"", ""solver"": ""xcsp:ACE@2.4"", ""output_dir"": ""results_comparison"", ""global_time_limit"": 600, ""max_tries"": 50, ""tuning_file"": ""tests/psa/ace.tuning.json"", ""hpo_strategy"": ""hamming"", ""global_time_strategy"": ""PERCENT"", ""percent"": 0.2, ""round_time_strategy"": ""STATIC"", ""time_evolution"": ""STATIC"", ""stop_strategy"": ""TIMEOUT""}",200,"{""varh"": ""Activity"", ""valh"": ""First"", ""saf"": ""False"", ""pc1"": ""True"", ""bdc"": ""1"", ""toh"": ""False"", ""ng"": ""NO"", ""lc"": ""2"", ""negative"": ""STR2"", ""generic2"": ""True"", ""sb"": ""NO""}",2.432422541984124,3.3373734999913722,,ExitStatus.UNKNOWN,False,False,3.3373734999913722
2025-06-07T22:29:38.103663,SREFLP-Cl07_c23.xml,"{""input"": ""tests/xcsp3/cop/UNKNOWN/SREFLP-Cl07_c23.xml"", ""solver"": ""xcsp:ACE@2.4"", ""output_dir"": ""results_comparison"", ""global_time_limit"": 600, ""max_tries"": 50, ""tuning_file"": ""tests/psa/ace.tuning.json"", ""hpo_strategy"": ""hamming"", ""global_time_strategy"": ""PERCENT"", ""percent"": 0.2, ""round_time_strategy"": ""STATIC"", ""time_evolution"": ""STATIC"", ""stop_strategy"": ""TIMEOUT""}",201,"{""varh"": ""Activity"", ""valh"": ""First"", ""saf"": ""False"", ""pc1"": ""True"", ""bdc"": ""1"", ""toh"": ""False"", ""ng"": ""NO"", ""lc"": ""2"", ""negative"": ""V"", ""generic2"": ""False"", ""sb"": ""NO""}",2.432422541984124,3.1775815000000875,,ExitStatus.UNKNOWN,False,False,3.1775815000000875
2025-06-07T22:29:41.711430,SREFLP-Cl07_c23.xml,"{""input"": ""tests/xcsp3/cop/UNKNOWN/SREFLP-Cl07_c23.xml"", ""solver"": ""xcsp:ACE@2.4"", ""output_dir"": ""results_comparison"", ""global_time_limit"": 600, ""max_tries"": 50, ""tuning_file"": ""tests/psa/ace.tuning.json"", ""hpo_strategy"": ""hamming"", ""global_time_strategy"": ""PERCENT"", ""percent"": 0.2, ""round_time_strategy"": ""STATIC"", ""time_evolution"": ""STATIC"", ""stop_strategy"": ""TIMEOUT""}",202,"{""varh"": ""Wdeg"", ""valh"": ""First"", ""saf"": ""False"", ""pc1"": ""True"", ""bdc"": ""1"", ""toh"": ""False"", ""ng"": ""NO"", ""lc"": ""5"", ""negative"": ""CT"", ""generic2"": ""True"", ""sb"": ""NO""}",2.432422541984124,3.311132709000958,1590,ExitStatus.FEASIBLE,False,False,3.311132709000958
2025-06-07T22:29:45.316906,SREFLP-Cl07_c23.xml,"{""input"": ""tests/xcsp3/cop/UNKNOWN/SREFLP-Cl07_c23.xml"", ""solver"": ""xcsp:ACE@2.4"", ""output_dir"": ""results_comparison"", ""global_time_limit"": 600, ""max_tries"": 50, ""tuning_file"": ""tests/psa/ace.tuning.json"", ""hpo_strategy"": ""hamming"", ""global_time_strategy"": ""PERCENT"", ""percent"": 0.2, ""round_time_strategy"": ""STATIC"", ""time_evolution"": ""STATIC"", ""stop_strategy"": ""TIMEOUT""}",203,"{""varh"": ""Wdeg"", ""valh"": ""Bivs3"", ""saf"": ""False"", ""pc1"": ""False"", ""bdc"": ""1"", ""toh"": ""False"", ""ng"": ""NO"", ""lc"": ""2"", ""negative"": ""V"", ""generic2"": ""True"", ""sb"": ""NO""}",2.432422541984124,3.312243291991763,1590,ExitStatus.FEASIBLE,False,False,3.312243291991763
